Date,Time,DateTime,Zone,Demand,Available_Vehicles,Weather,Avg_Delay_Min
2026-01-01,00:00,2026-01-01 00:00:00,Central,107,266,Clear,5.4
2026-01-01,00:00,2026-01-01 00:00:00,North,93,179,Cloudy,6.8
2026-01-01,00:00,2026-01-01 00:00:00,South,91,202,Clear,2.0
2026-01-01,00:00,2026-01-01 00:00:00,East,72,133,Clear,5.5
2026-01-01,00:00,2026-01-01 00:00:00,West,72,149,Clear,4.1
2026-01-01,01:00,2026-01-01 01:00:00,Central,123,255,Clear,5.2
2026-01-01,01:00,2026-01-01 01:00:00,North,80,196,Cloudy,6.4
2026-01-01,01:00,2026-01-01 01:00:00,South,90,213,Clear,3.4
2026-01-01,01:00,2026-01-01 01:00:00,East,63,150,Clear,3.1
2026-01-01,01:00,2026-01-01 01:00:00,West,87,159,Clear,5.3
2026-01-01,02:00,2026-01-01 02:00:00,Central,155,273,Heavy Rain,13.5
2026-01-01,02:00,2026-01-01 02:00:00,North,69,179,Clear,6.6
2026-01-01,02:00,2026-01-01 02:00:00,South,86,215,Clear,5.9
2026-01-01,02:00,2026-01-01 02:00:00,East,74,135,Cloudy,5.5
2026-01-01,02:00,2026-01-01 02:00:00,West,77,188,Rain,8.7
2026-01-01,03:00,2026-01-01 03:00:00,Central,113,272,Clear,7.0
2026-01-01,03:00,2026-01-01 03:00:00,North,86,183,Rain,10.5
2026-01-01,03:00,2026-01-01 03:00:00,South,104,213,Cloudy,8.3
2026-01-01,03:00,2026-01-01 03:00:00,East,62,145,Clear,2.9
2026-01-01,03:00,2026-01-01 03:00:00,West,86,172,Clear,5.5
2026-01-01,04:00,2026-01-01 04:00:00,Central,110,271,Clear,4.7
2026-01-01,04:00,2026-01-01 04:00:00,North,79,195,Clear,5.5
2026-01-01,04:00,2026-01-01 04:00:00,South,122,215,Rain,8.5
2026-01-01,04:00,2026-01-01 04:00:00,East,70,141,Clear,2.8
2026-01-01,04:00,2026-01-01 04:00:00,West,68,179,Rain,8.4
2026-01-01,05:00,2026-01-01 05:00:00,Central,114,260,Clear,5.6
2026-01-01,05:00,2026-01-01 05:00:00,North,75,201,Clear,5.0
2026-01-01,05:00,2026-01-01 05:00:00,South,82,214,Clear,8.7
2026-01-01,05:00,2026-01-01 05:00:00,East,69,142,Clear,4.1
2026-01-01,05:00,2026-01-01 05:00:00,West,74,188,Clear,6.1
2026-01-01,06:00,2026-01-01 06:00:00,Central,109,279,Clear,7.1
2026-01-01,06:00,2026-01-01 06:00:00,North,93,172,Clear,4.2
2026-01-01,06:00,2026-01-01 06:00:00,South,109,224,Clear,5.0
2026-01-01,06:00,2026-01-01 06:00:00,East,62,133,Clear,5.7
2026-01-01,06:00,2026-01-01 06:00:00,West,85,173,Cloudy,5.4
2026-01-01,07:00,2026-01-01 07:00:00,Central,263,233,Clear,4.8
2026-01-01,07:00,2026-01-01 07:00:00,North,254,187,Rain,12.2
2026-01-01,07:00,2026-01-01 07:00:00,South,261,185,Rain,14.4
2026-01-01,07:00,2026-01-01 07:00:00,East,174,113,Clear,9.3
2026-01-01,07:00,2026-01-01 07:00:00,West,207,152,Clear,7.0
2026-01-01,08:00,2026-01-01 08:00:00,Central,287,208,Clear,10.9
2026-01-01,08:00,2026-01-01 08:00:00,North,220,145,Clear,10.3
2026-01-01,08:00,2026-01-01 08:00:00,South,245,197,Clear,8.3
2026-01-01,08:00,2026-01-01 08:00:00,East,174,121,Cloudy,7.8
2026-01-01,08:00,2026-01-01 08:00:00,West,202,146,Clear,9.9
2026-01-01,09:00,2026-01-01 09:00:00,Central,296,220,Clear,13.3
2026-01-01,09:00,2026-01-01 09:00:00,North,184,169,Clear,5.9
2026-01-01,09:00,2026-01-01 09:00:00,South,228,179,Clear,8.8
2026-01-01,09:00,2026-01-01 09:00:00,East,156,133,Clear,5.6
2026-01-01,09:00,2026-01-01 09:00:00,West,200,143,Clear,9.4
2026-01-01,10:00,2026-01-01 10:00:00,Central,217,263,Clear,5.9
2026-01-01,10:00,2026-01-01 10:00:00,North,165,185,Clear,3.3
2026-01-01,10:00,2026-01-01 10:00:00,South,206,226,Rain,7.6
2026-01-01,10:00,2026-01-01 10:00:00,East,126,151,Clear,5.8
2026-01-01,10:00,2026-01-01 10:00:00,West,157,185,Rain,11.2
2026-01-01,11:00,2026-01-01 11:00:00,Central,211,273,Cloudy,7.0
2026-01-01,11:00,2026-01-01 11:00:00,North,150,166,Rain,9.2
2026-01-01,11:00,2026-01-01 11:00:00,South,156,241,Clear,2.2
2026-01-01,11:00,2026-01-01 11:00:00,East,110,146,Clear,3.7
2026-01-01,11:00,2026-01-01 11:00:00,West,133,166,Clear,6.0
2026-01-01,12:00,2026-01-01 12:00:00,Central,252,284,Cloudy,8.0
2026-01-01,12:00,2026-01-01 12:00:00,North,200,160,Heavy Rain,17.5
2026-01-01,12:00,2026-01-01 12:00:00,South,185,193,Rain,7.8
2026-01-01,12:00,2026-01-01 12:00:00,East,129,140,Clear,4.0
2026-01-01,12:00,2026-01-01 12:00:00,West,147,190,Clear,5.6
2026-01-01,13:00,2026-01-01 13:00:00,Central,239,244,Cloudy,5.3
2026-01-01,13:00,2026-01-01 13:00:00,North,141,207,Clear,5.0
2026-01-01,13:00,2026-01-01 13:00:00,South,154,210,Clear,3.1
2026-01-01,13:00,2026-01-01 13:00:00,East,128,161,Clear,4.8
2026-01-01,13:00,2026-01-01 13:00:00,West,135,188,Cloudy,6.0
2026-01-01,14:00,2026-01-01 14:00:00,Central,208,263,Cloudy,7.0
2026-01-01,14:00,2026-01-01 14:00:00,North,150,203,Cloudy,4.1
2026-01-01,14:00,2026-01-01 14:00:00,South,176,214,Clear,5.7
2026-01-01,14:00,2026-01-01 14:00:00,East,130,149,Rain,8.1
2026-01-01,14:00,2026-01-01 14:00:00,West,146,169,Clear,4.1
2026-01-01,15:00,2026-01-01 15:00:00,Central,205,273,Cloudy,6.5
2026-01-01,15:00,2026-01-01 15:00:00,North,141,195,Cloudy,6.8
2026-01-01,15:00,2026-01-01 15:00:00,South,181,213,Rain,9.2
2026-01-01,15:00,2026-01-01 15:00:00,East,108,159,Clear,7.3
2026-01-01,15:00,2026-01-01 15:00:00,West,136,190,Cloudy,6.0
2026-01-01,16:00,2026-01-01 16:00:00,Central,201,272,Clear,4.6
2026-01-01,16:00,2026-01-01 16:00:00,North,178,185,Heavy Rain,15.9
2026-01-01,16:00,2026-01-01 16:00:00,South,147,208,Cloudy,7.8
2026-01-01,16:00,2026-01-01 16:00:00,East,106,153,Cloudy,6.9
2026-01-01,16:00,2026-01-01 16:00:00,West,129,174,Clear,2.0
2026-01-01,17:00,2026-01-01 17:00:00,Central,424,213,Rain,20.1
2026-01-01,17:00,2026-01-01 17:00:00,North,238,173,Clear,7.9
2026-01-01,17:00,2026-01-01 17:00:00,South,307,176,Rain,16.6
2026-01-01,17:00,2026-01-01 17:00:00,East,196,118,Clear,8.3
2026-01-01,17:00,2026-01-01 17:00:00,West,238,152,Clear,11.9
2026-01-01,18:00,2026-01-01 18:00:00,Central,315,223,Clear,9.0
2026-01-01,18:00,2026-01-01 18:00:00,North,226,161,Clear,7.3
2026-01-01,18:00,2026-01-01 18:00:00,South,281,183,Cloudy,9.2
2026-01-01,18:00,2026-01-01 18:00:00,East,192,126,Rain,12.6
2026-01-01,18:00,2026-01-01 18:00:00,West,223,149,Clear,12.5
2026-01-01,19:00,2026-01-01 19:00:00,Central,343,249,Cloudy,10.0
2026-01-01,19:00,2026-01-01 19:00:00,North,232,169,Cloudy,7.3
2026-01-01,19:00,2026-01-01 19:00:00,South,279,156,Clear,11.0
2026-01-01,19:00,2026-01-01 19:00:00,East,156,128,Cloudy,8.4
2026-01-01,19:00,2026-01-01 19:00:00,West,232,133,Clear,13.2
2026-01-01,20:00,2026-01-01 20:00:00,Central,369,220,Rain,17.6
2026-01-01,20:00,2026-01-01 20:00:00,North,207,155,Clear,9.7
2026-01-01,20:00,2026-01-01 20:00:00,South,260,181,Clear,9.7
2026-01-01,20:00,2026-01-01 20:00:00,East,238,124,Heavy Rain,21.3
2026-01-01,20:00,2026-01-01 20:00:00,West,216,129,Cloudy,8.7
2026-01-01,21:00,2026-01-01 21:00:00,Central,126,244,Cloudy,7.9
2026-01-01,21:00,2026-01-01 21:00:00,North,84,209,Clear,5.2
2026-01-01,21:00,2026-01-01 21:00:00,South,123,238,Rain,11.6
2026-01-01,21:00,2026-01-01 21:00:00,East,66,142,Rain,11.2
2026-01-01,21:00,2026-01-01 21:00:00,West,85,187,Clear,2.4
2026-01-01,22:00,2026-01-01 22:00:00,Central,125,260,Clear,5.3
2026-01-01,22:00,2026-01-01 22:00:00,North,77,204,Rain,6.9
2026-01-01,22:00,2026-01-01 22:00:00,South,109,223,Rain,8.6
2026-01-01,22:00,2026-01-01 22:00:00,East,71,120,Heavy Rain,14.9
2026-01-01,22:00,2026-01-01 22:00:00,West,79,174,Cloudy,4.3
2026-01-01,23:00,2026-01-01 23:00:00,Central,122,261,Clear,6.4
2026-01-01,23:00,2026-01-01 23:00:00,North,81,178,Cloudy,4.8
2026-01-01,23:00,2026-01-01 23:00:00,South,91,212,Clear,3.4
2026-01-01,23:00,2026-01-01 23:00:00,East,65,118,Clear,4.8
2026-01-01,23:00,2026-01-01 23:00:00,West,90,166,Rain,9.3
2026-01-02,00:00,2026-01-02 00:00:00,Central,144,254,Rain,7.9
2026-01-02,00:00,2026-01-02 00:00:00,North,87,181,Clear,2.0
2026-01-02,00:00,2026-01-02 00:00:00,South,93,187,Cloudy,7.3
2026-01-02,00:00,2026-01-02 00:00:00,East,67,182,Rain,10.7
2026-01-02,00:00,2026-01-02 00:00:00,West,90,145,Clear,3.8
2026-01-02,01:00,2026-01-02 01:00:00,Central,109,254,Clear,3.4
2026-01-02,01:00,2026-01-02 01:00:00,North,84,195,Clear,6.6
2026-01-02,01:00,2026-01-02 01:00:00,South,101,214,Clear,3.7
2026-01-02,01:00,2026-01-02 01:00:00,East,63,164,Cloudy,5.4
2026-01-02,01:00,2026-01-02 01:00:00,West,73,186,Clear,7.9
2026-01-02,02:00,2026-01-02 02:00:00,Central,117,263,Clear,4.5
2026-01-02,02:00,2026-01-02 02:00:00,North,80,176,Clear,4.3
2026-01-02,02:00,2026-01-02 02:00:00,South,89,207,Clear,2.0
2026-01-02,02:00,2026-01-02 02:00:00,East,90,142,Heavy Rain,13.6
2026-01-02,02:00,2026-01-02 02:00:00,West,103,178,Heavy Rain,13.9
2026-01-02,03:00,2026-01-02 03:00:00,Central,116,263,Cloudy,7.1
2026-01-02,03:00,2026-01-02 03:00:00,North,92,175,Cloudy,5.2
2026-01-02,03:00,2026-01-02 03:00:00,South,87,194,Clear,5.1
2026-01-02,03:00,2026-01-02 03:00:00,East,53,155,Clear,3.3
2026-01-02,03:00,2026-01-02 03:00:00,West,80,167,Clear,5.1
2026-01-02,04:00,2026-01-02 04:00:00,Central,112,271,Clear,6.7
2026-01-02,04:00,2026-01-02 04:00:00,North,91,155,Cloudy,4.8
2026-01-02,04:00,2026-01-02 04:00:00,South,97,214,Clear,5.7
2026-01-02,04:00,2026-01-02 04:00:00,East,87,149,Rain,8.4
2026-01-02,04:00,2026-01-02 04:00:00,West,75,171,Clear,5.8
2026-01-02,05:00,2026-01-02 05:00:00,Central,127,272,Clear,4.5
2026-01-02,05:00,2026-01-02 05:00:00,North,80,200,Clear,4.0
2026-01-02,05:00,2026-01-02 05:00:00,South,78,214,Clear,7.5
2026-01-02,05:00,2026-01-02 05:00:00,East,63,155,Clear,6.3
2026-01-02,05:00,2026-01-02 05:00:00,West,81,157,Cloudy,7.7
2026-01-02,06:00,2026-01-02 06:00:00,Central,122,277,Clear,6.4
2026-01-02,06:00,2026-01-02 06:00:00,North,95,179,Rain,7.7
2026-01-02,06:00,2026-01-02 06:00:00,South,107,218,Clear,4.5
2026-01-02,06:00,2026-01-02 06:00:00,East,81,142,Rain,7.5
2026-01-02,06:00,2026-01-02 06:00:00,West,86,168,Rain,10.4
2026-01-02,07:00,2026-01-02 07:00:00,Central,315,228,Cloudy,13.6
2026-01-02,07:00,2026-01-02 07:00:00,North,183,151,Clear,7.0
2026-01-02,07:00,2026-01-02 07:00:00,South,247,190,Clear,8.1
2026-01-02,07:00,2026-01-02 07:00:00,East,160,155,Clear,5.0
2026-01-02,07:00,2026-01-02 07:00:00,West,218,150,Rain,13.8
2026-01-02,08:00,2026-01-02 08:00:00,Central,298,228,Cloudy,10.2
2026-01-02,08:00,2026-01-02 08:00:00,North,187,176,Cloudy,5.8
2026-01-02,08:00,2026-01-02 08:00:00,South,264,191,Rain,16.8
2026-01-02,08:00,2026-01-02 08:00:00,East,164,122,Clear,6.7
2026-01-02,08:00,2026-01-02 08:00:00,West,232,121,Rain,14.8
2026-01-02,09:00,2026-01-02 09:00:00,Central,298,219,Clear,11.8
2026-01-02,09:00,2026-01-02 09:00:00,North,182,155,Clear,6.5
2026-01-02,09:00,2026-01-02 09:00:00,South,207,179,Clear,7.6
2026-01-02,09:00,2026-01-02 09:00:00,East,149,130,Cloudy,5.8
2026-01-02,09:00,2026-01-02 09:00:00,West,243,179,Heavy Rain,18.6
2026-01-02,10:00,2026-01-02 10:00:00,Central,193,270,Clear,4.8
2026-01-02,10:00,2026-01-02 10:00:00,North,146,184,Clear,4.2
2026-01-02,10:00,2026-01-02 10:00:00,South,192,181,Cloudy,3.5
2026-01-02,10:00,2026-01-02 10:00:00,East,106,141,Cloudy,5.4
2026-01-02,10:00,2026-01-02 10:00:00,West,156,181,Rain,10.2
2026-01-02,11:00,2026-01-02 11:00:00,Central,184,273,Clear,6.9
2026-01-02,11:00,2026-01-02 11:00:00,North,136,175,Clear,5.1
2026-01-02,11:00,2026-01-02 11:00:00,South,166,199,Clear,6.1
2026-01-02,11:00,2026-01-02 11:00:00,East,121,134,Clear,5.4
2026-01-02,11:00,2026-01-02 11:00:00,West,140,161,Clear,5.9
2026-01-02,12:00,2026-01-02 12:00:00,Central,178,283,Clear,3.1
2026-01-02,12:00,2026-01-02 12:00:00,North,135,166,Clear,5.9
2026-01-02,12:00,2026-01-02 12:00:00,South,190,187,Cloudy,3.5
2026-01-02,12:00,2026-01-02 12:00:00,East,142,139,Heavy Rain,15.8
2026-01-02,12:00,2026-01-02 12:00:00,West,170,174,Rain,8.5
2026-01-02,13:00,2026-01-02 13:00:00,Central,228,266,Clear,2.4
2026-01-02,13:00,2026-01-02 13:00:00,North,141,179,Cloudy,4.1
2026-01-02,13:00,2026-01-02 13:00:00,South,169,216,Clear,3.5
2026-01-02,13:00,2026-01-02 13:00:00,East,132,154,Clear,4.3
2026-01-02,13:00,2026-01-02 13:00:00,West,143,178,Clear,6.5
2026-01-02,14:00,2026-01-02 14:00:00,Central,195,268,Cloudy,5.8
2026-01-02,14:00,2026-01-02 14:00:00,North,154,177,Clear,5.0
2026-01-02,14:00,2026-01-02 14:00:00,South,163,216,Clear,2.8
2026-01-02,14:00,2026-01-02 14:00:00,East,119,134,Clear,3.0
2026-01-02,14:00,2026-01-02 14:00:00,West,147,153,Cloudy,9.1
2026-01-02,15:00,2026-01-02 15:00:00,Central,231,252,Rain,10.1
2026-01-02,15:00,2026-01-02 15:00:00,North,151,166,Clear,5.0
2026-01-02,15:00,2026-01-02 15:00:00,South,163,227,Cloudy,4.9
2026-01-02,15:00,2026-01-02 15:00:00,East,116,141,Clear,8.0
2026-01-02,15:00,2026-01-02 15:00:00,West,136,183,Clear,4.2
2026-01-02,16:00,2026-01-02 16:00:00,Central,216,273,Rain,6.4
2026-01-02,16:00,2026-01-02 16:00:00,North,158,183,Clear,5.9
2026-01-02,16:00,2026-01-02 16:00:00,South,182,215,Clear,6.2
2026-01-02,16:00,2026-01-02 16:00:00,East,123,155,Cloudy,6.7
2026-01-02,16:00,2026-01-02 16:00:00,West,120,174,Clear,6.2
2026-01-02,17:00,2026-01-02 17:00:00,Central,327,210,Clear,13.0
2026-01-02,17:00,2026-01-02 17:00:00,North,285,156,Rain,15.4
2026-01-02,17:00,2026-01-02 17:00:00,South,324,183,Rain,16.1
2026-01-02,17:00,2026-01-02 17:00:00,East,164,139,Clear,6.0
2026-01-02,17:00,2026-01-02 17:00:00,West,218,166,Clear,8.2
2026-01-02,18:00,2026-01-02 18:00:00,Central,346,226,Clear,9.6
2026-01-02,18:00,2026-01-02 18:00:00,North,238,158,Clear,11.0
2026-01-02,18:00,2026-01-02 18:00:00,South,332,173,Rain,17.0
2026-01-02,18:00,2026-01-02 18:00:00,East,148,118,Cloudy,9.8
2026-01-02,18:00,2026-01-02 18:00:00,West,200,158,Clear,6.9
2026-01-02,19:00,2026-01-02 19:00:00,Central,302,211,Clear,8.9
2026-01-02,19:00,2026-01-02 19:00:00,North,192,142,Clear,6.1
2026-01-02,19:00,2026-01-02 19:00:00,South,361,193,Heavy Rain,23.9
2026-01-02,19:00,2026-01-02 19:00:00,East,276,116,Heavy Rain,25.6
2026-01-02,19:00,2026-01-02 19:00:00,West,243,141,Clear,9.8
2026-01-02,20:00,2026-01-02 20:00:00,Central,337,216,Clear,10.9
2026-01-02,20:00,2026-01-02 20:00:00,North,292,174,Heavy Rain,20.6
2026-01-02,20:00,2026-01-02 20:00:00,South,279,177,Cloudy,10.6
2026-01-02,20:00,2026-01-02 20:00:00,East,169,142,Clear,9.2
2026-01-02,20:00,2026-01-02 20:00:00,West,209,156,Clear,8.7
2026-01-02,21:00,2026-01-02 21:00:00,Central,131,260,Cloudy,4.8
2026-01-02,21:00,2026-01-02 21:00:00,North,89,173,Clear,3.7
2026-01-02,21:00,2026-01-02 21:00:00,South,95,207,Clear,5.3
2026-01-02,21:00,2026-01-02 21:00:00,East,47,135,Rain,10.8
2026-01-02,21:00,2026-01-02 21:00:00,West,81,183,Clear,7.8
2026-01-02,22:00,2026-01-02 22:00:00,Central,119,266,Clear,6.4
2026-01-02,22:00,2026-01-02 22:00:00,North,98,194,Rain,9.8
2026-01-02,22:00,2026-01-02 22:00:00,South,106,232,Cloudy,5.0
2026-01-02,22:00,2026-01-02 22:00:00,East,79,143,Rain,9.2
2026-01-02,22:00,2026-01-02 22:00:00,West,72,180,Clear,5.6
2026-01-02,23:00,2026-01-02 23:00:00,Central,121,264,Clear,5.1
2026-01-02,23:00,2026-01-02 23:00:00,North,91,168,Cloudy,8.2
2026-01-02,23:00,2026-01-02 23:00:00,South,97,216,Clear,7.4
2026-01-02,23:00,2026-01-02 23:00:00,East,94,128,Heavy Rain,15.3
2026-01-02,23:00,2026-01-02 23:00:00,West,81,187,Clear,3.5
2026-01-03,00:00,2026-01-03 00:00:00,Central,82,274,Clear,4.3
2026-01-03,00:00,2026-01-03 00:00:00,North,79,177,Rain,9.6
2026-01-03,00:00,2026-01-03 00:00:00,South,80,189,Cloudy,7.1
2026-01-03,00:00,2026-01-03 00:00:00,East,62,128,Clear,2.0
2026-01-03,00:00,2026-01-03 00:00:00,West,69,186,Clear,6.7
2026-01-03,01:00,2026-01-03 01:00:00,Central,107,270,Clear,4.9
2026-01-03,01:00,2026-01-03 01:00:00,North,58,204,Clear,6.3
2026-01-03,01:00,2026-01-03 01:00:00,South,77,198,Clear,7.2
2026-01-03,01:00,2026-01-03 01:00:00,East,65,145,Rain,9.4
2026-01-03,01:00,2026-01-03 01:00:00,West,72,181,Rain,9.7
2026-01-03,02:00,2026-01-03 02:00:00,Central,92,266,Cloudy,7.9
2026-01-03,02:00,2026-01-03 02:00:00,North,71,176,Clear,7.7
2026-01-03,02:00,2026-01-03 02:00:00,South,72,213,Clear,2.6
2026-01-03,02:00,2026-01-03 02:00:00,East,66,140,Rain,6.2
2026-01-03,02:00,2026-01-03 02:00:00,West,63,166,Clear,8.7
2026-01-03,03:00,2026-01-03 03:00:00,Central,92,271,Clear,5.6
2026-01-03,03:00,2026-01-03 03:00:00,North,78,177,Rain,8.6
2026-01-03,03:00,2026-01-03 03:00:00,South,99,213,Heavy Rain,13.3
2026-01-03,03:00,2026-01-03 03:00:00,East,59,167,Cloudy,4.7
2026-01-03,03:00,2026-01-03 03:00:00,West,64,162,Clear,4.6
2026-01-03,04:00,2026-01-03 04:00:00,Central,107,269,Cloudy,5.3
2026-01-03,04:00,2026-01-03 04:00:00,North,64,201,Clear,6.4
2026-01-03,04:00,2026-01-03 04:00:00,South,93,218,Clear,5.6
2026-01-03,04:00,2026-01-03 04:00:00,East,67,158,Rain,8.2
2026-01-03,04:00,2026-01-03 04:00:00,West,65,186,Clear,4.7
2026-01-03,05:00,2026-01-03 05:00:00,Central,110,283,Cloudy,6.3
2026-01-03,05:00,2026-01-03 05:00:00,North,59,178,Clear,5.9
2026-01-03,05:00,2026-01-03 05:00:00,South,87,234,Clear,5.7
2026-01-03,05:00,2026-01-03 05:00:00,East,44,152,Clear,4.2
2026-01-03,05:00,2026-01-03 05:00:00,West,66,171,Clear,2.5
2026-01-03,06:00,2026-01-03 06:00:00,Central,119,272,Rain,6.2
2026-01-03,06:00,2026-01-03 06:00:00,North,60,187,Clear,6.6
2026-01-03,06:00,2026-01-03 06:00:00,South,77,235,Clear,2.6
2026-01-03,06:00,2026-01-03 06:00:00,East,50,163,Cloudy,8.1
2026-01-03,06:00,2026-01-03 06:00:00,West,69,166,Cloudy,6.5
2026-01-03,07:00,2026-01-03 07:00:00,Central,228,230,Clear,4.4
2026-01-03,07:00,2026-01-03 07:00:00,North,135,160,Clear,3.3
2026-01-03,07:00,2026-01-03 07:00:00,South,195,166,Clear,8.3
2026-01-03,07:00,2026-01-03 07:00:00,East,130,120,Rain,6.4
2026-01-03,07:00,2026-01-03 07:00:00,West,182,130,Rain,11.2
2026-01-03,08:00,2026-01-03 08:00:00,Central,224,229,Cloudy,7.3
2026-01-03,08:00,2026-01-03 08:00:00,North,180,161,Clear,6.7
2026-01-03,08:00,2026-01-03 08:00:00,South,191,186,Cloudy,5.8
2026-01-03,08:00,2026-01-03 08:00:00,East,124,132,Clear,5.1
2026-01-03,08:00,2026-01-03 08:00:00,West,154,136,Clear,5.7
2026-01-03,09:00,2026-01-03 09:00:00,Central,242,234,Clear,6.0
2026-01-03,09:00,2026-01-03 09:00:00,North,136,192,Clear,3.7
2026-01-03,09:00,2026-01-03 09:00:00,South,196,195,Clear,3.5
2026-01-03,09:00,2026-01-03 09:00:00,East,132,116,Clear,7.5
2026-01-03,09:00,2026-01-03 09:00:00,West,153,159,Clear,5.7
2026-01-03,10:00,2026-01-03 10:00:00,Central,219,286,Heavy Rain,16.4
2026-01-03,10:00,2026-01-03 10:00:00,North,125,197,Cloudy,7.8
2026-01-03,10:00,2026-01-03 10:00:00,South,125,233,Clear,3.8
2026-01-03,10:00,2026-01-03 10:00:00,East,99,145,Cloudy,6.5
2026-01-03,10:00,2026-01-03 10:00:00,West,133,192,Rain,9.8
2026-01-03,11:00,2026-01-03 11:00:00,Central,174,276,Clear,3.2
2026-01-03,11:00,2026-01-03 11:00:00,North,144,192,Rain,10.9
2026-01-03,11:00,2026-01-03 11:00:00,South,135,211,Clear,5.0
2026-01-03,11:00,2026-01-03 11:00:00,East,83,126,Clear,3.7
2026-01-03,11:00,2026-01-03 11:00:00,West,126,167,Clear,3.0
2026-01-03,12:00,2026-01-03 12:00:00,Central,171,254,Clear,6.6
2026-01-03,12:00,2026-01-03 12:00:00,North,133,196,Clear,4.5
2026-01-03,12:00,2026-01-03 12:00:00,South,132,213,Clear,3.3
2026-01-03,12:00,2026-01-03 12:00:00,East,81,158,Clear,8.7
2026-01-03,12:00,2026-01-03 12:00:00,West,122,181,Cloudy,5.6
2026-01-03,13:00,2026-01-03 13:00:00,Central,200,253,Rain,8.6
2026-01-03,13:00,2026-01-03 13:00:00,North,110,172,Clear,6.5
2026-01-03,13:00,2026-01-03 13:00:00,South,131,224,Clear,2.6
2026-01-03,13:00,2026-01-03 13:00:00,East,92,126,Cloudy,5.8
2026-01-03,13:00,2026-01-03 13:00:00,West,114,176,Cloudy,4.0
2026-01-03,14:00,2026-01-03 14:00:00,Central,176,251,Cloudy,8.1
2026-01-03,14:00,2026-01-03 14:00:00,North,121,186,Cloudy,5.4
2026-01-03,14:00,2026-01-03 14:00:00,South,196,218,Heavy Rain,14.6
2026-01-03,14:00,2026-01-03 14:00:00,East,97,128,Clear,7.6
2026-01-03,14:00,2026-01-03 14:00:00,West,126,183,Rain,10.1
2026-01-03,15:00,2026-01-03 15:00:00,Central,159,258,Clear,6.9
2026-01-03,15:00,2026-01-03 15:00:00,North,124,175,Cloudy,9.3
2026-01-03,15:00,2026-01-03 15:00:00,South,124,221,Clear,5.6
2026-01-03,15:00,2026-01-03 15:00:00,East,103,165,Clear,2.7
2026-01-03,15:00,2026-01-03 15:00:00,West,115,173,Clear,8.9
2026-01-03,16:00,2026-01-03 16:00:00,Central,227,253,Heavy Rain,12.8
2026-01-03,16:00,2026-01-03 16:00:00,North,103,191,Cloudy,8.4
2026-01-03,16:00,2026-01-03 16:00:00,South,125,205,Clear,4.1
2026-01-03,16:00,2026-01-03 16:00:00,East,92,148,Clear,2.7
2026-01-03,16:00,2026-01-03 16:00:00,West,134,200,Rain,7.2
2026-01-03,17:00,2026-01-03 17:00:00,Central,246,243,Cloudy,6.8
2026-01-03,17:00,2026-01-03 17:00:00,North,188,149,Clear,5.7
2026-01-03,17:00,2026-01-03 17:00:00,South,227,180,Clear,6.2
2026-01-03,17:00,2026-01-03 17:00:00,East,168,109,Cloudy,8.4
2026-01-03,17:00,2026-01-03 17:00:00,West,157,163,Clear,5.2
2026-01-03,18:00,2026-01-03 18:00:00,Central,250,226,Clear,5.5
2026-01-03,18:00,2026-01-03 18:00:00,North,221,165,Rain,13.5
2026-01-03,18:00,2026-01-03 18:00:00,South,198,171,Clear,5.4
2026-01-03,18:00,2026-01-03 18:00:00,East,166,102,Rain,13.3
2026-01-03,18:00,2026-01-03 18:00:00,West,207,135,Clear,10.2
2026-01-03,19:00,2026-01-03 19:00:00,Central,266,224,Clear,7.2
2026-01-03,19:00,2026-01-03 19:00:00,North,195,164,Clear,5.9
2026-01-03,19:00,2026-01-03 19:00:00,South,212,188,Clear,5.0
2026-01-03,19:00,2026-01-03 19:00:00,East,148,126,Clear,5.9
2026-01-03,19:00,2026-01-03 19:00:00,West,207,148,Rain,13.5
2026-01-03,20:00,2026-01-03 20:00:00,Central,259,229,Cloudy,3.9
2026-01-03,20:00,2026-01-03 20:00:00,North,188,150,Clear,6.8
2026-01-03,20:00,2026-01-03 20:00:00,South,225,182,Clear,4.7
2026-01-03,20:00,2026-01-03 20:00:00,East,140,112,Clear,6.3
2026-01-03,20:00,2026-01-03 20:00:00,West,190,133,Cloudy,7.7
2026-01-03,21:00,2026-01-03 21:00:00,Central,100,259,Clear,7.2
2026-01-03,21:00,2026-01-03 21:00:00,North,63,179,Clear,4.4
2026-01-03,21:00,2026-01-03 21:00:00,South,73,209,Clear,5.3
2026-01-03,21:00,2026-01-03 21:00:00,East,41,156,Clear,5.7
2026-01-03,21:00,2026-01-03 21:00:00,West,82,158,Clear,4.7
2026-01-03,22:00,2026-01-03 22:00:00,Central,106,258,Clear,6.3
2026-01-03,22:00,2026-01-03 22:00:00,North,74,177,Clear,2.0
2026-01-03,22:00,2026-01-03 22:00:00,South,85,204,Clear,5.2
2026-01-03,22:00,2026-01-03 22:00:00,East,44,145,Clear,5.9
2026-01-03,22:00,2026-01-03 22:00:00,West,48,199,Clear,3.2
2026-01-03,23:00,2026-01-03 23:00:00,Central,96,260,Clear,7.6
2026-01-03,23:00,2026-01-03 23:00:00,North,61,157,Clear,5.4
2026-01-03,23:00,2026-01-03 23:00:00,South,104,205,Heavy Rain,16.6
2026-01-03,23:00,2026-01-03 23:00:00,East,42,140,Cloudy,5.9
2026-01-03,23:00,2026-01-03 23:00:00,West,73,183,Cloudy,6.4
2026-01-04,00:00,2026-01-04 00:00:00,Central,94,264,Cloudy,4.2
2026-01-04,00:00,2026-01-04 00:00:00,North,70,208,Cloudy,6.2
2026-01-04,00:00,2026-01-04 00:00:00,South,80,208,Clear,3.8
2026-01-04,00:00,2026-01-04 00:00:00,East,64,160,Clear,4.0
2026-01-04,00:00,2026-01-04 00:00:00,West,62,169,Cloudy,6.4
2026-01-04,01:00,2026-01-04 01:00:00,Central,94,274,Cloudy,4.9
2026-01-04,01:00,2026-01-04 01:00:00,North,60,178,Cloudy,6.4
2026-01-04,01:00,2026-01-04 01:00:00,South,83,219,Rain,12.2
2026-01-04,01:00,2026-01-04 01:00:00,East,65,167,Clear,6.1
2026-01-04,01:00,2026-01-04 01:00:00,West,71,170,Cloudy,4.7
2026-01-04,02:00,2026-01-04 02:00:00,Central,106,247,Rain,6.4
2026-01-04,02:00,2026-01-04 02:00:00,North,54,182,Cloudy,5.6
2026-01-04,02:00,2026-01-04 02:00:00,South,80,224,Rain,9.5
2026-01-04,02:00,2026-01-04 02:00:00,East,64,143,Rain,9.4
2026-01-04,02:00,2026-01-04 02:00:00,West,76,173,Cloudy,7.3
2026-01-04,03:00,2026-01-04 03:00:00,Central,105,264,Cloudy,4.1
2026-01-04,03:00,2026-01-04 03:00:00,North,87,183,Heavy Rain,16.2
2026-01-04,03:00,2026-01-04 03:00:00,South,83,228,Clear,5.0
2026-01-04,03:00,2026-01-04 03:00:00,East,73,158,Cloudy,3.2
2026-01-04,03:00,2026-01-04 03:00:00,West,67,184,Cloudy,6.6
2026-01-04,04:00,2026-01-04 04:00:00,Central,94,268,Cloudy,5.6
2026-01-04,04:00,2026-01-04 04:00:00,North,68,182,Clear,3.7
2026-01-04,04:00,2026-01-04 04:00:00,South,92,197,Rain,10.1
2026-01-04,04:00,2026-01-04 04:00:00,East,65,160,Clear,4.1
2026-01-04,04:00,2026-01-04 04:00:00,West,54,161,Cloudy,5.3
2026-01-04,05:00,2026-01-04 05:00:00,Central,104,283,Rain,8.4
2026-01-04,05:00,2026-01-04 05:00:00,North,64,202,Rain,11.5
2026-01-04,05:00,2026-01-04 05:00:00,South,72,195,Clear,6.9
2026-01-04,05:00,2026-01-04 05:00:00,East,63,135,Rain,12.3
2026-01-04,05:00,2026-01-04 05:00:00,West,62,193,Clear,8.0
2026-01-04,06:00,2026-01-04 06:00:00,Central,112,273,Cloudy,5.1
2026-01-04,06:00,2026-01-04 06:00:00,North,85,174,Rain,9.0
2026-01-04,06:00,2026-01-04 06:00:00,South,87,206,Clear,6.4
2026-01-04,06:00,2026-01-04 06:00:00,East,59,132,Clear,4.7
2026-01-04,06:00,2026-01-04 06:00:00,West,57,173,Clear,5.7
2026-01-04,07:00,2026-01-04 07:00:00,Central,214,211,Cloudy,8.9
2026-01-04,07:00,2026-01-04 07:00:00,North,164,160,Cloudy,7.9
2026-01-04,07:00,2026-01-04 07:00:00,South,186,204,Clear,7.3
2026-01-04,07:00,2026-01-04 07:00:00,East,115,110,Clear,4.5
2026-01-04,07:00,2026-01-04 07:00:00,West,165,152,Clear,5.5
2026-01-04,08:00,2026-01-04 08:00:00,Central,253,221,Clear,6.2
2026-01-04,08:00,2026-01-04 08:00:00,North,195,143,Rain,7.6
2026-01-04,08:00,2026-01-04 08:00:00,South,193,177,Clear,2.0
2026-01-04,08:00,2026-01-04 08:00:00,East,132,116,Cloudy,7.6
2026-01-04,08:00,2026-01-04 08:00:00,West,165,142,Cloudy,7.8
2026-01-04,09:00,2026-01-04 09:00:00,Central,236,222,Clear,5.5
2026-01-04,09:00,2026-01-04 09:00:00,North,169,154,Clear,4.6
2026-01-04,09:00,2026-01-04 09:00:00,South,182,200,Cloudy,5.6
2026-01-04,09:00,2026-01-04 09:00:00,East,124,124,Clear,5.2
2026-01-04,09:00,2026-01-04 09:00:00,West,142,157,Clear,4.6
2026-01-04,10:00,2026-01-04 10:00:00,Central,172,263,Clear,6.1
2026-01-04,10:00,2026-01-04 10:00:00,North,120,165,Clear,4.2
2026-01-04,10:00,2026-01-04 10:00:00,South,129,220,Cloudy,4.0
2026-01-04,10:00,2026-01-04 10:00:00,East,145,126,Heavy Rain,17.8
2026-01-04,10:00,2026-01-04 10:00:00,West,109,168,Clear,5.9
2026-01-04,11:00,2026-01-04 11:00:00,Central,168,250,Cloudy,6.1
2026-01-04,11:00,2026-01-04 11:00:00,North,133,186,Rain,9.6
2026-01-04,11:00,2026-01-04 11:00:00,South,158,200,Clear,2.0
2026-01-04,11:00,2026-01-04 11:00:00,East,90,169,Clear,7.7
2026-01-04,11:00,2026-01-04 11:00:00,West,103,175,Clear,3.9
2026-01-04,12:00,2026-01-04 12:00:00,Central,184,261,Rain,8.1
2026-01-04,12:00,2026-01-04 12:00:00,North,125,178,Clear,3.6
2026-01-04,12:00,2026-01-04 12:00:00,South,125,214,Cloudy,5.5
2026-01-04,12:00,2026-01-04 12:00:00,East,98,156,Clear,4.9
2026-01-04,12:00,2026-01-04 12:00:00,West,104,174,Clear,6.6
2026-01-04,13:00,2026-01-04 13:00:00,Central,176,263,Clear,2.8
2026-01-04,13:00,2026-01-04 13:00:00,North,122,201,Clear,6.8
2026-01-04,13:00,2026-01-04 13:00:00,South,144,214,Clear,6.3
2026-01-04,13:00,2026-01-04 13:00:00,East,102,153,Clear,6.3
2026-01-04,13:00,2026-01-04 13:00:00,West,125,170,Rain,8.4
2026-01-04,14:00,2026-01-04 14:00:00,Central,173,271,Clear,4.7
2026-01-04,14:00,2026-01-04 14:00:00,North,111,184,Cloudy,8.1
2026-01-04,14:00,2026-01-04 14:00:00,South,183,213,Heavy Rain,16.7
2026-01-04,14:00,2026-01-04 14:00:00,East,105,143,Clear,6.5
2026-01-04,14:00,2026-01-04 14:00:00,West,113,171,Clear,7.7
2026-01-04,15:00,2026-01-04 15:00:00,Central,198,264,Rain,8.5
2026-01-04,15:00,2026-01-04 15:00:00,North,121,188,Clear,7.7
2026-01-04,15:00,2026-01-04 15:00:00,South,142,229,Clear,4.8
2026-01-04,15:00,2026-01-04 15:00:00,East,93,118,Clear,4.3
2026-01-04,15:00,2026-01-04 15:00:00,West,121,185,Clear,5.8
2026-01-04,16:00,2026-01-04 16:00:00,Central,161,257,Clear,4.0
2026-01-04,16:00,2026-01-04 16:00:00,North,103,199,Cloudy,8.3
2026-01-04,16:00,2026-01-04 16:00:00,South,137,228,Clear,5.1
2026-01-04,16:00,2026-01-04 16:00:00,East,95,131,Clear,6.8
2026-01-04,16:00,2026-01-04 16:00:00,West,112,181,Cloudy,5.2
2026-01-04,17:00,2026-01-04 17:00:00,Central,291,225,Cloudy,12.5
2026-01-04,17:00,2026-01-04 17:00:00,North,202,141,Clear,9.4
2026-01-04,17:00,2026-01-04 17:00:00,South,235,187,Cloudy,8.3
2026-01-04,17:00,2026-01-04 17:00:00,East,140,126,Cloudy,4.2
2026-01-04,17:00,2026-01-04 17:00:00,West,167,122,Rain,12.7
2026-01-04,18:00,2026-01-04 18:00:00,Central,341,212,Heavy Rain,21.8
2026-01-04,18:00,2026-01-04 18:00:00,North,222,163,Rain,11.9
2026-01-04,18:00,2026-01-04 18:00:00,South,239,175,Cloudy,10.5
2026-01-04,18:00,2026-01-04 18:00:00,East,143,128,Clear,8.6
2026-01-04,18:00,2026-01-04 18:00:00,West,150,145,Clear,2.9
2026-01-04,19:00,2026-01-04 19:00:00,Central,282,234,Clear,10.2
2026-01-04,19:00,2026-01-04 19:00:00,North,228,149,Rain,13.5
2026-01-04,19:00,2026-01-04 19:00:00,South,271,183,Heavy Rain,21.6
2026-01-04,19:00,2026-01-04 19:00:00,East,152,138,Clear,6.2
2026-01-04,19:00,2026-01-04 19:00:00,West,214,151,Rain,14.0
2026-01-04,20:00,2026-01-04 20:00:00,Central,228,215,Clear,7.9
2026-01-04,20:00,2026-01-04 20:00:00,North,187,155,Cloudy,9.2
2026-01-04,20:00,2026-01-04 20:00:00,South,245,203,Cloudy,6.8
2026-01-04,20:00,2026-01-04 20:00:00,East,157,121,Clear,5.7
2026-01-04,20:00,2026-01-04 20:00:00,West,183,150,Clear,9.0
2026-01-04,21:00,2026-01-04 21:00:00,Central,101,254,Clear,5.3
2026-01-04,21:00,2026-01-04 21:00:00,North,64,158,Clear,4.7
2026-01-04,21:00,2026-01-04 21:00:00,South,62,195,Clear,6.1
2026-01-04,21:00,2026-01-04 21:00:00,East,52,145,Clear,6.6
2026-01-04,21:00,2026-01-04 21:00:00,West,61,152,Cloudy,6.2
2026-01-04,22:00,2026-01-04 22:00:00,Central,104,260,Rain,7.7
2026-01-04,22:00,2026-01-04 22:00:00,North,70,197,Clear,5.0
2026-01-04,22:00,2026-01-04 22:00:00,South,75,206,Clear,2.9
2026-01-04,22:00,2026-01-04 22:00:00,East,38,149,Clear,5.8
2026-01-04,22:00,2026-01-04 22:00:00,West,73,168,Cloudy,6.2
2026-01-04,23:00,2026-01-04 23:00:00,Central,94,259,Cloudy,4.7
2026-01-04,23:00,2026-01-04 23:00:00,North,61,180,Clear,7.3
2026-01-04,23:00,2026-01-04 23:00:00,South,75,211,Clear,4.0
2026-01-04,23:00,2026-01-04 23:00:00,East,79,159,Heavy Rain,16.8
2026-01-04,23:00,2026-01-04 23:00:00,West,50,183,Clear,5.3
2026-01-05,00:00,2026-01-05 00:00:00,Central,125,270,Cloudy,6.1
2026-01-05,00:00,2026-01-05 00:00:00,North,77,184,Clear,4.7
2026-01-05,00:00,2026-01-05 00:00:00,South,117,208,Clear,2.1
2026-01-05,00:00,2026-01-05 00:00:00,East,73,157,Cloudy,6.6
2026-01-05,00:00,2026-01-05 00:00:00,West,96,166,Cloudy,4.6
2026-01-05,01:00,2026-01-05 01:00:00,Central,124,279,Rain,8.6
2026-01-05,01:00,2026-01-05 01:00:00,North,81,176,Rain,6.2
2026-01-05,01:00,2026-01-05 01:00:00,South,108,226,Cloudy,7.7
2026-01-05,01:00,2026-01-05 01:00:00,East,63,131,Clear,3.6
2026-01-05,01:00,2026-01-05 01:00:00,West,75,190,Clear,7.1
2026-01-05,02:00,2026-01-05 02:00:00,Central,116,253,Clear,6.7
2026-01-05,02:00,2026-01-05 02:00:00,North,76,169,Cloudy,5.1
2026-01-05,02:00,2026-01-05 02:00:00,South,144,208,Heavy Rain,14.9
2026-01-05,02:00,2026-01-05 02:00:00,East,56,152,Clear,5.0
2026-01-05,02:00,2026-01-05 02:00:00,West,70,170,Clear,2.3
2026-01-05,03:00,2026-01-05 03:00:00,Central,132,270,Rain,8.5
2026-01-05,03:00,2026-01-05 03:00:00,North,73,166,Cloudy,6.8
2026-01-05,03:00,2026-01-05 03:00:00,South,80,234,Clear,8.3
2026-01-05,03:00,2026-01-05 03:00:00,East,65,160,Cloudy,4.4
2026-01-05,03:00,2026-01-05 03:00:00,West,71,172,Clear,4.3
2026-01-05,04:00,2026-01-05 04:00:00,Central,118,268,Clear,6.4
2026-01-05,04:00,2026-01-05 04:00:00,North,68,209,Clear,3.6
2026-01-05,04:00,2026-01-05 04:00:00,South,98,224,Clear,7.9
2026-01-05,04:00,2026-01-05 04:00:00,East,74,140,Clear,4.8
2026-01-05,04:00,2026-01-05 04:00:00,West,66,177,Clear,5.4
2026-01-05,05:00,2026-01-05 05:00:00,Central,155,266,Rain,8.4
2026-01-05,05:00,2026-01-05 05:00:00,North,77,195,Clear,4.8
2026-01-05,05:00,2026-01-05 05:00:00,South,113,227,Heavy Rain,14.9
2026-01-05,05:00,2026-01-05 05:00:00,East,56,135,Cloudy,7.0
2026-01-05,05:00,2026-01-05 05:00:00,West,73,149,Clear,9.7
2026-01-05,06:00,2026-01-05 06:00:00,Central,133,258,Cloudy,6.6
2026-01-05,06:00,2026-01-05 06:00:00,North,121,182,Heavy Rain,14.8
2026-01-05,06:00,2026-01-05 06:00:00,South,121,211,Rain,8.8
2026-01-05,06:00,2026-01-05 06:00:00,East,73,153,Clear,5.3
2026-01-05,06:00,2026-01-05 06:00:00,West,94,172,Clear,6.4
2026-01-05,07:00,2026-01-05 07:00:00,Central,311,211,Clear,8.4
2026-01-05,07:00,2026-01-05 07:00:00,North,215,149,Rain,11.8
2026-01-05,07:00,2026-01-05 07:00:00,South,248,190,Clear,9.0
2026-01-05,07:00,2026-01-05 07:00:00,East,169,117,Cloudy,9.9
2026-01-05,07:00,2026-01-05 07:00:00,West,214,153,Cloudy,11.0
2026-01-05,08:00,2026-01-05 08:00:00,Central,267,223,Clear,5.0
2026-01-05,08:00,2026-01-05 08:00:00,North,175,147,Clear,6.1
2026-01-05,08:00,2026-01-05 08:00:00,South,268,189,Rain,12.7
2026-01-05,08:00,2026-01-05 08:00:00,East,156,132,Clear,7.7
2026-01-05,08:00,2026-01-05 08:00:00,West,188,140,Clear,6.1
2026-01-05,09:00,2026-01-05 09:00:00,Central,268,233,Clear,6.6
2026-01-05,09:00,2026-01-05 09:00:00,North,176,155,Clear,6.3
2026-01-05,09:00,2026-01-05 09:00:00,South,240,198,Cloudy,6.3
2026-01-05,09:00,2026-01-05 09:00:00,East,159,136,Clear,9.5
2026-01-05,09:00,2026-01-05 09:00:00,West,176,151,Cloudy,6.6
2026-01-05,10:00,2026-01-05 10:00:00,Central,221,269,Clear,5.4
2026-01-05,10:00,2026-01-05 10:00:00,North,161,189,Clear,4.2
2026-01-05,10:00,2026-01-05 10:00:00,South,144,213,Clear,5.5
2026-01-05,10:00,2026-01-05 10:00:00,East,106,135,Clear,6.7
2026-01-05,10:00,2026-01-05 10:00:00,West,131,175,Clear,6.4
2026-01-05,11:00,2026-01-05 11:00:00,Central,190,272,Clear,3.7
2026-01-05,11:00,2026-01-05 11:00:00,North,142,175,Clear,6.1
2026-01-05,11:00,2026-01-05 11:00:00,South,162,216,Clear,5.3
2026-01-05,11:00,2026-01-05 11:00:00,East,113,154,Clear,4.9
2026-01-05,11:00,2026-01-05 11:00:00,West,159,192,Clear,6.4
2026-01-05,12:00,2026-01-05 12:00:00,Central,215,252,Clear,5.3
2026-01-05,12:00,2026-01-05 12:00:00,North,150,185,Cloudy,6.3
2026-01-05,12:00,2026-01-05 12:00:00,South,171,210,Clear,4.3
2026-01-05,12:00,2026-01-05 12:00:00,East,116,145,Clear,5.9
2026-01-05,12:00,2026-01-05 12:00:00,West,122,172,Clear,2.9
2026-01-05,13:00,2026-01-05 13:00:00,Central,183,257,Clear,7.2
2026-01-05,13:00,2026-01-05 13:00:00,North,162,190,Rain,8.4
2026-01-05,13:00,2026-01-05 13:00:00,South,226,221,Rain,7.7
2026-01-05,13:00,2026-01-05 13:00:00,East,111,140,Cloudy,7.9
2026-01-05,13:00,2026-01-05 13:00:00,West,147,160,Clear,7.5
2026-01-05,14:00,2026-01-05 14:00:00,Central,216,260,Cloudy,4.7
2026-01-05,14:00,2026-01-05 14:00:00,North,129,185,Clear,3.5
2026-01-05,14:00,2026-01-05 14:00:00,South,148,200,Clear,4.7
2026-01-05,14:00,2026-01-05 14:00:00,East,90,174,Clear,6.2
2026-01-05,14:00,2026-01-05 14:00:00,West,144,174,Clear,8.0
2026-01-05,15:00,2026-01-05 15:00:00,Central,210,271,Clear,6.1
2026-01-05,15:00,2026-01-05 15:00:00,North,143,186,Clear,6.5
2026-01-05,15:00,2026-01-05 15:00:00,South,158,198,Clear,2.8
2026-01-05,15:00,2026-01-05 15:00:00,East,124,129,Clear,6.0
2026-01-05,15:00,2026-01-05 15:00:00,West,145,155,Clear,3.8
2026-01-05,16:00,2026-01-05 16:00:00,Central,194,252,Clear,7.5
2026-01-05,16:00,2026-01-05 16:00:00,North,144,184,Clear,5.3
2026-01-05,16:00,2026-01-05 16:00:00,South,215,206,Heavy Rain,14.5
2026-01-05,16:00,2026-01-05 16:00:00,East,109,161,Clear,5.8
2026-01-05,16:00,2026-01-05 16:00:00,West,145,170,Cloudy,4.1
2026-01-05,17:00,2026-01-05 17:00:00,Central,377,213,Cloudy,13.1
2026-01-05,17:00,2026-01-05 17:00:00,North,257,135,Rain,16.2
2026-01-05,17:00,2026-01-05 17:00:00,South,278,172,Clear,14.0
2026-01-05,17:00,2026-01-05 17:00:00,East,181,131,Clear,7.8
2026-01-05,17:00,2026-01-05 17:00:00,West,194,146,Cloudy,8.1
2026-01-05,18:00,2026-01-05 18:00:00,Central,439,200,Rain,21.3
2026-01-05,18:00,2026-01-05 18:00:00,North,227,140,Clear,9.4
2026-01-05,18:00,2026-01-05 18:00:00,South,274,186,Clear,9.9
2026-01-05,18:00,2026-01-05 18:00:00,East,185,148,Clear,5.0
2026-01-05,18:00,2026-01-05 18:00:00,West,219,149,Clear,9.7
2026-01-05,19:00,2026-01-05 19:00:00,Central,357,228,Rain,16.1
2026-01-05,19:00,2026-01-05 19:00:00,North,234,142,Cloudy,9.6
2026-01-05,19:00,2026-01-05 19:00:00,South,291,170,Cloudy,13.4
2026-01-05,19:00,2026-01-05 19:00:00,East,186,142,Cloudy,9.3
2026-01-05,19:00,2026-01-05 19:00:00,West,213,134,Clear,10.3
2026-01-05,20:00,2026-01-05 20:00:00,Central,337,232,Clear,10.5
2026-01-05,20:00,2026-01-05 20:00:00,North,213,182,Clear,6.3
2026-01-05,20:00,2026-01-05 20:00:00,South,249,163,Clear,7.7
2026-01-05,20:00,2026-01-05 20:00:00,East,162,101,Cloudy,10.9
2026-01-05,20:00,2026-01-05 20:00:00,West,257,130,Rain,18.1
2026-01-05,21:00,2026-01-05 21:00:00,Central,106,262,Clear,3.6
2026-01-05,21:00,2026-01-05 21:00:00,North,85,182,Clear,2.7
2026-01-05,21:00,2026-01-05 21:00:00,South,115,233,Cloudy,6.2
2026-01-05,21:00,2026-01-05 21:00:00,East,72,142,Clear,7.1
2026-01-05,21:00,2026-01-05 21:00:00,West,75,157,Clear,5.0
2026-01-05,22:00,2026-01-05 22:00:00,Central,116,250,Cloudy,5.5
2026-01-05,22:00,2026-01-05 22:00:00,North,86,153,Clear,5.3
2026-01-05,22:00,2026-01-05 22:00:00,South,106,225,Rain,10.6
2026-01-05,22:00,2026-01-05 22:00:00,East,73,124,Cloudy,6.5
2026-01-05,22:00,2026-01-05 22:00:00,West,84,144,Clear,3.9
2026-01-05,23:00,2026-01-05 23:00:00,Central,108,270,Clear,3.3
2026-01-05,23:00,2026-01-05 23:00:00,North,83,198,Cloudy,4.4
2026-01-05,23:00,2026-01-05 23:00:00,South,89,208,Cloudy,6.7
2026-01-05,23:00,2026-01-05 23:00:00,East,77,125,Clear,4.1
2026-01-05,23:00,2026-01-05 23:00:00,West,80,164,Clear,5.8
2026-01-06,00:00,2026-01-06 00:00:00,Central,142,263,Rain,6.6
2026-01-06,00:00,2026-01-06 00:00:00,North,92,180,Cloudy,6.4
2026-01-06,00:00,2026-01-06 00:00:00,South,78,215,Clear,6.6
2026-01-06,00:00,2026-01-06 00:00:00,East,73,148,Clear,5.7
2026-01-06,00:00,2026-01-06 00:00:00,West,78,183,Cloudy,5.2
2026-01-06,01:00,2026-01-06 01:00:00,Central,123,267,Clear,6.2
2026-01-06,01:00,2026-01-06 01:00:00,North,91,185,Cloudy,2.4
2026-01-06,01:00,2026-01-06 01:00:00,South,96,222,Clear,6.3
2026-01-06,01:00,2026-01-06 01:00:00,East,65,151,Clear,6.2
2026-01-06,01:00,2026-01-06 01:00:00,West,82,180,Rain,9.1
2026-01-06,02:00,2026-01-06 02:00:00,Central,135,262,Clear,4.6
2026-01-06,02:00,2026-01-06 02:00:00,North,98,158,Rain,10.6
2026-01-06,02:00,2026-01-06 02:00:00,South,87,201,Clear,5.6
2026-01-06,02:00,2026-01-06 02:00:00,East,82,154,Rain,7.0
2026-01-06,02:00,2026-01-06 02:00:00,West,82,167,Cloudy,4.5
2026-01-06,03:00,2026-01-06 03:00:00,Central,108,244,Clear,6.7
2026-01-06,03:00,2026-01-06 03:00:00,North,80,182,Cloudy,4.9
2026-01-06,03:00,2026-01-06 03:00:00,South,104,200,Clear,6.9
2026-01-06,03:00,2026-01-06 03:00:00,East,70,143,Clear,7.1
2026-01-06,03:00,2026-01-06 03:00:00,West,90,170,Cloudy,4.0
2026-01-06,04:00,2026-01-06 04:00:00,Central,119,256,Cloudy,5.2
2026-01-06,04:00,2026-01-06 04:00:00,North,94,185,Heavy Rain,13.9
2026-01-06,04:00,2026-01-06 04:00:00,South,108,206,Clear,4.0
2026-01-06,04:00,2026-01-06 04:00:00,East,79,127,Clear,4.0
2026-01-06,04:00,2026-01-06 04:00:00,West,65,173,Clear,6.4
2026-01-06,05:00,2026-01-06 05:00:00,Central,138,253,Heavy Rain,15.3
2026-01-06,05:00,2026-01-06 05:00:00,North,82,186,Clear,5.3
2026-01-06,05:00,2026-01-06 05:00:00,South,93,198,Cloudy,7.2
2026-01-06,05:00,2026-01-06 05:00:00,East,75,157,Clear,2.6
2026-01-06,05:00,2026-01-06 05:00:00,West,86,187,Clear,5.4
2026-01-06,06:00,2026-01-06 06:00:00,Central,151,265,Heavy Rain,17.5
2026-01-06,06:00,2026-01-06 06:00:00,North,91,181,Cloudy,5.9
2026-01-06,06:00,2026-01-06 06:00:00,South,96,194,Cloudy,5.8
2026-01-06,06:00,2026-01-06 06:00:00,East,79,152,Rain,7.5
2026-01-06,06:00,2026-01-06 06:00:00,West,95,173,Heavy Rain,15.5
2026-01-06,07:00,2026-01-06 07:00:00,Central,290,218,Clear,6.6
2026-01-06,07:00,2026-01-06 07:00:00,North,208,156,Cloudy,11.2
2026-01-06,07:00,2026-01-06 07:00:00,South,257,176,Clear,9.9
2026-01-06,07:00,2026-01-06 07:00:00,East,163,131,Clear,5.7
2026-01-06,07:00,2026-01-06 07:00:00,West,177,148,Clear,5.5
2026-01-06,08:00,2026-01-06 08:00:00,Central,333,235,Cloudy,12.0
2026-01-06,08:00,2026-01-06 08:00:00,North,240,158,Rain,14.6
2026-01-06,08:00,2026-01-06 08:00:00,South,259,190,Clear,9.0
2026-01-06,08:00,2026-01-06 08:00:00,East,180,132,Clear,7.3
2026-01-06,08:00,2026-01-06 08:00:00,West,170,152,Cloudy,8.2
2026-01-06,09:00,2026-01-06 09:00:00,Central,288,220,Cloudy,11.9
2026-01-06,09:00,2026-01-06 09:00:00,North,221,145,Cloudy,7.8
2026-01-06,09:00,2026-01-06 09:00:00,South,201,175,Cloudy,8.7
2026-01-06,09:00,2026-01-06 09:00:00,East,150,124,Clear,7.6
2026-01-06,09:00,2026-01-06 09:00:00,West,190,143,Clear,9.8
2026-01-06,10:00,2026-01-06 10:00:00,Central,201,256,Cloudy,6.8
2026-01-06,10:00,2026-01-06 10:00:00,North,154,191,Rain,10.5
2026-01-06,10:00,2026-01-06 10:00:00,South,155,200,Clear,5.1
2026-01-06,10:00,2026-01-06 10:00:00,East,100,129,Clear,3.0
2026-01-06,10:00,2026-01-06 10:00:00,West,150,187,Rain,7.3
2026-01-06,11:00,2026-01-06 11:00:00,Central,185,259,Clear,3.7
2026-01-06,11:00,2026-01-06 11:00:00,North,133,184,Cloudy,6.6
2026-01-06,11:00,2026-01-06 11:00:00,South,207,218,Rain,9.9
2026-01-06,11:00,2026-01-06 11:00:00,East,105,150,Clear,3.5
2026-01-06,11:00,2026-01-06 11:00:00,West,148,169,Cloudy,5.6
2026-01-06,12:00,2026-01-06 12:00:00,Central,209,283,Clear,4.6
2026-01-06,12:00,2026-01-06 12:00:00,North,151,182,Clear,4.5
2026-01-06,12:00,2026-01-06 12:00:00,South,150,221,Clear,4.8
2026-01-06,12:00,2026-01-06 12:00:00,East,109,158,Clear,8.1
2026-01-06,12:00,2026-01-06 12:00:00,West,153,146,Clear,7.0
2026-01-06,13:00,2026-01-06 13:00:00,Central,224,230,Clear,5.0
2026-01-06,13:00,2026-01-06 13:00:00,North,175,211,Rain,9.4
2026-01-06,13:00,2026-01-06 13:00:00,South,156,203,Clear,4.4
2026-01-06,13:00,2026-01-06 13:00:00,East,114,130,Cloudy,5.8
2026-01-06,13:00,2026-01-06 13:00:00,West,140,171,Clear,4.9
2026-01-06,14:00,2026-01-06 14:00:00,Central,237,253,Rain,12.0
2026-01-06,14:00,2026-01-06 14:00:00,North,161,188,Cloudy,8.6
2026-01-06,14:00,2026-01-06 14:00:00,South,200,217,Rain,5.9
2026-01-06,14:00,2026-01-06 14:00:00,East,130,129,Rain,8.8
2026-01-06,14:00,2026-01-06 14:00:00,West,158,187,Rain,8.7
2026-01-06,15:00,2026-01-06 15:00:00,Central,225,261,Rain,9.1
2026-01-06,15:00,2026-01-06 15:00:00,North,142,195,Clear,5.7
2026-01-06,15:00,2026-01-06 15:00:00,South,169,206,Clear,5.3
2026-01-06,15:00,2026-01-06 15:00:00,East,112,161,Clear,3.4
2026-01-06,15:00,2026-01-06 15:00:00,West,130,167,Clear,4.7
2026-01-06,16:00,2026-01-06 16:00:00,Central,236,259,Clear,6.9
2026-01-06,16:00,2026-01-06 16:00:00,North,157,192,Clear,3.3
2026-01-06,16:00,2026-01-06 16:00:00,South,172,231,Clear,7.1
2026-01-06,16:00,2026-01-06 16:00:00,East,122,146,Cloudy,8.1
2026-01-06,16:00,2026-01-06 16:00:00,West,150,193,Clear,3.9
2026-01-06,17:00,2026-01-06 17:00:00,Central,339,227,Clear,11.9
2026-01-06,17:00,2026-01-06 17:00:00,North,275,174,Rain,15.7
2026-01-06,17:00,2026-01-06 17:00:00,South,280,169,Cloudy,12.7
2026-01-06,17:00,2026-01-06 17:00:00,East,167,135,Clear,5.8
2026-01-06,17:00,2026-01-06 17:00:00,West,200,144,Clear,6.0
2026-01-06,18:00,2026-01-06 18:00:00,Central,334,223,Rain,15.4
2026-01-06,18:00,2026-01-06 18:00:00,North,220,163,Clear,9.7
2026-01-06,18:00,2026-01-06 18:00:00,South,328,168,Rain,17.9
2026-01-06,18:00,2026-01-06 18:00:00,East,185,110,Cloudy,8.8
2026-01-06,18:00,2026-01-06 18:00:00,West,200,157,Clear,5.1
2026-01-06,19:00,2026-01-06 19:00:00,Central,352,230,Cloudy,13.6
2026-01-06,19:00,2026-01-06 19:00:00,North,218,174,Cloudy,7.7
2026-01-06,19:00,2026-01-06 19:00:00,South,264,186,Clear,6.9
2026-01-06,19:00,2026-01-06 19:00:00,East,163,138,Clear,7.4
2026-01-06,19:00,2026-01-06 19:00:00,West,276,153,Heavy Rain,22.2
2026-01-06,20:00,2026-01-06 20:00:00,Central,307,225,Clear,11.3
2026-01-06,20:00,2026-01-06 20:00:00,North,247,145,Rain,14.2
2026-01-06,20:00,2026-01-06 20:00:00,South,291,174,Clear,8.7
2026-01-06,20:00,2026-01-06 20:00:00,East,196,131,Cloudy,11.6
2026-01-06,20:00,2026-01-06 20:00:00,West,243,173,Cloudy,11.3
2026-01-06,21:00,2026-01-06 21:00:00,Central,125,264,Cloudy,6.0
2026-01-06,21:00,2026-01-06 21:00:00,North,100,178,Cloudy,4.0
2026-01-06,21:00,2026-01-06 21:00:00,South,95,218,Cloudy,2.8
2026-01-06,21:00,2026-01-06 21:00:00,East,74,152,Clear,6.0
2026-01-06,21:00,2026-01-06 21:00:00,West,91,198,Clear,4.2
2026-01-06,22:00,2026-01-06 22:00:00,Central,127,260,Cloudy,6.0
2026-01-06,22:00,2026-01-06 22:00:00,North,75,196,Cloudy,8.0
2026-01-06,22:00,2026-01-06 22:00:00,South,99,201,Clear,3.2
2026-01-06,22:00,2026-01-06 22:00:00,East,70,169,Cloudy,5.2
2026-01-06,22:00,2026-01-06 22:00:00,West,95,190,Rain,10.3
2026-01-06,23:00,2026-01-06 23:00:00,Central,141,262,Rain,9.8
2026-01-06,23:00,2026-01-06 23:00:00,North,74,180,Clear,2.5
2026-01-06,23:00,2026-01-06 23:00:00,South,115,234,Rain,11.4
2026-01-06,23:00,2026-01-06 23:00:00,East,59,144,Clear,6.4
2026-01-06,23:00,2026-01-06 23:00:00,West,93,161,Rain,9.9
2026-01-07,00:00,2026-01-07 00:00:00,Central,134,264,Rain,7.7
2026-01-07,00:00,2026-01-07 00:00:00,North,104,187,Rain,10.2
2026-01-07,00:00,2026-01-07 00:00:00,South,137,212,Heavy Rain,14.7
2026-01-07,00:00,2026-01-07 00:00:00,East,62,143,Clear,3.9
2026-01-07,00:00,2026-01-07 00:00:00,West,73,166,Clear,2.4
2026-01-07,01:00,2026-01-07 01:00:00,Central,116,259,Clear,4.6
2026-01-07,01:00,2026-01-07 01:00:00,North,94,179,Heavy Rain,14.1
2026-01-07,01:00,2026-01-07 01:00:00,South,105,207,Clear,4.5
2026-01-07,01:00,2026-01-07 01:00:00,East,76,132,Clear,4.4
2026-01-07,01:00,2026-01-07 01:00:00,West,81,174,Clear,3.7
2026-01-07,02:00,2026-01-07 02:00:00,Central,131,265,Clear,5.4
2026-01-07,02:00,2026-01-07 02:00:00,North,75,188,Clear,3.5
2026-01-07,02:00,2026-01-07 02:00:00,South,90,213,Clear,2.2
2026-01-07,02:00,2026-01-07 02:00:00,East,72,144,Rain,8.0
2026-01-07,02:00,2026-01-07 02:00:00,West,83,194,Clear,6.7
2026-01-07,03:00,2026-01-07 03:00:00,Central,144,267,Rain,6.1
2026-01-07,03:00,2026-01-07 03:00:00,North,86,178,Rain,11.6
2026-01-07,03:00,2026-01-07 03:00:00,South,96,228,Clear,4.9
2026-01-07,03:00,2026-01-07 03:00:00,East,63,158,Clear,4.2
2026-01-07,03:00,2026-01-07 03:00:00,West,65,172,Cloudy,5.6
2026-01-07,04:00,2026-01-07 04:00:00,Central,157,247,Heavy Rain,14.5
2026-01-07,04:00,2026-01-07 04:00:00,North,107,188,Cloudy,3.7
2026-01-07,04:00,2026-01-07 04:00:00,South,89,218,Clear,3.1
2026-01-07,04:00,2026-01-07 04:00:00,East,68,138,Clear,4.2
2026-01-07,04:00,2026-01-07 04:00:00,West,94,172,Rain,9.1
2026-01-07,05:00,2026-01-07 05:00:00,Central,123,277,Clear,4.2
2026-01-07,05:00,2026-01-07 05:00:00,North,84,174,Clear,5.6
2026-01-07,05:00,2026-01-07 05:00:00,South,100,200,Clear,6.0
2026-01-07,05:00,2026-01-07 05:00:00,East,63,152,Clear,5.4
2026-01-07,05:00,2026-01-07 05:00:00,West,84,167,Cloudy,6.7
2026-01-07,06:00,2026-01-07 06:00:00,Central,112,259,Clear,6.2
2026-01-07,06:00,2026-01-07 06:00:00,North,83,173,Clear,4.0
2026-01-07,06:00,2026-01-07 06:00:00,South,96,224,Clear,7.4
2026-01-07,06:00,2026-01-07 06:00:00,East,64,112,Clear,4.3
2026-01-07,06:00,2026-01-07 06:00:00,West,90,170,Cloudy,5.1
2026-01-07,07:00,2026-01-07 07:00:00,Central,262,232,Clear,7.0
2026-01-07,07:00,2026-01-07 07:00:00,North,191,157,Clear,7.0
2026-01-07,07:00,2026-01-07 07:00:00,South,224,178,Clear,8.0
2026-01-07,07:00,2026-01-07 07:00:00,East,139,120,Clear,6.4
2026-01-07,07:00,2026-01-07 07:00:00,West,177,144,Clear,5.1
2026-01-07,08:00,2026-01-07 08:00:00,Central,367,216,Rain,17.8
2026-01-07,08:00,2026-01-07 08:00:00,North,195,165,Clear,9.4
2026-01-07,08:00,2026-01-07 08:00:00,South,255,180,Rain,15.4
2026-01-07,08:00,2026-01-07 08:00:00,East,161,121,Clear,7.1
2026-01-07,08:00,2026-01-07 08:00:00,West,258,151,Heavy Rain,21.9
2026-01-07,09:00,2026-01-07 09:00:00,Central,261,233,Cloudy,6.9
2026-01-07,09:00,2026-01-07 09:00:00,North,269,163,Heavy Rain,19.4
2026-01-07,09:00,2026-01-07 09:00:00,South,280,192,Heavy Rain,22.0
2026-01-07,09:00,2026-01-07 09:00:00,East,189,108,Heavy Rain,19.3
2026-01-07,09:00,2026-01-07 09:00:00,West,179,160,Clear,5.3
2026-01-07,10:00,2026-01-07 10:00:00,Central,230,248,Rain,7.4
2026-01-07,10:00,2026-01-07 10:00:00,North,194,185,Heavy Rain,11.0
2026-01-07,10:00,2026-01-07 10:00:00,South,197,209,Clear,6.2
2026-01-07,10:00,2026-01-07 10:00:00,East,126,134,Cloudy,8.6
2026-01-07,10:00,2026-01-07 10:00:00,West,135,182,Clear,3.3
2026-01-07,11:00,2026-01-07 11:00:00,Central,223,256,Clear,3.4
2026-01-07,11:00,2026-01-07 11:00:00,North,149,205,Clear,4.9
2026-01-07,11:00,2026-01-07 11:00:00,South,144,197,Clear,8.0
2026-01-07,11:00,2026-01-07 11:00:00,East,116,133,Clear,4.6
2026-01-07,11:00,2026-01-07 11:00:00,West,150,181,Cloudy,6.3
2026-01-07,12:00,2026-01-07 12:00:00,Central,275,272,Rain,8.8
2026-01-07,12:00,2026-01-07 12:00:00,North,156,183,Clear,5.1
2026-01-07,12:00,2026-01-07 12:00:00,South,160,212,Cloudy,6.2
2026-01-07,12:00,2026-01-07 12:00:00,East,112,146,Cloudy,5.7
2026-01-07,12:00,2026-01-07 12:00:00,West,119,181,Clear,4.9
2026-01-07,13:00,2026-01-07 13:00:00,Central,215,257,Clear,7.8
2026-01-07,13:00,2026-01-07 13:00:00,North,129,192,Clear,2.2
2026-01-07,13:00,2026-01-07 13:00:00,South,210,212,Rain,11.0
2026-01-07,13:00,2026-01-07 13:00:00,East,126,139,Clear,3.4
2026-01-07,13:00,2026-01-07 13:00:00,West,131,156,Clear,2.0
2026-01-07,14:00,2026-01-07 14:00:00,Central,228,246,Rain,9.7
2026-01-07,14:00,2026-01-07 14:00:00,North,151,162,Clear,4.4
2026-01-07,14:00,2026-01-07 14:00:00,South,200,237,Rain,9.0
2026-01-07,14:00,2026-01-07 14:00:00,East,110,151,Clear,3.5
2026-01-07,14:00,2026-01-07 14:00:00,West,204,180,Heavy Rain,16.1
2026-01-07,15:00,2026-01-07 15:00:00,Central,196,269,Clear,5.2
2026-01-07,15:00,2026-01-07 15:00:00,North,148,177,Cloudy,2.7
2026-01-07,15:00,2026-01-07 15:00:00,South,212,218,Rain,10.8
2026-01-07,15:00,2026-01-07 15:00:00,East,111,142,Clear,3.4
2026-01-07,15:00,2026-01-07 15:00:00,West,122,168,Cloudy,6.3
2026-01-07,16:00,2026-01-07 16:00:00,Central,201,258,Clear,3.2
2026-01-07,16:00,2026-01-07 16:00:00,North,164,166,Rain,9.5
2026-01-07,16:00,2026-01-07 16:00:00,South,174,210,Clear,7.1
2026-01-07,16:00,2026-01-07 16:00:00,East,128,148,Clear,7.4
2026-01-07,16:00,2026-01-07 16:00:00,West,161,168,Cloudy,5.6
2026-01-07,17:00,2026-01-07 17:00:00,Central,384,237,Rain,17.3
2026-01-07,17:00,2026-01-07 17:00:00,North,243,154,Clear,10.9
2026-01-07,17:00,2026-01-07 17:00:00,South,256,158,Clear,10.6
2026-01-07,17:00,2026-01-07 17:00:00,East,183,123,Cloudy,11.6
2026-01-07,17:00,2026-01-07 17:00:00,West,205,161,Clear,8.3
2026-01-07,18:00,2026-01-07 18:00:00,Central,470,217,Heavy Rain,29.0
2026-01-07,18:00,2026-01-07 18:00:00,North,230,148,Cloudy,11.1
2026-01-07,18:00,2026-01-07 18:00:00,South,317,168,Rain,16.1
2026-01-07,18:00,2026-01-07 18:00:00,East,166,110,Clear,7.7
2026-01-07,18:00,2026-01-07 18:00:00,West,243,143,Clear,9.2
2026-01-07,19:00,2026-01-07 19:00:00,Central,321,236,Clear,12.2
2026-01-07,19:00,2026-01-07 19:00:00,North,223,151,Clear,8.1
2026-01-07,19:00,2026-01-07 19:00:00,South,264,159,Clear,12.8
2026-01-07,19:00,2026-01-07 19:00:00,East,178,124,Clear,7.0
2026-01-07,19:00,2026-01-07 19:00:00,West,235,128,Clear,13.1
2026-01-07,20:00,2026-01-07 20:00:00,Central,366,227,Heavy Rain,21.1
2026-01-07,20:00,2026-01-07 20:00:00,North,284,167,Rain,12.2
2026-01-07,20:00,2026-01-07 20:00:00,South,291,178,Clear,10.3
2026-01-07,20:00,2026-01-07 20:00:00,East,190,122,Clear,7.4
2026-01-07,20:00,2026-01-07 20:00:00,West,229,139,Clear,9.9
2026-01-07,21:00,2026-01-07 21:00:00,Central,112,249,Clear,2.6
2026-01-07,21:00,2026-01-07 21:00:00,North,85,170,Clear,5.9
2026-01-07,21:00,2026-01-07 21:00:00,South,102,208,Clear,4.0
2026-01-07,21:00,2026-01-07 21:00:00,East,79,135,Clear,7.4
2026-01-07,21:00,2026-01-07 21:00:00,West,72,159,Clear,6.2
2026-01-07,22:00,2026-01-07 22:00:00,Central,133,269,Rain,8.3
2026-01-07,22:00,2026-01-07 22:00:00,North,72,196,Clear,5.8
2026-01-07,22:00,2026-01-07 22:00:00,South,96,228,Cloudy,6.7
2026-01-07,22:00,2026-01-07 22:00:00,East,60,131,Clear,6.3
2026-01-07,22:00,2026-01-07 22:00:00,West,84,188,Clear,6.6
2026-01-07,23:00,2026-01-07 23:00:00,Central,120,289,Clear,4.1
2026-01-07,23:00,2026-01-07 23:00:00,North,68,175,Clear,6.7
2026-01-07,23:00,2026-01-07 23:00:00,South,98,216,Clear,5.6
2026-01-07,23:00,2026-01-07 23:00:00,East,87,149,Rain,10.0
2026-01-07,23:00,2026-01-07 23:00:00,West,73,185,Clear,5.7
2026-01-08,00:00,2026-01-08 00:00:00,Central,127,282,Clear,7.4
2026-01-08,00:00,2026-01-08 00:00:00,North,93,164,Cloudy,5.2
2026-01-08,00:00,2026-01-08 00:00:00,South,105,201,Cloudy,6.9
2026-01-08,00:00,2026-01-08 00:00:00,East,57,149,Cloudy,4.5
2026-01-08,00:00,2026-01-08 00:00:00,West,89,149,Rain,8.7
2026-01-08,01:00,2026-01-08 01:00:00,Central,124,249,Clear,7.9
2026-01-08,01:00,2026-01-08 01:00:00,North,79,174,Clear,5.3
2026-01-08,01:00,2026-01-08 01:00:00,South,97,216,Clear,6.4
2026-01-08,01:00,2026-01-08 01:00:00,East,61,145,Cloudy,6.3
2026-01-08,01:00,2026-01-08 01:00:00,West,73,172,Clear,6.2
2026-01-08,02:00,2026-01-08 02:00:00,Central,109,274,Clear,7.9
2026-01-08,02:00,2026-01-08 02:00:00,North,98,192,Rain,10.6
2026-01-08,02:00,2026-01-08 02:00:00,South,99,216,Cloudy,7.0
2026-01-08,02:00,2026-01-08 02:00:00,East,59,142,Cloudy,6.1
2026-01-08,02:00,2026-01-08 02:00:00,West,91,160,Cloudy,3.0
2026-01-08,03:00,2026-01-08 03:00:00,Central,125,265,Clear,6.0
2026-01-08,03:00,2026-01-08 03:00:00,North,96,176,Clear,4.4
2026-01-08,03:00,2026-01-08 03:00:00,South,99,202,Clear,7.0
2026-01-08,03:00,2026-01-08 03:00:00,East,66,142,Clear,5.9
2026-01-08,03:00,2026-01-08 03:00:00,West,101,149,Clear,6.3
2026-01-08,04:00,2026-01-08 04:00:00,Central,109,255,Cloudy,5.6
2026-01-08,04:00,2026-01-08 04:00:00,North,78,201,Clear,2.0
2026-01-08,04:00,2026-01-08 04:00:00,South,106,226,Rain,7.8
2026-01-08,04:00,2026-01-08 04:00:00,East,55,131,Cloudy,7.7
2026-01-08,04:00,2026-01-08 04:00:00,West,72,178,Clear,7.6
2026-01-08,05:00,2026-01-08 05:00:00,Central,129,268,Cloudy,6.5
2026-01-08,05:00,2026-01-08 05:00:00,North,89,201,Clear,4.3
2026-01-08,05:00,2026-01-08 05:00:00,South,86,209,Cloudy,6.6
2026-01-08,05:00,2026-01-08 05:00:00,East,86,138,Clear,3.7
2026-01-08,05:00,2026-01-08 05:00:00,West,80,177,Clear,3.6
2026-01-08,06:00,2026-01-08 06:00:00,Central,125,247,Clear,8.0
2026-01-08,06:00,2026-01-08 06:00:00,North,83,195,Clear,2.7
2026-01-08,06:00,2026-01-08 06:00:00,South,114,229,Rain,7.8
2026-01-08,06:00,2026-01-08 06:00:00,East,79,129,Cloudy,5.8
2026-01-08,06:00,2026-01-08 06:00:00,West,65,184,Cloudy,5.4
2026-01-08,07:00,2026-01-08 07:00:00,Central,292,211,Cloudy,12.3
2026-01-08,07:00,2026-01-08 07:00:00,North,232,150,Cloudy,7.1
2026-01-08,07:00,2026-01-08 07:00:00,South,244,175,Rain,12.3
2026-01-08,07:00,2026-01-08 07:00:00,East,163,128,Cloudy,7.7
2026-01-08,07:00,2026-01-08 07:00:00,West,184,154,Clear,5.2
2026-01-08,08:00,2026-01-08 08:00:00,Central,313,215,Heavy Rain,19.0
2026-01-08,08:00,2026-01-08 08:00:00,North,228,135,Rain,12.1
2026-01-08,08:00,2026-01-08 08:00:00,South,279,172,Cloudy,12.1
2026-01-08,08:00,2026-01-08 08:00:00,East,216,123,Heavy Rain,18.3
2026-01-08,08:00,2026-01-08 08:00:00,West,169,166,Cloudy,4.9
2026-01-08,09:00,2026-01-08 09:00:00,Central,279,229,Clear,6.7
2026-01-08,09:00,2026-01-08 09:00:00,North,203,149,Clear,9.5
2026-01-08,09:00,2026-01-08 09:00:00,South,246,195,Cloudy,8.0
2026-01-08,09:00,2026-01-08 09:00:00,East,161,114,Clear,7.3
2026-01-08,09:00,2026-01-08 09:00:00,West,204,148,Clear,8.0
2026-01-08,10:00,2026-01-08 10:00:00,Central,195,264,Clear,6.8
2026-01-08,10:00,2026-01-08 10:00:00,North,150,211,Clear,4.4
2026-01-08,10:00,2026-01-08 10:00:00,South,184,224,Rain,9.8
2026-01-08,10:00,2026-01-08 10:00:00,East,108,151,Clear,2.0
2026-01-08,10:00,2026-01-08 10:00:00,West,145,180,Cloudy,8.1
2026-01-08,11:00,2026-01-08 11:00:00,Central,269,254,Heavy Rain,15.2
2026-01-08,11:00,2026-01-08 11:00:00,North,132,203,Clear,5.2
2026-01-08,11:00,2026-01-08 11:00:00,South,186,198,Rain,8.2
2026-01-08,11:00,2026-01-08 11:00:00,East,118,160,Clear,6.7
2026-01-08,11:00,2026-01-08 11:00:00,West,136,180,Cloudy,7.7
2026-01-08,12:00,2026-01-08 12:00:00,Central,210,283,Rain,9.1
2026-01-08,12:00,2026-01-08 12:00:00,North,157,191,Cloudy,4.1
2026-01-08,12:00,2026-01-08 12:00:00,South,194,220,Cloudy,3.7
2026-01-08,12:00,2026-01-08 12:00:00,East,120,144,Cloudy,4.8
2026-01-08,12:00,2026-01-08 12:00:00,West,133,168,Clear,4.2
2026-01-08,13:00,2026-01-08 13:00:00,Central,206,227,Clear,8.1
2026-01-08,13:00,2026-01-08 13:00:00,North,144,186,Clear,3.9
2026-01-08,13:00,2026-01-08 13:00:00,South,169,234,Clear,7.8
2026-01-08,13:00,2026-01-08 13:00:00,East,138,146,Rain,12.2
2026-01-08,13:00,2026-01-08 13:00:00,West,145,169,Clear,4.7
2026-01-08,14:00,2026-01-08 14:00:00,Central,181,263,Clear,5.5
2026-01-08,14:00,2026-01-08 14:00:00,North,148,196,Clear,2.0
2026-01-08,14:00,2026-01-08 14:00:00,South,154,235,Clear,2.0
2026-01-08,14:00,2026-01-08 14:00:00,East,112,133,Clear,4.2
2026-01-08,14:00,2026-01-08 14:00:00,West,140,181,Clear,3.6
2026-01-08,15:00,2026-01-08 15:00:00,Central,227,258,Clear,4.7
2026-01-08,15:00,2026-01-08 15:00:00,North,153,197,Clear,2.9
2026-01-08,15:00,2026-01-08 15:00:00,South,236,211,Rain,9.8
2026-01-08,15:00,2026-01-08 15:00:00,East,120,141,Clear,4.3
2026-01-08,15:00,2026-01-08 15:00:00,West,145,178,Clear,4.9
2026-01-08,16:00,2026-01-08 16:00:00,Central,198,275,Clear,4.2
2026-01-08,16:00,2026-01-08 16:00:00,North,170,189,Cloudy,6.7
2026-01-08,16:00,2026-01-08 16:00:00,South,197,209,Rain,8.6
2026-01-08,16:00,2026-01-08 16:00:00,East,106,151,Clear,2.0
2026-01-08,16:00,2026-01-08 16:00:00,West,186,165,Heavy Rain,14.7
2026-01-08,17:00,2026-01-08 17:00:00,Central,320,216,Clear,9.0
2026-01-08,17:00,2026-01-08 17:00:00,North,188,151,Cloudy,9.7
2026-01-08,17:00,2026-01-08 17:00:00,South,237,180,Cloudy,7.3
2026-01-08,17:00,2026-01-08 17:00:00,East,166,128,Cloudy,9.9
2026-01-08,17:00,2026-01-08 17:00:00,West,213,159,Cloudy,7.4
2026-01-08,18:00,2026-01-08 18:00:00,Central,354,233,Cloudy,12.3
2026-01-08,18:00,2026-01-08 18:00:00,North,274,150,Clear,9.5
2026-01-08,18:00,2026-01-08 18:00:00,South,234,183,Cloudy,8.8
2026-01-08,18:00,2026-01-08 18:00:00,East,178,131,Clear,7.8
2026-01-08,18:00,2026-01-08 18:00:00,West,202,148,Clear,9.2
2026-01-08,19:00,2026-01-08 19:00:00,Central,382,235,Clear,13.2
2026-01-08,19:00,2026-01-08 19:00:00,North,247,159,Clear,11.7
2026-01-08,19:00,2026-01-08 19:00:00,South,275,186,Clear,10.2
2026-01-08,19:00,2026-01-08 19:00:00,East,178,114,Cloudy,8.6
2026-01-08,19:00,2026-01-08 19:00:00,West,205,174,Clear,8.7
2026-01-08,20:00,2026-01-08 20:00:00,Central,308,225,Clear,7.3
2026-01-08,20:00,2026-01-08 20:00:00,North,232,172,Clear,7.7
2026-01-08,20:00,2026-01-08 20:00:00,South,295,196,Clear,10.3
2026-01-08,20:00,2026-01-08 20:00:00,East,202,139,Cloudy,11.2
2026-01-08,20:00,2026-01-08 20:00:00,West,263,144,Rain,15.1
2026-01-08,21:00,2026-01-08 21:00:00,Central,123,287,Clear,5.0
2026-01-08,21:00,2026-01-08 21:00:00,North,90,194,Clear,3.8
2026-01-08,21:00,2026-01-08 21:00:00,South,83,214,Clear,5.2
2026-01-08,21:00,2026-01-08 21:00:00,East,84,137,Rain,10.1
2026-01-08,21:00,2026-01-08 21:00:00,West,111,163,Heavy Rain,14.6
2026-01-08,22:00,2026-01-08 22:00:00,Central,127,281,Cloudy,6.0
2026-01-08,22:00,2026-01-08 22:00:00,North,72,207,Clear,3.6
2026-01-08,22:00,2026-01-08 22:00:00,South,95,196,Cloudy,4.8
2026-01-08,22:00,2026-01-08 22:00:00,East,70,142,Rain,10.1
2026-01-08,22:00,2026-01-08 22:00:00,West,69,161,Cloudy,6.0
2026-01-08,23:00,2026-01-08 23:00:00,Central,112,252,Clear,3.3
2026-01-08,23:00,2026-01-08 23:00:00,North,93,193,Rain,8.2
2026-01-08,23:00,2026-01-08 23:00:00,South,103,215,Cloudy,6.5
2026-01-08,23:00,2026-01-08 23:00:00,East,83,145,Clear,3.4
2026-01-08,23:00,2026-01-08 23:00:00,West,79,179,Clear,5.5
2026-01-09,00:00,2026-01-09 00:00:00,Central,118,266,Clear,6.8
2026-01-09,00:00,2026-01-09 00:00:00,North,102,182,Rain,9.5
2026-01-09,00:00,2026-01-09 00:00:00,South,115,205,Rain,10.3
2026-01-09,00:00,2026-01-09 00:00:00,East,75,145,Clear,5.1
2026-01-09,00:00,2026-01-09 00:00:00,West,77,196,Clear,4.5
2026-01-09,01:00,2026-01-09 01:00:00,Central,129,264,Clear,6.8
2026-01-09,01:00,2026-01-09 01:00:00,North,84,206,Clear,3.7
2026-01-09,01:00,2026-01-09 01:00:00,South,132,220,Rain,10.3
2026-01-09,01:00,2026-01-09 01:00:00,East,70,157,Clear,3.5
2026-01-09,01:00,2026-01-09 01:00:00,West,102,168,Rain,9.5
2026-01-09,02:00,2026-01-09 02:00:00,Central,120,264,Clear,2.9
2026-01-09,02:00,2026-01-09 02:00:00,North,90,182,Clear,5.5
2026-01-09,02:00,2026-01-09 02:00:00,South,102,210,Rain,9.0
2026-01-09,02:00,2026-01-09 02:00:00,East,84,128,Heavy Rain,13.0
2026-01-09,02:00,2026-01-09 02:00:00,West,57,186,Clear,5.0
2026-01-09,03:00,2026-01-09 03:00:00,Central,129,260,Clear,4.8
2026-01-09,03:00,2026-01-09 03:00:00,North,74,205,Cloudy,8.1
2026-01-09,03:00,2026-01-09 03:00:00,South,94,219,Clear,6.6
2026-01-09,03:00,2026-01-09 03:00:00,East,53,142,Clear,5.1
2026-01-09,03:00,2026-01-09 03:00:00,West,92,184,Clear,4.8
2026-01-09,04:00,2026-01-09 04:00:00,Central,106,257,Clear,5.7
2026-01-09,04:00,2026-01-09 04:00:00,North,89,188,Clear,5.3
2026-01-09,04:00,2026-01-09 04:00:00,South,97,201,Clear,3.1
2026-01-09,04:00,2026-01-09 04:00:00,East,56,138,Cloudy,6.5
2026-01-09,04:00,2026-01-09 04:00:00,West,78,169,Clear,4.1
2026-01-09,05:00,2026-01-09 05:00:00,Central,129,263,Clear,8.1
2026-01-09,05:00,2026-01-09 05:00:00,North,94,202,Rain,9.0
2026-01-09,05:00,2026-01-09 05:00:00,South,129,204,Heavy Rain,16.2
2026-01-09,05:00,2026-01-09 05:00:00,East,68,139,Clear,2.9
2026-01-09,05:00,2026-01-09 05:00:00,West,87,186,Rain,8.3
2026-01-09,06:00,2026-01-09 06:00:00,Central,109,252,Clear,5.4
2026-01-09,06:00,2026-01-09 06:00:00,North,73,162,Clear,3.2
2026-01-09,06:00,2026-01-09 06:00:00,South,111,224,Rain,7.9
2026-01-09,06:00,2026-01-09 06:00:00,East,83,143,Heavy Rain,14.5
2026-01-09,06:00,2026-01-09 06:00:00,West,72,169,Clear,4.4
2026-01-09,07:00,2026-01-09 07:00:00,Central,303,225,Cloudy,12.2
2026-01-09,07:00,2026-01-09 07:00:00,North,199,159,Clear,9.6
2026-01-09,07:00,2026-01-09 07:00:00,South,271,180,Rain,14.3
2026-01-09,07:00,2026-01-09 07:00:00,East,149,106,Clear,8.8
2026-01-09,07:00,2026-01-09 07:00:00,West,158,138,Clear,6.9
2026-01-09,08:00,2026-01-09 08:00:00,Central,321,223,Clear,11.6
2026-01-09,08:00,2026-01-09 08:00:00,North,223,147,Clear,9.3
2026-01-09,08:00,2026-01-09 08:00:00,South,225,181,Clear,7.2
2026-01-09,08:00,2026-01-09 08:00:00,East,165,119,Clear,5.8
2026-01-09,08:00,2026-01-09 08:00:00,West,257,142,Heavy Rain,23.3
2026-01-09,09:00,2026-01-09 09:00:00,Central,275,209,Clear,9.4
2026-01-09,09:00,2026-01-09 09:00:00,North,207,167,Clear,5.3
2026-01-09,09:00,2026-01-09 09:00:00,South,220,170,Cloudy,8.2
2026-01-09,09:00,2026-01-09 09:00:00,East,159,138,Cloudy,6.7
2026-01-09,09:00,2026-01-09 09:00:00,West,187,160,Clear,4.4
2026-01-09,10:00,2026-01-09 10:00:00,Central,198,279,Cloudy,5.3
2026-01-09,10:00,2026-01-09 10:00:00,North,153,178,Clear,5.7
2026-01-09,10:00,2026-01-09 10:00:00,South,165,223,Clear,3.3
2026-01-09,10:00,2026-01-09 10:00:00,East,126,129,Clear,5.9
2026-01-09,10:00,2026-01-09 10:00:00,West,133,171,Clear,3.4
2026-01-09,11:00,2026-01-09 11:00:00,Central,208,266,Clear,7.5
2026-01-09,11:00,2026-01-09 11:00:00,North,189,213,Rain,8.3
2026-01-09,11:00,2026-01-09 11:00:00,South,189,200,Rain,6.8
2026-01-09,11:00,2026-01-09 11:00:00,East,123,144,Cloudy,6.9
2026-01-09,11:00,2026-01-09 11:00:00,West,179,156,Rain,10.0
2026-01-09,12:00,2026-01-09 12:00:00,Central,212,271,Cloudy,6.4
2026-01-09,12:00,2026-01-09 12:00:00,North,145,158,Clear,4.8
2026-01-09,12:00,2026-01-09 12:00:00,South,218,218,Rain,8.2
2026-01-09,12:00,2026-01-09 12:00:00,East,125,141,Clear,6.5
2026-01-09,12:00,2026-01-09 12:00:00,West,162,181,Rain,10.2
2026-01-09,13:00,2026-01-09 13:00:00,Central,251,255,Rain,8.8
2026-01-09,13:00,2026-01-09 13:00:00,North,140,207,Clear,3.9
2026-01-09,13:00,2026-01-09 13:00:00,South,193,220,Cloudy,4.9
2026-01-09,13:00,2026-01-09 13:00:00,East,110,134,Clear,4.8
2026-01-09,13:00,2026-01-09 13:00:00,West,157,173,Clear,5.8
2026-01-09,14:00,2026-01-09 14:00:00,Central,209,273,Clear,3.5
2026-01-09,14:00,2026-01-09 14:00:00,North,156,181,Clear,4.5
2026-01-09,14:00,2026-01-09 14:00:00,South,180,199,Clear,5.3
2026-01-09,14:00,2026-01-09 14:00:00,East,127,153,Clear,7.3
2026-01-09,14:00,2026-01-09 14:00:00,West,122,185,Cloudy,5.1
2026-01-09,15:00,2026-01-09 15:00:00,Central,243,258,Rain,7.8
2026-01-09,15:00,2026-01-09 15:00:00,North,147,202,Rain,10.7
2026-01-09,15:00,2026-01-09 15:00:00,South,168,220,Clear,5.6
2026-01-09,15:00,2026-01-09 15:00:00,East,104,142,Clear,5.5
2026-01-09,15:00,2026-01-09 15:00:00,West,164,167,Cloudy,5.1
2026-01-09,16:00,2026-01-09 16:00:00,Central,219,239,Clear,5.6
2026-01-09,16:00,2026-01-09 16:00:00,North,157,185,Clear,6.2
2026-01-09,16:00,2026-01-09 16:00:00,South,165,205,Clear,8.7
2026-01-09,16:00,2026-01-09 16:00:00,East,131,141,Cloudy,4.3
2026-01-09,16:00,2026-01-09 16:00:00,West,144,176,Cloudy,4.1
2026-01-09,17:00,2026-01-09 17:00:00,Central,348,239,Cloudy,14.5
2026-01-09,17:00,2026-01-09 17:00:00,North,193,161,Clear,4.6
2026-01-09,17:00,2026-01-09 17:00:00,South,309,205,Rain,13.6
2026-01-09,17:00,2026-01-09 17:00:00,East,188,103,Clear,10.5
2026-01-09,17:00,2026-01-09 17:00:00,West,247,124,Rain,15.8
2026-01-09,18:00,2026-01-09 18:00:00,Central,337,217,Cloudy,13.5
2026-01-09,18:00,2026-01-09 18:00:00,North,226,177,Clear,8.2
2026-01-09,18:00,2026-01-09 18:00:00,South,317,186,Clear,12.1
2026-01-09,18:00,2026-01-09 18:00:00,East,159,118,Clear,8.2
2026-01-09,18:00,2026-01-09 18:00:00,West,245,149,Clear,10.5
2026-01-09,19:00,2026-01-09 19:00:00,Central,310,222,Clear,9.0
2026-01-09,19:00,2026-01-09 19:00:00,North,254,138,Rain,15.3
2026-01-09,19:00,2026-01-09 19:00:00,South,263,159,Cloudy,12.9
2026-01-09,19:00,2026-01-09 19:00:00,East,178,114,Clear,8.8
2026-01-09,19:00,2026-01-09 19:00:00,West,277,168,Heavy Rain,22.2
2026-01-09,20:00,2026-01-09 20:00:00,Central,309,249,Clear,10.7
2026-01-09,20:00,2026-01-09 20:00:00,North,228,163,Clear,8.2
2026-01-09,20:00,2026-01-09 20:00:00,South,285,181,Clear,12.1
2026-01-09,20:00,2026-01-09 20:00:00,East,213,135,Clear,8.7
2026-01-09,20:00,2026-01-09 20:00:00,West,208,149,Cloudy,11.3
2026-01-09,21:00,2026-01-09 21:00:00,Central,103,267,Clear,5.3
2026-01-09,21:00,2026-01-09 21:00:00,North,88,172,Cloudy,5.2
2026-01-09,21:00,2026-01-09 21:00:00,South,124,222,Rain,9.4
2026-01-09,21:00,2026-01-09 21:00:00,East,65,136,Cloudy,7.1
2026-01-09,21:00,2026-01-09 21:00:00,West,88,181,Clear,3.9
2026-01-09,22:00,2026-01-09 22:00:00,Central,124,246,Clear,4.9
2026-01-09,22:00,2026-01-09 22:00:00,North,82,180,Clear,4.5
2026-01-09,22:00,2026-01-09 22:00:00,South,93,231,Clear,4.5
2026-01-09,22:00,2026-01-09 22:00:00,East,66,161,Clear,4.7
2026-01-09,22:00,2026-01-09 22:00:00,West,92,164,Rain,8.7
2026-01-09,23:00,2026-01-09 23:00:00,Central,145,249,Rain,11.1
2026-01-09,23:00,2026-01-09 23:00:00,North,89,170,Rain,10.5
2026-01-09,23:00,2026-01-09 23:00:00,South,118,220,Rain,8.1
2026-01-09,23:00,2026-01-09 23:00:00,East,66,138,Cloudy,4.5
2026-01-09,23:00,2026-01-09 23:00:00,West,94,191,Heavy Rain,16.3
2026-01-10,00:00,2026-01-10 00:00:00,Central,139,256,Heavy Rain,16.6
2026-01-10,00:00,2026-01-10 00:00:00,North,67,198,Clear,3.8
2026-01-10,00:00,2026-01-10 00:00:00,South,71,239,Clear,3.7
2026-01-10,00:00,2026-01-10 00:00:00,East,60,142,Clear,2.2
2026-01-10,00:00,2026-01-10 00:00:00,West,56,154,Clear,5.2
2026-01-10,01:00,2026-01-10 01:00:00,Central,107,266,Rain,7.4
2026-01-10,01:00,2026-01-10 01:00:00,North,84,176,Cloudy,6.2
2026-01-10,01:00,2026-01-10 01:00:00,South,58,226,Clear,6.9
2026-01-10,01:00,2026-01-10 01:00:00,East,55,145,Clear,5.1
2026-01-10,01:00,2026-01-10 01:00:00,West,53,182,Rain,11.5
2026-01-10,02:00,2026-01-10 02:00:00,Central,111,275,Rain,5.5
2026-01-10,02:00,2026-01-10 02:00:00,North,85,178,Heavy Rain,15.4
2026-01-10,02:00,2026-01-10 02:00:00,South,85,213,Rain,5.7
2026-01-10,02:00,2026-01-10 02:00:00,East,73,152,Rain,8.3
2026-01-10,02:00,2026-01-10 02:00:00,West,52,176,Cloudy,7.7
2026-01-10,03:00,2026-01-10 03:00:00,Central,97,258,Clear,4.6
2026-01-10,03:00,2026-01-10 03:00:00,North,67,202,Clear,4.1
2026-01-10,03:00,2026-01-10 03:00:00,South,75,211,Clear,5.7
2026-01-10,03:00,2026-01-10 03:00:00,East,60,145,Heavy Rain,14.9
2026-01-10,03:00,2026-01-10 03:00:00,West,75,178,Cloudy,5.2
2026-01-10,04:00,2026-01-10 04:00:00,Central,97,249,Clear,3.0
2026-01-10,04:00,2026-01-10 04:00:00,North,84,189,Clear,5.4
2026-01-10,04:00,2026-01-10 04:00:00,South,66,245,Clear,6.3
2026-01-10,04:00,2026-01-10 04:00:00,East,60,158,Rain,6.7
2026-01-10,04:00,2026-01-10 04:00:00,West,75,181,Rain,6.4
2026-01-10,05:00,2026-01-10 05:00:00,Central,123,265,Heavy Rain,13.4
2026-01-10,05:00,2026-01-10 05:00:00,North,63,165,Clear,3.8
2026-01-10,05:00,2026-01-10 05:00:00,South,81,219,Clear,2.0
2026-01-10,05:00,2026-01-10 05:00:00,East,49,142,Clear,4.8
2026-01-10,05:00,2026-01-10 05:00:00,West,70,175,Cloudy,6.8
2026-01-10,06:00,2026-01-10 06:00:00,Central,95,242,Clear,6.6
2026-01-10,06:00,2026-01-10 06:00:00,North,96,188,Heavy Rain,12.3
2026-01-10,06:00,2026-01-10 06:00:00,South,70,209,Clear,8.8
2026-01-10,06:00,2026-01-10 06:00:00,East,54,168,Clear,5.6
2026-01-10,06:00,2026-01-10 06:00:00,West,75,167,Clear,4.4
2026-01-10,07:00,2026-01-10 07:00:00,Central,215,240,Clear,4.5
2026-01-10,07:00,2026-01-10 07:00:00,North,171,173,Clear,6.6
2026-01-10,07:00,2026-01-10 07:00:00,South,184,182,Clear,2.8
2026-01-10,07:00,2026-01-10 07:00:00,East,101,131,Clear,5.1
2026-01-10,07:00,2026-01-10 07:00:00,West,188,151,Rain,9.4
2026-01-10,08:00,2026-01-10 08:00:00,Central,307,231,Rain,12.0
2026-01-10,08:00,2026-01-10 08:00:00,North,163,169,Clear,4.6
2026-01-10,08:00,2026-01-10 08:00:00,South,181,167,Clear,2.9
2026-01-10,08:00,2026-01-10 08:00:00,East,125,110,Clear,7.2
2026-01-10,08:00,2026-01-10 08:00:00,West,142,134,Cloudy,6.3
2026-01-10,09:00,2026-01-10 09:00:00,Central,199,216,Clear,3.6
2026-01-10,09:00,2026-01-10 09:00:00,North,194,131,Heavy Rain,18.9
2026-01-10,09:00,2026-01-10 09:00:00,South,193,196,Clear,6.5
2026-01-10,09:00,2026-01-10 09:00:00,East,138,116,Cloudy,7.4
2026-01-10,09:00,2026-01-10 09:00:00,West,154,155,Cloudy,5.4
2026-01-10,10:00,2026-01-10 10:00:00,Central,169,276,Clear,4.3
2026-01-10,10:00,2026-01-10 10:00:00,North,152,199,Heavy Rain,12.7
2026-01-10,10:00,2026-01-10 10:00:00,South,135,205,Clear,3.9
2026-01-10,10:00,2026-01-10 10:00:00,East,89,134,Clear,6.1
2026-01-10,10:00,2026-01-10 10:00:00,West,117,174,Clear,3.3
2026-01-10,11:00,2026-01-10 11:00:00,Central,159,268,Clear,5.6
2026-01-10,11:00,2026-01-10 11:00:00,North,154,172,Rain,8.4
2026-01-10,11:00,2026-01-10 11:00:00,South,142,213,Cloudy,5.8
2026-01-10,11:00,2026-01-10 11:00:00,East,103,154,Clear,6.4
2026-01-10,11:00,2026-01-10 11:00:00,West,109,195,Clear,4.4
2026-01-10,12:00,2026-01-10 12:00:00,Central,191,281,Cloudy,6.6
2026-01-10,12:00,2026-01-10 12:00:00,North,135,159,Clear,4.5
2026-01-10,12:00,2026-01-10 12:00:00,South,145,225,Cloudy,6.5
2026-01-10,12:00,2026-01-10 12:00:00,East,113,145,Clear,2.6
2026-01-10,12:00,2026-01-10 12:00:00,West,114,158,Clear,3.3
2026-01-10,13:00,2026-01-10 13:00:00,Central,160,267,Clear,6.1
2026-01-10,13:00,2026-01-10 13:00:00,North,126,191,Clear,4.4
2026-01-10,13:00,2026-01-10 13:00:00,South,147,217,Cloudy,7.8
2026-01-10,13:00,2026-01-10 13:00:00,East,111,115,Cloudy,6.1
2026-01-10,13:00,2026-01-10 13:00:00,West,111,154,Clear,4.2
2026-01-10,14:00,2026-01-10 14:00:00,Central,177,253,Clear,4.2
2026-01-10,14:00,2026-01-10 14:00:00,North,124,156,Clear,8.1
2026-01-10,14:00,2026-01-10 14:00:00,South,149,218,Clear,5.6
2026-01-10,14:00,2026-01-10 14:00:00,East,104,138,Clear,4.4
2026-01-10,14:00,2026-01-10 14:00:00,West,119,173,Clear,6.7
2026-01-10,15:00,2026-01-10 15:00:00,Central,181,266,Cloudy,5.2
2026-01-10,15:00,2026-01-10 15:00:00,North,107,199,Clear,5.5
2026-01-10,15:00,2026-01-10 15:00:00,South,137,226,Clear,6.4
2026-01-10,15:00,2026-01-10 15:00:00,East,121,161,Rain,9.5
2026-01-10,15:00,2026-01-10 15:00:00,West,138,173,Heavy Rain,16.3
2026-01-10,16:00,2026-01-10 16:00:00,Central,186,256,Clear,4.4
2026-01-10,16:00,2026-01-10 16:00:00,North,138,171,Clear,2.0
2026-01-10,16:00,2026-01-10 16:00:00,South,143,226,Rain,7.9
2026-01-10,16:00,2026-01-10 16:00:00,East,124,141,Heavy Rain,11.7
2026-01-10,16:00,2026-01-10 16:00:00,West,124,190,Clear,3.5
2026-01-10,17:00,2026-01-10 17:00:00,Central,289,227,Clear,7.1
2026-01-10,17:00,2026-01-10 17:00:00,North,204,160,Clear,7.2
2026-01-10,17:00,2026-01-10 17:00:00,South,236,184,Clear,7.0
2026-01-10,17:00,2026-01-10 17:00:00,East,165,106,Rain,12.7
2026-01-10,17:00,2026-01-10 17:00:00,West,157,155,Clear,6.1
2026-01-10,18:00,2026-01-10 18:00:00,Central,265,237,Clear,7.4
2026-01-10,18:00,2026-01-10 18:00:00,North,159,163,Clear,7.2
2026-01-10,18:00,2026-01-10 18:00:00,South,211,176,Clear,7.1
2026-01-10,18:00,2026-01-10 18:00:00,East,163,139,Rain,10.8
2026-01-10,18:00,2026-01-10 18:00:00,West,195,128,Clear,9.8
2026-01-10,19:00,2026-01-10 19:00:00,Central,308,233,Cloudy,11.9
2026-01-10,19:00,2026-01-10 19:00:00,North,176,153,Clear,6.8
2026-01-10,19:00,2026-01-10 19:00:00,South,236,183,Rain,12.5
2026-01-10,19:00,2026-01-10 19:00:00,East,171,139,Clear,7.8
2026-01-10,19:00,2026-01-10 19:00:00,West,222,143,Rain,14.5
2026-01-10,20:00,2026-01-10 20:00:00,Central,282,222,Cloudy,9.4
2026-01-10,20:00,2026-01-10 20:00:00,North,182,147,Clear,7.8
2026-01-10,20:00,2026-01-10 20:00:00,South,234,182,Clear,7.2
2026-01-10,20:00,2026-01-10 20:00:00,East,149,134,Cloudy,6.8
2026-01-10,20:00,2026-01-10 20:00:00,West,162,157,Clear,6.0
2026-01-10,21:00,2026-01-10 21:00:00,Central,93,252,Cloudy,7.6
2026-01-10,21:00,2026-01-10 21:00:00,North,70,184,Clear,3.5
2026-01-10,21:00,2026-01-10 21:00:00,South,71,194,Clear,5.6
2026-01-10,21:00,2026-01-10 21:00:00,East,66,142,Rain,9.4
2026-01-10,21:00,2026-01-10 21:00:00,West,69,182,Rain,8.9
2026-01-10,22:00,2026-01-10 22:00:00,Central,93,255,Cloudy,5.1
2026-01-10,22:00,2026-01-10 22:00:00,North,66,182,Clear,3.6
2026-01-10,22:00,2026-01-10 22:00:00,South,82,220,Rain,11.0
2026-01-10,22:00,2026-01-10 22:00:00,East,44,159,Clear,6.7
2026-01-10,22:00,2026-01-10 22:00:00,West,75,173,Cloudy,7.8
2026-01-10,23:00,2026-01-10 23:00:00,Central,130,268,Heavy Rain,13.7
2026-01-10,23:00,2026-01-10 23:00:00,North,62,194,Cloudy,5.7
2026-01-10,23:00,2026-01-10 23:00:00,South,92,211,Rain,10.1
2026-01-10,23:00,2026-01-10 23:00:00,East,42,122,Cloudy,7.6
2026-01-10,23:00,2026-01-10 23:00:00,West,68,179,Rain,9.9
2026-01-11,00:00,2026-01-11 00:00:00,Central,97,259,Clear,5.3
2026-01-11,00:00,2026-01-11 00:00:00,North,76,195,Cloudy,4.6
2026-01-11,00:00,2026-01-11 00:00:00,South,91,196,Clear,5.4
2026-01-11,00:00,2026-01-11 00:00:00,East,52,132,Clear,7.6
2026-01-11,00:00,2026-01-11 00:00:00,West,65,180,Cloudy,5.0
2026-01-11,01:00,2026-01-11 01:00:00,Central,94,279,Cloudy,6.0
2026-01-11,01:00,2026-01-11 01:00:00,North,65,174,Clear,4.6
2026-01-11,01:00,2026-01-11 01:00:00,South,88,204,Rain,8.7
2026-01-11,01:00,2026-01-11 01:00:00,East,54,147,Clear,3.2
2026-01-11,01:00,2026-01-11 01:00:00,West,82,168,Heavy Rain,16.2
2026-01-11,02:00,2026-01-11 02:00:00,Central,104,264,Clear,6.8
2026-01-11,02:00,2026-01-11 02:00:00,North,69,196,Clear,6.4
2026-01-11,02:00,2026-01-11 02:00:00,South,90,197,Clear,4.7
2026-01-11,02:00,2026-01-11 02:00:00,East,49,145,Clear,5.2
2026-01-11,02:00,2026-01-11 02:00:00,West,86,171,Rain,10.4
2026-01-11,03:00,2026-01-11 03:00:00,Central,100,282,Clear,7.0
2026-01-11,03:00,2026-01-11 03:00:00,North,63,176,Clear,3.7
2026-01-11,03:00,2026-01-11 03:00:00,South,89,231,Clear,4.2
2026-01-11,03:00,2026-01-11 03:00:00,East,45,173,Clear,4.6
2026-01-11,03:00,2026-01-11 03:00:00,West,65,169,Clear,7.6
2026-01-11,04:00,2026-01-11 04:00:00,Central,106,255,Cloudy,4.0
2026-01-11,04:00,2026-01-11 04:00:00,North,72,197,Clear,5.6
2026-01-11,04:00,2026-01-11 04:00:00,South,84,209,Clear,4.1
2026-01-11,04:00,2026-01-11 04:00:00,East,70,152,Clear,3.2
2026-01-11,04:00,2026-01-11 04:00:00,West,65,177,Clear,9.2
2026-01-11,05:00,2026-01-11 05:00:00,Central,107,259,Rain,11.1
2026-01-11,05:00,2026-01-11 05:00:00,North,69,216,Cloudy,5.8
2026-01-11,05:00,2026-01-11 05:00:00,South,69,210,Clear,5.9
2026-01-11,05:00,2026-01-11 05:00:00,East,88,152,Heavy Rain,13.4
2026-01-11,05:00,2026-01-11 05:00:00,West,66,177,Clear,3.8
2026-01-11,06:00,2026-01-11 06:00:00,Central,92,270,Clear,4.5
2026-01-11,06:00,2026-01-11 06:00:00,North,70,176,Rain,11.5
2026-01-11,06:00,2026-01-11 06:00:00,South,70,225,Clear,3.6
2026-01-11,06:00,2026-01-11 06:00:00,East,72,151,Heavy Rain,13.4
2026-01-11,06:00,2026-01-11 06:00:00,West,72,183,Clear,6.5
2026-01-11,07:00,2026-01-11 07:00:00,Central,306,220,Rain,12.9
2026-01-11,07:00,2026-01-11 07:00:00,North,178,170,Clear,4.4
2026-01-11,07:00,2026-01-11 07:00:00,South,182,164,Clear,5.3
2026-01-11,07:00,2026-01-11 07:00:00,East,118,109,Clear,5.1
2026-01-11,07:00,2026-01-11 07:00:00,West,161,155,Clear,7.2
2026-01-11,08:00,2026-01-11 08:00:00,Central,209,235,Clear,6.9
2026-01-11,08:00,2026-01-11 08:00:00,North,182,164,Rain,9.8
2026-01-11,08:00,2026-01-11 08:00:00,South,192,200,Clear,5.7
2026-01-11,08:00,2026-01-11 08:00:00,East,137,129,Clear,6.0
2026-01-11,08:00,2026-01-11 08:00:00,West,159,134,Clear,9.2
2026-01-11,09:00,2026-01-11 09:00:00,Central,255,232,Clear,6.4
2026-01-11,09:00,2026-01-11 09:00:00,North,144,182,Cloudy,4.8
2026-01-11,09:00,2026-01-11 09:00:00,South,199,201,Cloudy,6.0
2026-01-11,09:00,2026-01-11 09:00:00,East,136,112,Clear,6.5
2026-01-11,09:00,2026-01-11 09:00:00,West,161,139,Cloudy,7.3
2026-01-11,10:00,2026-01-11 10:00:00,Central,187,254,Cloudy,2.0
2026-01-11,10:00,2026-01-11 10:00:00,North,125,186,Cloudy,4.4
2026-01-11,10:00,2026-01-11 10:00:00,South,138,203,Clear,5.9
2026-01-11,10:00,2026-01-11 10:00:00,East,92,139,Clear,5.4
2026-01-11,10:00,2026-01-11 10:00:00,West,129,167,Cloudy,7.0
2026-01-11,11:00,2026-01-11 11:00:00,Central,154,270,Clear,5.6
2026-01-11,11:00,2026-01-11 11:00:00,North,123,196,Clear,4.7
2026-01-11,11:00,2026-01-11 11:00:00,South,128,226,Clear,6.2
2026-01-11,11:00,2026-01-11 11:00:00,East,106,146,Clear,5.0
2026-01-11,11:00,2026-01-11 11:00:00,West,157,147,Heavy Rain,16.7
2026-01-11,12:00,2026-01-11 12:00:00,Central,146,252,Rain,10.8
2026-01-11,12:00,2026-01-11 12:00:00,North,138,164,Rain,7.5
2026-01-11,12:00,2026-01-11 12:00:00,South,123,218,Clear,4.9
2026-01-11,12:00,2026-01-11 12:00:00,East,107,142,Clear,4.4
2026-01-11,12:00,2026-01-11 12:00:00,West,138,168,Heavy Rain,12.2
2026-01-11,13:00,2026-01-11 13:00:00,Central,166,268,Clear,2.1
2026-01-11,13:00,2026-01-11 13:00:00,North,117,160,Cloudy,5.9
2026-01-11,13:00,2026-01-11 13:00:00,South,144,210,Clear,2.6
2026-01-11,13:00,2026-01-11 13:00:00,East,103,134,Cloudy,5.9
2026-01-11,13:00,2026-01-11 13:00:00,West,128,184,Rain,6.1
2026-01-11,14:00,2026-01-11 14:00:00,Central,167,267,Clear,4.5
2026-01-11,14:00,2026-01-11 14:00:00,North,133,192,Cloudy,5.6
2026-01-11,14:00,2026-01-11 14:00:00,South,139,197,Clear,6.0
2026-01-11,14:00,2026-01-11 14:00:00,East,93,156,Clear,3.4
2026-01-11,14:00,2026-01-11 14:00:00,West,114,176,Cloudy,6.1
2026-01-11,15:00,2026-01-11 15:00:00,Central,191,256,Clear,3.9
2026-01-11,15:00,2026-01-11 15:00:00,North,123,203,Clear,4.7
2026-01-11,15:00,2026-01-11 15:00:00,South,149,227,Rain,9.8
2026-01-11,15:00,2026-01-11 15:00:00,East,89,142,Clear,5.4
2026-01-11,15:00,2026-01-11 15:00:00,West,118,143,Clear,8.8
2026-01-11,16:00,2026-01-11 16:00:00,Central,178,269,Cloudy,5.0
2026-01-11,16:00,2026-01-11 16:00:00,North,121,195,Clear,6.4
2026-01-11,16:00,2026-01-11 16:00:00,South,137,217,Clear,3.4
2026-01-11,16:00,2026-01-11 16:00:00,East,88,144,Clear,2.5
2026-01-11,16:00,2026-01-11 16:00:00,West,109,176,Clear,5.1
2026-01-11,17:00,2026-01-11 17:00:00,Central,296,208,Clear,10.2
2026-01-11,17:00,2026-01-11 17:00:00,North,203,137,Clear,8.2
2026-01-11,17:00,2026-01-11 17:00:00,South,280,173,Heavy Rain,22.3
2026-01-11,17:00,2026-01-11 17:00:00,East,155,114,Clear,9.1
2026-01-11,17:00,2026-01-11 17:00:00,West,217,138,Rain,14.1
2026-01-11,18:00,2026-01-11 18:00:00,Central,261,229,Clear,7.1
2026-01-11,18:00,2026-01-11 18:00:00,North,183,160,Clear,7.2
2026-01-11,18:00,2026-01-11 18:00:00,South,202,161,Clear,7.2
2026-01-11,18:00,2026-01-11 18:00:00,East,142,103,Clear,5.5
2026-01-11,18:00,2026-01-11 18:00:00,West,200,153,Rain,9.5
2026-01-11,19:00,2026-01-11 19:00:00,Central,239,231,Clear,6.8
2026-01-11,19:00,2026-01-11 19:00:00,North,177,154,Clear,4.9
2026-01-11,19:00,2026-01-11 19:00:00,South,292,175,Heavy Rain,23.4
2026-01-11,19:00,2026-01-11 19:00:00,East,155,134,Cloudy,6.5
2026-01-11,19:00,2026-01-11 19:00:00,West,188,165,Rain,12.2
2026-01-11,20:00,2026-01-11 20:00:00,Central,313,212,Rain,15.9
2026-01-11,20:00,2026-01-11 20:00:00,North,208,162,Cloudy,7.8
2026-01-11,20:00,2026-01-11 20:00:00,South,225,171,Cloudy,8.2
2026-01-11,20:00,2026-01-11 20:00:00,East,138,137,Clear,2.0
2026-01-11,20:00,2026-01-11 20:00:00,West,199,154,Cloudy,7.9
2026-01-11,21:00,2026-01-11 21:00:00,Central,110,262,Rain,10.8
2026-01-11,21:00,2026-01-11 21:00:00,North,87,177,Heavy Rain,12.9
2026-01-11,21:00,2026-01-11 21:00:00,South,102,214,Rain,7.9
2026-01-11,21:00,2026-01-11 21:00:00,East,46,155,Cloudy,7.5
2026-01-11,21:00,2026-01-11 21:00:00,West,62,177,Clear,6.9
2026-01-11,22:00,2026-01-11 22:00:00,Central,93,270,Cloudy,7.6
2026-01-11,22:00,2026-01-11 22:00:00,North,70,184,Clear,5.8
2026-01-11,22:00,2026-01-11 22:00:00,South,84,212,Clear,6.2
2026-01-11,22:00,2026-01-11 22:00:00,East,59,137,Rain,8.6
2026-01-11,22:00,2026-01-11 22:00:00,West,75,166,Cloudy,4.9
2026-01-11,23:00,2026-01-11 23:00:00,Central,87,250,Rain,5.9
2026-01-11,23:00,2026-01-11 23:00:00,North,72,157,Clear,4.2
2026-01-11,23:00,2026-01-11 23:00:00,South,89,199,Clear,6.3
2026-01-11,23:00,2026-01-11 23:00:00,East,55,149,Clear,7.8
2026-01-11,23:00,2026-01-11 23:00:00,West,73,177,Clear,8.6
2026-01-12,00:00,2026-01-12 00:00:00,Central,113,259,Clear,3.7
2026-01-12,00:00,2026-01-12 00:00:00,North,65,193,Clear,9.7
2026-01-12,00:00,2026-01-12 00:00:00,South,92,220,Clear,4.7
2026-01-12,00:00,2026-01-12 00:00:00,East,55,154,Clear,3.1
2026-01-12,00:00,2026-01-12 00:00:00,West,79,189,Cloudy,5.7
2026-01-12,01:00,2026-01-12 01:00:00,Central,152,281,Heavy Rain,16.1
2026-01-12,01:00,2026-01-12 01:00:00,North,80,184,Clear,6.2
2026-01-12,01:00,2026-01-12 01:00:00,South,128,188,Heavy Rain,18.1
2026-01-12,01:00,2026-01-12 01:00:00,East,82,148,Heavy Rain,12.6
2026-01-12,01:00,2026-01-12 01:00:00,West,78,202,Clear,3.1
2026-01-12,02:00,2026-01-12 02:00:00,Central,120,247,Clear,5.7
2026-01-12,02:00,2026-01-12 02:00:00,North,92,193,Clear,5.8
2026-01-12,02:00,2026-01-12 02:00:00,South,129,224,Heavy Rain,14.3
2026-01-12,02:00,2026-01-12 02:00:00,East,66,172,Clear,4.0
2026-01-12,02:00,2026-01-12 02:00:00,West,75,186,Cloudy,4.7
2026-01-12,03:00,2026-01-12 03:00:00,Central,121,272,Clear,6.6
2026-01-12,03:00,2026-01-12 03:00:00,North,109,163,Heavy Rain,14.0
2026-01-12,03:00,2026-01-12 03:00:00,South,95,222,Rain,9.5
2026-01-12,03:00,2026-01-12 03:00:00,East,64,154,Clear,5.2
2026-01-12,03:00,2026-01-12 03:00:00,West,87,173,Heavy Rain,14.4
2026-01-12,04:00,2026-01-12 04:00:00,Central,124,257,Rain,6.1
2026-01-12,04:00,2026-01-12 04:00:00,North,87,185,Rain,11.4
2026-01-12,04:00,2026-01-12 04:00:00,South,120,213,Heavy Rain,14.3
2026-01-12,04:00,2026-01-12 04:00:00,East,53,153,Clear,2.7
2026-01-12,04:00,2026-01-12 04:00:00,West,94,175,Cloudy,8.6
2026-01-12,05:00,2026-01-12 05:00:00,Central,139,263,Clear,3.4
2026-01-12,05:00,2026-01-12 05:00:00,North,85,179,Clear,5.7
2026-01-12,05:00,2026-01-12 05:00:00,South,98,214,Clear,3.9
2026-01-12,05:00,2026-01-12 05:00:00,East,81,142,Rain,9.7
2026-01-12,05:00,2026-01-12 05:00:00,West,70,173,Clear,4.5
2026-01-12,06:00,2026-01-12 06:00:00,Central,122,263,Clear,6.2
2026-01-12,06:00,2026-01-12 06:00:00,North,79,175,Clear,5.1
2026-01-12,06:00,2026-01-12 06:00:00,South,118,228,Rain,9.7
2026-01-12,06:00,2026-01-12 06:00:00,East,95,150,Heavy Rain,15.3
2026-01-12,06:00,2026-01-12 06:00:00,West,80,162,Clear,5.4
2026-01-12,07:00,2026-01-12 07:00:00,Central,267,223,Clear,5.3
2026-01-12,07:00,2026-01-12 07:00:00,North,239,134,Heavy Rain,21.9
2026-01-12,07:00,2026-01-12 07:00:00,South,265,165,Clear,9.8
2026-01-12,07:00,2026-01-12 07:00:00,East,204,112,Heavy Rain,19.1
2026-01-12,07:00,2026-01-12 07:00:00,West,202,145,Clear,8.1
2026-01-12,08:00,2026-01-12 08:00:00,Central,303,231,Clear,8.5
2026-01-12,08:00,2026-01-12 08:00:00,North,237,162,Rain,13.8
2026-01-12,08:00,2026-01-12 08:00:00,South,247,176,Clear,8.2
2026-01-12,08:00,2026-01-12 08:00:00,East,154,117,Clear,7.8
2026-01-12,08:00,2026-01-12 08:00:00,West,186,161,Clear,6.7
2026-01-12,09:00,2026-01-12 09:00:00,Central,364,222,Rain,16.5
2026-01-12,09:00,2026-01-12 09:00:00,North,208,169,Cloudy,6.3
2026-01-12,09:00,2026-01-12 09:00:00,South,280,171,Rain,15.0
2026-01-12,09:00,2026-01-12 09:00:00,East,150,124,Cloudy,4.5
2026-01-12,09:00,2026-01-12 09:00:00,West,183,147,Clear,7.0
2026-01-12,10:00,2026-01-12 10:00:00,Central,201,279,Cloudy,4.5
2026-01-12,10:00,2026-01-12 10:00:00,North,145,179,Cloudy,4.5
2026-01-12,10:00,2026-01-12 10:00:00,South,147,226,Cloudy,8.3
2026-01-12,10:00,2026-01-12 10:00:00,East,98,148,Clear,4.3
2026-01-12,10:00,2026-01-12 10:00:00,West,151,158,Rain,10.5
2026-01-12,11:00,2026-01-12 11:00:00,Central,276,258,Heavy Rain,16.3
2026-01-12,11:00,2026-01-12 11:00:00,North,142,155,Cloudy,5.7
2026-01-12,11:00,2026-01-12 11:00:00,South,190,226,Clear,4.5
2026-01-12,11:00,2026-01-12 11:00:00,East,114,141,Cloudy,6.4
2026-01-12,11:00,2026-01-12 11:00:00,West,142,203,Cloudy,7.2
2026-01-12,12:00,2026-01-12 12:00:00,Central,211,279,Clear,6.1
2026-01-12,12:00,2026-01-12 12:00:00,North,148,189,Clear,5.8
2026-01-12,12:00,2026-01-12 12:00:00,South,159,221,Clear,5.0
2026-01-12,12:00,2026-01-12 12:00:00,East,98,143,Cloudy,4.6
2026-01-12,12:00,2026-01-12 12:00:00,West,154,176,Clear,5.7
2026-01-12,13:00,2026-01-12 13:00:00,Central,208,284,Cloudy,6.8
2026-01-12,13:00,2026-01-12 13:00:00,North,152,174,Clear,8.3
2026-01-12,13:00,2026-01-12 13:00:00,South,176,215,Clear,6.3
2026-01-12,13:00,2026-01-12 13:00:00,East,131,142,Clear,5.0
2026-01-12,13:00,2026-01-12 13:00:00,West,179,167,Rain,7.3
2026-01-12,14:00,2026-01-12 14:00:00,Central,247,270,Rain,8.4
2026-01-12,14:00,2026-01-12 14:00:00,North,157,179,Clear,2.8
2026-01-12,14:00,2026-01-12 14:00:00,South,160,209,Clear,5.9
2026-01-12,14:00,2026-01-12 14:00:00,East,100,160,Clear,3.8
2026-01-12,14:00,2026-01-12 14:00:00,West,151,188,Rain,8.0
2026-01-12,15:00,2026-01-12 15:00:00,Central,217,275,Clear,4.2
2026-01-12,15:00,2026-01-12 15:00:00,North,151,196,Clear,5.5
2026-01-12,15:00,2026-01-12 15:00:00,South,149,199,Clear,6.0
2026-01-12,15:00,2026-01-12 15:00:00,East,145,132,Rain,10.6
2026-01-12,15:00,2026-01-12 15:00:00,West,117,167,Clear,6.0
2026-01-12,16:00,2026-01-12 16:00:00,Central,221,278,Cloudy,7.2
2026-01-12,16:00,2026-01-12 16:00:00,North,161,177,Clear,6.4
2026-01-12,16:00,2026-01-12 16:00:00,South,166,230,Cloudy,5.4
2026-01-12,16:00,2026-01-12 16:00:00,East,114,146,Rain,10.1
2026-01-12,16:00,2026-01-12 16:00:00,West,152,163,Cloudy,6.4
2026-01-12,17:00,2026-01-12 17:00:00,Central,336,222,Clear,10.0
2026-01-12,17:00,2026-01-12 17:00:00,North,249,148,Clear,13.4
2026-01-12,17:00,2026-01-12 17:00:00,South,238,174,Clear,8.1
2026-01-12,17:00,2026-01-12 17:00:00,East,235,140,Heavy Rain,18.7
2026-01-12,17:00,2026-01-12 17:00:00,West,218,162,Cloudy,9.4
2026-01-12,18:00,2026-01-12 18:00:00,Central,288,215,Clear,6.3
2026-01-12,18:00,2026-01-12 18:00:00,North,242,160,Clear,11.3
2026-01-12,18:00,2026-01-12 18:00:00,South,322,170,Heavy Rain,22.9
2026-01-12,18:00,2026-01-12 18:00:00,East,179,120,Clear,9.4
2026-01-12,18:00,2026-01-12 18:00:00,West,225,160,Clear,8.2
2026-01-12,19:00,2026-01-12 19:00:00,Central,298,219,Clear,11.9
2026-01-12,19:00,2026-01-12 19:00:00,North,298,151,Heavy Rain,24.0
2026-01-12,19:00,2026-01-12 19:00:00,South,193,189,Clear,5.8
2026-01-12,19:00,2026-01-12 19:00:00,East,217,128,Rain,15.8
2026-01-12,19:00,2026-01-12 19:00:00,West,223,129,Clear,8.8
2026-01-12,20:00,2026-01-12 20:00:00,Central,313,220,Clear,9.1
2026-01-12,20:00,2026-01-12 20:00:00,North,233,155,Clear,7.0
2026-01-12,20:00,2026-01-12 20:00:00,South,282,191,Clear,7.2
2026-01-12,20:00,2026-01-12 20:00:00,East,171,111,Clear,8.2
2026-01-12,20:00,2026-01-12 20:00:00,West,217,171,Clear,8.2
2026-01-12,21:00,2026-01-12 21:00:00,Central,156,269,Heavy Rain,14.2
2026-01-12,21:00,2026-01-12 21:00:00,North,89,171,Clear,6.0
2026-01-12,21:00,2026-01-12 21:00:00,South,96,223,Clear,5.0
2026-01-12,21:00,2026-01-12 21:00:00,East,73,133,Rain,7.4
2026-01-12,21:00,2026-01-12 21:00:00,West,107,158,Heavy Rain,11.7
2026-01-12,22:00,2026-01-12 22:00:00,Central,134,244,Cloudy,6.7
2026-01-12,22:00,2026-01-12 22:00:00,North,84,161,Cloudy,6.5
2026-01-12,22:00,2026-01-12 22:00:00,South,100,198,Clear,5.0
2026-01-12,22:00,2026-01-12 22:00:00,East,71,127,Clear,6.7
2026-01-12,22:00,2026-01-12 22:00:00,West,81,171,Rain,9.9
2026-01-12,23:00,2026-01-12 23:00:00,Central,113,253,Clear,6.0
2026-01-12,23:00,2026-01-12 23:00:00,North,89,184,Clear,3.5
2026-01-12,23:00,2026-01-12 23:00:00,South,94,224,Clear,4.9
2026-01-12,23:00,2026-01-12 23:00:00,East,75,116,Rain,6.8
2026-01-12,23:00,2026-01-12 23:00:00,West,76,176,Clear,4.5
2026-01-13,00:00,2026-01-13 00:00:00,Central,124,266,Clear,2.0
2026-01-13,00:00,2026-01-13 00:00:00,North,105,177,Heavy Rain,14.1
2026-01-13,00:00,2026-01-13 00:00:00,South,94,200,Clear,5.3
2026-01-13,00:00,2026-01-13 00:00:00,East,72,149,Clear,2.9
2026-01-13,00:00,2026-01-13 00:00:00,West,81,169,Cloudy,8.0
2026-01-13,01:00,2026-01-13 01:00:00,Central,133,254,Cloudy,5.6
2026-01-13,01:00,2026-01-13 01:00:00,North,68,181,Clear,5.0
2026-01-13,01:00,2026-01-13 01:00:00,South,110,217,Clear,5.4
2026-01-13,01:00,2026-01-13 01:00:00,East,69,138,Cloudy,5.2
2026-01-13,01:00,2026-01-13 01:00:00,West,83,172,Clear,7.5
2026-01-13,02:00,2026-01-13 02:00:00,Central,126,236,Clear,6.8
2026-01-13,02:00,2026-01-13 02:00:00,North,118,156,Heavy Rain,16.1
2026-01-13,02:00,2026-01-13 02:00:00,South,113,225,Heavy Rain,17.1
2026-01-13,02:00,2026-01-13 02:00:00,East,57,150,Clear,3.1
2026-01-13,02:00,2026-01-13 02:00:00,West,89,148,Clear,7.4
2026-01-13,03:00,2026-01-13 03:00:00,Central,133,264,Rain,6.9
2026-01-13,03:00,2026-01-13 03:00:00,North,99,188,Rain,8.1
2026-01-13,03:00,2026-01-13 03:00:00,South,83,211,Clear,4.8
2026-01-13,03:00,2026-01-13 03:00:00,East,91,156,Rain,8.6
2026-01-13,03:00,2026-01-13 03:00:00,West,87,181,Cloudy,6.9
2026-01-13,04:00,2026-01-13 04:00:00,Central,126,235,Clear,4.0
2026-01-13,04:00,2026-01-13 04:00:00,North,91,174,Rain,8.1
2026-01-13,04:00,2026-01-13 04:00:00,South,94,220,Clear,4.7
2026-01-13,04:00,2026-01-13 04:00:00,East,63,161,Cloudy,6.3
2026-01-13,04:00,2026-01-13 04:00:00,West,107,190,Heavy Rain,14.1
2026-01-13,05:00,2026-01-13 05:00:00,Central,156,249,Heavy Rain,14.5
2026-01-13,05:00,2026-01-13 05:00:00,North,92,165,Cloudy,4.0
2026-01-13,05:00,2026-01-13 05:00:00,South,131,209,Rain,6.5
2026-01-13,05:00,2026-01-13 05:00:00,East,75,153,Clear,7.5
2026-01-13,05:00,2026-01-13 05:00:00,West,70,172,Clear,6.0
2026-01-13,06:00,2026-01-13 06:00:00,Central,134,262,Cloudy,7.2
2026-01-13,06:00,2026-01-13 06:00:00,North,85,172,Clear,5.0
2026-01-13,06:00,2026-01-13 06:00:00,South,116,210,Rain,12.0
2026-01-13,06:00,2026-01-13 06:00:00,East,78,149,Rain,7.5
2026-01-13,06:00,2026-01-13 06:00:00,West,70,174,Clear,4.3
2026-01-13,07:00,2026-01-13 07:00:00,Central,265,215,Clear,8.0
2026-01-13,07:00,2026-01-13 07:00:00,North,209,142,Clear,9.9
2026-01-13,07:00,2026-01-13 07:00:00,South,282,196,Cloudy,9.6
2026-01-13,07:00,2026-01-13 07:00:00,East,189,121,Clear,6.5
2026-01-13,07:00,2026-01-13 07:00:00,West,208,139,Clear,9.4
2026-01-13,08:00,2026-01-13 08:00:00,Central,316,227,Clear,7.7
2026-01-13,08:00,2026-01-13 08:00:00,North,215,154,Clear,9.8
2026-01-13,08:00,2026-01-13 08:00:00,South,240,191,Cloudy,8.8
2026-01-13,08:00,2026-01-13 08:00:00,East,165,132,Rain,13.5
2026-01-13,08:00,2026-01-13 08:00:00,West,224,136,Rain,13.5
2026-01-13,09:00,2026-01-13 09:00:00,Central,312,221,Clear,9.5
2026-01-13,09:00,2026-01-13 09:00:00,North,203,159,Clear,10.4
2026-01-13,09:00,2026-01-13 09:00:00,South,228,202,Clear,6.3
2026-01-13,09:00,2026-01-13 09:00:00,East,207,137,Rain,13.4
2026-01-13,09:00,2026-01-13 09:00:00,West,186,150,Clear,7.4
2026-01-13,10:00,2026-01-13 10:00:00,Central,211,244,Cloudy,8.0
2026-01-13,10:00,2026-01-13 10:00:00,North,154,194,Clear,4.2
2026-01-13,10:00,2026-01-13 10:00:00,South,145,209,Clear,7.4
2026-01-13,10:00,2026-01-13 10:00:00,East,122,163,Clear,6.4
2026-01-13,10:00,2026-01-13 10:00:00,West,125,171,Cloudy,5.8
2026-01-13,11:00,2026-01-13 11:00:00,Central,211,278,Rain,8.0
2026-01-13,11:00,2026-01-13 11:00:00,North,150,184,Clear,3.9
2026-01-13,11:00,2026-01-13 11:00:00,South,180,207,Clear,2.8
2026-01-13,11:00,2026-01-13 11:00:00,East,126,154,Rain,9.2
2026-01-13,11:00,2026-01-13 11:00:00,West,148,204,Clear,5.1
2026-01-13,12:00,2026-01-13 12:00:00,Central,238,219,Cloudy,7.7
2026-01-13,12:00,2026-01-13 12:00:00,North,142,188,Clear,4.3
2026-01-13,12:00,2026-01-13 12:00:00,South,194,219,Rain,9.1
2026-01-13,12:00,2026-01-13 12:00:00,East,106,139,Clear,2.8
2026-01-13,12:00,2026-01-13 12:00:00,West,137,192,Clear,4.2
2026-01-13,13:00,2026-01-13 13:00:00,Central,198,266,Clear,3.4
2026-01-13,13:00,2026-01-13 13:00:00,North,155,186,Cloudy,5.2
2026-01-13,13:00,2026-01-13 13:00:00,South,166,212,Clear,5.9
2026-01-13,13:00,2026-01-13 13:00:00,East,111,144,Clear,2.0
2026-01-13,13:00,2026-01-13 13:00:00,West,146,186,Clear,5.4
2026-01-13,14:00,2026-01-13 14:00:00,Central,238,259,Cloudy,3.3
2026-01-13,14:00,2026-01-13 14:00:00,North,151,194,Clear,5.6
2026-01-13,14:00,2026-01-13 14:00:00,South,176,217,Clear,4.7
2026-01-13,14:00,2026-01-13 14:00:00,East,138,152,Rain,6.1
2026-01-13,14:00,2026-01-13 14:00:00,West,122,170,Clear,5.9
2026-01-13,15:00,2026-01-13 15:00:00,Central,193,257,Clear,3.2
2026-01-13,15:00,2026-01-13 15:00:00,North,132,171,Clear,5.2
2026-01-13,15:00,2026-01-13 15:00:00,South,175,226,Clear,4.7
2026-01-13,15:00,2026-01-13 15:00:00,East,118,141,Clear,6.9
2026-01-13,15:00,2026-01-13 15:00:00,West,161,179,Clear,3.5
2026-01-13,16:00,2026-01-13 16:00:00,Central,261,265,Clear,5.2
2026-01-13,16:00,2026-01-13 16:00:00,North,169,180,Rain,9.3
2026-01-13,16:00,2026-01-13 16:00:00,South,154,213,Clear,2.0
2026-01-13,16:00,2026-01-13 16:00:00,East,118,143,Cloudy,4.4
2026-01-13,16:00,2026-01-13 16:00:00,West,150,166,Clear,2.1
2026-01-13,17:00,2026-01-13 17:00:00,Central,337,224,Clear,10.7
2026-01-13,17:00,2026-01-13 17:00:00,North,204,191,Clear,5.1
2026-01-13,17:00,2026-01-13 17:00:00,South,273,190,Clear,8.3
2026-01-13,17:00,2026-01-13 17:00:00,East,163,128,Clear,3.6
2026-01-13,17:00,2026-01-13 17:00:00,West,225,154,Clear,12.1
2026-01-13,18:00,2026-01-13 18:00:00,Central,483,213,Heavy Rain,34.1
2026-01-13,18:00,2026-01-13 18:00:00,North,189,137,Clear,4.1
2026-01-13,18:00,2026-01-13 18:00:00,South,273,187,Cloudy,10.7
2026-01-13,18:00,2026-01-13 18:00:00,East,175,130,Clear,6.5
2026-01-13,18:00,2026-01-13 18:00:00,West,295,157,Heavy Rain,25.5
2026-01-13,19:00,2026-01-13 19:00:00,Central,315,195,Rain,15.1
2026-01-13,19:00,2026-01-13 19:00:00,North,209,161,Clear,8.1
2026-01-13,19:00,2026-01-13 19:00:00,South,292,184,Cloudy,10.7
2026-01-13,19:00,2026-01-13 19:00:00,East,184,114,Clear,11.2
2026-01-13,19:00,2026-01-13 19:00:00,West,191,134,Clear,7.7
2026-01-13,20:00,2026-01-13 20:00:00,Central,491,230,Heavy Rain,28.4
2026-01-13,20:00,2026-01-13 20:00:00,North,295,150,Heavy Rain,20.5
2026-01-13,20:00,2026-01-13 20:00:00,South,239,185,Cloudy,9.4
2026-01-13,20:00,2026-01-13 20:00:00,East,193,126,Clear,8.1
2026-01-13,20:00,2026-01-13 20:00:00,West,196,134,Cloudy,10.4
2026-01-13,21:00,2026-01-13 21:00:00,Central,142,266,Heavy Rain,13.2
2026-01-13,21:00,2026-01-13 21:00:00,North,71,180,Clear,4.9
2026-01-13,21:00,2026-01-13 21:00:00,South,108,202,Clear,4.2
2026-01-13,21:00,2026-01-13 21:00:00,East,59,153,Clear,3.6
2026-01-13,21:00,2026-01-13 21:00:00,West,92,148,Clear,4.2
2026-01-13,22:00,2026-01-13 22:00:00,Central,130,247,Clear,3.1
2026-01-13,22:00,2026-01-13 22:00:00,North,92,177,Clear,4.1
2026-01-13,22:00,2026-01-13 22:00:00,South,96,216,Clear,3.9
2026-01-13,22:00,2026-01-13 22:00:00,East,59,138,Clear,5.3
2026-01-13,22:00,2026-01-13 22:00:00,West,69,189,Clear,5.7
2026-01-13,23:00,2026-01-13 23:00:00,Central,136,252,Clear,5.5
2026-01-13,23:00,2026-01-13 23:00:00,North,71,179,Clear,6.5
2026-01-13,23:00,2026-01-13 23:00:00,South,130,196,Heavy Rain,17.5
2026-01-13,23:00,2026-01-13 23:00:00,East,65,125,Clear,6.1
2026-01-13,23:00,2026-01-13 23:00:00,West,78,158,Clear,2.7
2026-01-14,00:00,2026-01-14 00:00:00,Central,151,281,Rain,10.5
2026-01-14,00:00,2026-01-14 00:00:00,North,80,185,Clear,6.6
2026-01-14,00:00,2026-01-14 00:00:00,South,114,213,Clear,2.0
2026-01-14,00:00,2026-01-14 00:00:00,East,61,143,Clear,2.0
2026-01-14,00:00,2026-01-14 00:00:00,West,74,196,Clear,5.2
2026-01-14,01:00,2026-01-14 01:00:00,Central,143,259,Rain,7.7
2026-01-14,01:00,2026-01-14 01:00:00,North,93,187,Clear,4.4
2026-01-14,01:00,2026-01-14 01:00:00,South,105,228,Cloudy,6.2
2026-01-14,01:00,2026-01-14 01:00:00,East,68,133,Clear,4.8
2026-01-14,01:00,2026-01-14 01:00:00,West,85,183,Clear,5.2
2026-01-14,02:00,2026-01-14 02:00:00,Central,141,251,Rain,8.2
2026-01-14,02:00,2026-01-14 02:00:00,North,91,185,Clear,2.0
2026-01-14,02:00,2026-01-14 02:00:00,South,94,229,Cloudy,8.0
2026-01-14,02:00,2026-01-14 02:00:00,East,81,129,Clear,6.2
2026-01-14,02:00,2026-01-14 02:00:00,West,77,170,Clear,6.9
2026-01-14,03:00,2026-01-14 03:00:00,Central,124,255,Cloudy,7.7
2026-01-14,03:00,2026-01-14 03:00:00,North,74,179,Clear,5.2
2026-01-14,03:00,2026-01-14 03:00:00,South,121,205,Heavy Rain,16.2
2026-01-14,03:00,2026-01-14 03:00:00,East,79,147,Rain,11.6
2026-01-14,03:00,2026-01-14 03:00:00,West,72,165,Clear,8.2
2026-01-14,04:00,2026-01-14 04:00:00,Central,150,273,Clear,5.9
2026-01-14,04:00,2026-01-14 04:00:00,North,93,188,Cloudy,5.1
2026-01-14,04:00,2026-01-14 04:00:00,South,97,209,Clear,3.3
2026-01-14,04:00,2026-01-14 04:00:00,East,70,165,Cloudy,6.9
2026-01-14,04:00,2026-01-14 04:00:00,West,100,189,Rain,9.1
2026-01-14,05:00,2026-01-14 05:00:00,Central,114,281,Cloudy,5.1
2026-01-14,05:00,2026-01-14 05:00:00,North,88,193,Clear,6.4
2026-01-14,05:00,2026-01-14 05:00:00,South,88,224,Clear,5.3
2026-01-14,05:00,2026-01-14 05:00:00,East,58,152,Clear,2.8
2026-01-14,05:00,2026-01-14 05:00:00,West,89,163,Clear,4.2
2026-01-14,06:00,2026-01-14 06:00:00,Central,123,255,Rain,6.1
2026-01-14,06:00,2026-01-14 06:00:00,North,82,183,Cloudy,6.7
2026-01-14,06:00,2026-01-14 06:00:00,South,102,216,Rain,9.2
2026-01-14,06:00,2026-01-14 06:00:00,East,84,144,Cloudy,7.4
2026-01-14,06:00,2026-01-14 06:00:00,West,91,194,Rain,6.5
2026-01-14,07:00,2026-01-14 07:00:00,Central,407,219,Heavy Rain,25.5
2026-01-14,07:00,2026-01-14 07:00:00,North,196,159,Clear,7.0
2026-01-14,07:00,2026-01-14 07:00:00,South,229,162,Clear,8.0
2026-01-14,07:00,2026-01-14 07:00:00,East,163,147,Clear,5.0
2026-01-14,07:00,2026-01-14 07:00:00,West,184,158,Cloudy,8.7
2026-01-14,08:00,2026-01-14 08:00:00,Central,293,248,Cloudy,7.9
2026-01-14,08:00,2026-01-14 08:00:00,North,212,157,Cloudy,11.3
2026-01-14,08:00,2026-01-14 08:00:00,South,253,166,Clear,10.9
2026-01-14,08:00,2026-01-14 08:00:00,East,166,128,Clear,9.3
2026-01-14,08:00,2026-01-14 08:00:00,West,254,182,Rain,15.3
2026-01-14,09:00,2026-01-14 09:00:00,Central,392,224,Heavy Rain,25.3
2026-01-14,09:00,2026-01-14 09:00:00,North,196,156,Cloudy,9.3
2026-01-14,09:00,2026-01-14 09:00:00,South,252,192,Clear,7.6
2026-01-14,09:00,2026-01-14 09:00:00,East,157,130,Clear,7.5
2026-01-14,09:00,2026-01-14 09:00:00,West,202,169,Cloudy,6.7
2026-01-14,10:00,2026-01-14 10:00:00,Central,223,277,Clear,4.3
2026-01-14,10:00,2026-01-14 10:00:00,North,146,203,Clear,5.5
2026-01-14,10:00,2026-01-14 10:00:00,South,154,205,Clear,3.9
2026-01-14,10:00,2026-01-14 10:00:00,East,151,148,Heavy Rain,15.1
2026-01-14,10:00,2026-01-14 10:00:00,West,149,177,Cloudy,7.1
2026-01-14,11:00,2026-01-14 11:00:00,Central,208,248,Clear,5.1
2026-01-14,11:00,2026-01-14 11:00:00,North,156,187,Clear,5.9
2026-01-14,11:00,2026-01-14 11:00:00,South,157,200,Clear,5.5
2026-01-14,11:00,2026-01-14 11:00:00,East,117,123,Cloudy,4.2
2026-01-14,11:00,2026-01-14 11:00:00,West,148,187,Cloudy,4.1
2026-01-14,12:00,2026-01-14 12:00:00,Central,198,267,Clear,2.7
2026-01-14,12:00,2026-01-14 12:00:00,North,147,191,Cloudy,5.5
2026-01-14,12:00,2026-01-14 12:00:00,South,204,199,Rain,9.0
2026-01-14,12:00,2026-01-14 12:00:00,East,113,159,Cloudy,8.2
2026-01-14,12:00,2026-01-14 12:00:00,West,131,171,Clear,5.0
2026-01-14,13:00,2026-01-14 13:00:00,Central,247,252,Cloudy,4.3
2026-01-14,13:00,2026-01-14 13:00:00,North,148,184,Clear,2.0
2026-01-14,13:00,2026-01-14 13:00:00,South,187,213,Clear,6.0
2026-01-14,13:00,2026-01-14 13:00:00,East,129,172,Clear,4.5
2026-01-14,13:00,2026-01-14 13:00:00,West,128,165,Cloudy,4.7
2026-01-14,14:00,2026-01-14 14:00:00,Central,199,258,Clear,5.5
2026-01-14,14:00,2026-01-14 14:00:00,North,163,182,Rain,7.6
2026-01-14,14:00,2026-01-14 14:00:00,South,149,215,Clear,2.1
2026-01-14,14:00,2026-01-14 14:00:00,East,125,164,Clear,4.1
2026-01-14,14:00,2026-01-14 14:00:00,West,148,151,Clear,3.0
2026-01-14,15:00,2026-01-14 15:00:00,Central,235,260,Rain,7.2
2026-01-14,15:00,2026-01-14 15:00:00,North,141,203,Cloudy,6.3
2026-01-14,15:00,2026-01-14 15:00:00,South,185,213,Clear,3.9
2026-01-14,15:00,2026-01-14 15:00:00,East,146,150,Rain,7.4
2026-01-14,15:00,2026-01-14 15:00:00,West,140,187,Clear,3.4
2026-01-14,16:00,2026-01-14 16:00:00,Central,241,239,Rain,6.4
2026-01-14,16:00,2026-01-14 16:00:00,North,130,181,Clear,4.5
2026-01-14,16:00,2026-01-14 16:00:00,South,152,226,Clear,3.1
2026-01-14,16:00,2026-01-14 16:00:00,East,104,173,Clear,7.8
2026-01-14,16:00,2026-01-14 16:00:00,West,162,160,Cloudy,9.3
2026-01-14,17:00,2026-01-14 17:00:00,Central,325,217,Rain,13.0
2026-01-14,17:00,2026-01-14 17:00:00,North,213,153,Clear,10.4
2026-01-14,17:00,2026-01-14 17:00:00,South,270,196,Clear,9.0
2026-01-14,17:00,2026-01-14 17:00:00,East,164,123,Cloudy,8.5
2026-01-14,17:00,2026-01-14 17:00:00,West,237,158,Clear,8.4
2026-01-14,18:00,2026-01-14 18:00:00,Central,319,238,Clear,11.0
2026-01-14,18:00,2026-01-14 18:00:00,North,232,149,Clear,9.6
2026-01-14,18:00,2026-01-14 18:00:00,South,286,168,Clear,14.1
2026-01-14,18:00,2026-01-14 18:00:00,East,173,116,Cloudy,9.9
2026-01-14,18:00,2026-01-14 18:00:00,West,264,165,Rain,12.6
2026-01-14,19:00,2026-01-14 19:00:00,Central,309,255,Clear,8.4
2026-01-14,19:00,2026-01-14 19:00:00,North,192,152,Clear,8.3
2026-01-14,19:00,2026-01-14 19:00:00,South,275,170,Clear,10.3
2026-01-14,19:00,2026-01-14 19:00:00,East,193,125,Cloudy,10.0
2026-01-14,19:00,2026-01-14 19:00:00,West,209,149,Clear,9.8
2026-01-14,20:00,2026-01-14 20:00:00,Central,333,226,Cloudy,10.7
2026-01-14,20:00,2026-01-14 20:00:00,North,226,152,Clear,9.2
2026-01-14,20:00,2026-01-14 20:00:00,South,268,176,Clear,8.5
2026-01-14,20:00,2026-01-14 20:00:00,East,218,109,Rain,15.1
2026-01-14,20:00,2026-01-14 20:00:00,West,270,159,Rain,13.7
2026-01-14,21:00,2026-01-14 21:00:00,Central,126,249,Clear,6.0
2026-01-14,21:00,2026-01-14 21:00:00,North,90,192,Clear,7.1
2026-01-14,21:00,2026-01-14 21:00:00,South,110,199,Rain,10.0
2026-01-14,21:00,2026-01-14 21:00:00,East,61,141,Clear,3.7
2026-01-14,21:00,2026-01-14 21:00:00,West,74,186,Clear,6.7
2026-01-14,22:00,2026-01-14 22:00:00,Central,121,271,Clear,7.0
2026-01-14,22:00,2026-01-14 22:00:00,North,79,183,Clear,5.0
2026-01-14,22:00,2026-01-14 22:00:00,South,131,204,Rain,10.0
2026-01-14,22:00,2026-01-14 22:00:00,East,68,173,Rain,8.2
2026-01-14,22:00,2026-01-14 22:00:00,West,80,186,Clear,5.6
2026-01-14,23:00,2026-01-14 23:00:00,Central,124,256,Clear,2.9
2026-01-14,23:00,2026-01-14 23:00:00,North,98,166,Rain,8.2
2026-01-14,23:00,2026-01-14 23:00:00,South,110,208,Cloudy,5.6
2026-01-14,23:00,2026-01-14 23:00:00,East,74,139,Rain,8.4
2026-01-14,23:00,2026-01-14 23:00:00,West,112,163,Heavy Rain,14.8
2026-01-15,00:00,2026-01-15 00:00:00,Central,133,269,Cloudy,3.5
2026-01-15,00:00,2026-01-15 00:00:00,North,76,218,Clear,3.4
2026-01-15,00:00,2026-01-15 00:00:00,South,101,209,Cloudy,5.1
2026-01-15,00:00,2026-01-15 00:00:00,East,53,122,Cloudy,3.8
2026-01-15,00:00,2026-01-15 00:00:00,West,90,181,Cloudy,6.9
2026-01-15,01:00,2026-01-15 01:00:00,Central,110,259,Cloudy,2.5
2026-01-15,01:00,2026-01-15 01:00:00,North,82,179,Clear,5.5
2026-01-15,01:00,2026-01-15 01:00:00,South,95,211,Cloudy,7.6
2026-01-15,01:00,2026-01-15 01:00:00,East,69,150,Cloudy,5.6
2026-01-15,01:00,2026-01-15 01:00:00,West,72,168,Cloudy,5.8
2026-01-15,02:00,2026-01-15 02:00:00,Central,125,267,Rain,11.6
2026-01-15,02:00,2026-01-15 02:00:00,North,97,161,Rain,9.0
2026-01-15,02:00,2026-01-15 02:00:00,South,118,234,Heavy Rain,16.5
2026-01-15,02:00,2026-01-15 02:00:00,East,59,147,Clear,3.1
2026-01-15,02:00,2026-01-15 02:00:00,West,73,178,Clear,3.1
2026-01-15,03:00,2026-01-15 03:00:00,Central,129,258,Clear,5.8
2026-01-15,03:00,2026-01-15 03:00:00,North,100,185,Rain,11.2
2026-01-15,03:00,2026-01-15 03:00:00,South,90,219,Clear,4.9
2026-01-15,03:00,2026-01-15 03:00:00,East,61,141,Clear,6.4
2026-01-15,03:00,2026-01-15 03:00:00,West,91,180,Clear,4.7
2026-01-15,04:00,2026-01-15 04:00:00,Central,122,242,Clear,5.9
2026-01-15,04:00,2026-01-15 04:00:00,North,78,200,Clear,4.3
2026-01-15,04:00,2026-01-15 04:00:00,South,125,201,Heavy Rain,11.5
2026-01-15,04:00,2026-01-15 04:00:00,East,64,147,Clear,4.5
2026-01-15,04:00,2026-01-15 04:00:00,West,84,168,Clear,4.9
2026-01-15,05:00,2026-01-15 05:00:00,Central,134,245,Clear,6.4
2026-01-15,05:00,2026-01-15 05:00:00,North,81,177,Clear,5.1
2026-01-15,05:00,2026-01-15 05:00:00,South,104,210,Clear,6.5
2026-01-15,05:00,2026-01-15 05:00:00,East,62,130,Clear,6.7
2026-01-15,05:00,2026-01-15 05:00:00,West,71,166,Clear,5.2
2026-01-15,06:00,2026-01-15 06:00:00,Central,126,260,Clear,7.3
2026-01-15,06:00,2026-01-15 06:00:00,North,75,174,Clear,4.3
2026-01-15,06:00,2026-01-15 06:00:00,South,81,225,Clear,9.3
2026-01-15,06:00,2026-01-15 06:00:00,East,69,158,Clear,3.6
2026-01-15,06:00,2026-01-15 06:00:00,West,90,184,Rain,5.9
2026-01-15,07:00,2026-01-15 07:00:00,Central,308,231,Clear,13.0
2026-01-15,07:00,2026-01-15 07:00:00,North,227,154,Clear,7.7
2026-01-15,07:00,2026-01-15 07:00:00,South,241,193,Clear,8.6
2026-01-15,07:00,2026-01-15 07:00:00,East,173,114,Cloudy,6.6
2026-01-15,07:00,2026-01-15 07:00:00,West,185,154,Cloudy,5.6
2026-01-15,08:00,2026-01-15 08:00:00,Central,302,244,Rain,11.6
2026-01-15,08:00,2026-01-15 08:00:00,North,279,172,Heavy Rain,21.6
2026-01-15,08:00,2026-01-15 08:00:00,South,248,173,Clear,11.1
2026-01-15,08:00,2026-01-15 08:00:00,East,146,115,Cloudy,7.2
2026-01-15,08:00,2026-01-15 08:00:00,West,203,179,Clear,6.4
2026-01-15,09:00,2026-01-15 09:00:00,Central,330,219,Clear,11.0
2026-01-15,09:00,2026-01-15 09:00:00,North,219,136,Clear,9.3
2026-01-15,09:00,2026-01-15 09:00:00,South,259,182,Clear,8.0
2026-01-15,09:00,2026-01-15 09:00:00,East,203,126,Heavy Rain,20.1
2026-01-15,09:00,2026-01-15 09:00:00,West,212,167,Rain,13.4
2026-01-15,10:00,2026-01-15 10:00:00,Central,219,269,Clear,6.3
2026-01-15,10:00,2026-01-15 10:00:00,North,136,178,Clear,3.5
2026-01-15,10:00,2026-01-15 10:00:00,South,128,228,Clear,2.7
2026-01-15,10:00,2026-01-15 10:00:00,East,131,150,Clear,5.9
2026-01-15,10:00,2026-01-15 10:00:00,West,148,174,Rain,7.5
2026-01-15,11:00,2026-01-15 11:00:00,Central,222,261,Clear,6.7
2026-01-15,11:00,2026-01-15 11:00:00,North,167,190,Cloudy,8.1
2026-01-15,11:00,2026-01-15 11:00:00,South,167,213,Clear,6.1
2026-01-15,11:00,2026-01-15 11:00:00,East,122,151,Clear,3.1
2026-01-15,11:00,2026-01-15 11:00:00,West,143,200,Clear,4.3
2026-01-15,12:00,2026-01-15 12:00:00,Central,216,265,Rain,7.3
2026-01-15,12:00,2026-01-15 12:00:00,North,137,181,Clear,5.4
2026-01-15,12:00,2026-01-15 12:00:00,South,186,179,Clear,4.9
2026-01-15,12:00,2026-01-15 12:00:00,East,151,135,Rain,10.3
2026-01-15,12:00,2026-01-15 12:00:00,West,118,160,Clear,5.8
2026-01-15,13:00,2026-01-15 13:00:00,Central,236,256,Clear,4.1
2026-01-15,13:00,2026-01-15 13:00:00,North,159,152,Cloudy,7.1
2026-01-15,13:00,2026-01-15 13:00:00,South,182,213,Rain,6.4
2026-01-15,13:00,2026-01-15 13:00:00,East,164,125,Heavy Rain,17.5
2026-01-15,13:00,2026-01-15 13:00:00,West,132,183,Clear,6.4
2026-01-15,14:00,2026-01-15 14:00:00,Central,236,260,Cloudy,6.0
2026-01-15,14:00,2026-01-15 14:00:00,North,178,197,Rain,12.5
2026-01-15,14:00,2026-01-15 14:00:00,South,172,194,Clear,3.6
2026-01-15,14:00,2026-01-15 14:00:00,East,127,137,Heavy Rain,11.9
2026-01-15,14:00,2026-01-15 14:00:00,West,157,179,Clear,5.3
2026-01-15,15:00,2026-01-15 15:00:00,Central,192,257,Clear,3.9
2026-01-15,15:00,2026-01-15 15:00:00,North,145,180,Clear,4.0
2026-01-15,15:00,2026-01-15 15:00:00,South,200,209,Rain,8.9
2026-01-15,15:00,2026-01-15 15:00:00,East,106,138,Cloudy,6.9
2026-01-15,15:00,2026-01-15 15:00:00,West,128,181,Clear,3.6
2026-01-15,16:00,2026-01-15 16:00:00,Central,228,275,Cloudy,6.5
2026-01-15,16:00,2026-01-15 16:00:00,North,140,169,Clear,7.3
2026-01-15,16:00,2026-01-15 16:00:00,South,227,212,Heavy Rain,15.4
2026-01-15,16:00,2026-01-15 16:00:00,East,140,156,Rain,4.9
2026-01-15,16:00,2026-01-15 16:00:00,West,135,154,Clear,5.2
2026-01-15,17:00,2026-01-15 17:00:00,Central,339,226,Cloudy,11.2
2026-01-15,17:00,2026-01-15 17:00:00,North,243,156,Cloudy,11.0
2026-01-15,17:00,2026-01-15 17:00:00,South,285,182,Cloudy,10.3
2026-01-15,17:00,2026-01-15 17:00:00,East,191,118,Clear,8.9
2026-01-15,17:00,2026-01-15 17:00:00,West,232,149,Rain,13.8
2026-01-15,18:00,2026-01-15 18:00:00,Central,313,202,Clear,9.4
2026-01-15,18:00,2026-01-15 18:00:00,North,280,162,Heavy Rain,20.4
2026-01-15,18:00,2026-01-15 18:00:00,South,286,184,Clear,9.3
2026-01-15,18:00,2026-01-15 18:00:00,East,181,136,Cloudy,10.2
2026-01-15,18:00,2026-01-15 18:00:00,West,219,158,Clear,8.1
2026-01-15,19:00,2026-01-15 19:00:00,Central,620,145,Heavy Rain,32.0
2026-01-15,19:00,2026-01-15 19:00:00,North,232,152,Clear,10.4
2026-01-15,19:00,2026-01-15 19:00:00,South,301,199,Cloudy,12.0
2026-01-15,19:00,2026-01-15 19:00:00,East,172,119,Clear,7.8
2026-01-15,19:00,2026-01-15 19:00:00,West,274,169,Rain,16.1
2026-01-15,20:00,2026-01-15 20:00:00,Central,350,243,Rain,17.0
2026-01-15,20:00,2026-01-15 20:00:00,North,234,147,Clear,9.4
2026-01-15,20:00,2026-01-15 20:00:00,South,317,173,Rain,14.3
2026-01-15,20:00,2026-01-15 20:00:00,East,166,125,Cloudy,7.2
2026-01-15,20:00,2026-01-15 20:00:00,West,247,153,Rain,14.6
2026-01-15,21:00,2026-01-15 21:00:00,Central,146,297,Rain,7.5
2026-01-15,21:00,2026-01-15 21:00:00,North,96,195,Rain,7.9
2026-01-15,21:00,2026-01-15 21:00:00,South,86,201,Clear,3.6
2026-01-15,21:00,2026-01-15 21:00:00,East,78,139,Rain,8.3
2026-01-15,21:00,2026-01-15 21:00:00,West,72,185,Clear,3.9
2026-01-15,22:00,2026-01-15 22:00:00,Central,136,244,Rain,10.6
2026-01-15,22:00,2026-01-15 22:00:00,North,86,209,Cloudy,6.2
2026-01-15,22:00,2026-01-15 22:00:00,South,113,213,Rain,9.4
2026-01-15,22:00,2026-01-15 22:00:00,East,70,120,Clear,5.6
2026-01-15,22:00,2026-01-15 22:00:00,West,72,196,Clear,6.1
2026-01-15,23:00,2026-01-15 23:00:00,Central,124,235,Clear,3.2
2026-01-15,23:00,2026-01-15 23:00:00,North,93,169,Cloudy,5.7
2026-01-15,23:00,2026-01-15 23:00:00,South,121,228,Rain,9.0
2026-01-15,23:00,2026-01-15 23:00:00,East,54,154,Clear,4.4
2026-01-15,23:00,2026-01-15 23:00:00,West,88,161,Cloudy,7.0
2026-01-16,00:00,2026-01-16 00:00:00,Central,105,254,Clear,5.8
2026-01-16,00:00,2026-01-16 00:00:00,North,89,203,Clear,7.4
2026-01-16,00:00,2026-01-16 00:00:00,South,98,207,Rain,9.4
2026-01-16,00:00,2026-01-16 00:00:00,East,53,135,Clear,4.8
2026-01-16,00:00,2026-01-16 00:00:00,West,78,167,Cloudy,3.9
2026-01-16,01:00,2026-01-16 01:00:00,Central,120,252,Cloudy,2.8
2026-01-16,01:00,2026-01-16 01:00:00,North,81,179,Clear,4.7
2026-01-16,01:00,2026-01-16 01:00:00,South,106,213,Clear,4.2
2026-01-16,01:00,2026-01-16 01:00:00,East,83,151,Cloudy,5.2
2026-01-16,01:00,2026-01-16 01:00:00,West,86,157,Rain,9.0
2026-01-16,02:00,2026-01-16 02:00:00,Central,112,257,Clear,5.4
2026-01-16,02:00,2026-01-16 02:00:00,North,99,189,Clear,3.2
2026-01-16,02:00,2026-01-16 02:00:00,South,84,223,Clear,4.9
2026-01-16,02:00,2026-01-16 02:00:00,East,66,168,Clear,3.7
2026-01-16,02:00,2026-01-16 02:00:00,West,80,171,Clear,5.7
2026-01-16,03:00,2026-01-16 03:00:00,Central,125,292,Cloudy,4.5
2026-01-16,03:00,2026-01-16 03:00:00,North,93,196,Rain,7.8
2026-01-16,03:00,2026-01-16 03:00:00,South,91,214,Clear,7.5
2026-01-16,03:00,2026-01-16 03:00:00,East,74,153,Clear,6.5
2026-01-16,03:00,2026-01-16 03:00:00,West,70,198,Clear,5.4
2026-01-16,04:00,2026-01-16 04:00:00,Central,117,261,Rain,7.8
2026-01-16,04:00,2026-01-16 04:00:00,North,90,189,Clear,6.0
2026-01-16,04:00,2026-01-16 04:00:00,South,93,199,Clear,3.8
2026-01-16,04:00,2026-01-16 04:00:00,East,64,142,Cloudy,3.6
2026-01-16,04:00,2026-01-16 04:00:00,West,80,177,Clear,7.5
2026-01-16,05:00,2026-01-16 05:00:00,Central,135,254,Clear,4.9
2026-01-16,05:00,2026-01-16 05:00:00,North,75,184,Clear,5.3
2026-01-16,05:00,2026-01-16 05:00:00,South,91,205,Clear,4.2
2026-01-16,05:00,2026-01-16 05:00:00,East,84,152,Heavy Rain,13.4
2026-01-16,05:00,2026-01-16 05:00:00,West,75,186,Clear,5.1
2026-01-16,06:00,2026-01-16 06:00:00,Central,126,269,Clear,4.6
2026-01-16,06:00,2026-01-16 06:00:00,North,77,174,Clear,3.7
2026-01-16,06:00,2026-01-16 06:00:00,South,106,212,Cloudy,7.1
2026-01-16,06:00,2026-01-16 06:00:00,East,61,158,Clear,3.1
2026-01-16,06:00,2026-01-16 06:00:00,West,79,134,Cloudy,5.4
2026-01-16,07:00,2026-01-16 07:00:00,Central,306,228,Cloudy,9.2
2026-01-16,07:00,2026-01-16 07:00:00,North,189,154,Clear,5.3
2026-01-16,07:00,2026-01-16 07:00:00,South,238,172,Clear,9.9
2026-01-16,07:00,2026-01-16 07:00:00,East,158,138,Clear,5.7
2026-01-16,07:00,2026-01-16 07:00:00,West,190,143,Clear,9.0
2026-01-16,08:00,2026-01-16 08:00:00,Central,316,243,Cloudy,11.5
2026-01-16,08:00,2026-01-16 08:00:00,North,175,152,Clear,7.3
2026-01-16,08:00,2026-01-16 08:00:00,South,225,162,Cloudy,8.2
2026-01-16,08:00,2026-01-16 08:00:00,East,146,125,Clear,8.9
2026-01-16,08:00,2026-01-16 08:00:00,West,253,141,Heavy Rain,22.3
2026-01-16,09:00,2026-01-16 09:00:00,Central,295,236,Clear,8.6
2026-01-16,09:00,2026-01-16 09:00:00,North,209,158,Clear,6.7
2026-01-16,09:00,2026-01-16 09:00:00,South,274,181,Clear,11.4
2026-01-16,09:00,2026-01-16 09:00:00,East,160,147,Clear,5.3
2026-01-16,09:00,2026-01-16 09:00:00,West,189,171,Clear,7.7
2026-01-16,10:00,2026-01-16 10:00:00,Central,216,265,Clear,3.9
2026-01-16,10:00,2026-01-16 10:00:00,North,173,168,Cloudy,8.2
2026-01-16,10:00,2026-01-16 10:00:00,South,204,203,Rain,7.4
2026-01-16,10:00,2026-01-16 10:00:00,East,104,128,Clear,8.1
2026-01-16,10:00,2026-01-16 10:00:00,West,152,168,Clear,6.7
2026-01-16,11:00,2026-01-16 11:00:00,Central,233,254,Cloudy,5.6
2026-01-16,11:00,2026-01-16 11:00:00,North,145,184,Clear,4.4
2026-01-16,11:00,2026-01-16 11:00:00,South,166,222,Cloudy,5.6
2026-01-16,11:00,2026-01-16 11:00:00,East,141,162,Rain,11.2
2026-01-16,11:00,2026-01-16 11:00:00,West,160,178,Cloudy,6.0
2026-01-16,12:00,2026-01-16 12:00:00,Central,225,266,Cloudy,9.4
2026-01-16,12:00,2026-01-16 12:00:00,North,135,209,Rain,6.6
2026-01-16,12:00,2026-01-16 12:00:00,South,173,208,Clear,4.5
2026-01-16,12:00,2026-01-16 12:00:00,East,124,131,Cloudy,6.5
2026-01-16,12:00,2026-01-16 12:00:00,West,140,177,Clear,4.1
2026-01-16,13:00,2026-01-16 13:00:00,Central,209,281,Cloudy,7.8
2026-01-16,13:00,2026-01-16 13:00:00,North,146,195,Clear,4.4
2026-01-16,13:00,2026-01-16 13:00:00,South,146,223,Clear,4.4
2026-01-16,13:00,2026-01-16 13:00:00,East,118,152,Rain,6.1
2026-01-16,13:00,2026-01-16 13:00:00,West,149,186,Clear,5.6
2026-01-16,14:00,2026-01-16 14:00:00,Central,210,270,Cloudy,2.0
2026-01-16,14:00,2026-01-16 14:00:00,North,161,208,Clear,6.0
2026-01-16,14:00,2026-01-16 14:00:00,South,184,233,Cloudy,3.7
2026-01-16,14:00,2026-01-16 14:00:00,East,123,165,Clear,2.0
2026-01-16,14:00,2026-01-16 14:00:00,West,150,191,Clear,6.8
2026-01-16,15:00,2026-01-16 15:00:00,Central,204,272,Cloudy,9.1
2026-01-16,15:00,2026-01-16 15:00:00,North,138,202,Clear,2.7
2026-01-16,15:00,2026-01-16 15:00:00,South,179,210,Clear,2.0
2026-01-16,15:00,2026-01-16 15:00:00,East,106,146,Clear,7.7
2026-01-16,15:00,2026-01-16 15:00:00,West,143,157,Clear,6.8
2026-01-16,16:00,2026-01-16 16:00:00,Central,210,295,Clear,2.5
2026-01-16,16:00,2026-01-16 16:00:00,North,156,182,Clear,4.8
2026-01-16,16:00,2026-01-16 16:00:00,South,155,224,Clear,4.9
2026-01-16,16:00,2026-01-16 16:00:00,East,127,117,Clear,6.1
2026-01-16,16:00,2026-01-16 16:00:00,West,124,163,Cloudy,4.6
2026-01-16,17:00,2026-01-16 17:00:00,Central,424,244,Rain,18.4
2026-01-16,17:00,2026-01-16 17:00:00,North,242,165,Clear,8.5
2026-01-16,17:00,2026-01-16 17:00:00,South,263,176,Clear,9.7
2026-01-16,17:00,2026-01-16 17:00:00,East,193,125,Clear,10.7
2026-01-16,17:00,2026-01-16 17:00:00,West,222,148,Clear,8.8
2026-01-16,18:00,2026-01-16 18:00:00,Central,323,215,Cloudy,12.6
2026-01-16,18:00,2026-01-16 18:00:00,North,243,118,Clear,12.5
2026-01-16,18:00,2026-01-16 18:00:00,South,260,182,Clear,8.6
2026-01-16,18:00,2026-01-16 18:00:00,East,206,140,Clear,7.5
2026-01-16,18:00,2026-01-16 18:00:00,West,270,160,Rain,14.1
2026-01-16,19:00,2026-01-16 19:00:00,Central,304,237,Clear,7.5
2026-01-16,19:00,2026-01-16 19:00:00,North,228,144,Clear,7.8
2026-01-16,19:00,2026-01-16 19:00:00,South,312,204,Clear,10.8
2026-01-16,19:00,2026-01-16 19:00:00,East,179,132,Clear,9.4
2026-01-16,19:00,2026-01-16 19:00:00,West,217,163,Rain,10.5
2026-01-16,20:00,2026-01-16 20:00:00,Central,313,218,Clear,9.4
2026-01-16,20:00,2026-01-16 20:00:00,North,253,157,Cloudy,12.3
2026-01-16,20:00,2026-01-16 20:00:00,South,229,176,Clear,11.6
2026-01-16,20:00,2026-01-16 20:00:00,East,229,123,Heavy Rain,22.3
2026-01-16,20:00,2026-01-16 20:00:00,West,224,159,Cloudy,9.4
2026-01-16,21:00,2026-01-16 21:00:00,Central,129,264,Cloudy,6.1
2026-01-16,21:00,2026-01-16 21:00:00,North,86,204,Clear,6.3
2026-01-16,21:00,2026-01-16 21:00:00,South,95,198,Cloudy,7.7
2026-01-16,21:00,2026-01-16 21:00:00,East,56,166,Clear,7.6
2026-01-16,21:00,2026-01-16 21:00:00,West,81,161,Clear,2.4
2026-01-16,22:00,2026-01-16 22:00:00,Central,140,287,Clear,3.3
2026-01-16,22:00,2026-01-16 22:00:00,North,85,183,Clear,4.9
2026-01-16,22:00,2026-01-16 22:00:00,South,127,226,Rain,10.2
2026-01-16,22:00,2026-01-16 22:00:00,East,67,138,Cloudy,7.9
2026-01-16,22:00,2026-01-16 22:00:00,West,107,178,Heavy Rain,14.2
2026-01-16,23:00,2026-01-16 23:00:00,Central,113,270,Clear,4.3
2026-01-16,23:00,2026-01-16 23:00:00,North,83,180,Clear,4.1
2026-01-16,23:00,2026-01-16 23:00:00,South,107,212,Rain,9.0
2026-01-16,23:00,2026-01-16 23:00:00,East,59,143,Clear,6.8
2026-01-16,23:00,2026-01-16 23:00:00,West,91,183,Cloudy,8.7
2026-01-17,00:00,2026-01-17 00:00:00,Central,150,247,Heavy Rain,16.1
2026-01-17,00:00,2026-01-17 00:00:00,North,69,208,Clear,5.0
2026-01-17,00:00,2026-01-17 00:00:00,South,99,215,Rain,8.5
2026-01-17,00:00,2026-01-17 00:00:00,East,54,156,Clear,5.1
2026-01-17,00:00,2026-01-17 00:00:00,West,83,204,Rain,9.7
2026-01-17,01:00,2026-01-17 01:00:00,Central,111,273,Rain,8.7
2026-01-17,01:00,2026-01-17 01:00:00,North,68,205,Clear,7.5
2026-01-17,01:00,2026-01-17 01:00:00,South,78,237,Clear,4.9
2026-01-17,01:00,2026-01-17 01:00:00,East,63,158,Clear,4.9
2026-01-17,01:00,2026-01-17 01:00:00,West,91,139,Rain,8.0
2026-01-17,02:00,2026-01-17 02:00:00,Central,98,261,Clear,3.0
2026-01-17,02:00,2026-01-17 02:00:00,North,75,176,Clear,6.7
2026-01-17,02:00,2026-01-17 02:00:00,South,84,206,Clear,4.8
2026-01-17,02:00,2026-01-17 02:00:00,East,46,158,Clear,7.2
2026-01-17,02:00,2026-01-17 02:00:00,West,75,173,Rain,7.9
2026-01-17,03:00,2026-01-17 03:00:00,Central,95,265,Clear,2.1
2026-01-17,03:00,2026-01-17 03:00:00,North,83,175,Cloudy,4.1
2026-01-17,03:00,2026-01-17 03:00:00,South,73,221,Clear,4.8
2026-01-17,03:00,2026-01-17 03:00:00,East,62,163,Cloudy,5.5
2026-01-17,03:00,2026-01-17 03:00:00,West,75,210,Clear,6.1
2026-01-17,04:00,2026-01-17 04:00:00,Central,104,263,Clear,4.6
2026-01-17,04:00,2026-01-17 04:00:00,North,66,184,Clear,6.8
2026-01-17,04:00,2026-01-17 04:00:00,South,80,206,Cloudy,4.9
2026-01-17,04:00,2026-01-17 04:00:00,East,59,135,Clear,3.1
2026-01-17,04:00,2026-01-17 04:00:00,West,75,150,Cloudy,8.2
2026-01-17,05:00,2026-01-17 05:00:00,Central,92,266,Cloudy,5.7
2026-01-17,05:00,2026-01-17 05:00:00,North,61,181,Cloudy,5.1
2026-01-17,05:00,2026-01-17 05:00:00,South,84,226,Rain,10.1
2026-01-17,05:00,2026-01-17 05:00:00,East,48,163,Clear,5.8
2026-01-17,05:00,2026-01-17 05:00:00,West,76,170,Heavy Rain,12.1
2026-01-17,06:00,2026-01-17 06:00:00,Central,112,264,Cloudy,6.6
2026-01-17,06:00,2026-01-17 06:00:00,North,87,180,Rain,7.8
2026-01-17,06:00,2026-01-17 06:00:00,South,97,219,Rain,9.3
2026-01-17,06:00,2026-01-17 06:00:00,East,55,161,Cloudy,6.1
2026-01-17,06:00,2026-01-17 06:00:00,West,61,164,Clear,9.9
2026-01-17,07:00,2026-01-17 07:00:00,Central,287,228,Rain,14.3
2026-01-17,07:00,2026-01-17 07:00:00,North,206,144,Rain,13.9
2026-01-17,07:00,2026-01-17 07:00:00,South,192,159,Clear,8.6
2026-01-17,07:00,2026-01-17 07:00:00,East,130,103,Clear,7.4
2026-01-17,07:00,2026-01-17 07:00:00,West,209,158,Heavy Rain,16.4
2026-01-17,08:00,2026-01-17 08:00:00,Central,223,187,Clear,7.8
2026-01-17,08:00,2026-01-17 08:00:00,North,145,153,Clear,3.2
2026-01-17,08:00,2026-01-17 08:00:00,South,174,184,Clear,3.2
2026-01-17,08:00,2026-01-17 08:00:00,East,137,118,Cloudy,7.5
2026-01-17,08:00,2026-01-17 08:00:00,West,162,140,Clear,6.5
2026-01-17,09:00,2026-01-17 09:00:00,Central,208,224,Clear,6.2
2026-01-17,09:00,2026-01-17 09:00:00,North,181,155,Cloudy,6.3
2026-01-17,09:00,2026-01-17 09:00:00,South,241,197,Rain,11.0
2026-01-17,09:00,2026-01-17 09:00:00,East,160,113,Rain,10.1
2026-01-17,09:00,2026-01-17 09:00:00,West,147,138,Clear,6.6
2026-01-17,10:00,2026-01-17 10:00:00,Central,162,268,Clear,4.6
2026-01-17,10:00,2026-01-17 10:00:00,North,118,177,Clear,5.0
2026-01-17,10:00,2026-01-17 10:00:00,South,170,228,Heavy Rain,14.2
2026-01-17,10:00,2026-01-17 10:00:00,East,84,141,Cloudy,5.4
2026-01-17,10:00,2026-01-17 10:00:00,West,126,158,Rain,9.6
2026-01-17,11:00,2026-01-17 11:00:00,Central,185,261,Clear,7.6
2026-01-17,11:00,2026-01-17 11:00:00,North,141,195,Rain,8.2
2026-01-17,11:00,2026-01-17 11:00:00,South,121,211,Cloudy,6.4
2026-01-17,11:00,2026-01-17 11:00:00,East,108,153,Rain,10.2
2026-01-17,11:00,2026-01-17 11:00:00,West,117,177,Rain,10.2
2026-01-17,12:00,2026-01-17 12:00:00,Central,174,235,Clear,4.8
2026-01-17,12:00,2026-01-17 12:00:00,North,118,178,Clear,8.2
2026-01-17,12:00,2026-01-17 12:00:00,South,147,212,Clear,5.1
2026-01-17,12:00,2026-01-17 12:00:00,East,87,154,Cloudy,6.1
2026-01-17,12:00,2026-01-17 12:00:00,West,108,174,Clear,2.7
2026-01-17,13:00,2026-01-17 13:00:00,Central,184,283,Clear,8.6
2026-01-17,13:00,2026-01-17 13:00:00,North,131,202,Clear,4.8
2026-01-17,13:00,2026-01-17 13:00:00,South,130,185,Cloudy,7.0
2026-01-17,13:00,2026-01-17 13:00:00,East,101,147,Clear,4.2
2026-01-17,13:00,2026-01-17 13:00:00,West,117,187,Clear,4.4
2026-01-17,14:00,2026-01-17 14:00:00,Central,201,251,Clear,3.1
2026-01-17,14:00,2026-01-17 14:00:00,North,125,179,Clear,2.0
2026-01-17,14:00,2026-01-17 14:00:00,South,141,207,Clear,7.1
2026-01-17,14:00,2026-01-17 14:00:00,East,122,145,Rain,7.5
2026-01-17,14:00,2026-01-17 14:00:00,West,130,178,Cloudy,6.3
2026-01-17,15:00,2026-01-17 15:00:00,Central,167,244,Clear,3.3
2026-01-17,15:00,2026-01-17 15:00:00,North,125,196,Cloudy,5.5
2026-01-17,15:00,2026-01-17 15:00:00,South,154,195,Clear,3.3
2026-01-17,15:00,2026-01-17 15:00:00,East,93,135,Cloudy,4.3
2026-01-17,15:00,2026-01-17 15:00:00,West,117,170,Clear,3.2
2026-01-17,16:00,2026-01-17 16:00:00,Central,174,280,Clear,5.6
2026-01-17,16:00,2026-01-17 16:00:00,North,116,175,Clear,2.9
2026-01-17,16:00,2026-01-17 16:00:00,South,128,204,Clear,4.6
2026-01-17,16:00,2026-01-17 16:00:00,East,110,160,Rain,10.0
2026-01-17,16:00,2026-01-17 16:00:00,West,118,174,Rain,10.3
2026-01-17,17:00,2026-01-17 17:00:00,Central,295,228,Clear,8.9
2026-01-17,17:00,2026-01-17 17:00:00,North,194,141,Cloudy,8.7
2026-01-17,17:00,2026-01-17 17:00:00,South,217,163,Cloudy,7.4
2026-01-17,17:00,2026-01-17 17:00:00,East,143,119,Cloudy,6.4
2026-01-17,17:00,2026-01-17 17:00:00,West,192,138,Cloudy,8.0
2026-01-17,18:00,2026-01-17 18:00:00,Central,313,219,Rain,14.1
2026-01-17,18:00,2026-01-17 18:00:00,North,186,147,Clear,6.6
2026-01-17,18:00,2026-01-17 18:00:00,South,241,190,Clear,11.5
2026-01-17,18:00,2026-01-17 18:00:00,East,161,114,Clear,6.8
2026-01-17,18:00,2026-01-17 18:00:00,West,183,130,Clear,8.9
2026-01-17,19:00,2026-01-17 19:00:00,Central,275,236,Clear,7.9
2026-01-17,19:00,2026-01-17 19:00:00,North,184,146,Cloudy,9.2
2026-01-17,19:00,2026-01-17 19:00:00,South,236,204,Rain,10.1
2026-01-17,19:00,2026-01-17 19:00:00,East,147,110,Clear,7.9
2026-01-17,19:00,2026-01-17 19:00:00,West,183,124,Clear,8.4
2026-01-17,20:00,2026-01-17 20:00:00,Central,277,239,Clear,4.4
2026-01-17,20:00,2026-01-17 20:00:00,North,186,170,Clear,5.3
2026-01-17,20:00,2026-01-17 20:00:00,South,243,167,Heavy Rain,18.8
2026-01-17,20:00,2026-01-17 20:00:00,East,170,133,Cloudy,6.8
2026-01-17,20:00,2026-01-17 20:00:00,West,190,156,Clear,7.9
2026-01-17,21:00,2026-01-17 21:00:00,Central,106,250,Rain,8.3
2026-01-17,21:00,2026-01-17 21:00:00,North,53,176,Clear,3.0
2026-01-17,21:00,2026-01-17 21:00:00,South,95,203,Rain,7.9
2026-01-17,21:00,2026-01-17 21:00:00,East,43,145,Clear,3.8
2026-01-17,21:00,2026-01-17 21:00:00,West,63,172,Cloudy,8.3
2026-01-17,22:00,2026-01-17 22:00:00,Central,97,267,Cloudy,5.2
2026-01-17,22:00,2026-01-17 22:00:00,North,65,189,Clear,4.1
2026-01-17,22:00,2026-01-17 22:00:00,South,86,223,Clear,7.4
2026-01-17,22:00,2026-01-17 22:00:00,East,62,158,Clear,2.9
2026-01-17,22:00,2026-01-17 22:00:00,West,57,185,Clear,6.5
2026-01-17,23:00,2026-01-17 23:00:00,Central,104,253,Clear,4.6
2026-01-17,23:00,2026-01-17 23:00:00,North,64,193,Clear,3.6
2026-01-17,23:00,2026-01-17 23:00:00,South,98,217,Heavy Rain,13.0
2026-01-17,23:00,2026-01-17 23:00:00,East,68,131,Rain,9.8
2026-01-17,23:00,2026-01-17 23:00:00,West,60,171,Clear,3.1
2026-01-18,00:00,2026-01-18 00:00:00,Central,134,237,Rain,6.7
2026-01-18,00:00,2026-01-18 00:00:00,North,80,189,Clear,5.2
2026-01-18,00:00,2026-01-18 00:00:00,South,79,215,Clear,5.0
2026-01-18,00:00,2026-01-18 00:00:00,East,43,147,Clear,2.5
2026-01-18,00:00,2026-01-18 00:00:00,West,67,154,Clear,6.1
2026-01-18,01:00,2026-01-18 01:00:00,Central,103,270,Cloudy,5.8
2026-01-18,01:00,2026-01-18 01:00:00,North,77,181,Rain,10.0
2026-01-18,01:00,2026-01-18 01:00:00,South,108,222,Rain,11.1
2026-01-18,01:00,2026-01-18 01:00:00,East,63,146,Heavy Rain,14.2
2026-01-18,01:00,2026-01-18 01:00:00,West,81,175,Rain,9.2
2026-01-18,02:00,2026-01-18 02:00:00,Central,85,254,Cloudy,8.0
2026-01-18,02:00,2026-01-18 02:00:00,North,60,172,Cloudy,6.9
2026-01-18,02:00,2026-01-18 02:00:00,South,80,231,Clear,7.3
2026-01-18,02:00,2026-01-18 02:00:00,East,58,156,Cloudy,5.7
2026-01-18,02:00,2026-01-18 02:00:00,West,72,164,Clear,5.5
2026-01-18,03:00,2026-01-18 03:00:00,Central,132,274,Heavy Rain,13.5
2026-01-18,03:00,2026-01-18 03:00:00,North,78,181,Clear,6.8
2026-01-18,03:00,2026-01-18 03:00:00,South,67,216,Clear,5.1
2026-01-18,03:00,2026-01-18 03:00:00,East,63,148,Clear,3.8
2026-01-18,03:00,2026-01-18 03:00:00,West,68,163,Cloudy,5.3
2026-01-18,04:00,2026-01-18 04:00:00,Central,121,262,Rain,9.9
2026-01-18,04:00,2026-01-18 04:00:00,North,77,168,Clear,4.5
2026-01-18,04:00,2026-01-18 04:00:00,South,88,203,Rain,6.4
2026-01-18,04:00,2026-01-18 04:00:00,East,56,136,Clear,5.3
2026-01-18,04:00,2026-01-18 04:00:00,West,77,165,Clear,2.0
2026-01-18,05:00,2026-01-18 05:00:00,Central,114,269,Cloudy,5.7
2026-01-18,05:00,2026-01-18 05:00:00,North,75,188,Clear,4.2
2026-01-18,05:00,2026-01-18 05:00:00,South,85,208,Clear,5.4
2026-01-18,05:00,2026-01-18 05:00:00,East,71,156,Rain,9.4
2026-01-18,05:00,2026-01-18 05:00:00,West,64,174,Cloudy,5.7
2026-01-18,06:00,2026-01-18 06:00:00,Central,106,263,Clear,6.6
2026-01-18,06:00,2026-01-18 06:00:00,North,67,192,Clear,4.6
2026-01-18,06:00,2026-01-18 06:00:00,South,73,240,Clear,2.5
2026-01-18,06:00,2026-01-18 06:00:00,East,59,164,Rain,11.2
2026-01-18,06:00,2026-01-18 06:00:00,West,65,164,Clear,4.7
2026-01-18,07:00,2026-01-18 07:00:00,Central,234,215,Clear,5.6
2026-01-18,07:00,2026-01-18 07:00:00,North,179,161,Clear,4.1
2026-01-18,07:00,2026-01-18 07:00:00,South,210,167,Clear,6.0
2026-01-18,07:00,2026-01-18 07:00:00,East,139,90,Clear,6.2
2026-01-18,07:00,2026-01-18 07:00:00,West,179,143,Clear,5.5
2026-01-18,08:00,2026-01-18 08:00:00,Central,262,237,Cloudy,8.1
2026-01-18,08:00,2026-01-18 08:00:00,North,154,191,Cloudy,4.6
2026-01-18,08:00,2026-01-18 08:00:00,South,222,188,Clear,7.3
2026-01-18,08:00,2026-01-18 08:00:00,East,128,108,Clear,5.7
2026-01-18,08:00,2026-01-18 08:00:00,West,142,164,Clear,2.6
2026-01-18,09:00,2026-01-18 09:00:00,Central,295,225,Rain,14.4
2026-01-18,09:00,2026-01-18 09:00:00,North,166,173,Clear,4.5
2026-01-18,09:00,2026-01-18 09:00:00,South,190,166,Rain,9.6
2026-01-18,09:00,2026-01-18 09:00:00,East,123,118,Clear,4.5
2026-01-18,09:00,2026-01-18 09:00:00,West,218,150,Rain,12.3
2026-01-18,10:00,2026-01-18 10:00:00,Central,185,266,Cloudy,6.5
2026-01-18,10:00,2026-01-18 10:00:00,North,124,180,Clear,5.0
2026-01-18,10:00,2026-01-18 10:00:00,South,137,210,Clear,3.9
2026-01-18,10:00,2026-01-18 10:00:00,East,92,137,Clear,5.7
2026-01-18,10:00,2026-01-18 10:00:00,West,136,184,Rain,9.4
2026-01-18,11:00,2026-01-18 11:00:00,Central,184,258,Clear,5.9
2026-01-18,11:00,2026-01-18 11:00:00,North,122,178,Cloudy,8.3
2026-01-18,11:00,2026-01-18 11:00:00,South,150,211,Cloudy,8.0
2026-01-18,11:00,2026-01-18 11:00:00,East,117,115,Rain,5.1
2026-01-18,11:00,2026-01-18 11:00:00,West,121,151,Rain,9.4
2026-01-18,12:00,2026-01-18 12:00:00,Central,175,256,Clear,4.2
2026-01-18,12:00,2026-01-18 12:00:00,North,122,198,Cloudy,7.2
2026-01-18,12:00,2026-01-18 12:00:00,South,147,227,Clear,3.7
2026-01-18,12:00,2026-01-18 12:00:00,East,91,162,Clear,8.1
2026-01-18,12:00,2026-01-18 12:00:00,West,114,174,Cloudy,8.3
2026-01-18,13:00,2026-01-18 13:00:00,Central,184,253,Clear,6.1
2026-01-18,13:00,2026-01-18 13:00:00,North,118,171,Clear,5.4
2026-01-18,13:00,2026-01-18 13:00:00,South,145,233,Clear,6.0
2026-01-18,13:00,2026-01-18 13:00:00,East,98,146,Clear,6.9
2026-01-18,13:00,2026-01-18 13:00:00,West,107,175,Clear,2.4
2026-01-18,14:00,2026-01-18 14:00:00,Central,167,253,Clear,3.6
2026-01-18,14:00,2026-01-18 14:00:00,North,122,187,Clear,3.7
2026-01-18,14:00,2026-01-18 14:00:00,South,147,210,Clear,4.5
2026-01-18,14:00,2026-01-18 14:00:00,East,112,160,Rain,9.0
2026-01-18,14:00,2026-01-18 14:00:00,West,125,159,Cloudy,5.2
2026-01-18,15:00,2026-01-18 15:00:00,Central,173,266,Clear,3.7
2026-01-18,15:00,2026-01-18 15:00:00,North,121,185,Cloudy,7.2
2026-01-18,15:00,2026-01-18 15:00:00,South,141,229,Clear,5.9
2026-01-18,15:00,2026-01-18 15:00:00,East,121,146,Rain,10.3
2026-01-18,15:00,2026-01-18 15:00:00,West,113,173,Clear,4.9
2026-01-18,16:00,2026-01-18 16:00:00,Central,178,257,Rain,9.5
2026-01-18,16:00,2026-01-18 16:00:00,North,138,210,Rain,10.5
2026-01-18,16:00,2026-01-18 16:00:00,South,150,211,Clear,4.7
2026-01-18,16:00,2026-01-18 16:00:00,East,88,108,Clear,4.8
2026-01-18,16:00,2026-01-18 16:00:00,West,116,161,Clear,3.9
2026-01-18,17:00,2026-01-18 17:00:00,Central,261,218,Clear,9.6
2026-01-18,17:00,2026-01-18 17:00:00,North,212,171,Cloudy,4.7
2026-01-18,17:00,2026-01-18 17:00:00,South,212,181,Clear,10.1
2026-01-18,17:00,2026-01-18 17:00:00,East,174,125,Rain,12.2
2026-01-18,17:00,2026-01-18 17:00:00,West,169,160,Clear,6.7
2026-01-18,18:00,2026-01-18 18:00:00,Central,276,204,Clear,8.2
2026-01-18,18:00,2026-01-18 18:00:00,North,179,152,Clear,5.8
2026-01-18,18:00,2026-01-18 18:00:00,South,261,182,Rain,12.2
2026-01-18,18:00,2026-01-18 18:00:00,East,152,125,Cloudy,7.7
2026-01-18,18:00,2026-01-18 18:00:00,West,194,125,Cloudy,10.2
2026-01-18,19:00,2026-01-18 19:00:00,Central,268,223,Cloudy,7.9
2026-01-18,19:00,2026-01-18 19:00:00,North,189,164,Cloudy,7.5
2026-01-18,19:00,2026-01-18 19:00:00,South,193,181,Clear,7.4
2026-01-18,19:00,2026-01-18 19:00:00,East,194,129,Rain,14.0
2026-01-18,19:00,2026-01-18 19:00:00,West,175,131,Clear,7.8
2026-01-18,20:00,2026-01-18 20:00:00,Central,249,212,Clear,8.0
2026-01-18,20:00,2026-01-18 20:00:00,North,190,157,Clear,10.8
2026-01-18,20:00,2026-01-18 20:00:00,South,261,175,Rain,15.5
2026-01-18,20:00,2026-01-18 20:00:00,East,216,95,Heavy Rain,20.6
2026-01-18,20:00,2026-01-18 20:00:00,West,151,138,Clear,6.3
2026-01-18,21:00,2026-01-18 21:00:00,Central,99,261,Clear,6.2
2026-01-18,21:00,2026-01-18 21:00:00,North,68,197,Cloudy,3.1
2026-01-18,21:00,2026-01-18 21:00:00,South,69,203,Clear,4.8
2026-01-18,21:00,2026-01-18 21:00:00,East,57,131,Cloudy,5.7
2026-01-18,21:00,2026-01-18 21:00:00,West,102,170,Heavy Rain,16.3
2026-01-18,22:00,2026-01-18 22:00:00,Central,97,264,Clear,5.7
2026-01-18,22:00,2026-01-18 22:00:00,North,72,181,Clear,5.9
2026-01-18,22:00,2026-01-18 22:00:00,South,106,211,Heavy Rain,12.3
2026-01-18,22:00,2026-01-18 22:00:00,East,76,134,Clear,5.9
2026-01-18,22:00,2026-01-18 22:00:00,West,64,157,Cloudy,5.9
2026-01-18,23:00,2026-01-18 23:00:00,Central,100,269,Rain,11.5
2026-01-18,23:00,2026-01-18 23:00:00,North,63,190,Clear,4.0
2026-01-18,23:00,2026-01-18 23:00:00,South,87,224,Clear,4.4
2026-01-18,23:00,2026-01-18 23:00:00,East,46,148,Clear,5.8
2026-01-18,23:00,2026-01-18 23:00:00,West,68,184,Clear,5.0
2026-01-19,00:00,2026-01-19 00:00:00,Central,146,257,Clear,4.0
2026-01-19,00:00,2026-01-19 00:00:00,North,101,175,Rain,8.8
2026-01-19,00:00,2026-01-19 00:00:00,South,106,210,Rain,10.3
2026-01-19,00:00,2026-01-19 00:00:00,East,80,140,Rain,10.7
2026-01-19,00:00,2026-01-19 00:00:00,West,70,190,Cloudy,6.0
2026-01-19,01:00,2026-01-19 01:00:00,Central,130,262,Clear,5.2
2026-01-19,01:00,2026-01-19 01:00:00,North,96,185,Clear,6.0
2026-01-19,01:00,2026-01-19 01:00:00,South,107,221,Cloudy,5.4
2026-01-19,01:00,2026-01-19 01:00:00,East,75,142,Rain,12.1
2026-01-19,01:00,2026-01-19 01:00:00,West,85,201,Clear,5.1
2026-01-19,02:00,2026-01-19 02:00:00,Central,109,262,Clear,3.9
2026-01-19,02:00,2026-01-19 02:00:00,North,81,192,Clear,2.7
2026-01-19,02:00,2026-01-19 02:00:00,South,105,208,Cloudy,5.0
2026-01-19,02:00,2026-01-19 02:00:00,East,73,139,Clear,5.4
2026-01-19,02:00,2026-01-19 02:00:00,West,70,177,Clear,8.3
2026-01-19,03:00,2026-01-19 03:00:00,Central,111,268,Clear,5.7
2026-01-19,03:00,2026-01-19 03:00:00,North,83,187,Clear,5.3
2026-01-19,03:00,2026-01-19 03:00:00,South,93,210,Clear,6.1
2026-01-19,03:00,2026-01-19 03:00:00,East,42,146,Clear,7.0
2026-01-19,03:00,2026-01-19 03:00:00,West,75,185,Cloudy,4.5
2026-01-19,04:00,2026-01-19 04:00:00,Central,119,286,Clear,2.5
2026-01-19,04:00,2026-01-19 04:00:00,North,83,184,Clear,4.4
2026-01-19,04:00,2026-01-19 04:00:00,South,102,214,Clear,3.4
2026-01-19,04:00,2026-01-19 04:00:00,East,52,147,Clear,7.1
2026-01-19,04:00,2026-01-19 04:00:00,West,86,179,Cloudy,6.6
2026-01-19,05:00,2026-01-19 05:00:00,Central,115,260,Clear,4.9
2026-01-19,05:00,2026-01-19 05:00:00,North,75,175,Clear,6.6
2026-01-19,05:00,2026-01-19 05:00:00,South,105,196,Clear,6.6
2026-01-19,05:00,2026-01-19 05:00:00,East,70,133,Clear,5.2
2026-01-19,05:00,2026-01-19 05:00:00,West,73,164,Cloudy,7.7
2026-01-19,06:00,2026-01-19 06:00:00,Central,123,235,Rain,11.8
2026-01-19,06:00,2026-01-19 06:00:00,North,86,186,Clear,3.5
2026-01-19,06:00,2026-01-19 06:00:00,South,115,204,Clear,8.6
2026-01-19,06:00,2026-01-19 06:00:00,East,66,156,Clear,6.5
2026-01-19,06:00,2026-01-19 06:00:00,West,87,179,Clear,2.1
2026-01-19,07:00,2026-01-19 07:00:00,Central,267,214,Cloudy,9.1
2026-01-19,07:00,2026-01-19 07:00:00,North,240,150,Rain,11.2
2026-01-19,07:00,2026-01-19 07:00:00,South,225,171,Clear,12.0
2026-01-19,07:00,2026-01-19 07:00:00,East,181,132,Clear,8.1
2026-01-19,07:00,2026-01-19 07:00:00,West,198,139,Clear,7.5
2026-01-19,08:00,2026-01-19 08:00:00,Central,326,201,Clear,14.2
2026-01-19,08:00,2026-01-19 08:00:00,North,215,155,Clear,7.9
2026-01-19,08:00,2026-01-19 08:00:00,South,254,187,Clear,9.8
2026-01-19,08:00,2026-01-19 08:00:00,East,166,136,Cloudy,8.2
2026-01-19,08:00,2026-01-19 08:00:00,West,206,145,Clear,7.8
2026-01-19,09:00,2026-01-19 09:00:00,Central,418,254,Heavy Rain,22.0
2026-01-19,09:00,2026-01-19 09:00:00,North,198,154,Clear,7.5
2026-01-19,09:00,2026-01-19 09:00:00,South,241,189,Clear,9.8
2026-01-19,09:00,2026-01-19 09:00:00,East,171,119,Clear,8.5
2026-01-19,09:00,2026-01-19 09:00:00,West,230,148,Cloudy,9.2
2026-01-19,10:00,2026-01-19 10:00:00,Central,223,249,Clear,4.7
2026-01-19,10:00,2026-01-19 10:00:00,North,159,195,Clear,5.5
2026-01-19,10:00,2026-01-19 10:00:00,South,180,226,Cloudy,5.1
2026-01-19,10:00,2026-01-19 10:00:00,East,122,148,Clear,2.0
2026-01-19,10:00,2026-01-19 10:00:00,West,157,162,Rain,10.2
2026-01-19,11:00,2026-01-19 11:00:00,Central,216,263,Rain,9.5
2026-01-19,11:00,2026-01-19 11:00:00,North,152,186,Rain,13.0
2026-01-19,11:00,2026-01-19 11:00:00,South,195,206,Cloudy,4.1
2026-01-19,11:00,2026-01-19 11:00:00,East,117,152,Clear,6.2
2026-01-19,11:00,2026-01-19 11:00:00,West,151,186,Clear,5.3
2026-01-19,12:00,2026-01-19 12:00:00,Central,220,264,Clear,5.5
2026-01-19,12:00,2026-01-19 12:00:00,North,158,192,Cloudy,5.7
2026-01-19,12:00,2026-01-19 12:00:00,South,142,233,Clear,3.3
2026-01-19,12:00,2026-01-19 12:00:00,East,141,144,Clear,6.5
2026-01-19,12:00,2026-01-19 12:00:00,West,155,162,Cloudy,5.0
2026-01-19,13:00,2026-01-19 13:00:00,Central,202,265,Clear,6.4
2026-01-19,13:00,2026-01-19 13:00:00,North,147,162,Clear,4.3
2026-01-19,13:00,2026-01-19 13:00:00,South,195,204,Clear,4.9
2026-01-19,13:00,2026-01-19 13:00:00,East,144,134,Rain,9.9
2026-01-19,13:00,2026-01-19 13:00:00,West,161,174,Rain,9.8
2026-01-19,14:00,2026-01-19 14:00:00,Central,199,256,Cloudy,4.2
2026-01-19,14:00,2026-01-19 14:00:00,North,191,186,Heavy Rain,14.0
2026-01-19,14:00,2026-01-19 14:00:00,South,206,219,Cloudy,6.2
2026-01-19,14:00,2026-01-19 14:00:00,East,109,135,Clear,4.1
2026-01-19,14:00,2026-01-19 14:00:00,West,150,161,Clear,5.1
2026-01-19,15:00,2026-01-19 15:00:00,Central,215,252,Rain,11.4
2026-01-19,15:00,2026-01-19 15:00:00,North,134,182,Clear,2.9
2026-01-19,15:00,2026-01-19 15:00:00,South,220,221,Rain,11.1
2026-01-19,15:00,2026-01-19 15:00:00,East,124,137,Clear,2.7
2026-01-19,15:00,2026-01-19 15:00:00,West,141,180,Clear,4.1
2026-01-19,16:00,2026-01-19 16:00:00,Central,170,279,Clear,6.5
2026-01-19,16:00,2026-01-19 16:00:00,North,175,180,Rain,9.0
2026-01-19,16:00,2026-01-19 16:00:00,South,188,238,Clear,3.5
2026-01-19,16:00,2026-01-19 16:00:00,East,125,152,Cloudy,4.9
2026-01-19,16:00,2026-01-19 16:00:00,West,140,175,Clear,7.4
2026-01-19,17:00,2026-01-19 17:00:00,Central,315,229,Clear,11.5
2026-01-19,17:00,2026-01-19 17:00:00,North,237,130,Cloudy,10.9
2026-01-19,17:00,2026-01-19 17:00:00,South,333,165,Cloudy,14.8
2026-01-19,17:00,2026-01-19 17:00:00,East,197,132,Clear,9.9
2026-01-19,17:00,2026-01-19 17:00:00,West,229,143,Cloudy,11.1
2026-01-19,18:00,2026-01-19 18:00:00,Central,364,216,Clear,14.7
2026-01-19,18:00,2026-01-19 18:00:00,North,225,151,Clear,7.5
2026-01-19,18:00,2026-01-19 18:00:00,South,298,173,Clear,11.5
2026-01-19,18:00,2026-01-19 18:00:00,East,201,113,Rain,11.7
2026-01-19,18:00,2026-01-19 18:00:00,West,290,162,Rain,15.3
2026-01-19,19:00,2026-01-19 19:00:00,Central,394,231,Rain,20.5
2026-01-19,19:00,2026-01-19 19:00:00,North,250,165,Rain,13.3
2026-01-19,19:00,2026-01-19 19:00:00,South,213,182,Clear,9.6
2026-01-19,19:00,2026-01-19 19:00:00,East,163,125,Clear,6.6
2026-01-19,19:00,2026-01-19 19:00:00,West,207,155,Clear,7.9
2026-01-19,20:00,2026-01-19 20:00:00,Central,352,233,Cloudy,14.3
2026-01-19,20:00,2026-01-19 20:00:00,North,233,152,Clear,10.5
2026-01-19,20:00,2026-01-19 20:00:00,South,278,195,Clear,9.6
2026-01-19,20:00,2026-01-19 20:00:00,East,176,138,Clear,7.9
2026-01-19,20:00,2026-01-19 20:00:00,West,253,154,Clear,10.8
2026-01-19,21:00,2026-01-19 21:00:00,Central,122,260,Cloudy,6.6
2026-01-19,21:00,2026-01-19 21:00:00,North,78,184,Clear,5.2
2026-01-19,21:00,2026-01-19 21:00:00,South,112,215,Clear,4.1
2026-01-19,21:00,2026-01-19 21:00:00,East,73,142,Cloudy,5.3
2026-01-19,21:00,2026-01-19 21:00:00,West,66,166,Clear,4.7
2026-01-19,22:00,2026-01-19 22:00:00,Central,124,292,Clear,4.5
2026-01-19,22:00,2026-01-19 22:00:00,North,86,179,Clear,6.6
2026-01-19,22:00,2026-01-19 22:00:00,South,98,210,Cloudy,6.2
2026-01-19,22:00,2026-01-19 22:00:00,East,53,153,Cloudy,7.7
2026-01-19,22:00,2026-01-19 22:00:00,West,77,145,Cloudy,7.7
2026-01-19,23:00,2026-01-19 23:00:00,Central,118,265,Clear,4.7
2026-01-19,23:00,2026-01-19 23:00:00,North,118,183,Rain,10.4
2026-01-19,23:00,2026-01-19 23:00:00,South,94,204,Cloudy,7.0
2026-01-19,23:00,2026-01-19 23:00:00,East,91,124,Rain,7.2
2026-01-19,23:00,2026-01-19 23:00:00,West,88,159,Rain,8.6
2026-01-20,00:00,2026-01-20 00:00:00,Central,140,260,Rain,7.1
2026-01-20,00:00,2026-01-20 00:00:00,North,94,199,Clear,3.3
2026-01-20,00:00,2026-01-20 00:00:00,South,93,222,Clear,4.6
2026-01-20,00:00,2026-01-20 00:00:00,East,78,159,Cloudy,6.3
2026-01-20,00:00,2026-01-20 00:00:00,West,66,209,Clear,6.2
2026-01-20,01:00,2026-01-20 01:00:00,Central,119,265,Clear,3.3
2026-01-20,01:00,2026-01-20 01:00:00,North,84,169,Cloudy,7.8
2026-01-20,01:00,2026-01-20 01:00:00,South,106,214,Clear,5.2
2026-01-20,01:00,2026-01-20 01:00:00,East,81,153,Clear,6.5
2026-01-20,01:00,2026-01-20 01:00:00,West,83,163,Clear,4.0
2026-01-20,02:00,2026-01-20 02:00:00,Central,132,277,Clear,6.6
2026-01-20,02:00,2026-01-20 02:00:00,North,88,180,Clear,6.4
2026-01-20,02:00,2026-01-20 02:00:00,South,104,224,Rain,10.9
2026-01-20,02:00,2026-01-20 02:00:00,East,87,125,Clear,6.2
2026-01-20,02:00,2026-01-20 02:00:00,West,82,180,Clear,5.5
2026-01-20,03:00,2026-01-20 03:00:00,Central,129,286,Clear,5.2
2026-01-20,03:00,2026-01-20 03:00:00,North,116,180,Heavy Rain,15.3
2026-01-20,03:00,2026-01-20 03:00:00,South,119,220,Rain,8.8
2026-01-20,03:00,2026-01-20 03:00:00,East,46,132,Cloudy,4.3
2026-01-20,03:00,2026-01-20 03:00:00,West,83,194,Clear,4.1
2026-01-20,04:00,2026-01-20 04:00:00,Central,141,269,Rain,9.4
2026-01-20,04:00,2026-01-20 04:00:00,North,97,205,Rain,10.0
2026-01-20,04:00,2026-01-20 04:00:00,South,106,230,Rain,6.9
2026-01-20,04:00,2026-01-20 04:00:00,East,54,159,Clear,5.8
2026-01-20,04:00,2026-01-20 04:00:00,West,114,154,Heavy Rain,16.4
2026-01-20,05:00,2026-01-20 05:00:00,Central,129,265,Clear,5.5
2026-01-20,05:00,2026-01-20 05:00:00,North,86,159,Clear,2.4
2026-01-20,05:00,2026-01-20 05:00:00,South,116,208,Rain,8.8
2026-01-20,05:00,2026-01-20 05:00:00,East,48,155,Clear,4.0
2026-01-20,05:00,2026-01-20 05:00:00,West,90,192,Rain,6.8
2026-01-20,06:00,2026-01-20 06:00:00,Central,133,259,Cloudy,3.4
2026-01-20,06:00,2026-01-20 06:00:00,North,105,183,Cloudy,5.6
2026-01-20,06:00,2026-01-20 06:00:00,South,108,201,Clear,5.8
2026-01-20,06:00,2026-01-20 06:00:00,East,94,153,Heavy Rain,14.4
2026-01-20,06:00,2026-01-20 06:00:00,West,94,165,Cloudy,6.2
2026-01-20,07:00,2026-01-20 07:00:00,Central,289,235,Clear,6.0
2026-01-20,07:00,2026-01-20 07:00:00,North,244,136,Cloudy,14.4
2026-01-20,07:00,2026-01-20 07:00:00,South,243,172,Clear,9.9
2026-01-20,07:00,2026-01-20 07:00:00,East,173,130,Clear,5.7
2026-01-20,07:00,2026-01-20 07:00:00,West,188,140,Rain,13.1
2026-01-20,08:00,2026-01-20 08:00:00,Central,309,245,Clear,7.8
2026-01-20,08:00,2026-01-20 08:00:00,North,222,165,Rain,11.1
2026-01-20,08:00,2026-01-20 08:00:00,South,233,206,Clear,7.8
2026-01-20,08:00,2026-01-20 08:00:00,East,182,124,Rain,11.8
2026-01-20,08:00,2026-01-20 08:00:00,West,214,145,Clear,9.3
2026-01-20,09:00,2026-01-20 09:00:00,Central,291,238,Clear,9.7
2026-01-20,09:00,2026-01-20 09:00:00,North,222,151,Clear,7.8
2026-01-20,09:00,2026-01-20 09:00:00,South,261,171,Clear,9.9
2026-01-20,09:00,2026-01-20 09:00:00,East,191,125,Rain,13.2
2026-01-20,09:00,2026-01-20 09:00:00,West,204,152,Cloudy,9.0
2026-01-20,10:00,2026-01-20 10:00:00,Central,249,272,Cloudy,4.2
2026-01-20,10:00,2026-01-20 10:00:00,North,165,171,Cloudy,6.5
2026-01-20,10:00,2026-01-20 10:00:00,South,161,217,Clear,6.1
2026-01-20,10:00,2026-01-20 10:00:00,East,113,154,Clear,5.0
2026-01-20,10:00,2026-01-20 10:00:00,West,158,156,Clear,5.7
2026-01-20,11:00,2026-01-20 11:00:00,Central,249,253,Rain,10.1
2026-01-20,11:00,2026-01-20 11:00:00,North,138,180,Clear,6.5
2026-01-20,11:00,2026-01-20 11:00:00,South,190,207,Clear,6.0
2026-01-20,11:00,2026-01-20 11:00:00,East,111,168,Clear,3.9
2026-01-20,11:00,2026-01-20 11:00:00,West,141,177,Clear,5.2
2026-01-20,12:00,2026-01-20 12:00:00,Central,241,254,Clear,7.1
2026-01-20,12:00,2026-01-20 12:00:00,North,151,188,Cloudy,4.7
2026-01-20,12:00,2026-01-20 12:00:00,South,216,227,Clear,4.8
2026-01-20,12:00,2026-01-20 12:00:00,East,128,151,Clear,4.5
2026-01-20,12:00,2026-01-20 12:00:00,West,128,171,Clear,4.8
2026-01-20,13:00,2026-01-20 13:00:00,Central,238,274,Clear,4.4
2026-01-20,13:00,2026-01-20 13:00:00,North,161,188,Cloudy,5.6
2026-01-20,13:00,2026-01-20 13:00:00,South,237,213,Heavy Rain,15.9
2026-01-20,13:00,2026-01-20 13:00:00,East,126,134,Rain,10.3
2026-01-20,13:00,2026-01-20 13:00:00,West,125,181,Clear,5.5
2026-01-20,14:00,2026-01-20 14:00:00,Central,208,256,Cloudy,6.2
2026-01-20,14:00,2026-01-20 14:00:00,North,140,179,Clear,3.9
2026-01-20,14:00,2026-01-20 14:00:00,South,190,218,Clear,3.8
2026-01-20,14:00,2026-01-20 14:00:00,East,126,143,Clear,5.4
2026-01-20,14:00,2026-01-20 14:00:00,West,174,151,Heavy Rain,17.3
2026-01-20,15:00,2026-01-20 15:00:00,Central,240,282,Clear,5.6
2026-01-20,15:00,2026-01-20 15:00:00,North,149,181,Clear,5.6
2026-01-20,15:00,2026-01-20 15:00:00,South,162,197,Clear,4.5
2026-01-20,15:00,2026-01-20 15:00:00,East,122,136,Clear,2.0
2026-01-20,15:00,2026-01-20 15:00:00,West,196,163,Heavy Rain,20.2
2026-01-20,16:00,2026-01-20 16:00:00,Central,215,269,Clear,2.8
2026-01-20,16:00,2026-01-20 16:00:00,North,155,182,Clear,5.5
2026-01-20,16:00,2026-01-20 16:00:00,South,163,220,Clear,2.3
2026-01-20,16:00,2026-01-20 16:00:00,East,124,142,Clear,6.6
2026-01-20,16:00,2026-01-20 16:00:00,West,137,161,Clear,4.5
2026-01-20,17:00,2026-01-20 17:00:00,Central,466,226,Heavy Rain,27.9
2026-01-20,17:00,2026-01-20 17:00:00,North,259,162,Clear,10.5
2026-01-20,17:00,2026-01-20 17:00:00,South,286,177,Cloudy,14.2
2026-01-20,17:00,2026-01-20 17:00:00,East,172,116,Cloudy,8.2
2026-01-20,17:00,2026-01-20 17:00:00,West,326,156,Heavy Rain,24.0
2026-01-20,18:00,2026-01-20 18:00:00,Central,407,215,Rain,20.8
2026-01-20,18:00,2026-01-20 18:00:00,North,233,154,Clear,11.8
2026-01-20,18:00,2026-01-20 18:00:00,South,266,166,Clear,11.4
2026-01-20,18:00,2026-01-20 18:00:00,East,212,122,Cloudy,8.2
2026-01-20,18:00,2026-01-20 18:00:00,West,221,148,Clear,9.7
2026-01-20,19:00,2026-01-20 19:00:00,Central,318,215,Cloudy,12.9
2026-01-20,19:00,2026-01-20 19:00:00,North,222,171,Cloudy,7.1
2026-01-20,19:00,2026-01-20 19:00:00,South,276,179,Clear,11.8
2026-01-20,19:00,2026-01-20 19:00:00,East,193,128,Rain,12.9
2026-01-20,19:00,2026-01-20 19:00:00,West,269,146,Clear,10.3
2026-01-20,20:00,2026-01-20 20:00:00,Central,330,213,Clear,12.1
2026-01-20,20:00,2026-01-20 20:00:00,North,232,159,Clear,11.4
2026-01-20,20:00,2026-01-20 20:00:00,South,308,183,Cloudy,11.7
2026-01-20,20:00,2026-01-20 20:00:00,East,187,124,Cloudy,9.1
2026-01-20,20:00,2026-01-20 20:00:00,West,226,149,Clear,11.2
2026-01-20,21:00,2026-01-20 21:00:00,Central,120,271,Clear,5.0
2026-01-20,21:00,2026-01-20 21:00:00,North,93,196,Rain,6.7
2026-01-20,21:00,2026-01-20 21:00:00,South,101,229,Clear,4.9
2026-01-20,21:00,2026-01-20 21:00:00,East,75,145,Rain,8.7
2026-01-20,21:00,2026-01-20 21:00:00,West,85,174,Cloudy,5.5
2026-01-20,22:00,2026-01-20 22:00:00,Central,156,251,Heavy Rain,15.9
2026-01-20,22:00,2026-01-20 22:00:00,North,96,182,Rain,8.8
2026-01-20,22:00,2026-01-20 22:00:00,South,112,199,Cloudy,4.5
2026-01-20,22:00,2026-01-20 22:00:00,East,83,135,Rain,9.9
2026-01-20,22:00,2026-01-20 22:00:00,West,76,188,Cloudy,6.5
2026-01-20,23:00,2026-01-20 23:00:00,Central,132,287,Clear,7.3
2026-01-20,23:00,2026-01-20 23:00:00,North,72,172,Clear,7.1
2026-01-20,23:00,2026-01-20 23:00:00,South,95,212,Clear,5.5
2026-01-20,23:00,2026-01-20 23:00:00,East,69,163,Clear,4.0
2026-01-20,23:00,2026-01-20 23:00:00,West,81,183,Clear,4.5
2026-01-21,00:00,2026-01-21 00:00:00,Central,131,238,Cloudy,5.3
2026-01-21,00:00,2026-01-21 00:00:00,North,78,185,Clear,4.3
2026-01-21,00:00,2026-01-21 00:00:00,South,126,205,Rain,6.9
2026-01-21,00:00,2026-01-21 00:00:00,East,79,154,Clear,5.7
2026-01-21,00:00,2026-01-21 00:00:00,West,84,166,Cloudy,5.3
2026-01-21,01:00,2026-01-21 01:00:00,Central,143,284,Rain,9.8
2026-01-21,01:00,2026-01-21 01:00:00,North,109,173,Heavy Rain,18.9
2026-01-21,01:00,2026-01-21 01:00:00,South,103,212,Cloudy,8.1
2026-01-21,01:00,2026-01-21 01:00:00,East,70,113,Clear,5.1
2026-01-21,01:00,2026-01-21 01:00:00,West,111,181,Heavy Rain,13.8
2026-01-21,02:00,2026-01-21 02:00:00,Central,150,281,Rain,10.6
2026-01-21,02:00,2026-01-21 02:00:00,North,100,166,Rain,8.2
2026-01-21,02:00,2026-01-21 02:00:00,South,126,210,Rain,7.6
2026-01-21,02:00,2026-01-21 02:00:00,East,69,140,Cloudy,3.4
2026-01-21,02:00,2026-01-21 02:00:00,West,88,166,Clear,5.6
2026-01-21,03:00,2026-01-21 03:00:00,Central,129,274,Rain,9.9
2026-01-21,03:00,2026-01-21 03:00:00,North,89,181,Clear,6.3
2026-01-21,03:00,2026-01-21 03:00:00,South,113,207,Cloudy,5.8
2026-01-21,03:00,2026-01-21 03:00:00,East,75,169,Rain,8.6
2026-01-21,03:00,2026-01-21 03:00:00,West,87,178,Clear,5.5
2026-01-21,04:00,2026-01-21 04:00:00,Central,119,257,Clear,3.3
2026-01-21,04:00,2026-01-21 04:00:00,North,111,199,Rain,8.2
2026-01-21,04:00,2026-01-21 04:00:00,South,105,211,Clear,3.9
2026-01-21,04:00,2026-01-21 04:00:00,East,82,143,Heavy Rain,14.9
2026-01-21,04:00,2026-01-21 04:00:00,West,94,161,Rain,8.6
2026-01-21,05:00,2026-01-21 05:00:00,Central,120,261,Clear,7.4
2026-01-21,05:00,2026-01-21 05:00:00,North,91,183,Clear,5.4
2026-01-21,05:00,2026-01-21 05:00:00,South,118,201,Rain,6.7
2026-01-21,05:00,2026-01-21 05:00:00,East,67,173,Cloudy,6.3
2026-01-21,05:00,2026-01-21 05:00:00,West,93,194,Rain,8.3
2026-01-21,06:00,2026-01-21 06:00:00,Central,119,253,Clear,4.7
2026-01-21,06:00,2026-01-21 06:00:00,North,98,197,Rain,6.2
2026-01-21,06:00,2026-01-21 06:00:00,South,103,215,Clear,6.2
2026-01-21,06:00,2026-01-21 06:00:00,East,84,160,Heavy Rain,15.8
2026-01-21,06:00,2026-01-21 06:00:00,West,101,152,Rain,9.8
2026-01-21,07:00,2026-01-21 07:00:00,Central,315,212,Clear,10.0
2026-01-21,07:00,2026-01-21 07:00:00,North,196,144,Clear,8.9
2026-01-21,07:00,2026-01-21 07:00:00,South,282,176,Clear,9.9
2026-01-21,07:00,2026-01-21 07:00:00,East,155,123,Clear,5.4
2026-01-21,07:00,2026-01-21 07:00:00,West,221,155,Cloudy,7.1
2026-01-21,08:00,2026-01-21 08:00:00,Central,335,226,Rain,14.3
2026-01-21,08:00,2026-01-21 08:00:00,North,201,157,Rain,9.8
2026-01-21,08:00,2026-01-21 08:00:00,South,223,177,Clear,8.2
2026-01-21,08:00,2026-01-21 08:00:00,East,215,140,Heavy Rain,16.6
2026-01-21,08:00,2026-01-21 08:00:00,West,232,140,Rain,12.1
2026-01-21,09:00,2026-01-21 09:00:00,Central,285,226,Clear,7.5
2026-01-21,09:00,2026-01-21 09:00:00,North,196,152,Clear,7.4
2026-01-21,09:00,2026-01-21 09:00:00,South,269,159,Cloudy,14.3
2026-01-21,09:00,2026-01-21 09:00:00,East,156,128,Clear,7.0
2026-01-21,09:00,2026-01-21 09:00:00,West,187,146,Clear,4.4
2026-01-21,10:00,2026-01-21 10:00:00,Central,228,280,Clear,7.0
2026-01-21,10:00,2026-01-21 10:00:00,North,160,176,Clear,2.2
2026-01-21,10:00,2026-01-21 10:00:00,South,175,201,Clear,5.6
2026-01-21,10:00,2026-01-21 10:00:00,East,124,148,Clear,2.0
2026-01-21,10:00,2026-01-21 10:00:00,West,188,176,Rain,9.9
2026-01-21,11:00,2026-01-21 11:00:00,Central,197,285,Clear,3.5
2026-01-21,11:00,2026-01-21 11:00:00,North,147,179,Clear,3.9
2026-01-21,11:00,2026-01-21 11:00:00,South,169,218,Clear,6.3
2026-01-21,11:00,2026-01-21 11:00:00,East,134,151,Clear,6.3
2026-01-21,11:00,2026-01-21 11:00:00,West,179,177,Rain,10.7
2026-01-21,12:00,2026-01-21 12:00:00,Central,231,268,Clear,4.8
2026-01-21,12:00,2026-01-21 12:00:00,North,155,183,Rain,6.7
2026-01-21,12:00,2026-01-21 12:00:00,South,158,209,Clear,3.0
2026-01-21,12:00,2026-01-21 12:00:00,East,137,140,Heavy Rain,14.4
2026-01-21,12:00,2026-01-21 12:00:00,West,172,182,Clear,6.1
2026-01-21,13:00,2026-01-21 13:00:00,Central,201,265,Clear,5.9
2026-01-21,13:00,2026-01-21 13:00:00,North,157,190,Clear,3.5
2026-01-21,13:00,2026-01-21 13:00:00,South,180,230,Rain,8.7
2026-01-21,13:00,2026-01-21 13:00:00,East,137,155,Rain,9.3
2026-01-21,13:00,2026-01-21 13:00:00,West,152,175,Rain,8.8
2026-01-21,14:00,2026-01-21 14:00:00,Central,235,274,Rain,9.6
2026-01-21,14:00,2026-01-21 14:00:00,North,168,158,Clear,6.3
2026-01-21,14:00,2026-01-21 14:00:00,South,204,216,Rain,9.1
2026-01-21,14:00,2026-01-21 14:00:00,East,120,145,Cloudy,6.2
2026-01-21,14:00,2026-01-21 14:00:00,West,154,180,Clear,7.9
2026-01-21,15:00,2026-01-21 15:00:00,Central,226,244,Rain,8.9
2026-01-21,15:00,2026-01-21 15:00:00,North,147,179,Clear,5.8
2026-01-21,15:00,2026-01-21 15:00:00,South,150,209,Clear,5.2
2026-01-21,15:00,2026-01-21 15:00:00,East,99,145,Clear,4.4
2026-01-21,15:00,2026-01-21 15:00:00,West,161,166,Rain,9.5
2026-01-21,16:00,2026-01-21 16:00:00,Central,241,254,Clear,6.2
2026-01-21,16:00,2026-01-21 16:00:00,North,158,182,Clear,5.0
2026-01-21,16:00,2026-01-21 16:00:00,South,180,219,Rain,9.5
2026-01-21,16:00,2026-01-21 16:00:00,East,122,154,Clear,4.4
2026-01-21,16:00,2026-01-21 16:00:00,West,142,170,Clear,6.2
2026-01-21,17:00,2026-01-21 17:00:00,Central,317,209,Cloudy,11.3
2026-01-21,17:00,2026-01-21 17:00:00,North,254,155,Rain,13.1
2026-01-21,17:00,2026-01-21 17:00:00,South,272,188,Clear,9.0
2026-01-21,17:00,2026-01-21 17:00:00,East,206,136,Rain,13.4
2026-01-21,17:00,2026-01-21 17:00:00,West,200,150,Cloudy,8.4
2026-01-21,18:00,2026-01-21 18:00:00,Central,399,234,Rain,18.1
2026-01-21,18:00,2026-01-21 18:00:00,North,284,145,Rain,15.7
2026-01-21,18:00,2026-01-21 18:00:00,South,295,180,Clear,10.9
2026-01-21,18:00,2026-01-21 18:00:00,East,185,120,Cloudy,8.6
2026-01-21,18:00,2026-01-21 18:00:00,West,205,153,Clear,7.6
2026-01-21,19:00,2026-01-21 19:00:00,Central,419,202,Rain,20.6
2026-01-21,19:00,2026-01-21 19:00:00,North,236,155,Clear,9.1
2026-01-21,19:00,2026-01-21 19:00:00,South,263,172,Cloudy,10.2
2026-01-21,19:00,2026-01-21 19:00:00,East,220,122,Rain,16.0
2026-01-21,19:00,2026-01-21 19:00:00,West,201,158,Clear,6.3
2026-01-21,20:00,2026-01-21 20:00:00,Central,332,232,Clear,10.3
2026-01-21,20:00,2026-01-21 20:00:00,North,332,156,Heavy Rain,25.1
2026-01-21,20:00,2026-01-21 20:00:00,South,304,188,Rain,14.4
2026-01-21,20:00,2026-01-21 20:00:00,East,217,141,Rain,10.4
2026-01-21,20:00,2026-01-21 20:00:00,West,256,154,Rain,12.1
2026-01-21,21:00,2026-01-21 21:00:00,Central,141,236,Clear,5.0
2026-01-21,21:00,2026-01-21 21:00:00,North,96,186,Cloudy,3.6
2026-01-21,21:00,2026-01-21 21:00:00,South,116,196,Rain,9.4
2026-01-21,21:00,2026-01-21 21:00:00,East,77,140,Cloudy,8.6
2026-01-21,21:00,2026-01-21 21:00:00,West,78,177,Clear,4.9
2026-01-21,22:00,2026-01-21 22:00:00,Central,135,253,Rain,10.8
2026-01-21,22:00,2026-01-21 22:00:00,North,77,185,Cloudy,8.5
2026-01-21,22:00,2026-01-21 22:00:00,South,105,211,Rain,9.9
2026-01-21,22:00,2026-01-21 22:00:00,East,78,167,Rain,10.5
2026-01-21,22:00,2026-01-21 22:00:00,West,78,165,Rain,8.4
2026-01-21,23:00,2026-01-21 23:00:00,Central,103,274,Clear,4.6
2026-01-21,23:00,2026-01-21 23:00:00,North,82,185,Clear,5.7
2026-01-21,23:00,2026-01-21 23:00:00,South,114,211,Cloudy,5.4
2026-01-21,23:00,2026-01-21 23:00:00,East,85,159,Cloudy,3.4
2026-01-21,23:00,2026-01-21 23:00:00,West,84,160,Clear,5.7
2026-01-22,00:00,2026-01-22 00:00:00,Central,125,269,Clear,3.5
2026-01-22,00:00,2026-01-22 00:00:00,North,99,194,Clear,4.3
2026-01-22,00:00,2026-01-22 00:00:00,South,97,193,Cloudy,6.0
2026-01-22,00:00,2026-01-22 00:00:00,East,69,155,Cloudy,5.1
2026-01-22,00:00,2026-01-22 00:00:00,West,105,165,Heavy Rain,15.9
2026-01-22,01:00,2026-01-22 01:00:00,Central,131,254,Cloudy,2.9
2026-01-22,01:00,2026-01-22 01:00:00,North,87,188,Cloudy,9.4
2026-01-22,01:00,2026-01-22 01:00:00,South,93,206,Clear,4.5
2026-01-22,01:00,2026-01-22 01:00:00,East,77,137,Clear,3.7
2026-01-22,01:00,2026-01-22 01:00:00,West,95,180,Rain,9.2
2026-01-22,02:00,2026-01-22 02:00:00,Central,125,246,Cloudy,5.7
2026-01-22,02:00,2026-01-22 02:00:00,North,86,180,Clear,4.2
2026-01-22,02:00,2026-01-22 02:00:00,South,90,213,Clear,6.4
2026-01-22,02:00,2026-01-22 02:00:00,East,81,132,Clear,4.5
2026-01-22,02:00,2026-01-22 02:00:00,West,87,200,Clear,4.0
2026-01-22,03:00,2026-01-22 03:00:00,Central,114,267,Cloudy,6.9
2026-01-22,03:00,2026-01-22 03:00:00,North,77,167,Cloudy,5.8
2026-01-22,03:00,2026-01-22 03:00:00,South,103,202,Cloudy,5.9
2026-01-22,03:00,2026-01-22 03:00:00,East,68,157,Clear,3.9
2026-01-22,03:00,2026-01-22 03:00:00,West,82,185,Cloudy,8.3
2026-01-22,04:00,2026-01-22 04:00:00,Central,140,245,Clear,2.5
2026-01-22,04:00,2026-01-22 04:00:00,North,92,179,Clear,5.6
2026-01-22,04:00,2026-01-22 04:00:00,South,90,227,Clear,4.4
2026-01-22,04:00,2026-01-22 04:00:00,East,72,147,Cloudy,7.3
2026-01-22,04:00,2026-01-22 04:00:00,West,86,158,Clear,5.4
2026-01-22,05:00,2026-01-22 05:00:00,Central,159,252,Heavy Rain,18.1
2026-01-22,05:00,2026-01-22 05:00:00,North,80,188,Clear,4.2
2026-01-22,05:00,2026-01-22 05:00:00,South,97,213,Clear,2.9
2026-01-22,05:00,2026-01-22 05:00:00,East,61,143,Rain,9.1
2026-01-22,05:00,2026-01-22 05:00:00,West,74,178,Clear,5.1
2026-01-22,06:00,2026-01-22 06:00:00,Central,121,244,Clear,4.6
2026-01-22,06:00,2026-01-22 06:00:00,North,118,198,Heavy Rain,16.0
2026-01-22,06:00,2026-01-22 06:00:00,South,127,215,Rain,6.5
2026-01-22,06:00,2026-01-22 06:00:00,East,76,161,Cloudy,6.2
2026-01-22,06:00,2026-01-22 06:00:00,West,117,169,Heavy Rain,15.3
2026-01-22,07:00,2026-01-22 07:00:00,Central,289,222,Clear,8.1
2026-01-22,07:00,2026-01-22 07:00:00,North,197,171,Cloudy,9.6
2026-01-22,07:00,2026-01-22 07:00:00,South,235,169,Cloudy,12.0
2026-01-22,07:00,2026-01-22 07:00:00,East,143,116,Clear,7.6
2026-01-22,07:00,2026-01-22 07:00:00,West,208,126,Clear,7.2
2026-01-22,08:00,2026-01-22 08:00:00,Central,335,221,Heavy Rain,21.2
2026-01-22,08:00,2026-01-22 08:00:00,North,230,154,Cloudy,9.0
2026-01-22,08:00,2026-01-22 08:00:00,South,271,194,Heavy Rain,20.4
2026-01-22,08:00,2026-01-22 08:00:00,East,167,131,Clear,7.0
2026-01-22,08:00,2026-01-22 08:00:00,West,208,166,Clear,5.6
2026-01-22,09:00,2026-01-22 09:00:00,Central,326,210,Clear,12.4
2026-01-22,09:00,2026-01-22 09:00:00,North,207,162,Clear,5.5
2026-01-22,09:00,2026-01-22 09:00:00,South,285,178,Rain,15.2
2026-01-22,09:00,2026-01-22 09:00:00,East,195,109,Rain,13.5
2026-01-22,09:00,2026-01-22 09:00:00,West,202,149,Clear,5.9
2026-01-22,10:00,2026-01-22 10:00:00,Central,254,251,Rain,7.4
2026-01-22,10:00,2026-01-22 10:00:00,North,139,200,Cloudy,5.8
2026-01-22,10:00,2026-01-22 10:00:00,South,181,200,Clear,4.3
2026-01-22,10:00,2026-01-22 10:00:00,East,124,128,Clear,5.3
2026-01-22,10:00,2026-01-22 10:00:00,West,157,179,Rain,11.3
2026-01-22,11:00,2026-01-22 11:00:00,Central,210,256,Clear,5.2
2026-01-22,11:00,2026-01-22 11:00:00,North,158,181,Cloudy,4.0
2026-01-22,11:00,2026-01-22 11:00:00,South,187,212,Rain,8.2
2026-01-22,11:00,2026-01-22 11:00:00,East,123,142,Clear,5.3
2026-01-22,11:00,2026-01-22 11:00:00,West,187,183,Rain,6.6
2026-01-22,12:00,2026-01-22 12:00:00,Central,164,253,Clear,6.0
2026-01-22,12:00,2026-01-22 12:00:00,North,142,189,Clear,5.2
2026-01-22,12:00,2026-01-22 12:00:00,South,181,215,Cloudy,7.8
2026-01-22,12:00,2026-01-22 12:00:00,East,103,127,Clear,5.3
2026-01-22,12:00,2026-01-22 12:00:00,West,119,184,Cloudy,5.6
2026-01-22,13:00,2026-01-22 13:00:00,Central,286,264,Heavy Rain,14.8
2026-01-22,13:00,2026-01-22 13:00:00,North,175,184,Rain,7.3
2026-01-22,13:00,2026-01-22 13:00:00,South,171,225,Clear,5.8
2026-01-22,13:00,2026-01-22 13:00:00,East,104,153,Clear,2.6
2026-01-22,13:00,2026-01-22 13:00:00,West,191,150,Heavy Rain,16.9
2026-01-22,14:00,2026-01-22 14:00:00,Central,225,256,Clear,6.1
2026-01-22,14:00,2026-01-22 14:00:00,North,153,186,Clear,5.0
2026-01-22,14:00,2026-01-22 14:00:00,South,189,209,Cloudy,5.1
2026-01-22,14:00,2026-01-22 14:00:00,East,127,143,Clear,2.7
2026-01-22,14:00,2026-01-22 14:00:00,West,133,168,Clear,3.9
2026-01-22,15:00,2026-01-22 15:00:00,Central,230,256,Clear,4.5
2026-01-22,15:00,2026-01-22 15:00:00,North,173,194,Cloudy,4.2
2026-01-22,15:00,2026-01-22 15:00:00,South,188,200,Clear,7.0
2026-01-22,15:00,2026-01-22 15:00:00,East,106,136,Clear,4.4
2026-01-22,15:00,2026-01-22 15:00:00,West,148,165,Clear,6.0
2026-01-22,16:00,2026-01-22 16:00:00,Central,223,269,Clear,4.1
2026-01-22,16:00,2026-01-22 16:00:00,North,137,191,Clear,8.1
2026-01-22,16:00,2026-01-22 16:00:00,South,185,219,Cloudy,4.2
2026-01-22,16:00,2026-01-22 16:00:00,East,172,149,Heavy Rain,16.4
2026-01-22,16:00,2026-01-22 16:00:00,West,138,184,Clear,7.2
2026-01-22,17:00,2026-01-22 17:00:00,Central,338,227,Clear,11.1
2026-01-22,17:00,2026-01-22 17:00:00,North,226,158,Clear,9.4
2026-01-22,17:00,2026-01-22 17:00:00,South,295,182,Clear,10.9
2026-01-22,17:00,2026-01-22 17:00:00,East,179,117,Clear,7.7
2026-01-22,17:00,2026-01-22 17:00:00,West,227,152,Clear,7.4
2026-01-22,18:00,2026-01-22 18:00:00,Central,321,233,Cloudy,11.8
2026-01-22,18:00,2026-01-22 18:00:00,North,234,151,Clear,9.2
2026-01-22,18:00,2026-01-22 18:00:00,South,306,198,Cloudy,11.9
2026-01-22,18:00,2026-01-22 18:00:00,East,203,135,Clear,6.9
2026-01-22,18:00,2026-01-22 18:00:00,West,265,153,Cloudy,13.5
2026-01-22,19:00,2026-01-22 19:00:00,Central,354,214,Cloudy,14.9
2026-01-22,19:00,2026-01-22 19:00:00,North,239,167,Cloudy,11.0
2026-01-22,19:00,2026-01-22 19:00:00,South,293,169,Clear,12.2
2026-01-22,19:00,2026-01-22 19:00:00,East,241,124,Heavy Rain,21.8
2026-01-22,19:00,2026-01-22 19:00:00,West,207,149,Clear,7.4
2026-01-22,20:00,2026-01-22 20:00:00,Central,340,226,Clear,10.5
2026-01-22,20:00,2026-01-22 20:00:00,North,247,165,Clear,8.4
2026-01-22,20:00,2026-01-22 20:00:00,South,373,186,Heavy Rain,23.4
2026-01-22,20:00,2026-01-22 20:00:00,East,209,117,Clear,12.8
2026-01-22,20:00,2026-01-22 20:00:00,West,200,154,Cloudy,4.8
2026-01-22,21:00,2026-01-22 21:00:00,Central,103,260,Clear,7.0
2026-01-22,21:00,2026-01-22 21:00:00,North,86,191,Cloudy,6.7
2026-01-22,21:00,2026-01-22 21:00:00,South,100,218,Cloudy,4.4
2026-01-22,21:00,2026-01-22 21:00:00,East,64,133,Cloudy,5.0
2026-01-22,21:00,2026-01-22 21:00:00,West,83,194,Rain,9.8
2026-01-22,22:00,2026-01-22 22:00:00,Central,139,266,Clear,6.1
2026-01-22,22:00,2026-01-22 22:00:00,North,91,202,Rain,8.2
2026-01-22,22:00,2026-01-22 22:00:00,South,108,222,Clear,3.2
2026-01-22,22:00,2026-01-22 22:00:00,East,65,152,Clear,5.4
2026-01-22,22:00,2026-01-22 22:00:00,West,77,164,Clear,2.3
2026-01-22,23:00,2026-01-22 23:00:00,Central,118,279,Clear,5.3
2026-01-22,23:00,2026-01-22 23:00:00,North,99,196,Clear,4.0
2026-01-22,23:00,2026-01-22 23:00:00,South,115,219,Clear,6.0
2026-01-22,23:00,2026-01-22 23:00:00,East,69,135,Clear,4.8
2026-01-22,23:00,2026-01-22 23:00:00,West,80,186,Cloudy,4.8
2026-01-23,00:00,2026-01-23 00:00:00,Central,134,251,Cloudy,5.1
2026-01-23,00:00,2026-01-23 00:00:00,North,97,194,Clear,5.1
2026-01-23,00:00,2026-01-23 00:00:00,South,107,202,Cloudy,8.8
2026-01-23,00:00,2026-01-23 00:00:00,East,58,162,Cloudy,6.1
2026-01-23,00:00,2026-01-23 00:00:00,West,75,179,Cloudy,5.9
2026-01-23,01:00,2026-01-23 01:00:00,Central,111,272,Clear,6.4
2026-01-23,01:00,2026-01-23 01:00:00,North,85,186,Clear,4.7
2026-01-23,01:00,2026-01-23 01:00:00,South,111,210,Clear,4.5
2026-01-23,01:00,2026-01-23 01:00:00,East,61,147,Cloudy,7.3
2026-01-23,01:00,2026-01-23 01:00:00,West,89,165,Clear,5.2
2026-01-23,02:00,2026-01-23 02:00:00,Central,143,269,Rain,9.4
2026-01-23,02:00,2026-01-23 02:00:00,North,96,176,Clear,3.4
2026-01-23,02:00,2026-01-23 02:00:00,South,98,205,Cloudy,3.7
2026-01-23,02:00,2026-01-23 02:00:00,East,68,147,Cloudy,6.4
2026-01-23,02:00,2026-01-23 02:00:00,West,81,206,Cloudy,5.5
2026-01-23,03:00,2026-01-23 03:00:00,Central,124,257,Cloudy,4.3
2026-01-23,03:00,2026-01-23 03:00:00,North,84,181,Clear,5.2
2026-01-23,03:00,2026-01-23 03:00:00,South,110,224,Rain,8.5
2026-01-23,03:00,2026-01-23 03:00:00,East,61,140,Clear,3.2
2026-01-23,03:00,2026-01-23 03:00:00,West,99,178,Cloudy,8.4
2026-01-23,04:00,2026-01-23 04:00:00,Central,124,266,Cloudy,8.0
2026-01-23,04:00,2026-01-23 04:00:00,North,81,179,Cloudy,4.3
2026-01-23,04:00,2026-01-23 04:00:00,South,89,210,Clear,5.1
2026-01-23,04:00,2026-01-23 04:00:00,East,68,153,Clear,5.5
2026-01-23,04:00,2026-01-23 04:00:00,West,83,155,Clear,5.0
2026-01-23,05:00,2026-01-23 05:00:00,Central,125,252,Clear,4.2
2026-01-23,05:00,2026-01-23 05:00:00,North,98,191,Rain,12.1
2026-01-23,05:00,2026-01-23 05:00:00,South,98,205,Clear,5.1
2026-01-23,05:00,2026-01-23 05:00:00,East,65,153,Cloudy,5.7
2026-01-23,05:00,2026-01-23 05:00:00,West,67,183,Cloudy,3.6
2026-01-23,06:00,2026-01-23 06:00:00,Central,123,260,Clear,4.9
2026-01-23,06:00,2026-01-23 06:00:00,North,90,186,Clear,3.3
2026-01-23,06:00,2026-01-23 06:00:00,South,105,215,Clear,5.9
2026-01-23,06:00,2026-01-23 06:00:00,East,62,135,Clear,4.6
2026-01-23,06:00,2026-01-23 06:00:00,West,78,161,Clear,2.5
2026-01-23,07:00,2026-01-23 07:00:00,Central,288,221,Cloudy,10.8
2026-01-23,07:00,2026-01-23 07:00:00,North,219,151,Clear,6.6
2026-01-23,07:00,2026-01-23 07:00:00,South,283,161,Clear,11.1
2026-01-23,07:00,2026-01-23 07:00:00,East,188,125,Heavy Rain,19.9
2026-01-23,07:00,2026-01-23 07:00:00,West,194,135,Clear,7.3
2026-01-23,08:00,2026-01-23 08:00:00,Central,325,250,Rain,12.1
2026-01-23,08:00,2026-01-23 08:00:00,North,247,127,Heavy Rain,22.4
2026-01-23,08:00,2026-01-23 08:00:00,South,470,82,Clear,27.0
2026-01-23,08:00,2026-01-23 08:00:00,East,153,131,Cloudy,7.7
2026-01-23,08:00,2026-01-23 08:00:00,West,227,136,Clear,10.8
2026-01-23,09:00,2026-01-23 09:00:00,Central,341,232,Clear,11.9
2026-01-23,09:00,2026-01-23 09:00:00,North,198,156,Cloudy,7.9
2026-01-23,09:00,2026-01-23 09:00:00,South,229,184,Clear,10.7
2026-01-23,09:00,2026-01-23 09:00:00,East,163,126,Clear,7.0
2026-01-23,09:00,2026-01-23 09:00:00,West,210,145,Rain,13.4
2026-01-23,10:00,2026-01-23 10:00:00,Central,238,285,Clear,5.8
2026-01-23,10:00,2026-01-23 10:00:00,North,181,190,Rain,9.1
2026-01-23,10:00,2026-01-23 10:00:00,South,184,213,Heavy Rain,14.1
2026-01-23,10:00,2026-01-23 10:00:00,East,120,142,Clear,5.6
2026-01-23,10:00,2026-01-23 10:00:00,West,141,183,Clear,3.7
2026-01-23,11:00,2026-01-23 11:00:00,Central,181,276,Clear,5.8
2026-01-23,11:00,2026-01-23 11:00:00,North,152,200,Clear,6.9
2026-01-23,11:00,2026-01-23 11:00:00,South,162,205,Cloudy,6.1
2026-01-23,11:00,2026-01-23 11:00:00,East,110,133,Clear,3.8
2026-01-23,11:00,2026-01-23 11:00:00,West,152,157,Clear,5.2
2026-01-23,12:00,2026-01-23 12:00:00,Central,244,252,Rain,9.5
2026-01-23,12:00,2026-01-23 12:00:00,North,163,204,Clear,4.0
2026-01-23,12:00,2026-01-23 12:00:00,South,222,222,Heavy Rain,14.4
2026-01-23,12:00,2026-01-23 12:00:00,East,108,129,Cloudy,6.9
2026-01-23,12:00,2026-01-23 12:00:00,West,139,176,Clear,3.8
2026-01-23,13:00,2026-01-23 13:00:00,Central,224,270,Clear,4.6
2026-01-23,13:00,2026-01-23 13:00:00,North,196,182,Heavy Rain,14.6
2026-01-23,13:00,2026-01-23 13:00:00,South,175,220,Clear,4.8
2026-01-23,13:00,2026-01-23 13:00:00,East,119,156,Cloudy,6.4
2026-01-23,13:00,2026-01-23 13:00:00,West,132,165,Cloudy,6.9
2026-01-23,14:00,2026-01-23 14:00:00,Central,300,267,Heavy Rain,13.3
2026-01-23,14:00,2026-01-23 14:00:00,North,212,197,Heavy Rain,16.2
2026-01-23,14:00,2026-01-23 14:00:00,South,236,237,Heavy Rain,14.2
2026-01-23,14:00,2026-01-23 14:00:00,East,114,133,Clear,2.9
2026-01-23,14:00,2026-01-23 14:00:00,West,147,198,Clear,8.1
2026-01-23,15:00,2026-01-23 15:00:00,Central,230,285,Rain,7.5
2026-01-23,15:00,2026-01-23 15:00:00,North,192,198,Heavy Rain,13.4
2026-01-23,15:00,2026-01-23 15:00:00,South,186,214,Cloudy,6.6
2026-01-23,15:00,2026-01-23 15:00:00,East,131,146,Rain,6.6
2026-01-23,15:00,2026-01-23 15:00:00,West,149,168,Clear,6.2
2026-01-23,16:00,2026-01-23 16:00:00,Central,229,255,Rain,8.9
2026-01-23,16:00,2026-01-23 16:00:00,North,158,198,Cloudy,9.1
2026-01-23,16:00,2026-01-23 16:00:00,South,186,233,Rain,8.6
2026-01-23,16:00,2026-01-23 16:00:00,East,121,147,Clear,5.7
2026-01-23,16:00,2026-01-23 16:00:00,West,176,180,Rain,8.9
2026-01-23,17:00,2026-01-23 17:00:00,Central,339,246,Clear,9.9
2026-01-23,17:00,2026-01-23 17:00:00,North,214,152,Clear,6.8
2026-01-23,17:00,2026-01-23 17:00:00,South,265,176,Clear,6.9
2026-01-23,17:00,2026-01-23 17:00:00,East,173,116,Clear,9.2
2026-01-23,17:00,2026-01-23 17:00:00,West,248,158,Cloudy,10.6
2026-01-23,18:00,2026-01-23 18:00:00,Central,421,216,Heavy Rain,24.9
2026-01-23,18:00,2026-01-23 18:00:00,North,238,165,Clear,12.9
2026-01-23,18:00,2026-01-23 18:00:00,South,286,182,Clear,11.6
2026-01-23,18:00,2026-01-23 18:00:00,East,171,125,Clear,6.4
2026-01-23,18:00,2026-01-23 18:00:00,West,255,155,Clear,11.4
2026-01-23,19:00,2026-01-23 19:00:00,Central,309,207,Clear,13.3
2026-01-23,19:00,2026-01-23 19:00:00,North,229,139,Cloudy,11.1
2026-01-23,19:00,2026-01-23 19:00:00,South,283,193,Cloudy,12.1
2026-01-23,19:00,2026-01-23 19:00:00,East,169,115,Clear,8.1
2026-01-23,19:00,2026-01-23 19:00:00,West,211,137,Cloudy,10.2
2026-01-23,20:00,2026-01-23 20:00:00,Central,333,216,Clear,11.8
2026-01-23,20:00,2026-01-23 20:00:00,North,219,127,Cloudy,12.9
2026-01-23,20:00,2026-01-23 20:00:00,South,265,188,Clear,10.6
2026-01-23,20:00,2026-01-23 20:00:00,East,198,120,Clear,6.5
2026-01-23,20:00,2026-01-23 20:00:00,West,225,132,Clear,9.5
2026-01-23,21:00,2026-01-23 21:00:00,Central,147,257,Rain,10.6
2026-01-23,21:00,2026-01-23 21:00:00,North,99,208,Clear,2.0
2026-01-23,21:00,2026-01-23 21:00:00,South,100,213,Clear,4.7
2026-01-23,21:00,2026-01-23 21:00:00,East,70,161,Cloudy,6.3
2026-01-23,21:00,2026-01-23 21:00:00,West,99,175,Rain,9.0
2026-01-23,22:00,2026-01-23 22:00:00,Central,122,256,Cloudy,3.1
2026-01-23,22:00,2026-01-23 22:00:00,North,85,179,Cloudy,7.5
2026-01-23,22:00,2026-01-23 22:00:00,South,98,224,Clear,4.3
2026-01-23,22:00,2026-01-23 22:00:00,East,58,141,Cloudy,5.2
2026-01-23,22:00,2026-01-23 22:00:00,West,91,171,Clear,6.6
2026-01-23,23:00,2026-01-23 23:00:00,Central,135,250,Cloudy,5.3
2026-01-23,23:00,2026-01-23 23:00:00,North,102,183,Cloudy,3.1
2026-01-23,23:00,2026-01-23 23:00:00,South,94,205,Clear,3.7
2026-01-23,23:00,2026-01-23 23:00:00,East,65,144,Clear,5.9
2026-01-23,23:00,2026-01-23 23:00:00,West,75,189,Clear,6.4
2026-01-24,00:00,2026-01-24 00:00:00,Central,102,264,Cloudy,4.5
2026-01-24,00:00,2026-01-24 00:00:00,North,68,172,Cloudy,7.7
2026-01-24,00:00,2026-01-24 00:00:00,South,76,234,Clear,5.6
2026-01-24,00:00,2026-01-24 00:00:00,East,60,129,Clear,5.9
2026-01-24,00:00,2026-01-24 00:00:00,West,56,166,Cloudy,6.3
2026-01-24,01:00,2026-01-24 01:00:00,Central,88,249,Clear,4.0
2026-01-24,01:00,2026-01-24 01:00:00,North,85,200,Heavy Rain,15.1
2026-01-24,01:00,2026-01-24 01:00:00,South,74,228,Clear,5.2
2026-01-24,01:00,2026-01-24 01:00:00,East,62,171,Cloudy,3.1
2026-01-24,01:00,2026-01-24 01:00:00,West,68,180,Clear,3.3
2026-01-24,02:00,2026-01-24 02:00:00,Central,100,261,Clear,6.5
2026-01-24,02:00,2026-01-24 02:00:00,North,72,171,Cloudy,7.9
2026-01-24,02:00,2026-01-24 02:00:00,South,100,205,Cloudy,6.0
2026-01-24,02:00,2026-01-24 02:00:00,East,50,148,Clear,4.9
2026-01-24,02:00,2026-01-24 02:00:00,West,67,151,Clear,4.6
2026-01-24,03:00,2026-01-24 03:00:00,Central,112,257,Cloudy,7.2
2026-01-24,03:00,2026-01-24 03:00:00,North,79,179,Clear,4.9
2026-01-24,03:00,2026-01-24 03:00:00,South,82,192,Cloudy,8.8
2026-01-24,03:00,2026-01-24 03:00:00,East,53,129,Clear,6.4
2026-01-24,03:00,2026-01-24 03:00:00,West,67,179,Clear,6.4
2026-01-24,04:00,2026-01-24 04:00:00,Central,92,252,Clear,2.7
2026-01-24,04:00,2026-01-24 04:00:00,North,60,196,Clear,2.7
2026-01-24,04:00,2026-01-24 04:00:00,South,84,218,Clear,6.8
2026-01-24,04:00,2026-01-24 04:00:00,East,55,146,Clear,4.8
2026-01-24,04:00,2026-01-24 04:00:00,West,74,176,Clear,5.1
2026-01-24,05:00,2026-01-24 05:00:00,Central,106,256,Cloudy,8.4
2026-01-24,05:00,2026-01-24 05:00:00,North,77,165,Clear,5.7
2026-01-24,05:00,2026-01-24 05:00:00,South,72,211,Clear,4.3
2026-01-24,05:00,2026-01-24 05:00:00,East,57,130,Clear,4.1
2026-01-24,05:00,2026-01-24 05:00:00,West,66,169,Clear,2.0
2026-01-24,06:00,2026-01-24 06:00:00,Central,110,246,Clear,4.8
2026-01-24,06:00,2026-01-24 06:00:00,North,82,181,Rain,8.4
2026-01-24,06:00,2026-01-24 06:00:00,South,75,212,Clear,5.8
2026-01-24,06:00,2026-01-24 06:00:00,East,53,149,Cloudy,6.5
2026-01-24,06:00,2026-01-24 06:00:00,West,61,185,Clear,3.9
2026-01-24,07:00,2026-01-24 07:00:00,Central,273,225,Rain,8.9
2026-01-24,07:00,2026-01-24 07:00:00,North,169,160,Clear,6.2
2026-01-24,07:00,2026-01-24 07:00:00,South,204,198,Clear,4.3
2026-01-24,07:00,2026-01-24 07:00:00,East,146,133,Rain,9.3
2026-01-24,07:00,2026-01-24 07:00:00,West,178,143,Cloudy,8.6
2026-01-24,08:00,2026-01-24 08:00:00,Central,299,226,Rain,12.6
2026-01-24,08:00,2026-01-24 08:00:00,North,178,172,Rain,8.3
2026-01-24,08:00,2026-01-24 08:00:00,South,218,211,Cloudy,5.7
2026-01-24,08:00,2026-01-24 08:00:00,East,141,127,Clear,4.1
2026-01-24,08:00,2026-01-24 08:00:00,West,157,124,Clear,5.8
2026-01-24,09:00,2026-01-24 09:00:00,Central,318,214,Rain,15.1
2026-01-24,09:00,2026-01-24 09:00:00,North,197,160,Rain,9.4
2026-01-24,09:00,2026-01-24 09:00:00,South,209,179,Clear,7.0
2026-01-24,09:00,2026-01-24 09:00:00,East,153,118,Clear,7.9
2026-01-24,09:00,2026-01-24 09:00:00,West,159,166,Clear,3.7
2026-01-24,10:00,2026-01-24 10:00:00,Central,162,267,Clear,5.1
2026-01-24,10:00,2026-01-24 10:00:00,North,150,196,Rain,6.4
2026-01-24,10:00,2026-01-24 10:00:00,South,125,242,Clear,4.8
2026-01-24,10:00,2026-01-24 10:00:00,East,99,128,Clear,4.2
2026-01-24,10:00,2026-01-24 10:00:00,West,119,188,Clear,5.3
2026-01-24,11:00,2026-01-24 11:00:00,Central,179,252,Clear,5.1
2026-01-24,11:00,2026-01-24 11:00:00,North,124,166,Rain,8.4
2026-01-24,11:00,2026-01-24 11:00:00,South,123,228,Clear,4.2
2026-01-24,11:00,2026-01-24 11:00:00,East,110,123,Rain,8.6
2026-01-24,11:00,2026-01-24 11:00:00,West,124,191,Cloudy,9.2
2026-01-24,12:00,2026-01-24 12:00:00,Central,198,253,Rain,11.0
2026-01-24,12:00,2026-01-24 12:00:00,North,125,179,Clear,6.9
2026-01-24,12:00,2026-01-24 12:00:00,South,140,216,Clear,3.9
2026-01-24,12:00,2026-01-24 12:00:00,East,98,159,Clear,8.2
2026-01-24,12:00,2026-01-24 12:00:00,West,104,170,Clear,5.9
2026-01-24,13:00,2026-01-24 13:00:00,Central,201,262,Rain,10.1
2026-01-24,13:00,2026-01-24 13:00:00,North,117,197,Clear,5.8
2026-01-24,13:00,2026-01-24 13:00:00,South,147,221,Cloudy,4.9
2026-01-24,13:00,2026-01-24 13:00:00,East,91,136,Clear,6.2
2026-01-24,13:00,2026-01-24 13:00:00,West,133,147,Rain,7.3
2026-01-24,14:00,2026-01-24 14:00:00,Central,179,245,Cloudy,5.4
2026-01-24,14:00,2026-01-24 14:00:00,North,123,202,Clear,3.5
2026-01-24,14:00,2026-01-24 14:00:00,South,160,189,Clear,4.5
2026-01-24,14:00,2026-01-24 14:00:00,East,103,165,Clear,4.9
2026-01-24,14:00,2026-01-24 14:00:00,West,114,174,Clear,5.0
2026-01-24,15:00,2026-01-24 15:00:00,Central,169,266,Clear,6.6
2026-01-24,15:00,2026-01-24 15:00:00,North,123,153,Clear,6.9
2026-01-24,15:00,2026-01-24 15:00:00,South,181,210,Rain,11.4
2026-01-24,15:00,2026-01-24 15:00:00,East,101,169,Cloudy,9.3
2026-01-24,15:00,2026-01-24 15:00:00,West,117,189,Cloudy,8.4
2026-01-24,16:00,2026-01-24 16:00:00,Central,185,288,Cloudy,5.2
2026-01-24,16:00,2026-01-24 16:00:00,North,142,189,Clear,5.1
2026-01-24,16:00,2026-01-24 16:00:00,South,129,208,Clear,5.9
2026-01-24,16:00,2026-01-24 16:00:00,East,89,158,Cloudy,5.9
2026-01-24,16:00,2026-01-24 16:00:00,West,122,171,Clear,4.8
2026-01-24,17:00,2026-01-24 17:00:00,Central,280,220,Clear,7.6
2026-01-24,17:00,2026-01-24 17:00:00,North,213,168,Heavy Rain,17.3
2026-01-24,17:00,2026-01-24 17:00:00,South,242,182,Clear,10.1
2026-01-24,17:00,2026-01-24 17:00:00,East,180,109,Rain,12.8
2026-01-24,17:00,2026-01-24 17:00:00,West,205,141,Clear,9.3
2026-01-24,18:00,2026-01-24 18:00:00,Central,264,214,Cloudy,10.2
2026-01-24,18:00,2026-01-24 18:00:00,North,208,145,Clear,8.4
2026-01-24,18:00,2026-01-24 18:00:00,South,225,198,Cloudy,8.1
2026-01-24,18:00,2026-01-24 18:00:00,East,148,117,Clear,5.8
2026-01-24,18:00,2026-01-24 18:00:00,West,180,161,Cloudy,6.9
2026-01-24,19:00,2026-01-24 19:00:00,Central,266,215,Cloudy,7.8
2026-01-24,19:00,2026-01-24 19:00:00,North,243,163,Heavy Rain,18.5
2026-01-24,19:00,2026-01-24 19:00:00,South,206,172,Clear,7.8
2026-01-24,19:00,2026-01-24 19:00:00,East,172,128,Rain,10.8
2026-01-24,19:00,2026-01-24 19:00:00,West,193,164,Clear,8.5
2026-01-24,20:00,2026-01-24 20:00:00,Central,301,234,Clear,7.3
2026-01-24,20:00,2026-01-24 20:00:00,North,182,161,Clear,4.2
2026-01-24,20:00,2026-01-24 20:00:00,South,217,187,Clear,6.2
2026-01-24,20:00,2026-01-24 20:00:00,East,153,123,Clear,8.9
2026-01-24,20:00,2026-01-24 20:00:00,West,205,155,Clear,8.2
2026-01-24,21:00,2026-01-24 21:00:00,Central,104,270,Rain,9.9
2026-01-24,21:00,2026-01-24 21:00:00,North,80,192,Rain,11.1
2026-01-24,21:00,2026-01-24 21:00:00,South,87,197,Cloudy,4.7
2026-01-24,21:00,2026-01-24 21:00:00,East,61,134,Clear,5.3
2026-01-24,21:00,2026-01-24 21:00:00,West,66,164,Cloudy,4.7
2026-01-24,22:00,2026-01-24 22:00:00,Central,107,266,Cloudy,7.3
2026-01-24,22:00,2026-01-24 22:00:00,North,82,184,Rain,9.8
2026-01-24,22:00,2026-01-24 22:00:00,South,92,202,Rain,7.6
2026-01-24,22:00,2026-01-24 22:00:00,East,47,134,Clear,4.2
2026-01-24,22:00,2026-01-24 22:00:00,West,62,164,Cloudy,9.3
2026-01-24,23:00,2026-01-24 23:00:00,Central,99,255,Clear,4.0
2026-01-24,23:00,2026-01-24 23:00:00,North,104,165,Heavy Rain,14.9
2026-01-24,23:00,2026-01-24 23:00:00,South,69,213,Clear,4.2
2026-01-24,23:00,2026-01-24 23:00:00,East,59,136,Clear,5.6
2026-01-24,23:00,2026-01-24 23:00:00,West,78,195,Rain,8.6
2026-01-25,00:00,2026-01-25 00:00:00,Central,86,263,Clear,4.6
2026-01-25,00:00,2026-01-25 00:00:00,North,61,179,Clear,7.8
2026-01-25,00:00,2026-01-25 00:00:00,South,84,214,Clear,4.6
2026-01-25,00:00,2026-01-25 00:00:00,East,60,115,Rain,10.0
2026-01-25,00:00,2026-01-25 00:00:00,West,58,161,Clear,5.5
2026-01-25,01:00,2026-01-25 01:00:00,Central,108,254,Cloudy,7.2
2026-01-25,01:00,2026-01-25 01:00:00,North,85,182,Cloudy,7.5
2026-01-25,01:00,2026-01-25 01:00:00,South,83,205,Rain,8.8
2026-01-25,01:00,2026-01-25 01:00:00,East,66,131,Clear,5.0
2026-01-25,01:00,2026-01-25 01:00:00,West,72,165,Clear,5.4
2026-01-25,02:00,2026-01-25 02:00:00,Central,102,269,Clear,6.6
2026-01-25,02:00,2026-01-25 02:00:00,North,87,189,Rain,8.7
2026-01-25,02:00,2026-01-25 02:00:00,South,91,233,Cloudy,5.5
2026-01-25,02:00,2026-01-25 02:00:00,East,60,158,Rain,9.6
2026-01-25,02:00,2026-01-25 02:00:00,West,72,172,Clear,5.8
2026-01-25,03:00,2026-01-25 03:00:00,Central,97,273,Clear,5.3
2026-01-25,03:00,2026-01-25 03:00:00,North,77,192,Clear,5.4
2026-01-25,03:00,2026-01-25 03:00:00,South,83,206,Clear,4.4
2026-01-25,03:00,2026-01-25 03:00:00,East,43,159,Cloudy,6.1
2026-01-25,03:00,2026-01-25 03:00:00,West,68,188,Clear,6.1
2026-01-25,04:00,2026-01-25 04:00:00,Central,97,259,Clear,4.0
2026-01-25,04:00,2026-01-25 04:00:00,North,75,183,Rain,7.8
2026-01-25,04:00,2026-01-25 04:00:00,South,78,216,Clear,7.5
2026-01-25,04:00,2026-01-25 04:00:00,East,46,152,Clear,2.6
2026-01-25,04:00,2026-01-25 04:00:00,West,65,176,Rain,11.3
2026-01-25,05:00,2026-01-25 05:00:00,Central,118,255,Rain,9.9
2026-01-25,05:00,2026-01-25 05:00:00,North,71,182,Cloudy,5.3
2026-01-25,05:00,2026-01-25 05:00:00,South,87,212,Clear,5.6
2026-01-25,05:00,2026-01-25 05:00:00,East,51,141,Clear,3.1
2026-01-25,05:00,2026-01-25 05:00:00,West,70,172,Clear,6.6
2026-01-25,06:00,2026-01-25 06:00:00,Central,93,261,Rain,8.7
2026-01-25,06:00,2026-01-25 06:00:00,North,71,182,Clear,8.3
2026-01-25,06:00,2026-01-25 06:00:00,South,92,222,Rain,9.0
2026-01-25,06:00,2026-01-25 06:00:00,East,93,155,Heavy Rain,13.9
2026-01-25,06:00,2026-01-25 06:00:00,West,69,170,Clear,3.7
2026-01-25,07:00,2026-01-25 07:00:00,Central,219,202,Clear,7.4
2026-01-25,07:00,2026-01-25 07:00:00,North,174,146,Cloudy,7.6
2026-01-25,07:00,2026-01-25 07:00:00,South,199,199,Clear,5.6
2026-01-25,07:00,2026-01-25 07:00:00,East,142,94,Clear,8.2
2026-01-25,07:00,2026-01-25 07:00:00,West,149,142,Clear,3.8
2026-01-25,08:00,2026-01-25 08:00:00,Central,272,211,Clear,6.2
2026-01-25,08:00,2026-01-25 08:00:00,North,204,173,Rain,10.7
2026-01-25,08:00,2026-01-25 08:00:00,South,198,188,Clear,8.0
2026-01-25,08:00,2026-01-25 08:00:00,East,153,123,Rain,10.9
2026-01-25,08:00,2026-01-25 08:00:00,West,190,131,Rain,11.5
2026-01-25,09:00,2026-01-25 09:00:00,Central,257,228,Rain,9.1
2026-01-25,09:00,2026-01-25 09:00:00,North,172,148,Cloudy,5.3
2026-01-25,09:00,2026-01-25 09:00:00,South,233,179,Rain,10.0
2026-01-25,09:00,2026-01-25 09:00:00,East,145,124,Cloudy,5.1
2026-01-25,09:00,2026-01-25 09:00:00,West,181,162,Heavy Rain,17.5
2026-01-25,10:00,2026-01-25 10:00:00,Central,186,269,Cloudy,4.6
2026-01-25,10:00,2026-01-25 10:00:00,North,133,176,Clear,6.5
2026-01-25,10:00,2026-01-25 10:00:00,South,156,206,Cloudy,4.2
2026-01-25,10:00,2026-01-25 10:00:00,East,101,134,Clear,3.2
2026-01-25,10:00,2026-01-25 10:00:00,West,118,172,Clear,7.2
2026-01-25,11:00,2026-01-25 11:00:00,Central,159,276,Clear,6.3
2026-01-25,11:00,2026-01-25 11:00:00,North,131,175,Cloudy,3.7
2026-01-25,11:00,2026-01-25 11:00:00,South,122,201,Clear,6.7
2026-01-25,11:00,2026-01-25 11:00:00,East,99,141,Clear,2.1
2026-01-25,11:00,2026-01-25 11:00:00,West,129,151,Cloudy,9.5
2026-01-25,12:00,2026-01-25 12:00:00,Central,195,276,Clear,3.9
2026-01-25,12:00,2026-01-25 12:00:00,North,120,195,Clear,5.5
2026-01-25,12:00,2026-01-25 12:00:00,South,149,205,Clear,6.5
2026-01-25,12:00,2026-01-25 12:00:00,East,100,141,Clear,5.3
2026-01-25,12:00,2026-01-25 12:00:00,West,100,171,Clear,4.8
2026-01-25,13:00,2026-01-25 13:00:00,Central,178,274,Clear,5.8
2026-01-25,13:00,2026-01-25 13:00:00,North,138,193,Rain,7.9
2026-01-25,13:00,2026-01-25 13:00:00,South,145,210,Clear,4.1
2026-01-25,13:00,2026-01-25 13:00:00,East,119,122,Rain,6.9
2026-01-25,13:00,2026-01-25 13:00:00,West,125,185,Heavy Rain,12.8
2026-01-25,14:00,2026-01-25 14:00:00,Central,176,253,Clear,6.2
2026-01-25,14:00,2026-01-25 14:00:00,North,137,196,Cloudy,5.9
2026-01-25,14:00,2026-01-25 14:00:00,South,153,219,Cloudy,5.1
2026-01-25,14:00,2026-01-25 14:00:00,East,131,153,Rain,8.4
2026-01-25,14:00,2026-01-25 14:00:00,West,113,167,Clear,7.9
2026-01-25,15:00,2026-01-25 15:00:00,Central,227,272,Heavy Rain,10.8
2026-01-25,15:00,2026-01-25 15:00:00,North,136,218,Clear,3.6
2026-01-25,15:00,2026-01-25 15:00:00,South,173,212,Rain,9.3
2026-01-25,15:00,2026-01-25 15:00:00,East,101,139,Clear,7.3
2026-01-25,15:00,2026-01-25 15:00:00,West,114,190,Clear,4.9
2026-01-25,16:00,2026-01-25 16:00:00,Central,199,268,Rain,8.8
2026-01-25,16:00,2026-01-25 16:00:00,North,134,200,Rain,8.8
2026-01-25,16:00,2026-01-25 16:00:00,South,148,190,Cloudy,4.2
2026-01-25,16:00,2026-01-25 16:00:00,East,95,139,Clear,4.1
2026-01-25,16:00,2026-01-25 16:00:00,West,130,174,Clear,6.4
2026-01-25,17:00,2026-01-25 17:00:00,Central,289,236,Cloudy,10.8
2026-01-25,17:00,2026-01-25 17:00:00,North,188,159,Clear,7.2
2026-01-25,17:00,2026-01-25 17:00:00,South,234,190,Clear,8.6
2026-01-25,17:00,2026-01-25 17:00:00,East,177,121,Rain,10.9
2026-01-25,17:00,2026-01-25 17:00:00,West,197,174,Cloudy,6.8
2026-01-25,18:00,2026-01-25 18:00:00,Central,266,216,Clear,6.6
2026-01-25,18:00,2026-01-25 18:00:00,North,184,147,Clear,10.0
2026-01-25,18:00,2026-01-25 18:00:00,South,247,186,Rain,12.4
2026-01-25,18:00,2026-01-25 18:00:00,East,156,102,Cloudy,7.1
2026-01-25,18:00,2026-01-25 18:00:00,West,173,136,Clear,7.2
2026-01-25,19:00,2026-01-25 19:00:00,Central,374,214,Heavy Rain,20.5
2026-01-25,19:00,2026-01-25 19:00:00,North,190,153,Clear,5.1
2026-01-25,19:00,2026-01-25 19:00:00,South,220,180,Clear,5.6
2026-01-25,19:00,2026-01-25 19:00:00,East,145,121,Clear,6.8
2026-01-25,19:00,2026-01-25 19:00:00,West,184,159,Clear,7.0
2026-01-25,20:00,2026-01-25 20:00:00,Central,283,223,Clear,8.9
2026-01-25,20:00,2026-01-25 20:00:00,North,205,159,Cloudy,10.9
2026-01-25,20:00,2026-01-25 20:00:00,South,266,186,Rain,11.6
2026-01-25,20:00,2026-01-25 20:00:00,East,166,125,Clear,8.3
2026-01-25,20:00,2026-01-25 20:00:00,West,188,145,Clear,8.0
2026-01-25,21:00,2026-01-25 21:00:00,Central,107,245,Cloudy,4.5
2026-01-25,21:00,2026-01-25 21:00:00,North,71,212,Clear,6.2
2026-01-25,21:00,2026-01-25 21:00:00,South,82,212,Clear,4.2
2026-01-25,21:00,2026-01-25 21:00:00,East,57,163,Clear,6.8
2026-01-25,21:00,2026-01-25 21:00:00,West,70,191,Clear,5.4
2026-01-25,22:00,2026-01-25 22:00:00,Central,108,246,Cloudy,8.1
2026-01-25,22:00,2026-01-25 22:00:00,North,79,185,Cloudy,6.9
2026-01-25,22:00,2026-01-25 22:00:00,South,82,204,Cloudy,7.1
2026-01-25,22:00,2026-01-25 22:00:00,East,63,135,Clear,5.1
2026-01-25,22:00,2026-01-25 22:00:00,West,98,164,Heavy Rain,18.0
2026-01-25,23:00,2026-01-25 23:00:00,Central,95,253,Clear,2.3
2026-01-25,23:00,2026-01-25 23:00:00,North,67,196,Clear,6.3
2026-01-25,23:00,2026-01-25 23:00:00,South,80,220,Clear,5.1
2026-01-25,23:00,2026-01-25 23:00:00,East,63,130,Rain,8.9
2026-01-25,23:00,2026-01-25 23:00:00,West,69,172,Clear,4.8
2026-01-26,00:00,2026-01-26 00:00:00,Central,119,271,Cloudy,4.1
2026-01-26,00:00,2026-01-26 00:00:00,North,91,168,Rain,9.6
2026-01-26,00:00,2026-01-26 00:00:00,South,112,225,Rain,10.3
2026-01-26,00:00,2026-01-26 00:00:00,East,89,135,Heavy Rain,14.0
2026-01-26,00:00,2026-01-26 00:00:00,West,79,175,Clear,3.9
2026-01-26,01:00,2026-01-26 01:00:00,Central,121,254,Clear,3.4
2026-01-26,01:00,2026-01-26 01:00:00,North,93,193,Rain,9.3
2026-01-26,01:00,2026-01-26 01:00:00,South,97,210,Clear,7.3
2026-01-26,01:00,2026-01-26 01:00:00,East,81,141,Clear,4.2
2026-01-26,01:00,2026-01-26 01:00:00,West,82,171,Clear,6.3
2026-01-26,02:00,2026-01-26 02:00:00,Central,148,264,Rain,8.4
2026-01-26,02:00,2026-01-26 02:00:00,North,88,170,Clear,4.4
2026-01-26,02:00,2026-01-26 02:00:00,South,105,213,Clear,7.1
2026-01-26,02:00,2026-01-26 02:00:00,East,86,142,Heavy Rain,15.5
2026-01-26,02:00,2026-01-26 02:00:00,West,73,154,Clear,6.6
2026-01-26,03:00,2026-01-26 03:00:00,Central,119,266,Clear,5.0
2026-01-26,03:00,2026-01-26 03:00:00,North,99,183,Clear,5.5
2026-01-26,03:00,2026-01-26 03:00:00,South,91,209,Clear,6.2
2026-01-26,03:00,2026-01-26 03:00:00,East,58,150,Clear,4.0
2026-01-26,03:00,2026-01-26 03:00:00,West,69,204,Clear,5.9
2026-01-26,04:00,2026-01-26 04:00:00,Central,114,275,Cloudy,6.5
2026-01-26,04:00,2026-01-26 04:00:00,North,95,177,Rain,6.7
2026-01-26,04:00,2026-01-26 04:00:00,South,117,219,Clear,4.9
2026-01-26,04:00,2026-01-26 04:00:00,East,73,131,Rain,8.8
2026-01-26,04:00,2026-01-26 04:00:00,West,109,179,Heavy Rain,13.1
2026-01-26,05:00,2026-01-26 05:00:00,Central,156,276,Heavy Rain,15.2
2026-01-26,05:00,2026-01-26 05:00:00,North,77,185,Clear,4.9
2026-01-26,05:00,2026-01-26 05:00:00,South,88,185,Clear,3.3
2026-01-26,05:00,2026-01-26 05:00:00,East,81,131,Rain,9.4
2026-01-26,05:00,2026-01-26 05:00:00,West,103,177,Heavy Rain,16.9
2026-01-26,06:00,2026-01-26 06:00:00,Central,120,259,Clear,6.4
2026-01-26,06:00,2026-01-26 06:00:00,North,93,191,Rain,10.9
2026-01-26,06:00,2026-01-26 06:00:00,South,94,232,Clear,5.7
2026-01-26,06:00,2026-01-26 06:00:00,East,77,157,Cloudy,6.1
2026-01-26,06:00,2026-01-26 06:00:00,West,92,168,Clear,6.5
2026-01-26,07:00,2026-01-26 07:00:00,Central,297,233,Clear,8.1
2026-01-26,07:00,2026-01-26 07:00:00,North,176,159,Clear,7.3
2026-01-26,07:00,2026-01-26 07:00:00,South,219,185,Clear,7.5
2026-01-26,07:00,2026-01-26 07:00:00,East,176,143,Clear,5.9
2026-01-26,07:00,2026-01-26 07:00:00,West,186,160,Clear,8.5
2026-01-26,08:00,2026-01-26 08:00:00,Central,315,232,Clear,11.5
2026-01-26,08:00,2026-01-26 08:00:00,North,218,160,Clear,9.6
2026-01-26,08:00,2026-01-26 08:00:00,South,247,185,Rain,9.2
2026-01-26,08:00,2026-01-26 08:00:00,East,179,139,Cloudy,8.1
2026-01-26,08:00,2026-01-26 08:00:00,West,188,157,Cloudy,6.7
2026-01-26,09:00,2026-01-26 09:00:00,Central,322,224,Clear,8.7
2026-01-26,09:00,2026-01-26 09:00:00,North,242,165,Clear,9.2
2026-01-26,09:00,2026-01-26 09:00:00,South,226,184,Rain,10.9
2026-01-26,09:00,2026-01-26 09:00:00,East,159,141,Clear,6.1
2026-01-26,09:00,2026-01-26 09:00:00,West,215,141,Clear,9.6
2026-01-26,10:00,2026-01-26 10:00:00,Central,239,250,Rain,10.6
2026-01-26,10:00,2026-01-26 10:00:00,North,146,191,Clear,6.6
2026-01-26,10:00,2026-01-26 10:00:00,South,165,209,Clear,3.1
2026-01-26,10:00,2026-01-26 10:00:00,East,118,173,Cloudy,7.9
2026-01-26,10:00,2026-01-26 10:00:00,West,204,180,Rain,7.7
2026-01-26,11:00,2026-01-26 11:00:00,Central,212,255,Clear,4.8
2026-01-26,11:00,2026-01-26 11:00:00,North,160,161,Cloudy,7.7
2026-01-26,11:00,2026-01-26 11:00:00,South,154,198,Clear,3.9
2026-01-26,11:00,2026-01-26 11:00:00,East,140,159,Rain,10.2
2026-01-26,11:00,2026-01-26 11:00:00,West,165,180,Rain,7.6
2026-01-26,12:00,2026-01-26 12:00:00,Central,229,258,Clear,6.9
2026-01-26,12:00,2026-01-26 12:00:00,North,156,182,Clear,3.5
2026-01-26,12:00,2026-01-26 12:00:00,South,163,215,Clear,5.2
2026-01-26,12:00,2026-01-26 12:00:00,East,107,163,Clear,4.5
2026-01-26,12:00,2026-01-26 12:00:00,West,160,183,Clear,5.1
2026-01-26,13:00,2026-01-26 13:00:00,Central,240,261,Rain,8.6
2026-01-26,13:00,2026-01-26 13:00:00,North,166,159,Rain,9.3
2026-01-26,13:00,2026-01-26 13:00:00,South,190,219,Clear,6.1
2026-01-26,13:00,2026-01-26 13:00:00,East,119,141,Clear,2.8
2026-01-26,13:00,2026-01-26 13:00:00,West,191,178,Rain,12.2
2026-01-26,14:00,2026-01-26 14:00:00,Central,214,271,Clear,7.0
2026-01-26,14:00,2026-01-26 14:00:00,North,139,190,Cloudy,5.3
2026-01-26,14:00,2026-01-26 14:00:00,South,170,198,Clear,2.4
2026-01-26,14:00,2026-01-26 14:00:00,East,142,144,Rain,6.5
2026-01-26,14:00,2026-01-26 14:00:00,West,149,157,Clear,2.2
2026-01-26,15:00,2026-01-26 15:00:00,Central,183,262,Clear,4.5
2026-01-26,15:00,2026-01-26 15:00:00,North,143,166,Clear,5.0
2026-01-26,15:00,2026-01-26 15:00:00,South,165,228,Cloudy,6.8
2026-01-26,15:00,2026-01-26 15:00:00,East,132,146,Clear,7.6
2026-01-26,15:00,2026-01-26 15:00:00,West,137,192,Clear,4.3
2026-01-26,16:00,2026-01-26 16:00:00,Central,196,254,Clear,3.1
2026-01-26,16:00,2026-01-26 16:00:00,North,148,191,Cloudy,6.9
2026-01-26,16:00,2026-01-26 16:00:00,South,176,215,Clear,6.7
2026-01-26,16:00,2026-01-26 16:00:00,East,120,136,Cloudy,6.9
2026-01-26,16:00,2026-01-26 16:00:00,West,144,188,Clear,6.2
2026-01-26,17:00,2026-01-26 17:00:00,Central,440,230,Rain,18.0
2026-01-26,17:00,2026-01-26 17:00:00,North,258,168,Clear,10.1
2026-01-26,17:00,2026-01-26 17:00:00,South,270,179,Clear,8.5
2026-01-26,17:00,2026-01-26 17:00:00,East,162,108,Clear,9.2
2026-01-26,17:00,2026-01-26 17:00:00,West,246,143,Cloudy,12.5
2026-01-26,18:00,2026-01-26 18:00:00,Central,284,211,Cloudy,9.8
2026-01-26,18:00,2026-01-26 18:00:00,North,256,153,Clear,13.6
2026-01-26,18:00,2026-01-26 18:00:00,South,277,173,Clear,9.1
2026-01-26,18:00,2026-01-26 18:00:00,East,185,134,Clear,8.7
2026-01-26,18:00,2026-01-26 18:00:00,West,217,149,Clear,8.6
2026-01-26,19:00,2026-01-26 19:00:00,Central,334,231,Clear,12.9
2026-01-26,19:00,2026-01-26 19:00:00,North,243,152,Clear,12.0
2026-01-26,19:00,2026-01-26 19:00:00,South,259,187,Clear,9.3
2026-01-26,19:00,2026-01-26 19:00:00,East,233,161,Rain,13.2
2026-01-26,19:00,2026-01-26 19:00:00,West,224,146,Clear,7.7
2026-01-26,20:00,2026-01-26 20:00:00,Central,413,224,Clear,14.6
2026-01-26,20:00,2026-01-26 20:00:00,North,305,164,Heavy Rain,23.5
2026-01-26,20:00,2026-01-26 20:00:00,South,274,201,Clear,8.5
2026-01-26,20:00,2026-01-26 20:00:00,East,184,123,Clear,7.4
2026-01-26,20:00,2026-01-26 20:00:00,West,236,128,Clear,11.5
2026-01-26,21:00,2026-01-26 21:00:00,Central,118,281,Clear,6.0
2026-01-26,21:00,2026-01-26 21:00:00,North,102,198,Rain,9.1
2026-01-26,21:00,2026-01-26 21:00:00,South,83,229,Cloudy,5.2
2026-01-26,21:00,2026-01-26 21:00:00,East,61,124,Clear,2.8
2026-01-26,21:00,2026-01-26 21:00:00,West,81,175,Clear,4.2
2026-01-26,22:00,2026-01-26 22:00:00,Central,129,250,Clear,3.7
2026-01-26,22:00,2026-01-26 22:00:00,North,93,181,Clear,7.4
2026-01-26,22:00,2026-01-26 22:00:00,South,121,227,Rain,6.8
2026-01-26,22:00,2026-01-26 22:00:00,East,72,154,Clear,6.9
2026-01-26,22:00,2026-01-26 22:00:00,West,83,171,Clear,5.0
2026-01-26,23:00,2026-01-26 23:00:00,Central,110,252,Cloudy,6.2
2026-01-26,23:00,2026-01-26 23:00:00,North,81,174,Clear,5.3
2026-01-26,23:00,2026-01-26 23:00:00,South,123,213,Clear,5.5
2026-01-26,23:00,2026-01-26 23:00:00,East,79,160,Rain,7.6
2026-01-26,23:00,2026-01-26 23:00:00,West,89,184,Cloudy,5.2
2026-01-27,00:00,2026-01-27 00:00:00,Central,120,264,Clear,4.5
2026-01-27,00:00,2026-01-27 00:00:00,North,95,157,Cloudy,5.7
2026-01-27,00:00,2026-01-27 00:00:00,South,105,222,Cloudy,5.3
2026-01-27,00:00,2026-01-27 00:00:00,East,78,142,Clear,6.5
2026-01-27,00:00,2026-01-27 00:00:00,West,93,185,Clear,3.4
2026-01-27,01:00,2026-01-27 01:00:00,Central,125,261,Clear,2.0
2026-01-27,01:00,2026-01-27 01:00:00,North,99,185,Rain,8.9
2026-01-27,01:00,2026-01-27 01:00:00,South,111,218,Cloudy,4.7
2026-01-27,01:00,2026-01-27 01:00:00,East,66,145,Clear,4.5
2026-01-27,01:00,2026-01-27 01:00:00,West,82,175,Cloudy,5.5
2026-01-27,02:00,2026-01-27 02:00:00,Central,128,246,Clear,4.1
2026-01-27,02:00,2026-01-27 02:00:00,North,87,182,Clear,3.9
2026-01-27,02:00,2026-01-27 02:00:00,South,85,206,Cloudy,5.5
2026-01-27,02:00,2026-01-27 02:00:00,East,64,141,Clear,5.4
2026-01-27,02:00,2026-01-27 02:00:00,West,75,166,Cloudy,5.0
2026-01-27,03:00,2026-01-27 03:00:00,Central,143,259,Clear,8.9
2026-01-27,03:00,2026-01-27 03:00:00,North,102,192,Clear,5.0
2026-01-27,03:00,2026-01-27 03:00:00,South,97,216,Clear,3.0
2026-01-27,03:00,2026-01-27 03:00:00,East,92,125,Rain,9.6
2026-01-27,03:00,2026-01-27 03:00:00,West,80,181,Cloudy,5.3
2026-01-27,04:00,2026-01-27 04:00:00,Central,140,285,Cloudy,6.0
2026-01-27,04:00,2026-01-27 04:00:00,North,85,177,Cloudy,4.8
2026-01-27,04:00,2026-01-27 04:00:00,South,112,212,Cloudy,4.1
2026-01-27,04:00,2026-01-27 04:00:00,East,82,141,Heavy Rain,15.4
2026-01-27,04:00,2026-01-27 04:00:00,West,74,163,Clear,5.9
2026-01-27,05:00,2026-01-27 05:00:00,Central,171,254,Heavy Rain,17.5
2026-01-27,05:00,2026-01-27 05:00:00,North,92,176,Cloudy,6.0
2026-01-27,05:00,2026-01-27 05:00:00,South,91,220,Cloudy,3.8
2026-01-27,05:00,2026-01-27 05:00:00,East,63,122,Clear,2.0
2026-01-27,05:00,2026-01-27 05:00:00,West,94,164,Clear,4.3
2026-01-27,06:00,2026-01-27 06:00:00,Central,126,246,Clear,4.2
2026-01-27,06:00,2026-01-27 06:00:00,North,90,174,Clear,6.6
2026-01-27,06:00,2026-01-27 06:00:00,South,121,228,Heavy Rain,15.3
2026-01-27,06:00,2026-01-27 06:00:00,East,53,146,Clear,7.3
2026-01-27,06:00,2026-01-27 06:00:00,West,76,196,Clear,2.8
2026-01-27,07:00,2026-01-27 07:00:00,Central,308,211,Cloudy,10.1
2026-01-27,07:00,2026-01-27 07:00:00,North,228,152,Clear,12.4
2026-01-27,07:00,2026-01-27 07:00:00,South,255,166,Clear,9.5
2026-01-27,07:00,2026-01-27 07:00:00,East,182,118,Clear,7.7
2026-01-27,07:00,2026-01-27 07:00:00,West,204,149,Clear,9.4
2026-01-27,08:00,2026-01-27 08:00:00,Central,344,215,Rain,17.8
2026-01-27,08:00,2026-01-27 08:00:00,North,212,151,Clear,6.2
2026-01-27,08:00,2026-01-27 08:00:00,South,301,176,Rain,17.0
2026-01-27,08:00,2026-01-27 08:00:00,East,168,122,Clear,6.1
2026-01-27,08:00,2026-01-27 08:00:00,West,175,173,Clear,2.8
2026-01-27,09:00,2026-01-27 09:00:00,Central,464,219,Heavy Rain,27.9
2026-01-27,09:00,2026-01-27 09:00:00,North,256,149,Rain,12.8
2026-01-27,09:00,2026-01-27 09:00:00,South,252,189,Cloudy,9.8
2026-01-27,09:00,2026-01-27 09:00:00,East,197,117,Rain,15.5
2026-01-27,09:00,2026-01-27 09:00:00,West,249,135,Rain,18.9
2026-01-27,10:00,2026-01-27 10:00:00,Central,207,255,Cloudy,4.0
2026-01-27,10:00,2026-01-27 10:00:00,North,158,200,Clear,3.9
2026-01-27,10:00,2026-01-27 10:00:00,South,141,209,Clear,3.1
2026-01-27,10:00,2026-01-27 10:00:00,East,172,144,Heavy Rain,17.8
2026-01-27,10:00,2026-01-27 10:00:00,West,153,187,Clear,5.5
2026-01-27,11:00,2026-01-27 11:00:00,Central,293,274,Heavy Rain,15.4
2026-01-27,11:00,2026-01-27 11:00:00,North,143,199,Cloudy,6.3
2026-01-27,11:00,2026-01-27 11:00:00,South,178,197,Clear,7.4
2026-01-27,11:00,2026-01-27 11:00:00,East,137,144,Heavy Rain,17.3
2026-01-27,11:00,2026-01-27 11:00:00,West,131,183,Clear,5.2
2026-01-27,12:00,2026-01-27 12:00:00,Central,232,268,Rain,10.1
2026-01-27,12:00,2026-01-27 12:00:00,North,147,193,Cloudy,7.2
2026-01-27,12:00,2026-01-27 12:00:00,South,172,218,Clear,8.1
2026-01-27,12:00,2026-01-27 12:00:00,East,127,145,Clear,5.7
2026-01-27,12:00,2026-01-27 12:00:00,West,145,182,Clear,5.4
2026-01-27,13:00,2026-01-27 13:00:00,Central,284,252,Rain,10.7
2026-01-27,13:00,2026-01-27 13:00:00,North,138,176,Cloudy,5.5
2026-01-27,13:00,2026-01-27 13:00:00,South,197,220,Cloudy,4.0
2026-01-27,13:00,2026-01-27 13:00:00,East,140,143,Clear,4.7
2026-01-27,13:00,2026-01-27 13:00:00,West,156,183,Cloudy,6.2
2026-01-27,14:00,2026-01-27 14:00:00,Central,228,258,Clear,4.8
2026-01-27,14:00,2026-01-27 14:00:00,North,152,190,Clear,3.2
2026-01-27,14:00,2026-01-27 14:00:00,South,173,213,Cloudy,7.5
2026-01-27,14:00,2026-01-27 14:00:00,East,127,140,Cloudy,6.8
2026-01-27,14:00,2026-01-27 14:00:00,West,150,183,Rain,8.7
2026-01-27,15:00,2026-01-27 15:00:00,Central,217,265,Rain,8.5
2026-01-27,15:00,2026-01-27 15:00:00,North,129,172,Clear,5.2
2026-01-27,15:00,2026-01-27 15:00:00,South,200,201,Cloudy,6.6
2026-01-27,15:00,2026-01-27 15:00:00,East,147,135,Rain,8.2
2026-01-27,15:00,2026-01-27 15:00:00,West,131,179,Clear,7.4
2026-01-27,16:00,2026-01-27 16:00:00,Central,269,249,Rain,9.2
2026-01-27,16:00,2026-01-27 16:00:00,North,157,158,Clear,4.6
2026-01-27,16:00,2026-01-27 16:00:00,South,162,222,Clear,5.5
2026-01-27,16:00,2026-01-27 16:00:00,East,125,137,Cloudy,6.3
2026-01-27,16:00,2026-01-27 16:00:00,West,175,157,Rain,10.1
2026-01-27,17:00,2026-01-27 17:00:00,Central,357,215,Cloudy,13.7
2026-01-27,17:00,2026-01-27 17:00:00,North,276,142,Rain,14.9
2026-01-27,17:00,2026-01-27 17:00:00,South,324,158,Clear,13.6
2026-01-27,17:00,2026-01-27 17:00:00,East,201,100,Clear,8.5
2026-01-27,17:00,2026-01-27 17:00:00,West,226,155,Clear,11.8
2026-01-27,18:00,2026-01-27 18:00:00,Central,327,237,Clear,11.2
2026-01-27,18:00,2026-01-27 18:00:00,North,236,160,Cloudy,11.4
2026-01-27,18:00,2026-01-27 18:00:00,South,297,198,Cloudy,11.5
2026-01-27,18:00,2026-01-27 18:00:00,East,177,128,Clear,10.2
2026-01-27,18:00,2026-01-27 18:00:00,West,303,134,Heavy Rain,25.1
2026-01-27,19:00,2026-01-27 19:00:00,Central,315,233,Cloudy,11.4
2026-01-27,19:00,2026-01-27 19:00:00,North,270,150,Rain,15.6
2026-01-27,19:00,2026-01-27 19:00:00,South,318,156,Clear,15.8
2026-01-27,19:00,2026-01-27 19:00:00,East,183,139,Clear,5.9
2026-01-27,19:00,2026-01-27 19:00:00,West,288,160,Rain,16.7
2026-01-27,20:00,2026-01-27 20:00:00,Central,339,195,Cloudy,13.0
2026-01-27,20:00,2026-01-27 20:00:00,North,256,161,Rain,15.0
2026-01-27,20:00,2026-01-27 20:00:00,South,263,155,Clear,11.1
2026-01-27,20:00,2026-01-27 20:00:00,East,205,131,Clear,10.5
2026-01-27,20:00,2026-01-27 20:00:00,West,211,149,Clear,9.4
2026-01-27,21:00,2026-01-27 21:00:00,Central,125,267,Clear,4.6
2026-01-27,21:00,2026-01-27 21:00:00,North,90,209,Clear,2.7
2026-01-27,21:00,2026-01-27 21:00:00,South,114,223,Clear,6.8
2026-01-27,21:00,2026-01-27 21:00:00,East,70,162,Cloudy,5.1
2026-01-27,21:00,2026-01-27 21:00:00,West,79,188,Clear,4.2
2026-01-27,22:00,2026-01-27 22:00:00,Central,142,273,Rain,10.0
2026-01-27,22:00,2026-01-27 22:00:00,North,82,174,Clear,3.8
2026-01-27,22:00,2026-01-27 22:00:00,South,93,208,Clear,6.6
2026-01-27,22:00,2026-01-27 22:00:00,East,69,143,Cloudy,6.4
2026-01-27,22:00,2026-01-27 22:00:00,West,73,203,Clear,6.7
2026-01-27,23:00,2026-01-27 23:00:00,Central,133,260,Cloudy,6.9
2026-01-27,23:00,2026-01-27 23:00:00,North,79,186,Clear,3.6
2026-01-27,23:00,2026-01-27 23:00:00,South,95,227,Clear,7.4
2026-01-27,23:00,2026-01-27 23:00:00,East,64,149,Cloudy,4.9
2026-01-27,23:00,2026-01-27 23:00:00,West,91,165,Rain,10.0
2026-01-28,00:00,2026-01-28 00:00:00,Central,124,267,Clear,4.0
2026-01-28,00:00,2026-01-28 00:00:00,North,93,192,Clear,6.6
2026-01-28,00:00,2026-01-28 00:00:00,South,120,234,Cloudy,4.6
2026-01-28,00:00,2026-01-28 00:00:00,East,76,141,Clear,6.1
2026-01-28,00:00,2026-01-28 00:00:00,West,67,154,Clear,5.6
2026-01-28,01:00,2026-01-28 01:00:00,Central,131,238,Cloudy,5.4
2026-01-28,01:00,2026-01-28 01:00:00,North,88,173,Cloudy,6.6
2026-01-28,01:00,2026-01-28 01:00:00,South,103,209,Cloudy,5.9
2026-01-28,01:00,2026-01-28 01:00:00,East,68,165,Cloudy,7.4
2026-01-28,01:00,2026-01-28 01:00:00,West,81,180,Clear,5.7
2026-01-28,02:00,2026-01-28 02:00:00,Central,130,253,Clear,6.2
2026-01-28,02:00,2026-01-28 02:00:00,North,79,187,Clear,4.9
2026-01-28,02:00,2026-01-28 02:00:00,South,89,202,Clear,5.0
2026-01-28,02:00,2026-01-28 02:00:00,East,60,156,Clear,5.9
2026-01-28,02:00,2026-01-28 02:00:00,West,83,170,Clear,5.2
2026-01-28,03:00,2026-01-28 03:00:00,Central,122,268,Cloudy,5.3
2026-01-28,03:00,2026-01-28 03:00:00,North,95,195,Rain,10.2
2026-01-28,03:00,2026-01-28 03:00:00,South,102,222,Clear,6.0
2026-01-28,03:00,2026-01-28 03:00:00,East,76,140,Rain,9.5
2026-01-28,03:00,2026-01-28 03:00:00,West,98,177,Clear,2.3
2026-01-28,04:00,2026-01-28 04:00:00,Central,151,280,Rain,6.1
2026-01-28,04:00,2026-01-28 04:00:00,North,86,179,Clear,4.9
2026-01-28,04:00,2026-01-28 04:00:00,South,85,194,Clear,5.2
2026-01-28,04:00,2026-01-28 04:00:00,East,64,161,Clear,3.8
2026-01-28,04:00,2026-01-28 04:00:00,West,82,167,Clear,3.9
2026-01-28,05:00,2026-01-28 05:00:00,Central,138,271,Clear,6.0
2026-01-28,05:00,2026-01-28 05:00:00,North,101,156,Rain,7.0
2026-01-28,05:00,2026-01-28 05:00:00,South,97,203,Cloudy,3.2
2026-01-28,05:00,2026-01-28 05:00:00,East,72,148,Clear,4.5
2026-01-28,05:00,2026-01-28 05:00:00,West,111,168,Rain,9.3
2026-01-28,06:00,2026-01-28 06:00:00,Central,123,255,Clear,4.2
2026-01-28,06:00,2026-01-28 06:00:00,North,94,170,Clear,6.3
2026-01-28,06:00,2026-01-28 06:00:00,South,104,192,Clear,5.7
2026-01-28,06:00,2026-01-28 06:00:00,East,61,126,Cloudy,6.5
2026-01-28,06:00,2026-01-28 06:00:00,West,81,171,Clear,6.0
2026-01-28,07:00,2026-01-28 07:00:00,Central,313,227,Cloudy,9.8
2026-01-28,07:00,2026-01-28 07:00:00,North,236,142,Clear,7.8
2026-01-28,07:00,2026-01-28 07:00:00,South,236,185,Clear,7.6
2026-01-28,07:00,2026-01-28 07:00:00,East,170,121,Rain,11.1
2026-01-28,07:00,2026-01-28 07:00:00,West,205,159,Clear,7.1
2026-01-28,08:00,2026-01-28 08:00:00,Central,298,210,Clear,10.6
2026-01-28,08:00,2026-01-28 08:00:00,North,183,145,Clear,6.8
2026-01-28,08:00,2026-01-28 08:00:00,South,236,178,Clear,8.4
2026-01-28,08:00,2026-01-28 08:00:00,East,163,141,Cloudy,5.6
2026-01-28,08:00,2026-01-28 08:00:00,West,210,153,Cloudy,7.9
2026-01-28,09:00,2026-01-28 09:00:00,Central,302,229,Clear,6.3
2026-01-28,09:00,2026-01-28 09:00:00,North,213,153,Clear,7.6
2026-01-28,09:00,2026-01-28 09:00:00,South,209,185,Clear,8.4
2026-01-28,09:00,2026-01-28 09:00:00,East,201,124,Rain,13.5
2026-01-28,09:00,2026-01-28 09:00:00,West,245,135,Rain,12.9
2026-01-28,10:00,2026-01-28 10:00:00,Central,242,270,Clear,4.2
2026-01-28,10:00,2026-01-28 10:00:00,North,157,190,Clear,3.5
2026-01-28,10:00,2026-01-28 10:00:00,South,173,217,Clear,6.2
2026-01-28,10:00,2026-01-28 10:00:00,East,116,145,Clear,4.3
2026-01-28,10:00,2026-01-28 10:00:00,West,144,177,Clear,5.6
2026-01-28,11:00,2026-01-28 11:00:00,Central,190,258,Clear,6.3
2026-01-28,11:00,2026-01-28 11:00:00,North,153,181,Clear,2.0
2026-01-28,11:00,2026-01-28 11:00:00,South,232,213,Rain,9.3
2026-01-28,11:00,2026-01-28 11:00:00,East,125,137,Clear,6.0
2026-01-28,11:00,2026-01-28 11:00:00,West,133,183,Clear,5.0
2026-01-28,12:00,2026-01-28 12:00:00,Central,235,262,Clear,2.6
2026-01-28,12:00,2026-01-28 12:00:00,North,159,193,Clear,5.5
2026-01-28,12:00,2026-01-28 12:00:00,South,173,207,Clear,3.8
2026-01-28,12:00,2026-01-28 12:00:00,East,112,141,Clear,4.6
2026-01-28,12:00,2026-01-28 12:00:00,West,161,169,Rain,10.1
2026-01-28,13:00,2026-01-28 13:00:00,Central,227,258,Clear,6.7
2026-01-28,13:00,2026-01-28 13:00:00,North,166,188,Clear,5.5
2026-01-28,13:00,2026-01-28 13:00:00,South,206,208,Rain,6.8
2026-01-28,13:00,2026-01-28 13:00:00,East,116,156,Clear,4.4
2026-01-28,13:00,2026-01-28 13:00:00,West,143,169,Clear,4.9
2026-01-28,14:00,2026-01-28 14:00:00,Central,207,253,Clear,4.7
2026-01-28,14:00,2026-01-28 14:00:00,North,164,171,Clear,5.4
2026-01-28,14:00,2026-01-28 14:00:00,South,155,217,Clear,4.9
2026-01-28,14:00,2026-01-28 14:00:00,East,159,130,Rain,8.9
2026-01-28,14:00,2026-01-28 14:00:00,West,150,183,Clear,9.4
2026-01-28,15:00,2026-01-28 15:00:00,Central,196,279,Clear,5.4
2026-01-28,15:00,2026-01-28 15:00:00,North,167,170,Cloudy,7.0
2026-01-28,15:00,2026-01-28 15:00:00,South,148,231,Clear,3.8
2026-01-28,15:00,2026-01-28 15:00:00,East,158,147,Rain,9.4
2026-01-28,15:00,2026-01-28 15:00:00,West,180,170,Rain,9.0
2026-01-28,16:00,2026-01-28 16:00:00,Central,229,288,Cloudy,7.7
2026-01-28,16:00,2026-01-28 16:00:00,North,142,166,Clear,7.3
2026-01-28,16:00,2026-01-28 16:00:00,South,241,215,Heavy Rain,16.5
2026-01-28,16:00,2026-01-28 16:00:00,East,122,150,Cloudy,6.4
2026-01-28,16:00,2026-01-28 16:00:00,West,142,156,Clear,5.1
2026-01-28,17:00,2026-01-28 17:00:00,Central,321,222,Clear,9.9
2026-01-28,17:00,2026-01-28 17:00:00,North,244,157,Clear,9.8
2026-01-28,17:00,2026-01-28 17:00:00,South,296,180,Cloudy,10.9
2026-01-28,17:00,2026-01-28 17:00:00,East,248,124,Rain,14.5
2026-01-28,17:00,2026-01-28 17:00:00,West,277,131,Rain,16.7
2026-01-28,18:00,2026-01-28 18:00:00,Central,436,217,Rain,17.8
2026-01-28,18:00,2026-01-28 18:00:00,North,293,135,Rain,19.8
2026-01-28,18:00,2026-01-28 18:00:00,South,269,193,Clear,10.2
2026-01-28,18:00,2026-01-28 18:00:00,East,192,142,Clear,8.3
2026-01-28,18:00,2026-01-28 18:00:00,West,274,154,Cloudy,13.5
2026-01-28,19:00,2026-01-28 19:00:00,Central,363,218,Cloudy,13.9
2026-01-28,19:00,2026-01-28 19:00:00,North,237,156,Clear,8.7
2026-01-28,19:00,2026-01-28 19:00:00,South,281,188,Clear,7.7
2026-01-28,19:00,2026-01-28 19:00:00,East,235,115,Heavy Rain,21.7
2026-01-28,19:00,2026-01-28 19:00:00,West,214,156,Clear,8.9
2026-01-28,20:00,2026-01-28 20:00:00,Central,359,234,Cloudy,12.8
2026-01-28,20:00,2026-01-28 20:00:00,North,249,146,Cloudy,14.0
2026-01-28,20:00,2026-01-28 20:00:00,South,318,187,Rain,15.3
2026-01-28,20:00,2026-01-28 20:00:00,East,178,119,Rain,12.4
2026-01-28,20:00,2026-01-28 20:00:00,West,221,124,Clear,9.8
2026-01-28,21:00,2026-01-28 21:00:00,Central,113,260,Clear,5.8
2026-01-28,21:00,2026-01-28 21:00:00,North,92,178,Clear,3.3
2026-01-28,21:00,2026-01-28 21:00:00,South,106,253,Clear,6.2
2026-01-28,21:00,2026-01-28 21:00:00,East,85,143,Rain,11.4
2026-01-28,21:00,2026-01-28 21:00:00,West,91,173,Rain,6.8
2026-01-28,22:00,2026-01-28 22:00:00,Central,128,264,Clear,4.8
2026-01-28,22:00,2026-01-28 22:00:00,North,79,173,Clear,4.9
2026-01-28,22:00,2026-01-28 22:00:00,South,107,230,Rain,12.0
2026-01-28,22:00,2026-01-28 22:00:00,East,82,128,Clear,8.1
2026-01-28,22:00,2026-01-28 22:00:00,West,82,173,Clear,5.3
2026-01-28,23:00,2026-01-28 23:00:00,Central,114,243,Cloudy,8.3
2026-01-28,23:00,2026-01-28 23:00:00,North,86,199,Clear,5.0
2026-01-28,23:00,2026-01-28 23:00:00,South,105,215,Cloudy,5.4
2026-01-28,23:00,2026-01-28 23:00:00,East,83,125,Rain,12.2
2026-01-28,23:00,2026-01-28 23:00:00,West,69,154,Clear,4.4
2026-01-29,00:00,2026-01-29 00:00:00,Central,113,275,Clear,5.4
2026-01-29,00:00,2026-01-29 00:00:00,North,94,177,Cloudy,6.1
2026-01-29,00:00,2026-01-29 00:00:00,South,132,217,Rain,9.2
2026-01-29,00:00,2026-01-29 00:00:00,East,66,154,Cloudy,7.1
2026-01-29,00:00,2026-01-29 00:00:00,West,90,161,Clear,5.3
2026-01-29,01:00,2026-01-29 01:00:00,Central,123,229,Clear,4.9
2026-01-29,01:00,2026-01-29 01:00:00,North,80,188,Clear,5.6
2026-01-29,01:00,2026-01-29 01:00:00,South,103,216,Clear,2.0
2026-01-29,01:00,2026-01-29 01:00:00,East,66,149,Clear,6.5
2026-01-29,01:00,2026-01-29 01:00:00,West,77,195,Cloudy,5.5
2026-01-29,02:00,2026-01-29 02:00:00,Central,109,272,Clear,5.3
2026-01-29,02:00,2026-01-29 02:00:00,North,76,203,Clear,3.5
2026-01-29,02:00,2026-01-29 02:00:00,South,103,209,Cloudy,4.7
2026-01-29,02:00,2026-01-29 02:00:00,East,67,141,Clear,5.3
2026-01-29,02:00,2026-01-29 02:00:00,West,78,195,Clear,3.1
2026-01-29,03:00,2026-01-29 03:00:00,Central,146,263,Rain,9.8
2026-01-29,03:00,2026-01-29 03:00:00,North,80,166,Cloudy,6.4
2026-01-29,03:00,2026-01-29 03:00:00,South,105,207,Cloudy,6.7
2026-01-29,03:00,2026-01-29 03:00:00,East,58,147,Clear,2.9
2026-01-29,03:00,2026-01-29 03:00:00,West,102,173,Rain,11.1
2026-01-29,04:00,2026-01-29 04:00:00,Central,120,263,Clear,5.8
2026-01-29,04:00,2026-01-29 04:00:00,North,96,174,Rain,7.2
2026-01-29,04:00,2026-01-29 04:00:00,South,101,224,Clear,3.5
2026-01-29,04:00,2026-01-29 04:00:00,East,85,126,Cloudy,4.3
2026-01-29,04:00,2026-01-29 04:00:00,West,72,183,Cloudy,5.4
2026-01-29,05:00,2026-01-29 05:00:00,Central,114,271,Clear,5.3
2026-01-29,05:00,2026-01-29 05:00:00,North,81,177,Clear,2.0
2026-01-29,05:00,2026-01-29 05:00:00,South,104,220,Cloudy,3.8
2026-01-29,05:00,2026-01-29 05:00:00,East,81,147,Rain,7.9
2026-01-29,05:00,2026-01-29 05:00:00,West,77,178,Clear,5.2
2026-01-29,06:00,2026-01-29 06:00:00,Central,136,271,Clear,5.3
2026-01-29,06:00,2026-01-29 06:00:00,North,118,169,Heavy Rain,13.0
2026-01-29,06:00,2026-01-29 06:00:00,South,108,223,Clear,3.8
2026-01-29,06:00,2026-01-29 06:00:00,East,78,133,Clear,5.3
2026-01-29,06:00,2026-01-29 06:00:00,West,82,181,Clear,2.3
2026-01-29,07:00,2026-01-29 07:00:00,Central,370,207,Rain,16.8
2026-01-29,07:00,2026-01-29 07:00:00,North,241,157,Rain,16.0
2026-01-29,07:00,2026-01-29 07:00:00,South,223,174,Clear,7.5
2026-01-29,07:00,2026-01-29 07:00:00,East,164,142,Cloudy,6.0
2026-01-29,07:00,2026-01-29 07:00:00,West,197,148,Clear,5.9
2026-01-29,08:00,2026-01-29 08:00:00,Central,314,252,Clear,10.0
2026-01-29,08:00,2026-01-29 08:00:00,North,211,158,Clear,7.5
2026-01-29,08:00,2026-01-29 08:00:00,South,261,163,Clear,9.9
2026-01-29,08:00,2026-01-29 08:00:00,East,151,129,Clear,6.2
2026-01-29,08:00,2026-01-29 08:00:00,West,201,156,Clear,7.0
2026-01-29,09:00,2026-01-29 09:00:00,Central,330,214,Clear,10.4
2026-01-29,09:00,2026-01-29 09:00:00,North,206,165,Clear,9.2
2026-01-29,09:00,2026-01-29 09:00:00,South,301,157,Rain,18.9
2026-01-29,09:00,2026-01-29 09:00:00,East,240,132,Heavy Rain,22.9
2026-01-29,09:00,2026-01-29 09:00:00,West,181,158,Clear,4.8
2026-01-29,10:00,2026-01-29 10:00:00,Central,198,273,Clear,3.2
2026-01-29,10:00,2026-01-29 10:00:00,North,182,196,Cloudy,4.5
2026-01-29,10:00,2026-01-29 10:00:00,South,189,201,Rain,10.9
2026-01-29,10:00,2026-01-29 10:00:00,East,134,134,Cloudy,8.4
2026-01-29,10:00,2026-01-29 10:00:00,West,137,169,Clear,4.1
2026-01-29,11:00,2026-01-29 11:00:00,Central,254,265,Rain,9.4
2026-01-29,11:00,2026-01-29 11:00:00,North,190,181,Rain,8.3
2026-01-29,11:00,2026-01-29 11:00:00,South,193,220,Cloudy,4.7
2026-01-29,11:00,2026-01-29 11:00:00,East,120,136,Clear,5.8
2026-01-29,11:00,2026-01-29 11:00:00,West,136,184,Clear,2.1
2026-01-29,12:00,2026-01-29 12:00:00,Central,236,257,Clear,3.8
2026-01-29,12:00,2026-01-29 12:00:00,North,131,199,Clear,4.2
2026-01-29,12:00,2026-01-29 12:00:00,South,150,200,Clear,5.4
2026-01-29,12:00,2026-01-29 12:00:00,East,121,126,Clear,3.6
2026-01-29,12:00,2026-01-29 12:00:00,West,123,165,Clear,4.4
2026-01-29,13:00,2026-01-29 13:00:00,Central,236,275,Rain,7.5
2026-01-29,13:00,2026-01-29 13:00:00,North,139,179,Cloudy,7.8
2026-01-29,13:00,2026-01-29 13:00:00,South,153,209,Clear,4.6
2026-01-29,13:00,2026-01-29 13:00:00,East,160,134,Rain,12.1
2026-01-29,13:00,2026-01-29 13:00:00,West,144,184,Clear,4.9
2026-01-29,14:00,2026-01-29 14:00:00,Central,232,267,Cloudy,9.2
2026-01-29,14:00,2026-01-29 14:00:00,North,178,207,Cloudy,5.1
2026-01-29,14:00,2026-01-29 14:00:00,South,157,226,Clear,4.5
2026-01-29,14:00,2026-01-29 14:00:00,East,113,129,Cloudy,8.3
2026-01-29,14:00,2026-01-29 14:00:00,West,166,171,Cloudy,9.1
2026-01-29,15:00,2026-01-29 15:00:00,Central,227,251,Clear,5.0
2026-01-29,15:00,2026-01-29 15:00:00,North,140,180,Clear,6.8
2026-01-29,15:00,2026-01-29 15:00:00,South,158,219,Clear,6.7
2026-01-29,15:00,2026-01-29 15:00:00,East,127,155,Clear,6.4
2026-01-29,15:00,2026-01-29 15:00:00,West,166,203,Rain,9.8
2026-01-29,16:00,2026-01-29 16:00:00,Central,259,248,Heavy Rain,14.9
2026-01-29,16:00,2026-01-29 16:00:00,North,202,193,Heavy Rain,16.2
2026-01-29,16:00,2026-01-29 16:00:00,South,202,214,Clear,8.0
2026-01-29,16:00,2026-01-29 16:00:00,East,144,158,Rain,8.4
2026-01-29,16:00,2026-01-29 16:00:00,West,130,156,Clear,5.8
2026-01-29,17:00,2026-01-29 17:00:00,Central,369,218,Clear,13.5
2026-01-29,17:00,2026-01-29 17:00:00,North,266,173,Clear,9.4
2026-01-29,17:00,2026-01-29 17:00:00,South,316,183,Cloudy,13.4
2026-01-29,17:00,2026-01-29 17:00:00,East,220,137,Clear,6.4
2026-01-29,17:00,2026-01-29 17:00:00,West,232,126,Clear,12.1
2026-01-29,18:00,2026-01-29 18:00:00,Central,332,221,Clear,11.3
2026-01-29,18:00,2026-01-29 18:00:00,North,288,167,Rain,15.4
2026-01-29,18:00,2026-01-29 18:00:00,South,271,215,Clear,8.8
2026-01-29,18:00,2026-01-29 18:00:00,East,212,127,Clear,8.1
2026-01-29,18:00,2026-01-29 18:00:00,West,223,139,Clear,11.6
2026-01-29,19:00,2026-01-29 19:00:00,Central,342,236,Clear,10.1
2026-01-29,19:00,2026-01-29 19:00:00,North,261,151,Cloudy,10.6
2026-01-29,19:00,2026-01-29 19:00:00,South,251,180,Heavy Rain,19.6
2026-01-29,19:00,2026-01-29 19:00:00,East,188,120,Clear,12.9
2026-01-29,19:00,2026-01-29 19:00:00,West,235,141,Clear,10.8
2026-01-29,20:00,2026-01-29 20:00:00,Central,355,231,Rain,16.4
2026-01-29,20:00,2026-01-29 20:00:00,North,254,146,Rain,16.9
2026-01-29,20:00,2026-01-29 20:00:00,South,300,199,Cloudy,14.4
2026-01-29,20:00,2026-01-29 20:00:00,East,171,123,Clear,7.1
2026-01-29,20:00,2026-01-29 20:00:00,West,247,151,Rain,13.8
2026-01-29,21:00,2026-01-29 21:00:00,Central,129,270,Clear,2.4
2026-01-29,21:00,2026-01-29 21:00:00,North,101,183,Clear,6.6
2026-01-29,21:00,2026-01-29 21:00:00,South,95,221,Clear,6.7
2026-01-29,21:00,2026-01-29 21:00:00,East,87,143,Cloudy,8.4
2026-01-29,21:00,2026-01-29 21:00:00,West,86,169,Clear,8.7
2026-01-29,22:00,2026-01-29 22:00:00,Central,126,237,Cloudy,5.8
2026-01-29,22:00,2026-01-29 22:00:00,North,89,178,Clear,2.3
2026-01-29,22:00,2026-01-29 22:00:00,South,112,196,Clear,6.2
2026-01-29,22:00,2026-01-29 22:00:00,East,86,147,Rain,11.2
2026-01-29,22:00,2026-01-29 22:00:00,West,92,179,Cloudy,6.0
2026-01-29,23:00,2026-01-29 23:00:00,Central,132,264,Clear,6.9
2026-01-29,23:00,2026-01-29 23:00:00,North,87,185,Clear,4.9
2026-01-29,23:00,2026-01-29 23:00:00,South,102,207,Clear,5.8
2026-01-29,23:00,2026-01-29 23:00:00,East,69,151,Rain,12.0
2026-01-29,23:00,2026-01-29 23:00:00,West,82,185,Cloudy,5.8
2026-01-30,00:00,2026-01-30 00:00:00,Central,117,262,Clear,7.1
2026-01-30,00:00,2026-01-30 00:00:00,North,88,165,Clear,5.3
2026-01-30,00:00,2026-01-30 00:00:00,South,113,216,Cloudy,6.4
2026-01-30,00:00,2026-01-30 00:00:00,East,77,119,Cloudy,7.4
2026-01-30,00:00,2026-01-30 00:00:00,West,83,184,Cloudy,4.6
2026-01-30,01:00,2026-01-30 01:00:00,Central,109,262,Clear,3.8
2026-01-30,01:00,2026-01-30 01:00:00,North,73,198,Clear,6.4
2026-01-30,01:00,2026-01-30 01:00:00,South,134,207,Heavy Rain,15.1
2026-01-30,01:00,2026-01-30 01:00:00,East,81,160,Heavy Rain,15.1
2026-01-30,01:00,2026-01-30 01:00:00,West,92,180,Cloudy,6.8
2026-01-30,02:00,2026-01-30 02:00:00,Central,142,268,Rain,9.3
2026-01-30,02:00,2026-01-30 02:00:00,North,86,181,Cloudy,7.2
2026-01-30,02:00,2026-01-30 02:00:00,South,104,205,Cloudy,5.2
2026-01-30,02:00,2026-01-30 02:00:00,East,73,142,Clear,4.6
2026-01-30,02:00,2026-01-30 02:00:00,West,84,165,Clear,8.3
2026-01-30,03:00,2026-01-30 03:00:00,Central,135,276,Clear,5.4
2026-01-30,03:00,2026-01-30 03:00:00,North,92,172,Cloudy,5.7
2026-01-30,03:00,2026-01-30 03:00:00,South,117,220,Rain,10.1
2026-01-30,03:00,2026-01-30 03:00:00,East,79,152,Cloudy,4.1
2026-01-30,03:00,2026-01-30 03:00:00,West,92,176,Clear,5.1
2026-01-30,04:00,2026-01-30 04:00:00,Central,123,241,Cloudy,4.3
2026-01-30,04:00,2026-01-30 04:00:00,North,80,202,Clear,3.0
2026-01-30,04:00,2026-01-30 04:00:00,South,107,205,Rain,10.8
2026-01-30,04:00,2026-01-30 04:00:00,East,89,173,Rain,9.6
2026-01-30,04:00,2026-01-30 04:00:00,West,71,170,Clear,5.0
2026-01-30,05:00,2026-01-30 05:00:00,Central,124,269,Rain,11.3
2026-01-30,05:00,2026-01-30 05:00:00,North,90,183,Clear,2.6
2026-01-30,05:00,2026-01-30 05:00:00,South,104,219,Clear,8.6
2026-01-30,05:00,2026-01-30 05:00:00,East,73,156,Clear,4.2
2026-01-30,05:00,2026-01-30 05:00:00,West,84,165,Clear,4.3
2026-01-30,06:00,2026-01-30 06:00:00,Central,137,249,Clear,4.9
2026-01-30,06:00,2026-01-30 06:00:00,North,90,186,Clear,5.5
2026-01-30,06:00,2026-01-30 06:00:00,South,102,205,Heavy Rain,15.4
2026-01-30,06:00,2026-01-30 06:00:00,East,78,134,Rain,9.7
2026-01-30,06:00,2026-01-30 06:00:00,West,81,194,Cloudy,5.7
2026-01-30,07:00,2026-01-30 07:00:00,Central,342,205,Rain,18.0
2026-01-30,07:00,2026-01-30 07:00:00,North,185,153,Clear,7.6
2026-01-30,07:00,2026-01-30 07:00:00,South,237,177,Clear,4.9
2026-01-30,07:00,2026-01-30 07:00:00,East,171,122,Clear,8.0
2026-01-30,07:00,2026-01-30 07:00:00,West,247,148,Heavy Rain,21.1
2026-01-30,08:00,2026-01-30 08:00:00,Central,305,221,Clear,9.9
2026-01-30,08:00,2026-01-30 08:00:00,North,230,167,Cloudy,11.3
2026-01-30,08:00,2026-01-30 08:00:00,South,288,205,Rain,14.7
2026-01-30,08:00,2026-01-30 08:00:00,East,156,135,Clear,5.2
2026-01-30,08:00,2026-01-30 08:00:00,West,186,157,Cloudy,9.3
2026-01-30,09:00,2026-01-30 09:00:00,Central,314,210,Clear,9.3
2026-01-30,09:00,2026-01-30 09:00:00,North,289,139,Rain,16.9
2026-01-30,09:00,2026-01-30 09:00:00,South,230,206,Clear,7.0
2026-01-30,09:00,2026-01-30 09:00:00,East,175,120,Cloudy,10.1
2026-01-30,09:00,2026-01-30 09:00:00,West,205,124,Clear,7.9
2026-01-30,10:00,2026-01-30 10:00:00,Central,257,264,Rain,9.7
2026-01-30,10:00,2026-01-30 10:00:00,North,167,177,Clear,4.6
2026-01-30,10:00,2026-01-30 10:00:00,South,169,225,Cloudy,5.6
2026-01-30,10:00,2026-01-30 10:00:00,East,103,137,Clear,6.6
2026-01-30,10:00,2026-01-30 10:00:00,West,174,187,Rain,9.3
2026-01-30,11:00,2026-01-30 11:00:00,Central,183,273,Clear,4.4
2026-01-30,11:00,2026-01-30 11:00:00,North,156,216,Clear,2.8
2026-01-30,11:00,2026-01-30 11:00:00,South,184,215,Cloudy,4.8
2026-01-30,11:00,2026-01-30 11:00:00,East,124,156,Cloudy,6.3
2026-01-30,11:00,2026-01-30 11:00:00,West,133,164,Clear,5.0
2026-01-30,12:00,2026-01-30 12:00:00,Central,220,266,Clear,6.1
2026-01-30,12:00,2026-01-30 12:00:00,North,156,187,Clear,7.0
2026-01-30,12:00,2026-01-30 12:00:00,South,171,225,Clear,8.2
2026-01-30,12:00,2026-01-30 12:00:00,East,129,127,Clear,5.7
2026-01-30,12:00,2026-01-30 12:00:00,West,160,166,Clear,4.9
2026-01-30,13:00,2026-01-30 13:00:00,Central,238,279,Cloudy,6.5
2026-01-30,13:00,2026-01-30 13:00:00,North,178,164,Rain,10.0
2026-01-30,13:00,2026-01-30 13:00:00,South,177,203,Clear,6.1
2026-01-30,13:00,2026-01-30 13:00:00,East,124,157,Clear,4.1
2026-01-30,13:00,2026-01-30 13:00:00,West,146,180,Cloudy,6.4
2026-01-30,14:00,2026-01-30 14:00:00,Central,232,270,Cloudy,4.4
2026-01-30,14:00,2026-01-30 14:00:00,North,201,171,Rain,13.2
2026-01-30,14:00,2026-01-30 14:00:00,South,182,192,Clear,3.6
2026-01-30,14:00,2026-01-30 14:00:00,East,114,151,Clear,4.3
2026-01-30,14:00,2026-01-30 14:00:00,West,132,177,Clear,3.7
2026-01-30,15:00,2026-01-30 15:00:00,Central,217,253,Rain,10.1
2026-01-30,15:00,2026-01-30 15:00:00,North,158,191,Cloudy,7.4
2026-01-30,15:00,2026-01-30 15:00:00,South,191,234,Cloudy,7.8
2026-01-30,15:00,2026-01-30 15:00:00,East,151,156,Rain,8.1
2026-01-30,15:00,2026-01-30 15:00:00,West,130,137,Clear,5.6
2026-01-30,16:00,2026-01-30 16:00:00,Central,310,268,Heavy Rain,18.8
2026-01-30,16:00,2026-01-30 16:00:00,North,151,171,Cloudy,7.6
2026-01-30,16:00,2026-01-30 16:00:00,South,192,235,Clear,5.0
2026-01-30,16:00,2026-01-30 16:00:00,East,157,139,Heavy Rain,17.1
2026-01-30,16:00,2026-01-30 16:00:00,West,138,194,Clear,6.6
2026-01-30,17:00,2026-01-30 17:00:00,Central,370,224,Rain,17.3
2026-01-30,17:00,2026-01-30 17:00:00,North,221,148,Clear,8.4
2026-01-30,17:00,2026-01-30 17:00:00,South,324,189,Heavy Rain,21.1
2026-01-30,17:00,2026-01-30 17:00:00,East,173,122,Clear,6.5
2026-01-30,17:00,2026-01-30 17:00:00,West,224,150,Clear,8.9
2026-01-30,18:00,2026-01-30 18:00:00,Central,336,242,Cloudy,10.0
2026-01-30,18:00,2026-01-30 18:00:00,North,236,121,Clear,13.3
2026-01-30,18:00,2026-01-30 18:00:00,South,297,190,Cloudy,12.4
2026-01-30,18:00,2026-01-30 18:00:00,East,175,113,Clear,10.7
2026-01-30,18:00,2026-01-30 18:00:00,West,233,161,Clear,8.6
2026-01-30,19:00,2026-01-30 19:00:00,Central,339,225,Clear,12.4
2026-01-30,19:00,2026-01-30 19:00:00,North,317,144,Heavy Rain,24.7
2026-01-30,19:00,2026-01-30 19:00:00,South,308,203,Clear,12.8
2026-01-30,19:00,2026-01-30 19:00:00,East,206,133,Cloudy,8.3
2026-01-30,19:00,2026-01-30 19:00:00,West,238,149,Clear,8.7
2026-01-30,20:00,2026-01-30 20:00:00,Central,342,204,Clear,13.5
2026-01-30,20:00,2026-01-30 20:00:00,North,325,161,Heavy Rain,22.2
2026-01-30,20:00,2026-01-30 20:00:00,South,294,159,Clear,13.7
2026-01-30,20:00,2026-01-30 20:00:00,East,201,116,Clear,11.8
2026-01-30,20:00,2026-01-30 20:00:00,West,250,138,Rain,12.3
2026-01-30,21:00,2026-01-30 21:00:00,Central,129,276,Clear,5.0
2026-01-30,21:00,2026-01-30 21:00:00,North,76,176,Clear,5.7
2026-01-30,21:00,2026-01-30 21:00:00,South,83,210,Cloudy,5.4
2026-01-30,21:00,2026-01-30 21:00:00,East,59,126,Clear,4.1
2026-01-30,21:00,2026-01-30 21:00:00,West,91,159,Clear,5.9
2026-01-30,22:00,2026-01-30 22:00:00,Central,107,284,Cloudy,5.1
2026-01-30,22:00,2026-01-30 22:00:00,North,106,209,Rain,10.7
2026-01-30,22:00,2026-01-30 22:00:00,South,119,228,Rain,8.4
2026-01-30,22:00,2026-01-30 22:00:00,East,81,151,Clear,4.2
2026-01-30,22:00,2026-01-30 22:00:00,West,87,155,Clear,7.1
2026-01-30,23:00,2026-01-30 23:00:00,Central,128,283,Clear,5.1
2026-01-30,23:00,2026-01-30 23:00:00,North,94,187,Clear,2.5
2026-01-30,23:00,2026-01-30 23:00:00,South,89,209,Clear,5.1
2026-01-30,23:00,2026-01-30 23:00:00,East,70,162,Clear,6.3
2026-01-30,23:00,2026-01-30 23:00:00,West,77,183,Clear,7.2
2026-01-31,00:00,2026-01-31 00:00:00,Central,95,254,Clear,6.5
2026-01-31,00:00,2026-01-31 00:00:00,North,77,208,Clear,4.0
2026-01-31,00:00,2026-01-31 00:00:00,South,90,230,Clear,5.4
2026-01-31,00:00,2026-01-31 00:00:00,East,55,134,Cloudy,6.7
2026-01-31,00:00,2026-01-31 00:00:00,West,55,166,Clear,6.0
2026-01-31,01:00,2026-01-31 01:00:00,Central,100,244,Cloudy,6.5
2026-01-31,01:00,2026-01-31 01:00:00,North,87,177,Rain,8.0
2026-01-31,01:00,2026-01-31 01:00:00,South,78,223,Clear,4.1
2026-01-31,01:00,2026-01-31 01:00:00,East,60,145,Clear,6.2
2026-01-31,01:00,2026-01-31 01:00:00,West,62,175,Cloudy,3.7
2026-01-31,02:00,2026-01-31 02:00:00,Central,106,278,Clear,7.3
2026-01-31,02:00,2026-01-31 02:00:00,North,70,191,Clear,5.6
2026-01-31,02:00,2026-01-31 02:00:00,South,92,230,Rain,8.9
2026-01-31,02:00,2026-01-31 02:00:00,East,59,158,Cloudy,7.2
2026-01-31,02:00,2026-01-31 02:00:00,West,74,183,Clear,3.2
2026-01-31,03:00,2026-01-31 03:00:00,Central,110,261,Clear,3.5
2026-01-31,03:00,2026-01-31 03:00:00,North,63,179,Clear,5.1
2026-01-31,03:00,2026-01-31 03:00:00,South,89,240,Clear,5.9
2026-01-31,03:00,2026-01-31 03:00:00,East,60,135,Rain,8.9
2026-01-31,03:00,2026-01-31 03:00:00,West,69,169,Clear,5.1
2026-01-31,04:00,2026-01-31 04:00:00,Central,81,256,Clear,3.2
2026-01-31,04:00,2026-01-31 04:00:00,North,99,207,Rain,9.5
2026-01-31,04:00,2026-01-31 04:00:00,South,92,207,Rain,6.0
2026-01-31,04:00,2026-01-31 04:00:00,East,57,134,Clear,5.1
2026-01-31,04:00,2026-01-31 04:00:00,West,73,175,Clear,4.0
2026-01-31,05:00,2026-01-31 05:00:00,Central,100,257,Clear,4.2
2026-01-31,05:00,2026-01-31 05:00:00,North,73,175,Cloudy,4.0
2026-01-31,05:00,2026-01-31 05:00:00,South,98,205,Clear,6.6
2026-01-31,05:00,2026-01-31 05:00:00,East,43,132,Clear,4.9
2026-01-31,05:00,2026-01-31 05:00:00,West,77,165,Rain,9.7
2026-01-31,06:00,2026-01-31 06:00:00,Central,107,270,Cloudy,5.4
2026-01-31,06:00,2026-01-31 06:00:00,North,57,186,Clear,2.4
2026-01-31,06:00,2026-01-31 06:00:00,South,79,243,Clear,5.6
2026-01-31,06:00,2026-01-31 06:00:00,East,55,164,Clear,6.4
2026-01-31,06:00,2026-01-31 06:00:00,West,60,181,Clear,3.9
2026-01-31,07:00,2026-01-31 07:00:00,Central,243,228,Clear,6.1
2026-01-31,07:00,2026-01-31 07:00:00,North,188,158,Cloudy,11.7
2026-01-31,07:00,2026-01-31 07:00:00,South,192,195,Cloudy,5.5
2026-01-31,07:00,2026-01-31 07:00:00,East,154,129,Clear,9.7
2026-01-31,07:00,2026-01-31 07:00:00,West,166,159,Clear,5.3
2026-01-31,08:00,2026-01-31 08:00:00,Central,290,196,Rain,14.7
2026-01-31,08:00,2026-01-31 08:00:00,North,250,178,Heavy Rain,18.4
2026-01-31,08:00,2026-01-31 08:00:00,South,251,181,Rain,9.5
2026-01-31,08:00,2026-01-31 08:00:00,East,149,142,Clear,4.4
2026-01-31,08:00,2026-01-31 08:00:00,West,178,133,Rain,12.2
2026-01-31,09:00,2026-01-31 09:00:00,Central,300,238,Heavy Rain,20.7
2026-01-31,09:00,2026-01-31 09:00:00,North,182,152,Cloudy,10.1
2026-01-31,09:00,2026-01-31 09:00:00,South,249,190,Rain,13.3
2026-01-31,09:00,2026-01-31 09:00:00,East,157,126,Rain,10.6
2026-01-31,09:00,2026-01-31 09:00:00,West,175,150,Rain,10.0
2026-01-31,10:00,2026-01-31 10:00:00,Central,167,259,Clear,3.7
2026-01-31,10:00,2026-01-31 10:00:00,North,136,193,Clear,8.0
2026-01-31,10:00,2026-01-31 10:00:00,South,130,223,Clear,4.0
2026-01-31,10:00,2026-01-31 10:00:00,East,104,154,Clear,6.4
2026-01-31,10:00,2026-01-31 10:00:00,West,112,188,Clear,3.8
2026-01-31,11:00,2026-01-31 11:00:00,Central,183,261,Clear,4.7
2026-01-31,11:00,2026-01-31 11:00:00,North,101,174,Clear,4.1
2026-01-31,11:00,2026-01-31 11:00:00,South,144,205,Clear,7.0
2026-01-31,11:00,2026-01-31 11:00:00,East,93,123,Cloudy,6.9
2026-01-31,11:00,2026-01-31 11:00:00,West,119,176,Clear,4.4
2026-01-31,12:00,2026-01-31 12:00:00,Central,232,265,Heavy Rain,18.2
2026-01-31,12:00,2026-01-31 12:00:00,North,124,195,Cloudy,6.5
2026-01-31,12:00,2026-01-31 12:00:00,South,113,210,Cloudy,5.0
2026-01-31,12:00,2026-01-31 12:00:00,East,116,161,Clear,4.9
2026-01-31,12:00,2026-01-31 12:00:00,West,99,178,Clear,3.6
2026-01-31,13:00,2026-01-31 13:00:00,Central,255,249,Heavy Rain,14.2
2026-01-31,13:00,2026-01-31 13:00:00,North,125,190,Cloudy,5.5
2026-01-31,13:00,2026-01-31 13:00:00,South,169,178,Rain,8.2
2026-01-31,13:00,2026-01-31 13:00:00,East,129,132,Heavy Rain,17.2
2026-01-31,13:00,2026-01-31 13:00:00,West,150,167,Cloudy,6.5
2026-01-31,14:00,2026-01-31 14:00:00,Central,209,270,Cloudy,6.3
2026-01-31,14:00,2026-01-31 14:00:00,North,118,203,Clear,5.1
2026-01-31,14:00,2026-01-31 14:00:00,South,152,202,Cloudy,6.7
2026-01-31,14:00,2026-01-31 14:00:00,East,120,134,Rain,7.5
2026-01-31,14:00,2026-01-31 14:00:00,West,131,172,Rain,7.5
2026-01-31,15:00,2026-01-31 15:00:00,Central,209,273,Rain,9.5
2026-01-31,15:00,2026-01-31 15:00:00,North,141,174,Rain,8.4
2026-01-31,15:00,2026-01-31 15:00:00,South,209,218,Heavy Rain,14.0
2026-01-31,15:00,2026-01-31 15:00:00,East,98,149,Rain,7.0
2026-01-31,15:00,2026-01-31 15:00:00,West,107,182,Clear,2.9
2026-01-31,16:00,2026-01-31 16:00:00,Central,190,255,Rain,9.7
2026-01-31,16:00,2026-01-31 16:00:00,North,152,181,Rain,8.7
2026-01-31,16:00,2026-01-31 16:00:00,South,141,242,Clear,3.2
2026-01-31,16:00,2026-01-31 16:00:00,East,102,136,Clear,7.9
2026-01-31,16:00,2026-01-31 16:00:00,West,104,168,Cloudy,4.9
2026-01-31,17:00,2026-01-31 17:00:00,Central,245,234,Clear,6.3
2026-01-31,17:00,2026-01-31 17:00:00,North,188,152,Clear,9.0
2026-01-31,17:00,2026-01-31 17:00:00,South,215,160,Clear,10.5
2026-01-31,17:00,2026-01-31 17:00:00,East,170,113,Clear,6.7
2026-01-31,17:00,2026-01-31 17:00:00,West,191,162,Clear,7.3
2026-01-31,18:00,2026-01-31 18:00:00,Central,255,227,Clear,5.8
2026-01-31,18:00,2026-01-31 18:00:00,North,251,167,Rain,14.4
2026-01-31,18:00,2026-01-31 18:00:00,South,242,188,Clear,7.5
2026-01-31,18:00,2026-01-31 18:00:00,East,162,120,Cloudy,8.2
2026-01-31,18:00,2026-01-31 18:00:00,West,178,145,Clear,4.8
2026-01-31,19:00,2026-01-31 19:00:00,Central,294,222,Clear,10.4
2026-01-31,19:00,2026-01-31 19:00:00,North,204,160,Clear,7.4
2026-01-31,19:00,2026-01-31 19:00:00,South,228,195,Cloudy,6.7
2026-01-31,19:00,2026-01-31 19:00:00,East,180,121,Heavy Rain,16.7
2026-01-31,19:00,2026-01-31 19:00:00,West,201,147,Clear,7.7
2026-01-31,20:00,2026-01-31 20:00:00,Central,287,210,Cloudy,11.8
2026-01-31,20:00,2026-01-31 20:00:00,North,203,150,Clear,8.9
2026-01-31,20:00,2026-01-31 20:00:00,South,218,180,Cloudy,6.7
2026-01-31,20:00,2026-01-31 20:00:00,East,164,140,Clear,4.4
2026-01-31,20:00,2026-01-31 20:00:00,West,151,136,Clear,7.9
2026-01-31,21:00,2026-01-31 21:00:00,Central,102,261,Cloudy,6.3
2026-01-31,21:00,2026-01-31 21:00:00,North,91,164,Heavy Rain,13.0
2026-01-31,21:00,2026-01-31 21:00:00,South,84,204,Rain,12.4
2026-01-31,21:00,2026-01-31 21:00:00,East,56,146,Clear,3.9
2026-01-31,21:00,2026-01-31 21:00:00,West,81,165,Clear,4.3
2026-01-31,22:00,2026-01-31 22:00:00,Central,118,239,Rain,8.2
2026-01-31,22:00,2026-01-31 22:00:00,North,92,191,Heavy Rain,17.4
2026-01-31,22:00,2026-01-31 22:00:00,South,82,193,Clear,2.5
2026-01-31,22:00,2026-01-31 22:00:00,East,60,171,Rain,8.6
2026-01-31,22:00,2026-01-31 22:00:00,West,52,179,Clear,7.3
2026-01-31,23:00,2026-01-31 23:00:00,Central,106,278,Cloudy,4.5
2026-01-31,23:00,2026-01-31 23:00:00,North,85,189,Heavy Rain,14.0
2026-01-31,23:00,2026-01-31 23:00:00,South,98,185,Rain,9.5
2026-01-31,23:00,2026-01-31 23:00:00,East,63,142,Clear,5.0
2026-01-31,23:00,2026-01-31 23:00:00,West,75,159,Rain,6.1
2026-02-01,00:00,2026-02-01 00:00:00,Central,95,260,Cloudy,6.1
2026-02-01,00:00,2026-02-01 00:00:00,North,81,182,Rain,8.6
2026-02-01,00:00,2026-02-01 00:00:00,South,78,223,Clear,5.1
2026-02-01,00:00,2026-02-01 00:00:00,East,63,160,Cloudy,5.1
2026-02-01,00:00,2026-02-01 00:00:00,West,67,168,Clear,5.6
2026-02-01,01:00,2026-02-01 01:00:00,Central,107,249,Clear,5.3
2026-02-01,01:00,2026-02-01 01:00:00,North,87,198,Rain,9.8
2026-02-01,01:00,2026-02-01 01:00:00,South,95,198,Rain,11.2
2026-02-01,01:00,2026-02-01 01:00:00,East,43,161,Cloudy,4.8
2026-02-01,01:00,2026-02-01 01:00:00,West,56,155,Cloudy,5.3
2026-02-01,02:00,2026-02-01 02:00:00,Central,99,263,Cloudy,7.3
2026-02-01,02:00,2026-02-01 02:00:00,North,71,189,Cloudy,5.7
2026-02-01,02:00,2026-02-01 02:00:00,South,83,211,Clear,5.9
2026-02-01,02:00,2026-02-01 02:00:00,East,48,141,Rain,10.7
2026-02-01,02:00,2026-02-01 02:00:00,West,63,177,Clear,5.4
2026-02-01,03:00,2026-02-01 03:00:00,Central,115,246,Clear,5.2
2026-02-01,03:00,2026-02-01 03:00:00,North,70,201,Clear,5.7
2026-02-01,03:00,2026-02-01 03:00:00,South,77,212,Clear,7.6
2026-02-01,03:00,2026-02-01 03:00:00,East,60,155,Clear,7.6
2026-02-01,03:00,2026-02-01 03:00:00,West,72,184,Cloudy,7.4
2026-02-01,04:00,2026-02-01 04:00:00,Central,109,275,Cloudy,5.0
2026-02-01,04:00,2026-02-01 04:00:00,North,54,180,Cloudy,6.9
2026-02-01,04:00,2026-02-01 04:00:00,South,84,222,Clear,5.8
2026-02-01,04:00,2026-02-01 04:00:00,East,65,152,Heavy Rain,16.1
2026-02-01,04:00,2026-02-01 04:00:00,West,68,187,Clear,4.5
2026-02-01,05:00,2026-02-01 05:00:00,Central,108,241,Clear,4.7
2026-02-01,05:00,2026-02-01 05:00:00,North,74,186,Cloudy,5.8
2026-02-01,05:00,2026-02-01 05:00:00,South,103,219,Rain,10.2
2026-02-01,05:00,2026-02-01 05:00:00,East,68,156,Clear,6.1
2026-02-01,05:00,2026-02-01 05:00:00,West,83,197,Heavy Rain,14.5
2026-02-01,06:00,2026-02-01 06:00:00,Central,109,286,Cloudy,5.8
2026-02-01,06:00,2026-02-01 06:00:00,North,80,190,Clear,6.4
2026-02-01,06:00,2026-02-01 06:00:00,South,99,219,Rain,7.9
2026-02-01,06:00,2026-02-01 06:00:00,East,61,143,Cloudy,7.4
2026-02-01,06:00,2026-02-01 06:00:00,West,61,173,Clear,3.9
2026-02-01,07:00,2026-02-01 07:00:00,Central,266,232,Cloudy,8.3
2026-02-01,07:00,2026-02-01 07:00:00,North,205,170,Rain,10.1
2026-02-01,07:00,2026-02-01 07:00:00,South,205,177,Cloudy,4.5
2026-02-01,07:00,2026-02-01 07:00:00,East,118,112,Cloudy,5.4
2026-02-01,07:00,2026-02-01 07:00:00,West,148,149,Clear,5.6
2026-02-01,08:00,2026-02-01 08:00:00,Central,259,198,Clear,7.6
2026-02-01,08:00,2026-02-01 08:00:00,North,226,159,Heavy Rain,17.5
2026-02-01,08:00,2026-02-01 08:00:00,South,199,176,Clear,5.0
2026-02-01,08:00,2026-02-01 08:00:00,East,140,110,Clear,6.2
2026-02-01,08:00,2026-02-01 08:00:00,West,144,150,Clear,4.8
2026-02-01,09:00,2026-02-01 09:00:00,Central,265,233,Rain,11.6
2026-02-01,09:00,2026-02-01 09:00:00,North,175,172,Rain,10.0
2026-02-01,09:00,2026-02-01 09:00:00,South,243,203,Heavy Rain,16.8
2026-02-01,09:00,2026-02-01 09:00:00,East,117,106,Clear,2.2
2026-02-01,09:00,2026-02-01 09:00:00,West,170,152,Cloudy,6.7
2026-02-01,10:00,2026-02-01 10:00:00,Central,193,251,Clear,4.6
2026-02-01,10:00,2026-02-01 10:00:00,North,124,173,Clear,6.8
2026-02-01,10:00,2026-02-01 10:00:00,South,164,224,Cloudy,5.8
2026-02-01,10:00,2026-02-01 10:00:00,East,106,137,Clear,2.3
2026-02-01,10:00,2026-02-01 10:00:00,West,129,188,Cloudy,7.2
2026-02-01,11:00,2026-02-01 11:00:00,Central,215,255,Rain,11.8
2026-02-01,11:00,2026-02-01 11:00:00,North,146,188,Heavy Rain,16.5
2026-02-01,11:00,2026-02-01 11:00:00,South,153,204,Rain,6.8
2026-02-01,11:00,2026-02-01 11:00:00,East,108,141,Cloudy,5.0
2026-02-01,11:00,2026-02-01 11:00:00,West,111,192,Clear,3.3
2026-02-01,12:00,2026-02-01 12:00:00,Central,184,244,Clear,7.3
2026-02-01,12:00,2026-02-01 12:00:00,North,133,177,Cloudy,8.9
2026-02-01,12:00,2026-02-01 12:00:00,South,176,192,Rain,9.6
2026-02-01,12:00,2026-02-01 12:00:00,East,129,135,Rain,8.1
2026-02-01,12:00,2026-02-01 12:00:00,West,135,183,Clear,6.5
2026-02-01,13:00,2026-02-01 13:00:00,Central,157,265,Clear,4.1
2026-02-01,13:00,2026-02-01 13:00:00,North,135,190,Clear,4.6
2026-02-01,13:00,2026-02-01 13:00:00,South,148,224,Clear,6.1
2026-02-01,13:00,2026-02-01 13:00:00,East,108,138,Rain,11.3
2026-02-01,13:00,2026-02-01 13:00:00,West,124,178,Clear,4.2
2026-02-01,14:00,2026-02-01 14:00:00,Central,175,259,Clear,6.3
2026-02-01,14:00,2026-02-01 14:00:00,North,110,196,Clear,3.1
2026-02-01,14:00,2026-02-01 14:00:00,South,134,215,Clear,4.2
2026-02-01,14:00,2026-02-01 14:00:00,East,95,140,Clear,8.0
2026-02-01,14:00,2026-02-01 14:00:00,West,148,165,Rain,7.8
2026-02-01,15:00,2026-02-01 15:00:00,Central,156,279,Clear,5.4
2026-02-01,15:00,2026-02-01 15:00:00,North,121,185,Cloudy,4.5
2026-02-01,15:00,2026-02-01 15:00:00,South,150,228,Clear,5.9
2026-02-01,15:00,2026-02-01 15:00:00,East,95,151,Cloudy,5.5
2026-02-01,15:00,2026-02-01 15:00:00,West,121,174,Cloudy,4.7
2026-02-01,16:00,2026-02-01 16:00:00,Central,196,263,Rain,5.8
2026-02-01,16:00,2026-02-01 16:00:00,North,118,190,Clear,6.5
2026-02-01,16:00,2026-02-01 16:00:00,South,153,229,Clear,4.3
2026-02-01,16:00,2026-02-01 16:00:00,East,110,167,Rain,7.6
2026-02-01,16:00,2026-02-01 16:00:00,West,117,196,Clear,3.7
2026-02-01,17:00,2026-02-01 17:00:00,Central,289,205,Rain,13.4
2026-02-01,17:00,2026-02-01 17:00:00,North,219,149,Rain,14.4
2026-02-01,17:00,2026-02-01 17:00:00,South,241,171,Clear,7.2
2026-02-01,17:00,2026-02-01 17:00:00,East,174,132,Cloudy,4.9
2026-02-01,17:00,2026-02-01 17:00:00,West,187,154,Clear,6.6
2026-02-01,18:00,2026-02-01 18:00:00,Central,278,208,Cloudy,13.2
2026-02-01,18:00,2026-02-01 18:00:00,North,210,164,Clear,8.5
2026-02-01,18:00,2026-02-01 18:00:00,South,236,189,Clear,6.2
2026-02-01,18:00,2026-02-01 18:00:00,East,167,126,Rain,10.4
2026-02-01,18:00,2026-02-01 18:00:00,West,170,149,Clear,4.0
2026-02-01,19:00,2026-02-01 19:00:00,Central,309,212,Clear,9.6
2026-02-01,19:00,2026-02-01 19:00:00,North,235,142,Heavy Rain,20.8
2026-02-01,19:00,2026-02-01 19:00:00,South,253,188,Cloudy,9.8
2026-02-01,19:00,2026-02-01 19:00:00,East,176,135,Clear,6.5
2026-02-01,19:00,2026-02-01 19:00:00,West,189,149,Clear,8.0
2026-02-01,20:00,2026-02-01 20:00:00,Central,284,242,Clear,6.2
2026-02-01,20:00,2026-02-01 20:00:00,North,267,154,Heavy Rain,19.0
2026-02-01,20:00,2026-02-01 20:00:00,South,200,198,Clear,6.7
2026-02-01,20:00,2026-02-01 20:00:00,East,150,128,Clear,8.3
2026-02-01,20:00,2026-02-01 20:00:00,West,232,150,Heavy Rain,18.8
2026-02-01,21:00,2026-02-01 21:00:00,Central,113,268,Cloudy,6.0
2026-02-01,21:00,2026-02-01 21:00:00,North,92,186,Heavy Rain,15.8
2026-02-01,21:00,2026-02-01 21:00:00,South,115,204,Heavy Rain,15.2
2026-02-01,21:00,2026-02-01 21:00:00,East,50,154,Cloudy,8.3
2026-02-01,21:00,2026-02-01 21:00:00,West,55,163,Clear,4.5
2026-02-01,22:00,2026-02-01 22:00:00,Central,140,272,Heavy Rain,13.5
2026-02-01,22:00,2026-02-01 22:00:00,North,100,170,Rain,8.6
2026-02-01,22:00,2026-02-01 22:00:00,South,114,202,Heavy Rain,14.4
2026-02-01,22:00,2026-02-01 22:00:00,East,49,143,Clear,3.0
2026-02-01,22:00,2026-02-01 22:00:00,West,83,183,Clear,4.2
2026-02-01,23:00,2026-02-01 23:00:00,Central,100,261,Cloudy,2.0
2026-02-01,23:00,2026-02-01 23:00:00,North,75,199,Clear,4.5
2026-02-01,23:00,2026-02-01 23:00:00,South,88,202,Rain,9.2
2026-02-01,23:00,2026-02-01 23:00:00,East,57,126,Clear,4.7
2026-02-01,23:00,2026-02-01 23:00:00,West,77,176,Clear,6.3
2026-02-02,00:00,2026-02-02 00:00:00,Central,135,244,Cloudy,3.2
2026-02-02,00:00,2026-02-02 00:00:00,North,126,188,Heavy Rain,15.8
2026-02-02,00:00,2026-02-02 00:00:00,South,91,211,Clear,6.5
2026-02-02,00:00,2026-02-02 00:00:00,East,63,172,Clear,5.2
2026-02-02,00:00,2026-02-02 00:00:00,West,86,165,Clear,7.1
2026-02-02,01:00,2026-02-02 01:00:00,Central,117,278,Clear,5.9
2026-02-02,01:00,2026-02-02 01:00:00,North,81,185,Clear,6.7
2026-02-02,01:00,2026-02-02 01:00:00,South,83,208,Clear,6.7
2026-02-02,01:00,2026-02-02 01:00:00,East,60,139,Cloudy,5.2
2026-02-02,01:00,2026-02-02 01:00:00,West,81,182,Clear,4.9
2026-02-02,02:00,2026-02-02 02:00:00,Central,123,265,Clear,5.1
2026-02-02,02:00,2026-02-02 02:00:00,North,79,160,Cloudy,5.2
2026-02-02,02:00,2026-02-02 02:00:00,South,94,214,Cloudy,5.5
2026-02-02,02:00,2026-02-02 02:00:00,East,76,174,Cloudy,6.0
2026-02-02,02:00,2026-02-02 02:00:00,West,80,198,Clear,6.7
2026-02-02,03:00,2026-02-02 03:00:00,Central,123,223,Clear,8.2
2026-02-02,03:00,2026-02-02 03:00:00,North,101,194,Clear,3.7
2026-02-02,03:00,2026-02-02 03:00:00,South,104,223,Clear,6.2
2026-02-02,03:00,2026-02-02 03:00:00,East,61,146,Cloudy,4.7
2026-02-02,03:00,2026-02-02 03:00:00,West,82,180,Cloudy,4.8
2026-02-02,04:00,2026-02-02 04:00:00,Central,118,260,Cloudy,4.3
2026-02-02,04:00,2026-02-02 04:00:00,North,81,176,Cloudy,6.9
2026-02-02,04:00,2026-02-02 04:00:00,South,114,223,Cloudy,5.4
2026-02-02,04:00,2026-02-02 04:00:00,East,66,160,Clear,4.2
2026-02-02,04:00,2026-02-02 04:00:00,West,78,160,Cloudy,4.6
2026-02-02,05:00,2026-02-02 05:00:00,Central,129,275,Cloudy,3.8
2026-02-02,05:00,2026-02-02 05:00:00,North,107,185,Rain,9.7
2026-02-02,05:00,2026-02-02 05:00:00,South,91,220,Clear,7.0
2026-02-02,05:00,2026-02-02 05:00:00,East,67,154,Clear,5.8
2026-02-02,05:00,2026-02-02 05:00:00,West,75,167,Cloudy,2.0
2026-02-02,06:00,2026-02-02 06:00:00,Central,155,266,Heavy Rain,15.6
2026-02-02,06:00,2026-02-02 06:00:00,North,89,195,Clear,6.5
2026-02-02,06:00,2026-02-02 06:00:00,South,118,223,Clear,6.9
2026-02-02,06:00,2026-02-02 06:00:00,East,79,150,Rain,9.6
2026-02-02,06:00,2026-02-02 06:00:00,West,92,170,Clear,2.5
2026-02-02,07:00,2026-02-02 07:00:00,Central,300,228,Clear,7.8
2026-02-02,07:00,2026-02-02 07:00:00,North,223,165,Clear,9.8
2026-02-02,07:00,2026-02-02 07:00:00,South,260,187,Cloudy,10.2
2026-02-02,07:00,2026-02-02 07:00:00,East,166,131,Clear,5.3
2026-02-02,07:00,2026-02-02 07:00:00,West,202,162,Clear,7.0
2026-02-02,08:00,2026-02-02 08:00:00,Central,314,223,Clear,10.2
2026-02-02,08:00,2026-02-02 08:00:00,North,250,164,Rain,12.5
2026-02-02,08:00,2026-02-02 08:00:00,South,259,175,Cloudy,10.5
2026-02-02,08:00,2026-02-02 08:00:00,East,153,145,Clear,6.1
2026-02-02,08:00,2026-02-02 08:00:00,West,161,164,Cloudy,7.5
2026-02-02,09:00,2026-02-02 09:00:00,Central,295,234,Clear,7.1
2026-02-02,09:00,2026-02-02 09:00:00,North,205,168,Clear,6.8
2026-02-02,09:00,2026-02-02 09:00:00,South,247,194,Clear,7.1
2026-02-02,09:00,2026-02-02 09:00:00,East,239,122,Heavy Rain,21.9
2026-02-02,09:00,2026-02-02 09:00:00,West,228,152,Clear,9.0
2026-02-02,10:00,2026-02-02 10:00:00,Central,249,260,Rain,10.8
2026-02-02,10:00,2026-02-02 10:00:00,North,177,192,Rain,9.3
2026-02-02,10:00,2026-02-02 10:00:00,South,176,225,Clear,5.6
2026-02-02,10:00,2026-02-02 10:00:00,East,119,120,Clear,5.1
2026-02-02,10:00,2026-02-02 10:00:00,West,138,169,Cloudy,3.3
2026-02-02,11:00,2026-02-02 11:00:00,Central,226,253,Clear,6.0
2026-02-02,11:00,2026-02-02 11:00:00,North,161,165,Clear,4.4
2026-02-02,11:00,2026-02-02 11:00:00,South,157,216,Clear,5.5
2026-02-02,11:00,2026-02-02 11:00:00,East,137,133,Cloudy,6.7
2026-02-02,11:00,2026-02-02 11:00:00,West,181,180,Rain,11.4
2026-02-02,12:00,2026-02-02 12:00:00,Central,205,270,Clear,6.0
2026-02-02,12:00,2026-02-02 12:00:00,North,184,168,Rain,9.7
2026-02-02,12:00,2026-02-02 12:00:00,South,185,217,Clear,3.6
2026-02-02,12:00,2026-02-02 12:00:00,East,143,145,Rain,9.3
2026-02-02,12:00,2026-02-02 12:00:00,West,158,185,Cloudy,8.6
2026-02-02,13:00,2026-02-02 13:00:00,Central,265,277,Rain,9.1
2026-02-02,13:00,2026-02-02 13:00:00,North,135,178,Clear,5.7
2026-02-02,13:00,2026-02-02 13:00:00,South,252,211,Heavy Rain,17.1
2026-02-02,13:00,2026-02-02 13:00:00,East,119,141,Clear,4.5
2026-02-02,13:00,2026-02-02 13:00:00,West,141,186,Clear,4.8
2026-02-02,14:00,2026-02-02 14:00:00,Central,250,272,Cloudy,7.2
2026-02-02,14:00,2026-02-02 14:00:00,North,157,192,Clear,4.5
2026-02-02,14:00,2026-02-02 14:00:00,South,185,212,Clear,7.9
2026-02-02,14:00,2026-02-02 14:00:00,East,148,152,Rain,10.9
2026-02-02,14:00,2026-02-02 14:00:00,West,158,163,Heavy Rain,14.2
2026-02-02,15:00,2026-02-02 15:00:00,Central,293,254,Heavy Rain,14.5
2026-02-02,15:00,2026-02-02 15:00:00,North,146,186,Clear,5.7
2026-02-02,15:00,2026-02-02 15:00:00,South,169,222,Clear,4.0
2026-02-02,15:00,2026-02-02 15:00:00,East,117,145,Clear,7.0
2026-02-02,15:00,2026-02-02 15:00:00,West,134,168,Clear,4.6
2026-02-02,16:00,2026-02-02 16:00:00,Central,247,247,Clear,6.4
2026-02-02,16:00,2026-02-02 16:00:00,North,152,200,Cloudy,4.8
2026-02-02,16:00,2026-02-02 16:00:00,South,226,206,Heavy Rain,15.8
2026-02-02,16:00,2026-02-02 16:00:00,East,92,158,Clear,3.1
2026-02-02,16:00,2026-02-02 16:00:00,West,139,177,Cloudy,2.7
2026-02-02,17:00,2026-02-02 17:00:00,Central,334,223,Clear,12.3
2026-02-02,17:00,2026-02-02 17:00:00,North,265,154,Clear,11.2
2026-02-02,17:00,2026-02-02 17:00:00,South,312,211,Clear,8.6
2026-02-02,17:00,2026-02-02 17:00:00,East,273,136,Heavy Rain,19.2
2026-02-02,17:00,2026-02-02 17:00:00,West,260,151,Rain,15.0
2026-02-02,18:00,2026-02-02 18:00:00,Central,348,217,Clear,14.2
2026-02-02,18:00,2026-02-02 18:00:00,North,227,158,Clear,8.3
2026-02-02,18:00,2026-02-02 18:00:00,South,280,192,Clear,8.4
2026-02-02,18:00,2026-02-02 18:00:00,East,207,130,Cloudy,10.6
2026-02-02,18:00,2026-02-02 18:00:00,West,261,142,Clear,11.3
2026-02-02,19:00,2026-02-02 19:00:00,Central,418,227,Heavy Rain,25.4
2026-02-02,19:00,2026-02-02 19:00:00,North,252,177,Clear,9.9
2026-02-02,19:00,2026-02-02 19:00:00,South,280,185,Clear,11.2
2026-02-02,19:00,2026-02-02 19:00:00,East,188,134,Clear,7.3
2026-02-02,19:00,2026-02-02 19:00:00,West,287,137,Rain,17.8
2026-02-02,20:00,2026-02-02 20:00:00,Central,344,208,Cloudy,13.8
2026-02-02,20:00,2026-02-02 20:00:00,North,215,137,Clear,9.3
2026-02-02,20:00,2026-02-02 20:00:00,South,267,198,Cloudy,10.3
2026-02-02,20:00,2026-02-02 20:00:00,East,209,126,Cloudy,10.9
2026-02-02,20:00,2026-02-02 20:00:00,West,254,135,Clear,12.9
2026-02-02,21:00,2026-02-02 21:00:00,Central,128,251,Clear,4.8
2026-02-02,21:00,2026-02-02 21:00:00,North,97,185,Clear,4.0
2026-02-02,21:00,2026-02-02 21:00:00,South,104,198,Rain,8.3
2026-02-02,21:00,2026-02-02 21:00:00,East,70,143,Clear,7.5
2026-02-02,21:00,2026-02-02 21:00:00,West,82,184,Cloudy,7.4
2026-02-02,22:00,2026-02-02 22:00:00,Central,120,245,Clear,5.3
2026-02-02,22:00,2026-02-02 22:00:00,North,108,200,Rain,7.3
2026-02-02,22:00,2026-02-02 22:00:00,South,94,217,Clear,6.2
2026-02-02,22:00,2026-02-02 22:00:00,East,70,134,Clear,2.5
2026-02-02,22:00,2026-02-02 22:00:00,West,91,176,Cloudy,4.5
2026-02-02,23:00,2026-02-02 23:00:00,Central,119,248,Clear,5.0
2026-02-02,23:00,2026-02-02 23:00:00,North,74,164,Clear,3.7
2026-02-02,23:00,2026-02-02 23:00:00,South,98,216,Clear,5.0
2026-02-02,23:00,2026-02-02 23:00:00,East,73,154,Cloudy,5.1
2026-02-02,23:00,2026-02-02 23:00:00,West,82,163,Clear,4.7
2026-02-03,00:00,2026-02-03 00:00:00,Central,106,254,Clear,2.0
2026-02-03,00:00,2026-02-03 00:00:00,North,81,203,Cloudy,6.1
2026-02-03,00:00,2026-02-03 00:00:00,South,95,217,Clear,5.2
2026-02-03,00:00,2026-02-03 00:00:00,East,73,141,Cloudy,5.3
2026-02-03,00:00,2026-02-03 00:00:00,West,92,160,Cloudy,4.7
2026-02-03,01:00,2026-02-03 01:00:00,Central,131,242,Cloudy,7.6
2026-02-03,01:00,2026-02-03 01:00:00,North,80,168,Clear,5.0
2026-02-03,01:00,2026-02-03 01:00:00,South,120,187,Clear,6.1
2026-02-03,01:00,2026-02-03 01:00:00,East,55,142,Clear,5.3
2026-02-03,01:00,2026-02-03 01:00:00,West,85,179,Rain,10.8
2026-02-03,02:00,2026-02-03 02:00:00,Central,147,261,Rain,7.5
2026-02-03,02:00,2026-02-03 02:00:00,North,84,202,Cloudy,3.9
2026-02-03,02:00,2026-02-03 02:00:00,South,90,223,Clear,6.5
2026-02-03,02:00,2026-02-03 02:00:00,East,80,143,Cloudy,5.6
2026-02-03,02:00,2026-02-03 02:00:00,West,83,184,Clear,4.1
2026-02-03,03:00,2026-02-03 03:00:00,Central,128,251,Clear,4.1
2026-02-03,03:00,2026-02-03 03:00:00,North,93,169,Clear,8.2
2026-02-03,03:00,2026-02-03 03:00:00,South,87,220,Clear,5.9
2026-02-03,03:00,2026-02-03 03:00:00,East,64,143,Clear,6.0
2026-02-03,03:00,2026-02-03 03:00:00,West,102,171,Rain,6.7
2026-02-03,04:00,2026-02-03 04:00:00,Central,128,235,Clear,5.1
2026-02-03,04:00,2026-02-03 04:00:00,North,86,178,Clear,6.2
2026-02-03,04:00,2026-02-03 04:00:00,South,122,220,Rain,7.0
2026-02-03,04:00,2026-02-03 04:00:00,East,74,125,Cloudy,6.5
2026-02-03,04:00,2026-02-03 04:00:00,West,89,151,Cloudy,7.3
2026-02-03,05:00,2026-02-03 05:00:00,Central,121,280,Clear,4.4
2026-02-03,05:00,2026-02-03 05:00:00,North,114,187,Heavy Rain,16.1
2026-02-03,05:00,2026-02-03 05:00:00,South,112,200,Clear,5.0
2026-02-03,05:00,2026-02-03 05:00:00,East,90,128,Rain,8.4
2026-02-03,05:00,2026-02-03 05:00:00,West,104,164,Heavy Rain,14.2
2026-02-03,06:00,2026-02-03 06:00:00,Central,112,262,Clear,3.8
2026-02-03,06:00,2026-02-03 06:00:00,North,98,193,Clear,2.2
2026-02-03,06:00,2026-02-03 06:00:00,South,126,190,Cloudy,6.3
2026-02-03,06:00,2026-02-03 06:00:00,East,73,172,Clear,5.9
2026-02-03,06:00,2026-02-03 06:00:00,West,118,180,Heavy Rain,12.5
2026-02-03,07:00,2026-02-03 07:00:00,Central,282,218,Clear,7.1
2026-02-03,07:00,2026-02-03 07:00:00,North,240,145,Rain,15.4
2026-02-03,07:00,2026-02-03 07:00:00,South,277,185,Cloudy,11.1
2026-02-03,07:00,2026-02-03 07:00:00,East,161,107,Clear,9.2
2026-02-03,07:00,2026-02-03 07:00:00,West,206,147,Cloudy,8.4
2026-02-03,08:00,2026-02-03 08:00:00,Central,304,228,Clear,11.3
2026-02-03,08:00,2026-02-03 08:00:00,North,261,141,Rain,16.6
2026-02-03,08:00,2026-02-03 08:00:00,South,302,192,Rain,15.0
2026-02-03,08:00,2026-02-03 08:00:00,East,157,135,Cloudy,6.5
2026-02-03,08:00,2026-02-03 08:00:00,West,221,138,Cloudy,7.7
2026-02-03,09:00,2026-02-03 09:00:00,Central,314,226,Clear,11.2
2026-02-03,09:00,2026-02-03 09:00:00,North,217,160,Rain,10.4
2026-02-03,09:00,2026-02-03 09:00:00,South,283,188,Heavy Rain,20.2
2026-02-03,09:00,2026-02-03 09:00:00,East,158,125,Clear,6.1
2026-02-03,09:00,2026-02-03 09:00:00,West,227,159,Rain,13.0
2026-02-03,10:00,2026-02-03 10:00:00,Central,225,268,Cloudy,7.6
2026-02-03,10:00,2026-02-03 10:00:00,North,175,189,Clear,6.5
2026-02-03,10:00,2026-02-03 10:00:00,South,195,220,Rain,7.3
2026-02-03,10:00,2026-02-03 10:00:00,East,130,143,Cloudy,4.9
2026-02-03,10:00,2026-02-03 10:00:00,West,174,183,Rain,8.5
2026-02-03,11:00,2026-02-03 11:00:00,Central,230,273,Clear,6.6
2026-02-03,11:00,2026-02-03 11:00:00,North,159,183,Clear,4.9
2026-02-03,11:00,2026-02-03 11:00:00,South,183,228,Cloudy,4.6
2026-02-03,11:00,2026-02-03 11:00:00,East,139,148,Cloudy,3.5
2026-02-03,11:00,2026-02-03 11:00:00,West,157,172,Cloudy,6.1
2026-02-03,12:00,2026-02-03 12:00:00,Central,272,264,Rain,9.2
2026-02-03,12:00,2026-02-03 12:00:00,North,165,168,Clear,2.0
2026-02-03,12:00,2026-02-03 12:00:00,South,199,217,Rain,11.0
2026-02-03,12:00,2026-02-03 12:00:00,East,129,130,Cloudy,3.8
2026-02-03,12:00,2026-02-03 12:00:00,West,182,174,Cloudy,7.9
2026-02-03,13:00,2026-02-03 13:00:00,Central,231,257,Clear,3.8
2026-02-03,13:00,2026-02-03 13:00:00,North,163,161,Clear,5.1
2026-02-03,13:00,2026-02-03 13:00:00,South,169,184,Clear,6.6
2026-02-03,13:00,2026-02-03 13:00:00,East,126,148,Clear,6.6
2026-02-03,13:00,2026-02-03 13:00:00,West,147,137,Clear,4.9
2026-02-03,14:00,2026-02-03 14:00:00,Central,185,251,Clear,5.7
2026-02-03,14:00,2026-02-03 14:00:00,North,156,177,Clear,2.1
2026-02-03,14:00,2026-02-03 14:00:00,South,174,231,Clear,5.1
2026-02-03,14:00,2026-02-03 14:00:00,East,134,140,Cloudy,5.2
2026-02-03,14:00,2026-02-03 14:00:00,West,154,173,Clear,2.9
2026-02-03,15:00,2026-02-03 15:00:00,Central,220,280,Clear,2.9
2026-02-03,15:00,2026-02-03 15:00:00,North,168,160,Clear,5.2
2026-02-03,15:00,2026-02-03 15:00:00,South,176,209,Clear,4.7
2026-02-03,15:00,2026-02-03 15:00:00,East,128,157,Clear,6.6
2026-02-03,15:00,2026-02-03 15:00:00,West,149,172,Clear,6.4
2026-02-03,16:00,2026-02-03 16:00:00,Central,205,260,Clear,3.1
2026-02-03,16:00,2026-02-03 16:00:00,North,141,193,Clear,4.4
2026-02-03,16:00,2026-02-03 16:00:00,South,183,203,Clear,5.1
2026-02-03,16:00,2026-02-03 16:00:00,East,109,138,Clear,6.4
2026-02-03,16:00,2026-02-03 16:00:00,West,150,171,Clear,4.8
2026-02-03,17:00,2026-02-03 17:00:00,Central,376,220,Cloudy,12.8
2026-02-03,17:00,2026-02-03 17:00:00,North,220,142,Cloudy,10.9
2026-02-03,17:00,2026-02-03 17:00:00,South,317,196,Clear,13.4
2026-02-03,17:00,2026-02-03 17:00:00,East,231,127,Rain,13.5
2026-02-03,17:00,2026-02-03 17:00:00,West,259,159,Clear,11.8
2026-02-03,18:00,2026-02-03 18:00:00,Central,365,221,Cloudy,16.1
2026-02-03,18:00,2026-02-03 18:00:00,North,246,167,Clear,8.8
2026-02-03,18:00,2026-02-03 18:00:00,South,218,205,Clear,4.5
2026-02-03,18:00,2026-02-03 18:00:00,East,205,125,Clear,10.5
2026-02-03,18:00,2026-02-03 18:00:00,West,237,134,Clear,12.1
2026-02-03,19:00,2026-02-03 19:00:00,Central,349,222,Cloudy,13.0
2026-02-03,19:00,2026-02-03 19:00:00,North,294,156,Rain,19.5
2026-02-03,19:00,2026-02-03 19:00:00,South,279,172,Clear,12.7
2026-02-03,19:00,2026-02-03 19:00:00,East,183,112,Clear,8.5
2026-02-03,19:00,2026-02-03 19:00:00,West,251,151,Cloudy,10.3
2026-02-03,20:00,2026-02-03 20:00:00,Central,383,220,Clear,14.4
2026-02-03,20:00,2026-02-03 20:00:00,North,217,142,Clear,8.1
2026-02-03,20:00,2026-02-03 20:00:00,South,324,181,Cloudy,12.6
2026-02-03,20:00,2026-02-03 20:00:00,East,197,142,Cloudy,9.7
2026-02-03,20:00,2026-02-03 20:00:00,West,231,145,Cloudy,10.4
2026-02-03,21:00,2026-02-03 21:00:00,Central,120,273,Clear,6.6
2026-02-03,21:00,2026-02-03 21:00:00,North,88,176,Clear,6.2
2026-02-03,21:00,2026-02-03 21:00:00,South,99,224,Clear,7.5
2026-02-03,21:00,2026-02-03 21:00:00,East,80,137,Clear,5.6
2026-02-03,21:00,2026-02-03 21:00:00,West,74,182,Clear,5.9
2026-02-03,22:00,2026-02-03 22:00:00,Central,124,264,Rain,8.2
2026-02-03,22:00,2026-02-03 22:00:00,North,92,191,Clear,3.5
2026-02-03,22:00,2026-02-03 22:00:00,South,97,235,Cloudy,2.1
2026-02-03,22:00,2026-02-03 22:00:00,East,73,141,Cloudy,5.6
2026-02-03,22:00,2026-02-03 22:00:00,West,77,165,Clear,5.1
2026-02-03,23:00,2026-02-03 23:00:00,Central,134,265,Clear,5.2
2026-02-03,23:00,2026-02-03 23:00:00,North,90,198,Clear,4.3
2026-02-03,23:00,2026-02-03 23:00:00,South,95,200,Clear,6.2
2026-02-03,23:00,2026-02-03 23:00:00,East,65,168,Clear,5.7
2026-02-03,23:00,2026-02-03 23:00:00,West,83,194,Clear,7.0
2026-02-04,00:00,2026-02-04 00:00:00,Central,124,261,Clear,6.8
2026-02-04,00:00,2026-02-04 00:00:00,North,100,180,Cloudy,4.0
2026-02-04,00:00,2026-02-04 00:00:00,South,102,214,Cloudy,7.0
2026-02-04,00:00,2026-02-04 00:00:00,East,68,145,Rain,7.6
2026-02-04,00:00,2026-02-04 00:00:00,West,92,171,Clear,4.1
2026-02-04,01:00,2026-02-04 01:00:00,Central,123,261,Clear,4.2
2026-02-04,01:00,2026-02-04 01:00:00,North,95,170,Cloudy,4.3
2026-02-04,01:00,2026-02-04 01:00:00,South,112,209,Cloudy,8.9
2026-02-04,01:00,2026-02-04 01:00:00,East,71,146,Clear,2.1
2026-02-04,01:00,2026-02-04 01:00:00,West,73,176,Clear,3.8
2026-02-04,02:00,2026-02-04 02:00:00,Central,124,249,Clear,5.3
2026-02-04,02:00,2026-02-04 02:00:00,North,76,150,Clear,4.6
2026-02-04,02:00,2026-02-04 02:00:00,South,96,218,Clear,5.0
2026-02-04,02:00,2026-02-04 02:00:00,East,86,111,Clear,4.8
2026-02-04,02:00,2026-02-04 02:00:00,West,110,174,Clear,6.7
2026-02-04,03:00,2026-02-04 03:00:00,Central,134,240,Clear,3.2
2026-02-04,03:00,2026-02-04 03:00:00,North,96,183,Clear,5.9
2026-02-04,03:00,2026-02-04 03:00:00,South,107,214,Cloudy,6.4
2026-02-04,03:00,2026-02-04 03:00:00,East,92,146,Heavy Rain,12.9
2026-02-04,03:00,2026-02-04 03:00:00,West,80,158,Clear,6.6
2026-02-04,04:00,2026-02-04 04:00:00,Central,119,247,Cloudy,4.0
2026-02-04,04:00,2026-02-04 04:00:00,North,75,176,Clear,6.9
2026-02-04,04:00,2026-02-04 04:00:00,South,96,219,Rain,6.0
2026-02-04,04:00,2026-02-04 04:00:00,East,73,148,Cloudy,4.8
2026-02-04,04:00,2026-02-04 04:00:00,West,83,170,Clear,2.5
2026-02-04,05:00,2026-02-04 05:00:00,Central,142,265,Clear,6.3
2026-02-04,05:00,2026-02-04 05:00:00,North,80,230,Clear,5.2
2026-02-04,05:00,2026-02-04 05:00:00,South,112,204,Rain,10.0
2026-02-04,05:00,2026-02-04 05:00:00,East,83,143,Rain,9.0
2026-02-04,05:00,2026-02-04 05:00:00,West,79,184,Cloudy,4.9
2026-02-04,06:00,2026-02-04 06:00:00,Central,129,259,Cloudy,3.9
2026-02-04,06:00,2026-02-04 06:00:00,North,114,181,Heavy Rain,15.9
2026-02-04,06:00,2026-02-04 06:00:00,South,110,205,Clear,4.7
2026-02-04,06:00,2026-02-04 06:00:00,East,84,115,Rain,8.9
2026-02-04,06:00,2026-02-04 06:00:00,West,71,186,Rain,7.2
2026-02-04,07:00,2026-02-04 07:00:00,Central,322,225,Clear,11.1
2026-02-04,07:00,2026-02-04 07:00:00,North,251,136,Rain,15.4
2026-02-04,07:00,2026-02-04 07:00:00,South,224,182,Clear,7.6
2026-02-04,07:00,2026-02-04 07:00:00,East,199,133,Rain,11.3
2026-02-04,07:00,2026-02-04 07:00:00,West,178,149,Clear,5.5
2026-02-04,08:00,2026-02-04 08:00:00,Central,325,234,Clear,8.8
2026-02-04,08:00,2026-02-04 08:00:00,North,234,171,Clear,10.8
2026-02-04,08:00,2026-02-04 08:00:00,South,250,174,Cloudy,7.8
2026-02-04,08:00,2026-02-04 08:00:00,East,162,119,Clear,5.9
2026-02-04,08:00,2026-02-04 08:00:00,West,213,159,Clear,8.5
2026-02-04,09:00,2026-02-04 09:00:00,Central,276,237,Clear,7.5
2026-02-04,09:00,2026-02-04 09:00:00,North,199,168,Clear,7.8
2026-02-04,09:00,2026-02-04 09:00:00,South,251,178,Clear,8.7
2026-02-04,09:00,2026-02-04 09:00:00,East,145,115,Clear,7.7
2026-02-04,09:00,2026-02-04 09:00:00,West,239,137,Rain,14.7
2026-02-04,10:00,2026-02-04 10:00:00,Central,214,259,Cloudy,5.3
2026-02-04,10:00,2026-02-04 10:00:00,North,165,169,Clear,3.0
2026-02-04,10:00,2026-02-04 10:00:00,South,181,214,Cloudy,6.8
2026-02-04,10:00,2026-02-04 10:00:00,East,122,156,Clear,3.8
2026-02-04,10:00,2026-02-04 10:00:00,West,155,182,Clear,6.2
2026-02-04,11:00,2026-02-04 11:00:00,Central,234,249,Rain,8.3
2026-02-04,11:00,2026-02-04 11:00:00,North,158,185,Clear,4.6
2026-02-04,11:00,2026-02-04 11:00:00,South,195,204,Clear,4.2
2026-02-04,11:00,2026-02-04 11:00:00,East,136,113,Clear,6.4
2026-02-04,11:00,2026-02-04 11:00:00,West,156,180,Cloudy,6.5
2026-02-04,12:00,2026-02-04 12:00:00,Central,277,266,Clear,6.5
2026-02-04,12:00,2026-02-04 12:00:00,North,164,173,Rain,10.4
2026-02-04,12:00,2026-02-04 12:00:00,South,169,228,Cloudy,6.3
2026-02-04,12:00,2026-02-04 12:00:00,East,154,151,Rain,9.7
2026-02-04,12:00,2026-02-04 12:00:00,West,142,172,Clear,6.4
2026-02-04,13:00,2026-02-04 13:00:00,Central,217,257,Clear,6.3
2026-02-04,13:00,2026-02-04 13:00:00,North,152,195,Clear,4.0
2026-02-04,13:00,2026-02-04 13:00:00,South,245,231,Heavy Rain,16.4
2026-02-04,13:00,2026-02-04 13:00:00,East,130,145,Clear,4.2
2026-02-04,13:00,2026-02-04 13:00:00,West,126,165,Clear,5.9
2026-02-04,14:00,2026-02-04 14:00:00,Central,215,287,Clear,5.5
2026-02-04,14:00,2026-02-04 14:00:00,North,147,179,Clear,4.9
2026-02-04,14:00,2026-02-04 14:00:00,South,163,198,Clear,5.4
2026-02-04,14:00,2026-02-04 14:00:00,East,163,128,Heavy Rain,17.8
2026-02-04,14:00,2026-02-04 14:00:00,West,133,160,Clear,5.5
2026-02-04,15:00,2026-02-04 15:00:00,Central,252,258,Clear,4.7
2026-02-04,15:00,2026-02-04 15:00:00,North,182,177,Rain,8.3
2026-02-04,15:00,2026-02-04 15:00:00,South,202,196,Rain,10.0
2026-02-04,15:00,2026-02-04 15:00:00,East,148,157,Rain,8.5
2026-02-04,15:00,2026-02-04 15:00:00,West,166,163,Rain,8.3
2026-02-04,16:00,2026-02-04 16:00:00,Central,226,280,Clear,7.4
2026-02-04,16:00,2026-02-04 16:00:00,North,193,178,Heavy Rain,15.2
2026-02-04,16:00,2026-02-04 16:00:00,South,194,236,Rain,11.4
2026-02-04,16:00,2026-02-04 16:00:00,East,145,144,Rain,10.2
2026-02-04,16:00,2026-02-04 16:00:00,West,134,196,Clear,2.7
2026-02-04,17:00,2026-02-04 17:00:00,Central,391,246,Clear,12.5
2026-02-04,17:00,2026-02-04 17:00:00,North,252,157,Rain,16.3
2026-02-04,17:00,2026-02-04 17:00:00,South,272,183,Clear,12.8
2026-02-04,17:00,2026-02-04 17:00:00,East,170,125,Clear,7.5
2026-02-04,17:00,2026-02-04 17:00:00,West,216,161,Clear,9.3
2026-02-04,18:00,2026-02-04 18:00:00,Central,402,209,Cloudy,14.0
2026-02-04,18:00,2026-02-04 18:00:00,North,282,144,Cloudy,12.1
2026-02-04,18:00,2026-02-04 18:00:00,South,299,194,Cloudy,12.9
2026-02-04,18:00,2026-02-04 18:00:00,East,219,147,Rain,13.0
2026-02-04,18:00,2026-02-04 18:00:00,West,205,159,Cloudy,7.3
2026-02-04,19:00,2026-02-04 19:00:00,Central,343,226,Clear,11.6
2026-02-04,19:00,2026-02-04 19:00:00,North,365,170,Heavy Rain,26.6
2026-02-04,19:00,2026-02-04 19:00:00,South,261,193,Clear,6.9
2026-02-04,19:00,2026-02-04 19:00:00,East,185,122,Clear,8.3
2026-02-04,19:00,2026-02-04 19:00:00,West,226,140,Clear,11.4
2026-02-04,20:00,2026-02-04 20:00:00,Central,395,207,Rain,20.9
2026-02-04,20:00,2026-02-04 20:00:00,North,274,169,Cloudy,11.7
2026-02-04,20:00,2026-02-04 20:00:00,South,252,191,Clear,8.1
2026-02-04,20:00,2026-02-04 20:00:00,East,177,114,Cloudy,7.9
2026-02-04,20:00,2026-02-04 20:00:00,West,239,153,Cloudy,9.9
2026-02-04,21:00,2026-02-04 21:00:00,Central,137,278,Clear,4.7
2026-02-04,21:00,2026-02-04 21:00:00,North,85,172,Clear,5.9
2026-02-04,21:00,2026-02-04 21:00:00,South,135,194,Heavy Rain,15.0
2026-02-04,21:00,2026-02-04 21:00:00,East,75,134,Clear,7.4
2026-02-04,21:00,2026-02-04 21:00:00,West,95,189,Cloudy,5.3
2026-02-04,22:00,2026-02-04 22:00:00,Central,126,260,Clear,4.6
2026-02-04,22:00,2026-02-04 22:00:00,North,68,179,Clear,6.0
2026-02-04,22:00,2026-02-04 22:00:00,South,125,233,Rain,8.1
2026-02-04,22:00,2026-02-04 22:00:00,East,64,137,Clear,3.2
2026-02-04,22:00,2026-02-04 22:00:00,West,106,166,Rain,11.2
2026-02-04,23:00,2026-02-04 23:00:00,Central,159,269,Heavy Rain,14.4
2026-02-04,23:00,2026-02-04 23:00:00,North,95,197,Cloudy,3.8
2026-02-04,23:00,2026-02-04 23:00:00,South,98,216,Clear,5.0
2026-02-04,23:00,2026-02-04 23:00:00,East,79,139,Cloudy,4.9
2026-02-04,23:00,2026-02-04 23:00:00,West,91,168,Clear,6.3
2026-02-05,00:00,2026-02-05 00:00:00,Central,130,278,Clear,5.2
2026-02-05,00:00,2026-02-05 00:00:00,North,75,179,Clear,6.8
2026-02-05,00:00,2026-02-05 00:00:00,South,127,208,Rain,8.0
2026-02-05,00:00,2026-02-05 00:00:00,East,56,149,Cloudy,10.1
2026-02-05,00:00,2026-02-05 00:00:00,West,96,188,Rain,9.3
2026-02-05,01:00,2026-02-05 01:00:00,Central,116,238,Clear,4.4
2026-02-05,01:00,2026-02-05 01:00:00,North,91,199,Clear,3.6
2026-02-05,01:00,2026-02-05 01:00:00,South,95,217,Clear,4.7
2026-02-05,01:00,2026-02-05 01:00:00,East,66,137,Cloudy,5.2
2026-02-05,01:00,2026-02-05 01:00:00,West,83,182,Rain,9.8
2026-02-05,02:00,2026-02-05 02:00:00,Central,123,269,Clear,5.7
2026-02-05,02:00,2026-02-05 02:00:00,North,82,178,Clear,6.2
2026-02-05,02:00,2026-02-05 02:00:00,South,106,208,Cloudy,4.7
2026-02-05,02:00,2026-02-05 02:00:00,East,81,160,Clear,5.2
2026-02-05,02:00,2026-02-05 02:00:00,West,76,163,Clear,4.8
2026-02-05,03:00,2026-02-05 03:00:00,Central,130,270,Clear,6.5
2026-02-05,03:00,2026-02-05 03:00:00,North,88,186,Clear,2.0
2026-02-05,03:00,2026-02-05 03:00:00,South,117,204,Rain,7.5
2026-02-05,03:00,2026-02-05 03:00:00,East,74,163,Clear,3.0
2026-02-05,03:00,2026-02-05 03:00:00,West,90,166,Cloudy,7.9
2026-02-05,04:00,2026-02-05 04:00:00,Central,157,253,Rain,9.1
2026-02-05,04:00,2026-02-05 04:00:00,North,110,176,Heavy Rain,14.9
2026-02-05,04:00,2026-02-05 04:00:00,South,100,227,Rain,6.3
2026-02-05,04:00,2026-02-05 04:00:00,East,71,153,Clear,2.7
2026-02-05,04:00,2026-02-05 04:00:00,West,95,188,Rain,8.6
2026-02-05,05:00,2026-02-05 05:00:00,Central,137,266,Clear,4.2
2026-02-05,05:00,2026-02-05 05:00:00,North,100,184,Rain,7.7
2026-02-05,05:00,2026-02-05 05:00:00,South,100,210,Clear,7.1
2026-02-05,05:00,2026-02-05 05:00:00,East,86,163,Clear,4.3
2026-02-05,05:00,2026-02-05 05:00:00,West,102,153,Rain,9.9
2026-02-05,06:00,2026-02-05 06:00:00,Central,138,244,Clear,5.1
2026-02-05,06:00,2026-02-05 06:00:00,North,90,192,Cloudy,5.4
2026-02-05,06:00,2026-02-05 06:00:00,South,94,211,Clear,6.7
2026-02-05,06:00,2026-02-05 06:00:00,East,69,136,Cloudy,7.9
2026-02-05,06:00,2026-02-05 06:00:00,West,103,195,Heavy Rain,16.2
2026-02-05,07:00,2026-02-05 07:00:00,Central,309,215,Cloudy,13.7
2026-02-05,07:00,2026-02-05 07:00:00,North,225,175,Clear,11.3
2026-02-05,07:00,2026-02-05 07:00:00,South,247,178,Clear,9.9
2026-02-05,07:00,2026-02-05 07:00:00,East,173,139,Clear,8.0
2026-02-05,07:00,2026-02-05 07:00:00,West,203,141,Clear,8.4
2026-02-05,08:00,2026-02-05 08:00:00,Central,284,194,Clear,10.5
2026-02-05,08:00,2026-02-05 08:00:00,North,237,167,Cloudy,9.1
2026-02-05,08:00,2026-02-05 08:00:00,South,230,170,Clear,6.6
2026-02-05,08:00,2026-02-05 08:00:00,East,182,134,Cloudy,8.7
2026-02-05,08:00,2026-02-05 08:00:00,West,234,151,Rain,15.2
2026-02-05,09:00,2026-02-05 09:00:00,Central,347,225,Cloudy,11.0
2026-02-05,09:00,2026-02-05 09:00:00,North,231,125,Clear,10.3
2026-02-05,09:00,2026-02-05 09:00:00,South,230,188,Clear,6.9
2026-02-05,09:00,2026-02-05 09:00:00,East,164,112,Clear,7.6
2026-02-05,09:00,2026-02-05 09:00:00,West,198,165,Clear,6.4
2026-02-05,10:00,2026-02-05 10:00:00,Central,205,267,Cloudy,7.4
2026-02-05,10:00,2026-02-05 10:00:00,North,149,184,Clear,6.7
2026-02-05,10:00,2026-02-05 10:00:00,South,188,198,Rain,10.2
2026-02-05,10:00,2026-02-05 10:00:00,East,128,147,Clear,4.0
2026-02-05,10:00,2026-02-05 10:00:00,West,149,180,Cloudy,6.1
2026-02-05,11:00,2026-02-05 11:00:00,Central,214,256,Clear,2.0
2026-02-05,11:00,2026-02-05 11:00:00,North,123,178,Clear,6.4
2026-02-05,11:00,2026-02-05 11:00:00,South,197,205,Clear,3.8
2026-02-05,11:00,2026-02-05 11:00:00,East,132,165,Clear,2.5
2026-02-05,11:00,2026-02-05 11:00:00,West,158,174,Rain,9.8
2026-02-05,12:00,2026-02-05 12:00:00,Central,211,266,Clear,6.0
2026-02-05,12:00,2026-02-05 12:00:00,North,161,184,Clear,6.1
2026-02-05,12:00,2026-02-05 12:00:00,South,156,234,Clear,4.5
2026-02-05,12:00,2026-02-05 12:00:00,East,112,143,Cloudy,5.2
2026-02-05,12:00,2026-02-05 12:00:00,West,154,190,Clear,5.1
2026-02-05,13:00,2026-02-05 13:00:00,Central,246,252,Rain,13.1
2026-02-05,13:00,2026-02-05 13:00:00,North,131,201,Clear,4.3
2026-02-05,13:00,2026-02-05 13:00:00,South,203,231,Cloudy,6.3
2026-02-05,13:00,2026-02-05 13:00:00,East,142,154,Cloudy,4.2
2026-02-05,13:00,2026-02-05 13:00:00,West,131,165,Clear,5.8
2026-02-05,14:00,2026-02-05 14:00:00,Central,230,264,Clear,7.0
2026-02-05,14:00,2026-02-05 14:00:00,North,165,206,Cloudy,6.0
2026-02-05,14:00,2026-02-05 14:00:00,South,195,200,Rain,8.6
2026-02-05,14:00,2026-02-05 14:00:00,East,124,131,Rain,6.8
2026-02-05,14:00,2026-02-05 14:00:00,West,205,190,Rain,9.8
2026-02-05,15:00,2026-02-05 15:00:00,Central,245,260,Cloudy,2.1
2026-02-05,15:00,2026-02-05 15:00:00,North,202,184,Heavy Rain,14.6
2026-02-05,15:00,2026-02-05 15:00:00,South,206,219,Cloudy,7.6
2026-02-05,15:00,2026-02-05 15:00:00,East,130,145,Clear,3.1
2026-02-05,15:00,2026-02-05 15:00:00,West,164,161,Clear,2.0
2026-02-05,16:00,2026-02-05 16:00:00,Central,224,273,Clear,3.7
2026-02-05,16:00,2026-02-05 16:00:00,North,172,191,Clear,6.5
2026-02-05,16:00,2026-02-05 16:00:00,South,190,217,Rain,9.5
2026-02-05,16:00,2026-02-05 16:00:00,East,121,131,Clear,3.0
2026-02-05,16:00,2026-02-05 16:00:00,West,144,172,Clear,6.4
2026-02-05,17:00,2026-02-05 17:00:00,Central,395,208,Cloudy,15.5
2026-02-05,17:00,2026-02-05 17:00:00,North,244,160,Cloudy,8.1
2026-02-05,17:00,2026-02-05 17:00:00,South,279,185,Clear,12.7
2026-02-05,17:00,2026-02-05 17:00:00,East,223,115,Clear,9.9
2026-02-05,17:00,2026-02-05 17:00:00,West,226,129,Clear,11.4
2026-02-05,18:00,2026-02-05 18:00:00,Central,386,211,Rain,18.3
2026-02-05,18:00,2026-02-05 18:00:00,North,225,149,Clear,6.9
2026-02-05,18:00,2026-02-05 18:00:00,South,245,186,Clear,10.1
2026-02-05,18:00,2026-02-05 18:00:00,East,238,126,Clear,13.1
2026-02-05,18:00,2026-02-05 18:00:00,West,205,139,Clear,10.0
2026-02-05,19:00,2026-02-05 19:00:00,Central,353,233,Clear,11.3
2026-02-05,19:00,2026-02-05 19:00:00,North,278,127,Cloudy,14.5
2026-02-05,19:00,2026-02-05 19:00:00,South,300,190,Clear,6.9
2026-02-05,19:00,2026-02-05 19:00:00,East,185,127,Clear,10.1
2026-02-05,19:00,2026-02-05 19:00:00,West,223,143,Clear,10.8
2026-02-05,20:00,2026-02-05 20:00:00,Central,461,230,Heavy Rain,28.7
2026-02-05,20:00,2026-02-05 20:00:00,North,243,126,Clear,9.3
2026-02-05,20:00,2026-02-05 20:00:00,South,231,202,Clear,7.2
2026-02-05,20:00,2026-02-05 20:00:00,East,192,112,Cloudy,9.5
2026-02-05,20:00,2026-02-05 20:00:00,West,246,148,Clear,7.8
2026-02-05,21:00,2026-02-05 21:00:00,Central,134,247,Cloudy,6.0
2026-02-05,21:00,2026-02-05 21:00:00,North,76,199,Cloudy,5.9
2026-02-05,21:00,2026-02-05 21:00:00,South,98,198,Cloudy,5.0
2026-02-05,21:00,2026-02-05 21:00:00,East,84,158,Rain,9.4
2026-02-05,21:00,2026-02-05 21:00:00,West,77,166,Clear,2.0
2026-02-05,22:00,2026-02-05 22:00:00,Central,137,275,Cloudy,6.0
2026-02-05,22:00,2026-02-05 22:00:00,North,92,189,Rain,8.5
2026-02-05,22:00,2026-02-05 22:00:00,South,106,229,Clear,6.7
2026-02-05,22:00,2026-02-05 22:00:00,East,72,143,Rain,9.9
2026-02-05,22:00,2026-02-05 22:00:00,West,91,204,Cloudy,6.5
2026-02-05,23:00,2026-02-05 23:00:00,Central,108,265,Clear,6.1
2026-02-05,23:00,2026-02-05 23:00:00,North,86,200,Clear,3.6
2026-02-05,23:00,2026-02-05 23:00:00,South,102,190,Cloudy,5.7
2026-02-05,23:00,2026-02-05 23:00:00,East,88,148,Clear,6.0
2026-02-05,23:00,2026-02-05 23:00:00,West,95,176,Heavy Rain,16.5
2026-02-06,00:00,2026-02-06 00:00:00,Central,151,270,Heavy Rain,12.4
2026-02-06,00:00,2026-02-06 00:00:00,North,80,190,Clear,7.2
2026-02-06,00:00,2026-02-06 00:00:00,South,99,222,Clear,5.3
2026-02-06,00:00,2026-02-06 00:00:00,East,57,153,Clear,2.8
2026-02-06,00:00,2026-02-06 00:00:00,West,86,146,Clear,6.5
2026-02-06,01:00,2026-02-06 01:00:00,Central,128,257,Cloudy,3.4
2026-02-06,01:00,2026-02-06 01:00:00,North,105,186,Clear,3.9
2026-02-06,01:00,2026-02-06 01:00:00,South,106,211,Cloudy,6.6
2026-02-06,01:00,2026-02-06 01:00:00,East,73,132,Rain,11.0
2026-02-06,01:00,2026-02-06 01:00:00,West,89,172,Clear,6.4
2026-02-06,02:00,2026-02-06 02:00:00,Central,134,268,Rain,8.8
2026-02-06,02:00,2026-02-06 02:00:00,North,90,184,Clear,2.7
2026-02-06,02:00,2026-02-06 02:00:00,South,119,199,Rain,10.1
2026-02-06,02:00,2026-02-06 02:00:00,East,83,153,Rain,10.7
2026-02-06,02:00,2026-02-06 02:00:00,West,86,167,Clear,5.0
2026-02-06,03:00,2026-02-06 03:00:00,Central,126,275,Cloudy,7.4
2026-02-06,03:00,2026-02-06 03:00:00,North,82,193,Cloudy,6.8
2026-02-06,03:00,2026-02-06 03:00:00,South,115,208,Rain,8.9
2026-02-06,03:00,2026-02-06 03:00:00,East,76,128,Clear,7.7
2026-02-06,03:00,2026-02-06 03:00:00,West,95,162,Cloudy,5.4
2026-02-06,04:00,2026-02-06 04:00:00,Central,136,268,Clear,6.1
2026-02-06,04:00,2026-02-06 04:00:00,North,95,173,Cloudy,7.4
2026-02-06,04:00,2026-02-06 04:00:00,South,128,206,Heavy Rain,15.5
2026-02-06,04:00,2026-02-06 04:00:00,East,109,149,Heavy Rain,15.2
2026-02-06,04:00,2026-02-06 04:00:00,West,91,169,Clear,6.2
2026-02-06,05:00,2026-02-06 05:00:00,Central,126,260,Clear,7.7
2026-02-06,05:00,2026-02-06 05:00:00,North,95,184,Cloudy,4.4
2026-02-06,05:00,2026-02-06 05:00:00,South,125,203,Rain,6.8
2026-02-06,05:00,2026-02-06 05:00:00,East,67,152,Clear,5.5
2026-02-06,05:00,2026-02-06 05:00:00,West,95,179,Rain,8.2
2026-02-06,06:00,2026-02-06 06:00:00,Central,166,269,Rain,11.9
2026-02-06,06:00,2026-02-06 06:00:00,North,88,170,Clear,4.8
2026-02-06,06:00,2026-02-06 06:00:00,South,113,191,Rain,11.2
2026-02-06,06:00,2026-02-06 06:00:00,East,66,148,Clear,3.0
2026-02-06,06:00,2026-02-06 06:00:00,West,112,162,Heavy Rain,16.8
2026-02-06,07:00,2026-02-06 07:00:00,Central,295,216,Clear,7.9
2026-02-06,07:00,2026-02-06 07:00:00,North,208,161,Cloudy,8.3
2026-02-06,07:00,2026-02-06 07:00:00,South,264,163,Cloudy,11.8
2026-02-06,07:00,2026-02-06 07:00:00,East,188,138,Rain,9.5
2026-02-06,07:00,2026-02-06 07:00:00,West,217,159,Cloudy,8.5
2026-02-06,08:00,2026-02-06 08:00:00,Central,305,206,Clear,11.4
2026-02-06,08:00,2026-02-06 08:00:00,North,202,165,Clear,9.6
2026-02-06,08:00,2026-02-06 08:00:00,South,307,198,Heavy Rain,21.0
2026-02-06,08:00,2026-02-06 08:00:00,East,163,107,Clear,11.8
2026-02-06,08:00,2026-02-06 08:00:00,West,217,149,Cloudy,11.5
2026-02-06,09:00,2026-02-06 09:00:00,Central,308,208,Clear,6.7
2026-02-06,09:00,2026-02-06 09:00:00,North,236,137,Clear,13.2
2026-02-06,09:00,2026-02-06 09:00:00,South,268,193,Clear,6.8
2026-02-06,09:00,2026-02-06 09:00:00,East,168,123,Clear,6.7
2026-02-06,09:00,2026-02-06 09:00:00,West,205,154,Clear,7.5
2026-02-06,10:00,2026-02-06 10:00:00,Central,218,275,Clear,6.8
2026-02-06,10:00,2026-02-06 10:00:00,North,168,182,Clear,2.9
2026-02-06,10:00,2026-02-06 10:00:00,South,205,205,Rain,11.1
2026-02-06,10:00,2026-02-06 10:00:00,East,131,166,Clear,2.5
2026-02-06,10:00,2026-02-06 10:00:00,West,151,164,Clear,3.1
2026-02-06,11:00,2026-02-06 11:00:00,Central,221,255,Clear,5.3
2026-02-06,11:00,2026-02-06 11:00:00,North,152,171,Clear,4.0
2026-02-06,11:00,2026-02-06 11:00:00,South,197,196,Cloudy,5.3
2026-02-06,11:00,2026-02-06 11:00:00,East,127,151,Clear,4.3
2026-02-06,11:00,2026-02-06 11:00:00,West,180,183,Rain,7.8
2026-02-06,12:00,2026-02-06 12:00:00,Central,285,259,Heavy Rain,18.4
2026-02-06,12:00,2026-02-06 12:00:00,North,166,185,Clear,5.5
2026-02-06,12:00,2026-02-06 12:00:00,South,204,230,Clear,3.6
2026-02-06,12:00,2026-02-06 12:00:00,East,157,150,Rain,9.7
2026-02-06,12:00,2026-02-06 12:00:00,West,139,183,Cloudy,9.6
2026-02-06,13:00,2026-02-06 13:00:00,Central,250,255,Cloudy,6.6
2026-02-06,13:00,2026-02-06 13:00:00,North,154,161,Cloudy,6.7
2026-02-06,13:00,2026-02-06 13:00:00,South,180,215,Cloudy,7.0
2026-02-06,13:00,2026-02-06 13:00:00,East,115,165,Clear,3.7
2026-02-06,13:00,2026-02-06 13:00:00,West,162,173,Rain,8.5
2026-02-06,14:00,2026-02-06 14:00:00,Central,220,247,Clear,4.7
2026-02-06,14:00,2026-02-06 14:00:00,North,160,215,Clear,3.3
2026-02-06,14:00,2026-02-06 14:00:00,South,210,211,Rain,10.2
2026-02-06,14:00,2026-02-06 14:00:00,East,130,146,Clear,4.5
2026-02-06,14:00,2026-02-06 14:00:00,West,151,179,Rain,9.4
2026-02-06,15:00,2026-02-06 15:00:00,Central,217,281,Cloudy,3.4
2026-02-06,15:00,2026-02-06 15:00:00,North,164,199,Cloudy,6.5
2026-02-06,15:00,2026-02-06 15:00:00,South,221,226,Heavy Rain,13.8
2026-02-06,15:00,2026-02-06 15:00:00,East,128,155,Rain,8.9
2026-02-06,15:00,2026-02-06 15:00:00,West,153,178,Clear,3.8
2026-02-06,16:00,2026-02-06 16:00:00,Central,224,257,Clear,6.0
2026-02-06,16:00,2026-02-06 16:00:00,North,164,174,Clear,2.6
2026-02-06,16:00,2026-02-06 16:00:00,South,206,187,Rain,9.3
2026-02-06,16:00,2026-02-06 16:00:00,East,118,147,Clear,3.4
2026-02-06,16:00,2026-02-06 16:00:00,West,144,166,Clear,5.1
2026-02-06,17:00,2026-02-06 17:00:00,Central,390,219,Heavy Rain,23.0
2026-02-06,17:00,2026-02-06 17:00:00,North,274,168,Rain,14.0
2026-02-06,17:00,2026-02-06 17:00:00,South,296,182,Cloudy,13.0
2026-02-06,17:00,2026-02-06 17:00:00,East,199,110,Clear,12.5
2026-02-06,17:00,2026-02-06 17:00:00,West,248,175,Clear,10.7
2026-02-06,18:00,2026-02-06 18:00:00,Central,328,213,Clear,12.5
2026-02-06,18:00,2026-02-06 18:00:00,North,312,163,Rain,16.8
2026-02-06,18:00,2026-02-06 18:00:00,South,272,179,Cloudy,9.5
2026-02-06,18:00,2026-02-06 18:00:00,East,174,116,Clear,9.5
2026-02-06,18:00,2026-02-06 18:00:00,West,204,125,Clear,9.5
2026-02-06,19:00,2026-02-06 19:00:00,Central,320,229,Rain,14.8
2026-02-06,19:00,2026-02-06 19:00:00,North,238,160,Clear,9.6
2026-02-06,19:00,2026-02-06 19:00:00,South,355,198,Rain,18.6
2026-02-06,19:00,2026-02-06 19:00:00,East,199,116,Clear,8.2
2026-02-06,19:00,2026-02-06 19:00:00,West,224,152,Clear,8.8
2026-02-06,20:00,2026-02-06 20:00:00,Central,369,223,Cloudy,14.1
2026-02-06,20:00,2026-02-06 20:00:00,North,299,140,Rain,17.0
2026-02-06,20:00,2026-02-06 20:00:00,South,282,207,Clear,11.1
2026-02-06,20:00,2026-02-06 20:00:00,East,208,124,Clear,8.6
2026-02-06,20:00,2026-02-06 20:00:00,West,244,174,Clear,6.3
2026-02-06,21:00,2026-02-06 21:00:00,Central,136,264,Cloudy,7.8
2026-02-06,21:00,2026-02-06 21:00:00,North,92,186,Clear,4.0
2026-02-06,21:00,2026-02-06 21:00:00,South,96,206,Clear,7.3
2026-02-06,21:00,2026-02-06 21:00:00,East,71,158,Clear,3.2
2026-02-06,21:00,2026-02-06 21:00:00,West,73,150,Clear,4.2
2026-02-06,22:00,2026-02-06 22:00:00,Central,132,275,Clear,5.4
2026-02-06,22:00,2026-02-06 22:00:00,North,87,209,Rain,10.2
2026-02-06,22:00,2026-02-06 22:00:00,South,108,229,Clear,4.6
2026-02-06,22:00,2026-02-06 22:00:00,East,73,120,Cloudy,7.5
2026-02-06,22:00,2026-02-06 22:00:00,West,96,172,Rain,10.1
2026-02-06,23:00,2026-02-06 23:00:00,Central,118,266,Clear,5.5
2026-02-06,23:00,2026-02-06 23:00:00,North,104,172,Rain,9.4
2026-02-06,23:00,2026-02-06 23:00:00,South,119,214,Cloudy,4.6
2026-02-06,23:00,2026-02-06 23:00:00,East,71,147,Clear,6.1
2026-02-06,23:00,2026-02-06 23:00:00,West,81,185,Clear,6.3
2026-02-07,00:00,2026-02-07 00:00:00,Central,114,264,Clear,4.9
2026-02-07,00:00,2026-02-07 00:00:00,North,63,190,Cloudy,5.2
2026-02-07,00:00,2026-02-07 00:00:00,South,86,196,Clear,6.1
2026-02-07,00:00,2026-02-07 00:00:00,East,64,119,Rain,8.6
2026-02-07,00:00,2026-02-07 00:00:00,West,71,154,Clear,4.1
2026-02-07,01:00,2026-02-07 01:00:00,Central,111,253,Clear,4.9
2026-02-07,01:00,2026-02-07 01:00:00,North,69,227,Cloudy,6.9
2026-02-07,01:00,2026-02-07 01:00:00,South,82,210,Clear,6.4
2026-02-07,01:00,2026-02-07 01:00:00,East,61,149,Rain,9.8
2026-02-07,01:00,2026-02-07 01:00:00,West,76,179,Clear,3.6
2026-02-07,02:00,2026-02-07 02:00:00,Central,113,273,Cloudy,7.8
2026-02-07,02:00,2026-02-07 02:00:00,North,80,189,Cloudy,5.7
2026-02-07,02:00,2026-02-07 02:00:00,South,95,204,Clear,4.4
2026-02-07,02:00,2026-02-07 02:00:00,East,56,149,Clear,5.1
2026-02-07,02:00,2026-02-07 02:00:00,West,54,175,Cloudy,5.4
2026-02-07,03:00,2026-02-07 03:00:00,Central,89,265,Clear,4.3
2026-02-07,03:00,2026-02-07 03:00:00,North,85,192,Rain,9.5
2026-02-07,03:00,2026-02-07 03:00:00,South,91,224,Rain,10.6
2026-02-07,03:00,2026-02-07 03:00:00,East,55,153,Clear,5.2
2026-02-07,03:00,2026-02-07 03:00:00,West,67,168,Clear,6.1
2026-02-07,04:00,2026-02-07 04:00:00,Central,128,277,Rain,8.2
2026-02-07,04:00,2026-02-07 04:00:00,North,82,179,Rain,7.3
2026-02-07,04:00,2026-02-07 04:00:00,South,75,212,Cloudy,6.3
2026-02-07,04:00,2026-02-07 04:00:00,East,49,158,Clear,5.5
2026-02-07,04:00,2026-02-07 04:00:00,West,65,190,Clear,4.5
2026-02-07,05:00,2026-02-07 05:00:00,Central,115,255,Rain,9.1
2026-02-07,05:00,2026-02-07 05:00:00,North,77,194,Clear,6.7
2026-02-07,05:00,2026-02-07 05:00:00,South,83,224,Clear,5.9
2026-02-07,05:00,2026-02-07 05:00:00,East,62,168,Clear,6.4
2026-02-07,05:00,2026-02-07 05:00:00,West,53,154,Clear,4.3
2026-02-07,06:00,2026-02-07 06:00:00,Central,110,257,Clear,7.1
2026-02-07,06:00,2026-02-07 06:00:00,North,67,173,Clear,4.7
2026-02-07,06:00,2026-02-07 06:00:00,South,95,232,Clear,4.8
2026-02-07,06:00,2026-02-07 06:00:00,East,54,140,Rain,9.2
2026-02-07,06:00,2026-02-07 06:00:00,West,84,203,Heavy Rain,17.7
2026-02-07,07:00,2026-02-07 07:00:00,Central,217,225,Clear,6.0
2026-02-07,07:00,2026-02-07 07:00:00,North,161,159,Clear,5.1
2026-02-07,07:00,2026-02-07 07:00:00,South,209,167,Cloudy,8.8
2026-02-07,07:00,2026-02-07 07:00:00,East,144,117,Cloudy,10.5
2026-02-07,07:00,2026-02-07 07:00:00,West,201,144,Rain,12.4
2026-02-07,08:00,2026-02-07 08:00:00,Central,249,238,Clear,4.7
2026-02-07,08:00,2026-02-07 08:00:00,North,188,163,Clear,6.7
2026-02-07,08:00,2026-02-07 08:00:00,South,208,187,Clear,4.5
2026-02-07,08:00,2026-02-07 08:00:00,East,124,124,Clear,4.5
2026-02-07,08:00,2026-02-07 08:00:00,West,171,144,Clear,9.4
2026-02-07,09:00,2026-02-07 09:00:00,Central,269,225,Clear,7.7
2026-02-07,09:00,2026-02-07 09:00:00,North,187,168,Clear,5.6
2026-02-07,09:00,2026-02-07 09:00:00,South,195,178,Clear,6.6
2026-02-07,09:00,2026-02-07 09:00:00,East,161,130,Heavy Rain,14.4
2026-02-07,09:00,2026-02-07 09:00:00,West,216,149,Heavy Rain,18.8
2026-02-07,10:00,2026-02-07 10:00:00,Central,196,278,Clear,6.1
2026-02-07,10:00,2026-02-07 10:00:00,North,120,181,Clear,5.0
2026-02-07,10:00,2026-02-07 10:00:00,South,182,219,Heavy Rain,13.5
2026-02-07,10:00,2026-02-07 10:00:00,East,99,147,Cloudy,6.6
2026-02-07,10:00,2026-02-07 10:00:00,West,117,148,Clear,7.5
2026-02-07,11:00,2026-02-07 11:00:00,Central,200,271,Cloudy,5.5
2026-02-07,11:00,2026-02-07 11:00:00,North,141,182,Clear,5.2
2026-02-07,11:00,2026-02-07 11:00:00,South,165,207,Rain,7.4
2026-02-07,11:00,2026-02-07 11:00:00,East,101,149,Clear,5.6
2026-02-07,11:00,2026-02-07 11:00:00,West,122,165,Cloudy,3.8
2026-02-07,12:00,2026-02-07 12:00:00,Central,181,268,Clear,4.6
2026-02-07,12:00,2026-02-07 12:00:00,North,154,181,Rain,10.1
2026-02-07,12:00,2026-02-07 12:00:00,South,174,216,Rain,8.5
2026-02-07,12:00,2026-02-07 12:00:00,East,99,139,Rain,11.0
2026-02-07,12:00,2026-02-07 12:00:00,West,131,163,Rain,4.5
2026-02-07,13:00,2026-02-07 13:00:00,Central,175,238,Clear,5.8
2026-02-07,13:00,2026-02-07 13:00:00,North,122,201,Clear,8.3
2026-02-07,13:00,2026-02-07 13:00:00,South,170,213,Rain,9.0
2026-02-07,13:00,2026-02-07 13:00:00,East,115,149,Rain,9.1
2026-02-07,13:00,2026-02-07 13:00:00,West,124,189,Clear,3.1
2026-02-07,14:00,2026-02-07 14:00:00,Central,170,243,Clear,2.3
2026-02-07,14:00,2026-02-07 14:00:00,North,171,178,Heavy Rain,12.4
2026-02-07,14:00,2026-02-07 14:00:00,South,164,218,Clear,4.2
2026-02-07,14:00,2026-02-07 14:00:00,East,91,151,Clear,5.8
2026-02-07,14:00,2026-02-07 14:00:00,West,124,173,Clear,5.9
2026-02-07,15:00,2026-02-07 15:00:00,Central,148,266,Clear,5.1
2026-02-07,15:00,2026-02-07 15:00:00,North,159,201,Heavy Rain,11.6
2026-02-07,15:00,2026-02-07 15:00:00,South,190,208,Heavy Rain,17.7
2026-02-07,15:00,2026-02-07 15:00:00,East,103,145,Clear,3.0
2026-02-07,15:00,2026-02-07 15:00:00,West,121,182,Clear,4.7
2026-02-07,16:00,2026-02-07 16:00:00,Central,271,278,Heavy Rain,17.7
2026-02-07,16:00,2026-02-07 16:00:00,North,130,175,Clear,5.5
2026-02-07,16:00,2026-02-07 16:00:00,South,142,214,Clear,5.3
2026-02-07,16:00,2026-02-07 16:00:00,East,104,129,Clear,7.9
2026-02-07,16:00,2026-02-07 16:00:00,West,113,169,Clear,4.0
2026-02-07,17:00,2026-02-07 17:00:00,Central,260,238,Clear,9.2
2026-02-07,17:00,2026-02-07 17:00:00,North,191,171,Clear,5.9
2026-02-07,17:00,2026-02-07 17:00:00,South,225,207,Clear,6.4
2026-02-07,17:00,2026-02-07 17:00:00,East,153,110,Cloudy,6.9
2026-02-07,17:00,2026-02-07 17:00:00,West,220,139,Heavy Rain,21.9
2026-02-07,18:00,2026-02-07 18:00:00,Central,228,219,Clear,5.3
2026-02-07,18:00,2026-02-07 18:00:00,North,219,163,Clear,8.7
2026-02-07,18:00,2026-02-07 18:00:00,South,224,184,Clear,6.3
2026-02-07,18:00,2026-02-07 18:00:00,East,158,105,Clear,9.2
2026-02-07,18:00,2026-02-07 18:00:00,West,196,170,Cloudy,7.9
2026-02-07,19:00,2026-02-07 19:00:00,Central,275,233,Cloudy,8.4
2026-02-07,19:00,2026-02-07 19:00:00,North,200,160,Clear,7.1
2026-02-07,19:00,2026-02-07 19:00:00,South,214,201,Clear,6.9
2026-02-07,19:00,2026-02-07 19:00:00,East,157,113,Clear,7.8
2026-02-07,19:00,2026-02-07 19:00:00,West,209,178,Rain,12.5
2026-02-07,20:00,2026-02-07 20:00:00,Central,302,227,Rain,16.0
2026-02-07,20:00,2026-02-07 20:00:00,North,193,154,Cloudy,8.6
2026-02-07,20:00,2026-02-07 20:00:00,South,310,192,Heavy Rain,21.1
2026-02-07,20:00,2026-02-07 20:00:00,East,159,106,Clear,8.3
2026-02-07,20:00,2026-02-07 20:00:00,West,247,142,Rain,12.8
2026-02-07,21:00,2026-02-07 21:00:00,Central,112,275,Clear,4.1
2026-02-07,21:00,2026-02-07 21:00:00,North,80,177,Cloudy,6.2
2026-02-07,21:00,2026-02-07 21:00:00,South,81,217,Clear,5.2
2026-02-07,21:00,2026-02-07 21:00:00,East,49,143,Cloudy,5.7
2026-02-07,21:00,2026-02-07 21:00:00,West,79,163,Clear,6.5
2026-02-07,22:00,2026-02-07 22:00:00,Central,103,273,Clear,6.5
2026-02-07,22:00,2026-02-07 22:00:00,North,75,176,Rain,10.0
2026-02-07,22:00,2026-02-07 22:00:00,South,85,209,Clear,5.8
2026-02-07,22:00,2026-02-07 22:00:00,East,62,146,Clear,6.1
2026-02-07,22:00,2026-02-07 22:00:00,West,76,197,Cloudy,6.5
2026-02-07,23:00,2026-02-07 23:00:00,Central,128,247,Rain,9.5
2026-02-07,23:00,2026-02-07 23:00:00,North,92,197,Rain,6.7
2026-02-07,23:00,2026-02-07 23:00:00,South,83,231,Cloudy,5.7
2026-02-07,23:00,2026-02-07 23:00:00,East,57,155,Rain,9.6
2026-02-07,23:00,2026-02-07 23:00:00,West,90,184,Heavy Rain,15.5
2026-02-08,00:00,2026-02-08 00:00:00,Central,101,258,Clear,7.7
2026-02-08,00:00,2026-02-08 00:00:00,North,62,190,Cloudy,5.7
2026-02-08,00:00,2026-02-08 00:00:00,South,87,189,Rain,10.5
2026-02-08,00:00,2026-02-08 00:00:00,East,67,124,Clear,3.5
2026-02-08,00:00,2026-02-08 00:00:00,West,84,169,Clear,6.2
2026-02-08,01:00,2026-02-08 01:00:00,Central,109,279,Clear,4.8
2026-02-08,01:00,2026-02-08 01:00:00,North,92,179,Cloudy,6.2
2026-02-08,01:00,2026-02-08 01:00:00,South,104,207,Rain,9.1
2026-02-08,01:00,2026-02-08 01:00:00,East,68,149,Clear,5.8
2026-02-08,01:00,2026-02-08 01:00:00,West,68,168,Clear,7.3
2026-02-08,02:00,2026-02-08 02:00:00,Central,98,273,Clear,5.1
2026-02-08,02:00,2026-02-08 02:00:00,North,65,186,Clear,4.1
2026-02-08,02:00,2026-02-08 02:00:00,South,88,235,Cloudy,5.4
2026-02-08,02:00,2026-02-08 02:00:00,East,50,155,Cloudy,8.1
2026-02-08,02:00,2026-02-08 02:00:00,West,84,168,Cloudy,5.7
2026-02-08,03:00,2026-02-08 03:00:00,Central,102,255,Clear,6.0
2026-02-08,03:00,2026-02-08 03:00:00,North,74,194,Clear,4.0
2026-02-08,03:00,2026-02-08 03:00:00,South,89,236,Rain,6.7
2026-02-08,03:00,2026-02-08 03:00:00,East,47,138,Clear,6.7
2026-02-08,03:00,2026-02-08 03:00:00,West,76,180,Clear,5.6
2026-02-08,04:00,2026-02-08 04:00:00,Central,114,252,Rain,8.5
2026-02-08,04:00,2026-02-08 04:00:00,North,75,180,Clear,6.2
2026-02-08,04:00,2026-02-08 04:00:00,South,93,211,Clear,6.1
2026-02-08,04:00,2026-02-08 04:00:00,East,56,121,Cloudy,6.5
2026-02-08,04:00,2026-02-08 04:00:00,West,61,200,Clear,5.0
2026-02-08,05:00,2026-02-08 05:00:00,Central,110,278,Clear,4.4
2026-02-08,05:00,2026-02-08 05:00:00,North,78,179,Clear,7.4
2026-02-08,05:00,2026-02-08 05:00:00,South,100,202,Cloudy,7.7
2026-02-08,05:00,2026-02-08 05:00:00,East,55,148,Clear,4.4
2026-02-08,05:00,2026-02-08 05:00:00,West,70,175,Clear,3.9
2026-02-08,06:00,2026-02-08 06:00:00,Central,103,249,Cloudy,5.9
2026-02-08,06:00,2026-02-08 06:00:00,North,89,181,Rain,10.0
2026-02-08,06:00,2026-02-08 06:00:00,South,113,218,Heavy Rain,16.1
2026-02-08,06:00,2026-02-08 06:00:00,East,63,115,Clear,5.0
2026-02-08,06:00,2026-02-08 06:00:00,West,78,165,Rain,6.8
2026-02-08,07:00,2026-02-08 07:00:00,Central,227,216,Clear,4.9
2026-02-08,07:00,2026-02-08 07:00:00,North,181,167,Cloudy,5.5
2026-02-08,07:00,2026-02-08 07:00:00,South,226,181,Rain,11.8
2026-02-08,07:00,2026-02-08 07:00:00,East,153,130,Clear,9.5
2026-02-08,07:00,2026-02-08 07:00:00,West,162,155,Cloudy,8.9
2026-02-08,08:00,2026-02-08 08:00:00,Central,234,242,Clear,5.0
2026-02-08,08:00,2026-02-08 08:00:00,North,162,151,Clear,3.5
2026-02-08,08:00,2026-02-08 08:00:00,South,175,186,Clear,2.7
2026-02-08,08:00,2026-02-08 08:00:00,East,138,131,Clear,7.2
2026-02-08,08:00,2026-02-08 08:00:00,West,140,145,Clear,5.8
2026-02-08,09:00,2026-02-08 09:00:00,Central,257,206,Clear,4.8
2026-02-08,09:00,2026-02-08 09:00:00,North,186,167,Rain,9.2
2026-02-08,09:00,2026-02-08 09:00:00,South,194,190,Clear,3.4
2026-02-08,09:00,2026-02-08 09:00:00,East,155,107,Clear,7.1
2026-02-08,09:00,2026-02-08 09:00:00,West,164,142,Clear,6.5
2026-02-08,10:00,2026-02-08 10:00:00,Central,189,242,Clear,2.0
2026-02-08,10:00,2026-02-08 10:00:00,North,152,189,Clear,4.1
2026-02-08,10:00,2026-02-08 10:00:00,South,181,225,Rain,6.8
2026-02-08,10:00,2026-02-08 10:00:00,East,113,141,Cloudy,7.4
2026-02-08,10:00,2026-02-08 10:00:00,West,119,163,Clear,3.3
2026-02-08,11:00,2026-02-08 11:00:00,Central,200,267,Rain,7.5
2026-02-08,11:00,2026-02-08 11:00:00,North,151,179,Rain,9.6
2026-02-08,11:00,2026-02-08 11:00:00,South,149,228,Cloudy,6.5
2026-02-08,11:00,2026-02-08 11:00:00,East,116,140,Rain,8.0
2026-02-08,11:00,2026-02-08 11:00:00,West,123,168,Clear,6.9
2026-02-08,12:00,2026-02-08 12:00:00,Central,189,267,Clear,3.3
2026-02-08,12:00,2026-02-08 12:00:00,North,130,190,Clear,7.7
2026-02-08,12:00,2026-02-08 12:00:00,South,149,229,Cloudy,9.3
2026-02-08,12:00,2026-02-08 12:00:00,East,123,147,Rain,10.1
2026-02-08,12:00,2026-02-08 12:00:00,West,133,150,Clear,6.4
2026-02-08,13:00,2026-02-08 13:00:00,Central,178,266,Clear,5.5
2026-02-08,13:00,2026-02-08 13:00:00,North,154,190,Rain,7.7
2026-02-08,13:00,2026-02-08 13:00:00,South,166,200,Rain,9.0
2026-02-08,13:00,2026-02-08 13:00:00,East,104,137,Clear,3.6
2026-02-08,13:00,2026-02-08 13:00:00,West,145,185,Rain,8.0
2026-02-08,14:00,2026-02-08 14:00:00,Central,171,279,Clear,6.5
2026-02-08,14:00,2026-02-08 14:00:00,North,123,185,Clear,5.2
2026-02-08,14:00,2026-02-08 14:00:00,South,137,217,Clear,5.5
2026-02-08,14:00,2026-02-08 14:00:00,East,100,139,Clear,7.5
2026-02-08,14:00,2026-02-08 14:00:00,West,123,157,Cloudy,7.6
2026-02-08,15:00,2026-02-08 15:00:00,Central,213,263,Cloudy,9.6
2026-02-08,15:00,2026-02-08 15:00:00,North,124,170,Clear,4.6
2026-02-08,15:00,2026-02-08 15:00:00,South,157,238,Clear,4.2
2026-02-08,15:00,2026-02-08 15:00:00,East,87,140,Clear,4.4
2026-02-08,15:00,2026-02-08 15:00:00,West,141,169,Rain,9.4
2026-02-08,16:00,2026-02-08 16:00:00,Central,193,241,Clear,6.2
2026-02-08,16:00,2026-02-08 16:00:00,North,138,174,Clear,5.3
2026-02-08,16:00,2026-02-08 16:00:00,South,162,214,Rain,9.0
2026-02-08,16:00,2026-02-08 16:00:00,East,123,149,Rain,9.5
2026-02-08,16:00,2026-02-08 16:00:00,West,125,170,Clear,4.9
2026-02-08,17:00,2026-02-08 17:00:00,Central,304,216,Clear,9.0
2026-02-08,17:00,2026-02-08 17:00:00,North,152,174,Cloudy,6.0
2026-02-08,17:00,2026-02-08 17:00:00,South,210,182,Clear,6.9
2026-02-08,17:00,2026-02-08 17:00:00,East,158,116,Clear,6.2
2026-02-08,17:00,2026-02-08 17:00:00,West,175,157,Clear,9.0
2026-02-08,18:00,2026-02-08 18:00:00,Central,315,225,Clear,10.8
2026-02-08,18:00,2026-02-08 18:00:00,North,202,164,Clear,11.2
2026-02-08,18:00,2026-02-08 18:00:00,South,235,188,Clear,7.8
2026-02-08,18:00,2026-02-08 18:00:00,East,156,100,Cloudy,9.1
2026-02-08,18:00,2026-02-08 18:00:00,West,184,149,Clear,6.7
2026-02-08,19:00,2026-02-08 19:00:00,Central,326,232,Rain,13.6
2026-02-08,19:00,2026-02-08 19:00:00,North,183,154,Cloudy,8.2
2026-02-08,19:00,2026-02-08 19:00:00,South,236,188,Clear,6.3
2026-02-08,19:00,2026-02-08 19:00:00,East,192,135,Heavy Rain,15.4
2026-02-08,19:00,2026-02-08 19:00:00,West,197,154,Rain,13.5
2026-02-08,20:00,2026-02-08 20:00:00,Central,288,229,Clear,8.4
2026-02-08,20:00,2026-02-08 20:00:00,North,237,150,Rain,15.4
2026-02-08,20:00,2026-02-08 20:00:00,South,300,184,Heavy Rain,22.6
2026-02-08,20:00,2026-02-08 20:00:00,East,186,127,Cloudy,10.8
2026-02-08,20:00,2026-02-08 20:00:00,West,201,140,Rain,15.1
2026-02-08,21:00,2026-02-08 21:00:00,Central,97,251,Clear,7.4
2026-02-08,21:00,2026-02-08 21:00:00,North,84,181,Rain,9.8
2026-02-08,21:00,2026-02-08 21:00:00,South,88,199,Cloudy,7.5
2026-02-08,21:00,2026-02-08 21:00:00,East,62,164,Rain,10.1
2026-02-08,21:00,2026-02-08 21:00:00,West,93,173,Heavy Rain,15.5
2026-02-08,22:00,2026-02-08 22:00:00,Central,101,257,Clear,4.5
2026-02-08,22:00,2026-02-08 22:00:00,North,81,198,Cloudy,7.0
2026-02-08,22:00,2026-02-08 22:00:00,South,80,191,Clear,4.9
2026-02-08,22:00,2026-02-08 22:00:00,East,76,159,Rain,8.1
2026-02-08,22:00,2026-02-08 22:00:00,West,67,193,Clear,4.5
2026-02-08,23:00,2026-02-08 23:00:00,Central,99,260,Clear,5.2
2026-02-08,23:00,2026-02-08 23:00:00,North,82,200,Cloudy,5.0
2026-02-08,23:00,2026-02-08 23:00:00,South,91,215,Cloudy,6.9
2026-02-08,23:00,2026-02-08 23:00:00,East,52,160,Cloudy,6.8
2026-02-08,23:00,2026-02-08 23:00:00,West,71,171,Clear,5.6
2026-02-09,00:00,2026-02-09 00:00:00,Central,129,266,Clear,8.0
2026-02-09,00:00,2026-02-09 00:00:00,North,83,174,Clear,2.1
2026-02-09,00:00,2026-02-09 00:00:00,South,117,213,Cloudy,4.5
2026-02-09,00:00,2026-02-09 00:00:00,East,86,148,Clear,7.0
2026-02-09,00:00,2026-02-09 00:00:00,West,100,196,Rain,6.7
2026-02-09,01:00,2026-02-09 01:00:00,Central,160,286,Heavy Rain,15.8
2026-02-09,01:00,2026-02-09 01:00:00,North,79,169,Clear,4.6
2026-02-09,01:00,2026-02-09 01:00:00,South,118,230,Clear,5.7
2026-02-09,01:00,2026-02-09 01:00:00,East,73,163,Clear,3.2
2026-02-09,01:00,2026-02-09 01:00:00,West,93,177,Clear,5.0
2026-02-09,02:00,2026-02-09 02:00:00,Central,126,244,Clear,5.9
2026-02-09,02:00,2026-02-09 02:00:00,North,98,195,Cloudy,4.9
2026-02-09,02:00,2026-02-09 02:00:00,South,106,196,Cloudy,7.4
2026-02-09,02:00,2026-02-09 02:00:00,East,76,126,Clear,5.0
2026-02-09,02:00,2026-02-09 02:00:00,West,100,163,Rain,7.8
2026-02-09,03:00,2026-02-09 03:00:00,Central,148,258,Heavy Rain,14.7
2026-02-09,03:00,2026-02-09 03:00:00,North,107,185,Clear,6.8
2026-02-09,03:00,2026-02-09 03:00:00,South,94,217,Clear,5.5
2026-02-09,03:00,2026-02-09 03:00:00,East,89,152,Heavy Rain,17.2
2026-02-09,03:00,2026-02-09 03:00:00,West,79,166,Clear,4.5
2026-02-09,04:00,2026-02-09 04:00:00,Central,113,265,Clear,6.0
2026-02-09,04:00,2026-02-09 04:00:00,North,79,184,Clear,3.9
2026-02-09,04:00,2026-02-09 04:00:00,South,106,221,Clear,3.9
2026-02-09,04:00,2026-02-09 04:00:00,East,67,145,Clear,5.5
2026-02-09,04:00,2026-02-09 04:00:00,West,93,180,Cloudy,7.0
2026-02-09,05:00,2026-02-09 05:00:00,Central,137,256,Rain,7.5
2026-02-09,05:00,2026-02-09 05:00:00,North,109,195,Heavy Rain,12.0
2026-02-09,05:00,2026-02-09 05:00:00,South,113,197,Clear,3.7
2026-02-09,05:00,2026-02-09 05:00:00,East,75,149,Cloudy,6.5
2026-02-09,05:00,2026-02-09 05:00:00,West,81,185,Clear,4.8
2026-02-09,06:00,2026-02-09 06:00:00,Central,122,257,Clear,7.4
2026-02-09,06:00,2026-02-09 06:00:00,North,114,189,Heavy Rain,15.4
2026-02-09,06:00,2026-02-09 06:00:00,South,104,222,Cloudy,7.5
2026-02-09,06:00,2026-02-09 06:00:00,East,98,138,Heavy Rain,17.0
2026-02-09,06:00,2026-02-09 06:00:00,West,77,168,Cloudy,4.8
2026-02-09,07:00,2026-02-09 07:00:00,Central,289,213,Clear,7.9
2026-02-09,07:00,2026-02-09 07:00:00,North,237,136,Clear,12.5
2026-02-09,07:00,2026-02-09 07:00:00,South,291,192,Clear,11.3
2026-02-09,07:00,2026-02-09 07:00:00,East,166,118,Clear,7.5
2026-02-09,07:00,2026-02-09 07:00:00,West,187,131,Clear,7.8
2026-02-09,08:00,2026-02-09 08:00:00,Central,316,218,Cloudy,12.0
2026-02-09,08:00,2026-02-09 08:00:00,North,228,170,Clear,10.6
2026-02-09,08:00,2026-02-09 08:00:00,South,266,179,Clear,8.9
2026-02-09,08:00,2026-02-09 08:00:00,East,151,125,Clear,6.6
2026-02-09,08:00,2026-02-09 08:00:00,West,252,158,Rain,16.2
2026-02-09,09:00,2026-02-09 09:00:00,Central,371,224,Rain,18.1
2026-02-09,09:00,2026-02-09 09:00:00,North,215,154,Clear,5.9
2026-02-09,09:00,2026-02-09 09:00:00,South,209,179,Clear,7.7
2026-02-09,09:00,2026-02-09 09:00:00,East,195,135,Rain,14.6
2026-02-09,09:00,2026-02-09 09:00:00,West,205,140,Cloudy,9.1
2026-02-09,10:00,2026-02-09 10:00:00,Central,214,253,Clear,6.2
2026-02-09,10:00,2026-02-09 10:00:00,North,182,190,Heavy Rain,15.3
2026-02-09,10:00,2026-02-09 10:00:00,South,198,232,Rain,10.3
2026-02-09,10:00,2026-02-09 10:00:00,East,136,143,Rain,9.0
2026-02-09,10:00,2026-02-09 10:00:00,West,170,191,Rain,9.8
2026-02-09,11:00,2026-02-09 11:00:00,Central,225,240,Clear,5.0
2026-02-09,11:00,2026-02-09 11:00:00,North,153,201,Clear,2.0
2026-02-09,11:00,2026-02-09 11:00:00,South,159,199,Cloudy,5.9
2026-02-09,11:00,2026-02-09 11:00:00,East,130,165,Clear,4.0
2026-02-09,11:00,2026-02-09 11:00:00,West,198,187,Heavy Rain,16.2
2026-02-09,12:00,2026-02-09 12:00:00,Central,235,271,Clear,2.6
2026-02-09,12:00,2026-02-09 12:00:00,North,143,187,Cloudy,5.4
2026-02-09,12:00,2026-02-09 12:00:00,South,188,201,Clear,5.5
2026-02-09,12:00,2026-02-09 12:00:00,East,151,141,Rain,10.3
2026-02-09,12:00,2026-02-09 12:00:00,West,165,159,Rain,11.9
2026-02-09,13:00,2026-02-09 13:00:00,Central,229,272,Clear,2.7
2026-02-09,13:00,2026-02-09 13:00:00,North,163,199,Clear,4.2
2026-02-09,13:00,2026-02-09 13:00:00,South,180,198,Cloudy,5.7
2026-02-09,13:00,2026-02-09 13:00:00,East,117,141,Clear,7.3
2026-02-09,13:00,2026-02-09 13:00:00,West,155,173,Cloudy,6.2
2026-02-09,14:00,2026-02-09 14:00:00,Central,247,274,Clear,6.6
2026-02-09,14:00,2026-02-09 14:00:00,North,171,188,Cloudy,5.1
2026-02-09,14:00,2026-02-09 14:00:00,South,188,237,Cloudy,6.8
2026-02-09,14:00,2026-02-09 14:00:00,East,135,157,Clear,6.5
2026-02-09,14:00,2026-02-09 14:00:00,West,174,164,Rain,11.1
2026-02-09,15:00,2026-02-09 15:00:00,Central,208,248,Clear,6.5
2026-02-09,15:00,2026-02-09 15:00:00,North,146,188,Clear,5.9
2026-02-09,15:00,2026-02-09 15:00:00,South,238,222,Heavy Rain,15.0
2026-02-09,15:00,2026-02-09 15:00:00,East,124,148,Clear,4.8
2026-02-09,15:00,2026-02-09 15:00:00,West,139,169,Clear,7.1
2026-02-09,16:00,2026-02-09 16:00:00,Central,233,263,Cloudy,5.8
2026-02-09,16:00,2026-02-09 16:00:00,North,168,182,Cloudy,5.4
2026-02-09,16:00,2026-02-09 16:00:00,South,164,210,Clear,8.2
2026-02-09,16:00,2026-02-09 16:00:00,East,122,139,Clear,5.3
2026-02-09,16:00,2026-02-09 16:00:00,West,171,182,Rain,8.6
2026-02-09,17:00,2026-02-09 17:00:00,Central,354,233,Clear,9.0
2026-02-09,17:00,2026-02-09 17:00:00,North,220,174,Clear,8.1
2026-02-09,17:00,2026-02-09 17:00:00,South,303,193,Clear,10.4
2026-02-09,17:00,2026-02-09 17:00:00,East,223,130,Clear,8.1
2026-02-09,17:00,2026-02-09 17:00:00,West,215,140,Clear,7.7
2026-02-09,18:00,2026-02-09 18:00:00,Central,320,209,Clear,11.2
2026-02-09,18:00,2026-02-09 18:00:00,North,291,162,Rain,17.8
2026-02-09,18:00,2026-02-09 18:00:00,South,303,154,Clear,15.6
2026-02-09,18:00,2026-02-09 18:00:00,East,264,116,Heavy Rain,24.4
2026-02-09,18:00,2026-02-09 18:00:00,West,253,159,Cloudy,10.2
2026-02-09,19:00,2026-02-09 19:00:00,Central,368,238,Clear,11.6
2026-02-09,19:00,2026-02-09 19:00:00,North,239,147,Clear,10.6
2026-02-09,19:00,2026-02-09 19:00:00,South,295,165,Clear,12.3
2026-02-09,19:00,2026-02-09 19:00:00,East,218,125,Clear,9.7
2026-02-09,19:00,2026-02-09 19:00:00,West,255,157,Rain,14.2
2026-02-09,20:00,2026-02-09 20:00:00,Central,391,226,Heavy Rain,23.3
2026-02-09,20:00,2026-02-09 20:00:00,North,252,153,Clear,12.6
2026-02-09,20:00,2026-02-09 20:00:00,South,310,192,Clear,10.9
2026-02-09,20:00,2026-02-09 20:00:00,East,184,140,Clear,6.5
2026-02-09,20:00,2026-02-09 20:00:00,West,232,143,Cloudy,9.8
2026-02-09,21:00,2026-02-09 21:00:00,Central,122,263,Clear,4.7
2026-02-09,21:00,2026-02-09 21:00:00,North,95,186,Rain,10.0
2026-02-09,21:00,2026-02-09 21:00:00,South,110,190,Rain,9.7
2026-02-09,21:00,2026-02-09 21:00:00,East,50,149,Clear,5.2
2026-02-09,21:00,2026-02-09 21:00:00,West,85,195,Clear,6.2
2026-02-09,22:00,2026-02-09 22:00:00,Central,133,259,Clear,2.9
2026-02-09,22:00,2026-02-09 22:00:00,North,91,218,Clear,6.6
2026-02-09,22:00,2026-02-09 22:00:00,South,98,216,Clear,5.2
2026-02-09,22:00,2026-02-09 22:00:00,East,61,133,Clear,7.4
2026-02-09,22:00,2026-02-09 22:00:00,West,84,194,Clear,5.1
2026-02-09,23:00,2026-02-09 23:00:00,Central,147,269,Cloudy,8.1
2026-02-09,23:00,2026-02-09 23:00:00,North,101,162,Cloudy,5.6
2026-02-09,23:00,2026-02-09 23:00:00,South,97,214,Clear,6.9
2026-02-09,23:00,2026-02-09 23:00:00,East,72,141,Cloudy,5.7
2026-02-09,23:00,2026-02-09 23:00:00,West,86,195,Clear,4.1
2026-02-10,00:00,2026-02-10 00:00:00,Central,145,256,Clear,6.3
2026-02-10,00:00,2026-02-10 00:00:00,North,82,204,Clear,3.3
2026-02-10,00:00,2026-02-10 00:00:00,South,124,224,Rain,7.7
2026-02-10,00:00,2026-02-10 00:00:00,East,67,171,Clear,5.8
2026-02-10,00:00,2026-02-10 00:00:00,West,96,182,Cloudy,4.4
2026-02-10,01:00,2026-02-10 01:00:00,Central,122,259,Clear,4.1
2026-02-10,01:00,2026-02-10 01:00:00,North,87,179,Cloudy,4.0
2026-02-10,01:00,2026-02-10 01:00:00,South,120,224,Rain,8.7
2026-02-10,01:00,2026-02-10 01:00:00,East,71,116,Clear,2.8
2026-02-10,01:00,2026-02-10 01:00:00,West,87,175,Clear,5.5
2026-02-10,02:00,2026-02-10 02:00:00,Central,162,232,Rain,11.6
2026-02-10,02:00,2026-02-10 02:00:00,North,97,144,Rain,10.9
2026-02-10,02:00,2026-02-10 02:00:00,South,111,206,Clear,6.4
2026-02-10,02:00,2026-02-10 02:00:00,East,86,155,Rain,9.4
2026-02-10,02:00,2026-02-10 02:00:00,West,94,182,Clear,6.4
2026-02-10,03:00,2026-02-10 03:00:00,Central,136,256,Rain,10.4
2026-02-10,03:00,2026-02-10 03:00:00,North,100,174,Cloudy,9.5
2026-02-10,03:00,2026-02-10 03:00:00,South,96,209,Clear,4.4
2026-02-10,03:00,2026-02-10 03:00:00,East,78,150,Clear,7.5
2026-02-10,03:00,2026-02-10 03:00:00,West,82,164,Clear,3.8
2026-02-10,04:00,2026-02-10 04:00:00,Central,120,247,Clear,6.1
2026-02-10,04:00,2026-02-10 04:00:00,North,101,180,Clear,8.3
2026-02-10,04:00,2026-02-10 04:00:00,South,127,202,Rain,7.7
2026-02-10,04:00,2026-02-10 04:00:00,East,86,170,Rain,8.9
2026-02-10,04:00,2026-02-10 04:00:00,West,88,156,Clear,5.0
2026-02-10,05:00,2026-02-10 05:00:00,Central,107,259,Clear,8.4
2026-02-10,05:00,2026-02-10 05:00:00,North,81,206,Clear,4.0
2026-02-10,05:00,2026-02-10 05:00:00,South,101,207,Clear,4.9
2026-02-10,05:00,2026-02-10 05:00:00,East,71,136,Clear,5.0
2026-02-10,05:00,2026-02-10 05:00:00,West,73,167,Clear,6.5
2026-02-10,06:00,2026-02-10 06:00:00,Central,122,282,Clear,5.9
2026-02-10,06:00,2026-02-10 06:00:00,North,98,190,Clear,5.0
2026-02-10,06:00,2026-02-10 06:00:00,South,113,213,Cloudy,4.8
2026-02-10,06:00,2026-02-10 06:00:00,East,80,150,Rain,7.7
2026-02-10,06:00,2026-02-10 06:00:00,West,109,163,Heavy Rain,15.9
2026-02-10,07:00,2026-02-10 07:00:00,Central,289,214,Clear,8.2
2026-02-10,07:00,2026-02-10 07:00:00,North,222,170,Cloudy,9.0
2026-02-10,07:00,2026-02-10 07:00:00,South,273,189,Rain,12.5
2026-02-10,07:00,2026-02-10 07:00:00,East,154,127,Cloudy,7.8
2026-02-10,07:00,2026-02-10 07:00:00,West,203,151,Clear,9.2
2026-02-10,08:00,2026-02-10 08:00:00,Central,321,222,Clear,12.0
2026-02-10,08:00,2026-02-10 08:00:00,North,211,171,Clear,7.6
2026-02-10,08:00,2026-02-10 08:00:00,South,334,179,Rain,16.8
2026-02-10,08:00,2026-02-10 08:00:00,East,166,114,Clear,10.6
2026-02-10,08:00,2026-02-10 08:00:00,West,264,134,Heavy Rain,21.4
2026-02-10,09:00,2026-02-10 09:00:00,Central,319,236,Cloudy,12.5
2026-02-10,09:00,2026-02-10 09:00:00,North,236,139,Cloudy,9.7
2026-02-10,09:00,2026-02-10 09:00:00,South,252,179,Cloudy,9.6
2026-02-10,09:00,2026-02-10 09:00:00,East,213,141,Rain,10.2
2026-02-10,09:00,2026-02-10 09:00:00,West,188,149,Cloudy,10.7
2026-02-10,10:00,2026-02-10 10:00:00,Central,286,268,Heavy Rain,16.3
2026-02-10,10:00,2026-02-10 10:00:00,North,171,185,Clear,4.1
2026-02-10,10:00,2026-02-10 10:00:00,South,218,221,Rain,8.4
2026-02-10,10:00,2026-02-10 10:00:00,East,113,154,Clear,2.4
2026-02-10,10:00,2026-02-10 10:00:00,West,127,197,Clear,4.2
2026-02-10,11:00,2026-02-10 11:00:00,Central,250,265,Rain,11.0
2026-02-10,11:00,2026-02-10 11:00:00,North,153,185,Clear,3.8
2026-02-10,11:00,2026-02-10 11:00:00,South,187,214,Clear,4.8
2026-02-10,11:00,2026-02-10 11:00:00,East,134,146,Cloudy,6.0
2026-02-10,11:00,2026-02-10 11:00:00,West,151,165,Clear,6.3
2026-02-10,12:00,2026-02-10 12:00:00,Central,236,268,Cloudy,5.0
2026-02-10,12:00,2026-02-10 12:00:00,North,138,169,Clear,4.9
2026-02-10,12:00,2026-02-10 12:00:00,South,222,226,Clear,5.1
2026-02-10,12:00,2026-02-10 12:00:00,East,135,158,Clear,5.9
2026-02-10,12:00,2026-02-10 12:00:00,West,137,179,Clear,6.0
2026-02-10,13:00,2026-02-10 13:00:00,Central,250,283,Rain,10.0
2026-02-10,13:00,2026-02-10 13:00:00,North,179,191,Rain,6.0
2026-02-10,13:00,2026-02-10 13:00:00,South,200,230,Clear,4.5
2026-02-10,13:00,2026-02-10 13:00:00,East,131,146,Rain,9.1
2026-02-10,13:00,2026-02-10 13:00:00,West,147,196,Clear,3.7
2026-02-10,14:00,2026-02-10 14:00:00,Central,214,260,Clear,5.3
2026-02-10,14:00,2026-02-10 14:00:00,North,180,187,Rain,10.7
2026-02-10,14:00,2026-02-10 14:00:00,South,197,209,Clear,6.8
2026-02-10,14:00,2026-02-10 14:00:00,East,130,155,Rain,7.9
2026-02-10,14:00,2026-02-10 14:00:00,West,162,167,Rain,9.2
2026-02-10,15:00,2026-02-10 15:00:00,Central,217,258,Clear,5.8
2026-02-10,15:00,2026-02-10 15:00:00,North,166,188,Clear,2.0
2026-02-10,15:00,2026-02-10 15:00:00,South,214,207,Rain,9.0
2026-02-10,15:00,2026-02-10 15:00:00,East,139,164,Clear,4.7
2026-02-10,15:00,2026-02-10 15:00:00,West,152,150,Clear,3.9
2026-02-10,16:00,2026-02-10 16:00:00,Central,250,270,Cloudy,6.4
2026-02-10,16:00,2026-02-10 16:00:00,North,155,188,Clear,7.7
2026-02-10,16:00,2026-02-10 16:00:00,South,231,212,Rain,10.3
2026-02-10,16:00,2026-02-10 16:00:00,East,144,121,Rain,11.7
2026-02-10,16:00,2026-02-10 16:00:00,West,147,147,Clear,4.2
2026-02-10,17:00,2026-02-10 17:00:00,Central,336,205,Clear,12.9
2026-02-10,17:00,2026-02-10 17:00:00,North,251,168,Cloudy,14.3
2026-02-10,17:00,2026-02-10 17:00:00,South,269,195,Clear,7.0
2026-02-10,17:00,2026-02-10 17:00:00,East,182,115,Clear,10.0
2026-02-10,17:00,2026-02-10 17:00:00,West,245,153,Cloudy,10.9
2026-02-10,18:00,2026-02-10 18:00:00,Central,457,203,Rain,24.7
2026-02-10,18:00,2026-02-10 18:00:00,North,242,144,Clear,9.8
2026-02-10,18:00,2026-02-10 18:00:00,South,287,207,Clear,8.6
2026-02-10,18:00,2026-02-10 18:00:00,East,173,133,Clear,6.9
2026-02-10,18:00,2026-02-10 18:00:00,West,235,149,Clear,12.1
2026-02-10,19:00,2026-02-10 19:00:00,Central,323,229,Clear,7.8
2026-02-10,19:00,2026-02-10 19:00:00,North,335,156,Heavy Rain,24.6
2026-02-10,19:00,2026-02-10 19:00:00,South,291,185,Clear,14.1
2026-02-10,19:00,2026-02-10 19:00:00,East,222,111,Clear,11.1
2026-02-10,19:00,2026-02-10 19:00:00,West,250,145,Rain,15.9
2026-02-10,20:00,2026-02-10 20:00:00,Central,322,238,Clear,9.6
2026-02-10,20:00,2026-02-10 20:00:00,North,238,150,Cloudy,9.1
2026-02-10,20:00,2026-02-10 20:00:00,South,262,170,Clear,11.0
2026-02-10,20:00,2026-02-10 20:00:00,East,199,117,Cloudy,13.0
2026-02-10,20:00,2026-02-10 20:00:00,West,254,166,Clear,9.7
2026-02-10,21:00,2026-02-10 21:00:00,Central,135,260,Rain,6.9
2026-02-10,21:00,2026-02-10 21:00:00,North,93,190,Clear,4.0
2026-02-10,21:00,2026-02-10 21:00:00,South,113,229,Clear,3.3
2026-02-10,21:00,2026-02-10 21:00:00,East,72,152,Cloudy,7.0
2026-02-10,21:00,2026-02-10 21:00:00,West,101,201,Clear,2.1
2026-02-10,22:00,2026-02-10 22:00:00,Central,166,262,Heavy Rain,12.6
2026-02-10,22:00,2026-02-10 22:00:00,North,91,182,Clear,3.3
2026-02-10,22:00,2026-02-10 22:00:00,South,105,213,Clear,6.7
2026-02-10,22:00,2026-02-10 22:00:00,East,76,123,Clear,4.7
2026-02-10,22:00,2026-02-10 22:00:00,West,95,159,Rain,9.6
2026-02-10,23:00,2026-02-10 23:00:00,Central,173,255,Rain,7.0
2026-02-10,23:00,2026-02-10 23:00:00,North,83,193,Rain,9.1
2026-02-10,23:00,2026-02-10 23:00:00,South,121,194,Rain,9.1
2026-02-10,23:00,2026-02-10 23:00:00,East,69,171,Clear,6.0
2026-02-10,23:00,2026-02-10 23:00:00,West,118,142,Heavy Rain,15.6
2026-02-11,00:00,2026-02-11 00:00:00,Central,137,261,Clear,3.3
2026-02-11,00:00,2026-02-11 00:00:00,North,83,184,Clear,4.0
2026-02-11,00:00,2026-02-11 00:00:00,South,96,230,Clear,5.3
2026-02-11,00:00,2026-02-11 00:00:00,East,80,144,Heavy Rain,17.9
2026-02-11,00:00,2026-02-11 00:00:00,West,101,178,Rain,9.6
2026-02-11,01:00,2026-02-11 01:00:00,Central,123,261,Clear,5.3
2026-02-11,01:00,2026-02-11 01:00:00,North,100,167,Rain,9.0
2026-02-11,01:00,2026-02-11 01:00:00,South,108,205,Cloudy,7.0
2026-02-11,01:00,2026-02-11 01:00:00,East,72,136,Clear,4.1
2026-02-11,01:00,2026-02-11 01:00:00,West,91,183,Rain,6.2
2026-02-11,02:00,2026-02-11 02:00:00,Central,125,254,Clear,6.3
2026-02-11,02:00,2026-02-11 02:00:00,North,87,200,Clear,4.2
2026-02-11,02:00,2026-02-11 02:00:00,South,103,229,Cloudy,6.1
2026-02-11,02:00,2026-02-11 02:00:00,East,81,133,Clear,3.9
2026-02-11,02:00,2026-02-11 02:00:00,West,93,178,Clear,3.9
2026-02-11,03:00,2026-02-11 03:00:00,Central,127,260,Clear,4.9
2026-02-11,03:00,2026-02-11 03:00:00,North,83,175,Clear,6.2
2026-02-11,03:00,2026-02-11 03:00:00,South,106,209,Clear,6.2
2026-02-11,03:00,2026-02-11 03:00:00,East,78,126,Clear,7.2
2026-02-11,03:00,2026-02-11 03:00:00,West,75,162,Clear,7.0
2026-02-11,04:00,2026-02-11 04:00:00,Central,144,269,Clear,6.0
2026-02-11,04:00,2026-02-11 04:00:00,North,88,177,Cloudy,9.0
2026-02-11,04:00,2026-02-11 04:00:00,South,93,215,Clear,2.1
2026-02-11,04:00,2026-02-11 04:00:00,East,60,151,Cloudy,5.3
2026-02-11,04:00,2026-02-11 04:00:00,West,96,171,Clear,2.8
2026-02-11,05:00,2026-02-11 05:00:00,Central,136,272,Clear,2.5
2026-02-11,05:00,2026-02-11 05:00:00,North,94,204,Clear,4.3
2026-02-11,05:00,2026-02-11 05:00:00,South,96,218,Clear,2.0
2026-02-11,05:00,2026-02-11 05:00:00,East,64,152,Clear,4.8
2026-02-11,05:00,2026-02-11 05:00:00,West,88,186,Clear,5.9
2026-02-11,06:00,2026-02-11 06:00:00,Central,131,266,Clear,5.8
2026-02-11,06:00,2026-02-11 06:00:00,North,96,176,Cloudy,5.8
2026-02-11,06:00,2026-02-11 06:00:00,South,103,212,Clear,2.5
2026-02-11,06:00,2026-02-11 06:00:00,East,78,142,Cloudy,7.9
2026-02-11,06:00,2026-02-11 06:00:00,West,93,186,Rain,7.4
2026-02-11,07:00,2026-02-11 07:00:00,Central,324,217,Rain,16.3
2026-02-11,07:00,2026-02-11 07:00:00,North,220,143,Cloudy,11.5
2026-02-11,07:00,2026-02-11 07:00:00,South,274,174,Clear,12.0
2026-02-11,07:00,2026-02-11 07:00:00,East,160,122,Clear,6.0
2026-02-11,07:00,2026-02-11 07:00:00,West,211,145,Rain,14.7
2026-02-11,08:00,2026-02-11 08:00:00,Central,272,233,Cloudy,9.5
2026-02-11,08:00,2026-02-11 08:00:00,North,241,175,Cloudy,11.1
2026-02-11,08:00,2026-02-11 08:00:00,South,244,191,Clear,8.3
2026-02-11,08:00,2026-02-11 08:00:00,East,158,120,Clear,9.0
2026-02-11,08:00,2026-02-11 08:00:00,West,195,141,Cloudy,11.2
2026-02-11,09:00,2026-02-11 09:00:00,Central,279,226,Cloudy,9.0
2026-02-11,09:00,2026-02-11 09:00:00,North,219,152,Cloudy,9.8
2026-02-11,09:00,2026-02-11 09:00:00,South,229,200,Clear,7.3
2026-02-11,09:00,2026-02-11 09:00:00,East,201,114,Heavy Rain,20.1
2026-02-11,09:00,2026-02-11 09:00:00,West,190,157,Cloudy,6.4
2026-02-11,10:00,2026-02-11 10:00:00,Central,228,259,Cloudy,6.1
2026-02-11,10:00,2026-02-11 10:00:00,North,167,174,Clear,3.8
2026-02-11,10:00,2026-02-11 10:00:00,South,180,213,Clear,6.0
2026-02-11,10:00,2026-02-11 10:00:00,East,107,133,Clear,3.6
2026-02-11,10:00,2026-02-11 10:00:00,West,169,176,Rain,9.5
2026-02-11,11:00,2026-02-11 11:00:00,Central,285,269,Rain,10.3
2026-02-11,11:00,2026-02-11 11:00:00,North,178,202,Rain,9.1
2026-02-11,11:00,2026-02-11 11:00:00,South,155,199,Clear,5.6
2026-02-11,11:00,2026-02-11 11:00:00,East,147,136,Cloudy,6.0
2026-02-11,11:00,2026-02-11 11:00:00,West,131,174,Clear,6.6
2026-02-11,12:00,2026-02-11 12:00:00,Central,223,259,Clear,2.3
2026-02-11,12:00,2026-02-11 12:00:00,North,164,194,Cloudy,5.1
2026-02-11,12:00,2026-02-11 12:00:00,South,181,214,Clear,6.9
2026-02-11,12:00,2026-02-11 12:00:00,East,119,139,Cloudy,4.3
2026-02-11,12:00,2026-02-11 12:00:00,West,130,188,Clear,3.5
2026-02-11,13:00,2026-02-11 13:00:00,Central,211,239,Clear,3.3
2026-02-11,13:00,2026-02-11 13:00:00,North,172,197,Clear,4.0
2026-02-11,13:00,2026-02-11 13:00:00,South,207,213,Rain,9.5
2026-02-11,13:00,2026-02-11 13:00:00,East,109,139,Cloudy,5.9
2026-02-11,13:00,2026-02-11 13:00:00,West,160,175,Rain,8.6
2026-02-11,14:00,2026-02-11 14:00:00,Central,244,255,Rain,7.9
2026-02-11,14:00,2026-02-11 14:00:00,North,166,167,Clear,2.6
2026-02-11,14:00,2026-02-11 14:00:00,South,187,234,Rain,9.9
2026-02-11,14:00,2026-02-11 14:00:00,East,123,142,Clear,3.3
2026-02-11,14:00,2026-02-11 14:00:00,West,141,177,Clear,5.0
2026-02-11,15:00,2026-02-11 15:00:00,Central,274,239,Heavy Rain,15.5
2026-02-11,15:00,2026-02-11 15:00:00,North,169,191,Heavy Rain,13.2
2026-02-11,15:00,2026-02-11 15:00:00,South,175,193,Clear,4.3
2026-02-11,15:00,2026-02-11 15:00:00,East,124,122,Clear,5.2
2026-02-11,15:00,2026-02-11 15:00:00,West,155,170,Clear,5.3
2026-02-11,16:00,2026-02-11 16:00:00,Central,241,277,Cloudy,5.4
2026-02-11,16:00,2026-02-11 16:00:00,North,163,180,Cloudy,4.7
2026-02-11,16:00,2026-02-11 16:00:00,South,244,213,Heavy Rain,16.6
2026-02-11,16:00,2026-02-11 16:00:00,East,115,137,Clear,5.3
2026-02-11,16:00,2026-02-11 16:00:00,West,157,164,Clear,5.4
2026-02-11,17:00,2026-02-11 17:00:00,Central,342,222,Clear,11.0
2026-02-11,17:00,2026-02-11 17:00:00,North,300,170,Heavy Rain,20.8
2026-02-11,17:00,2026-02-11 17:00:00,South,298,177,Clear,9.1
2026-02-11,17:00,2026-02-11 17:00:00,East,201,143,Cloudy,9.0
2026-02-11,17:00,2026-02-11 17:00:00,West,237,167,Clear,11.0
2026-02-11,18:00,2026-02-11 18:00:00,Central,308,239,Clear,9.9
2026-02-11,18:00,2026-02-11 18:00:00,North,264,147,Cloudy,13.7
2026-02-11,18:00,2026-02-11 18:00:00,South,270,174,Clear,11.2
2026-02-11,18:00,2026-02-11 18:00:00,East,201,136,Cloudy,7.5
2026-02-11,18:00,2026-02-11 18:00:00,West,219,152,Cloudy,8.2
2026-02-11,19:00,2026-02-11 19:00:00,Central,399,226,Clear,14.5
2026-02-11,19:00,2026-02-11 19:00:00,North,235,161,Clear,9.8
2026-02-11,19:00,2026-02-11 19:00:00,South,257,188,Cloudy,11.8
2026-02-11,19:00,2026-02-11 19:00:00,East,198,134,Cloudy,8.7
2026-02-11,19:00,2026-02-11 19:00:00,West,224,131,Clear,10.9
2026-02-11,20:00,2026-02-11 20:00:00,Central,386,229,Clear,14.9
2026-02-11,20:00,2026-02-11 20:00:00,North,213,155,Clear,8.9
2026-02-11,20:00,2026-02-11 20:00:00,South,371,177,Heavy Rain,26.4
2026-02-11,20:00,2026-02-11 20:00:00,East,228,116,Clear,7.7
2026-02-11,20:00,2026-02-11 20:00:00,West,242,157,Cloudy,7.4
2026-02-11,21:00,2026-02-11 21:00:00,Central,133,252,Cloudy,5.8
2026-02-11,21:00,2026-02-11 21:00:00,North,96,190,Clear,6.3
2026-02-11,21:00,2026-02-11 21:00:00,South,121,203,Cloudy,5.8
2026-02-11,21:00,2026-02-11 21:00:00,East,106,136,Heavy Rain,14.0
2026-02-11,21:00,2026-02-11 21:00:00,West,110,169,Heavy Rain,15.6
2026-02-11,22:00,2026-02-11 22:00:00,Central,162,282,Heavy Rain,13.7
2026-02-11,22:00,2026-02-11 22:00:00,North,94,185,Cloudy,4.8
2026-02-11,22:00,2026-02-11 22:00:00,South,109,221,Cloudy,6.7
2026-02-11,22:00,2026-02-11 22:00:00,East,70,132,Cloudy,6.6
2026-02-11,22:00,2026-02-11 22:00:00,West,96,179,Rain,8.9
2026-02-11,23:00,2026-02-11 23:00:00,Central,137,277,Clear,6.7
2026-02-11,23:00,2026-02-11 23:00:00,North,80,180,Clear,4.3
2026-02-11,23:00,2026-02-11 23:00:00,South,122,204,Heavy Rain,16.7
2026-02-11,23:00,2026-02-11 23:00:00,East,86,170,Heavy Rain,11.4
2026-02-11,23:00,2026-02-11 23:00:00,West,77,181,Clear,2.0
2026-02-12,00:00,2026-02-12 00:00:00,Central,120,277,Clear,5.9
2026-02-12,00:00,2026-02-12 00:00:00,North,130,194,Heavy Rain,14.6
2026-02-12,00:00,2026-02-12 00:00:00,South,131,228,Rain,9.2
2026-02-12,00:00,2026-02-12 00:00:00,East,63,169,Clear,3.1
2026-02-12,00:00,2026-02-12 00:00:00,West,99,174,Rain,7.3
2026-02-12,01:00,2026-02-12 01:00:00,Central,130,261,Clear,5.1
2026-02-12,01:00,2026-02-12 01:00:00,North,87,171,Clear,4.6
2026-02-12,01:00,2026-02-12 01:00:00,South,116,205,Clear,3.0
2026-02-12,01:00,2026-02-12 01:00:00,East,85,162,Clear,4.8
2026-02-12,01:00,2026-02-12 01:00:00,West,79,183,Clear,2.1
2026-02-12,02:00,2026-02-12 02:00:00,Central,139,257,Clear,5.6
2026-02-12,02:00,2026-02-12 02:00:00,North,80,197,Clear,3.6
2026-02-12,02:00,2026-02-12 02:00:00,South,123,210,Cloudy,7.4
2026-02-12,02:00,2026-02-12 02:00:00,East,73,128,Clear,5.2
2026-02-12,02:00,2026-02-12 02:00:00,West,98,177,Clear,7.6
2026-02-12,03:00,2026-02-12 03:00:00,Central,118,241,Clear,4.2
2026-02-12,03:00,2026-02-12 03:00:00,North,99,168,Clear,5.9
2026-02-12,03:00,2026-02-12 03:00:00,South,119,210,Clear,3.3
2026-02-12,03:00,2026-02-12 03:00:00,East,83,153,Rain,9.3
2026-02-12,03:00,2026-02-12 03:00:00,West,81,162,Clear,4.1
2026-02-12,04:00,2026-02-12 04:00:00,Central,159,281,Rain,7.3
2026-02-12,04:00,2026-02-12 04:00:00,North,95,201,Clear,7.1
2026-02-12,04:00,2026-02-12 04:00:00,South,127,204,Rain,11.9
2026-02-12,04:00,2026-02-12 04:00:00,East,65,155,Clear,7.7
2026-02-12,04:00,2026-02-12 04:00:00,West,81,170,Clear,5.8
2026-02-12,05:00,2026-02-12 05:00:00,Central,113,268,Clear,6.1
2026-02-12,05:00,2026-02-12 05:00:00,North,107,170,Rain,10.7
2026-02-12,05:00,2026-02-12 05:00:00,South,105,215,Clear,5.5
2026-02-12,05:00,2026-02-12 05:00:00,East,64,154,Cloudy,5.8
2026-02-12,05:00,2026-02-12 05:00:00,West,94,184,Clear,6.1
2026-02-12,06:00,2026-02-12 06:00:00,Central,140,277,Cloudy,5.6
2026-02-12,06:00,2026-02-12 06:00:00,North,85,182,Clear,3.4
2026-02-12,06:00,2026-02-12 06:00:00,South,103,212,Clear,5.7
2026-02-12,06:00,2026-02-12 06:00:00,East,96,127,Heavy Rain,14.2
2026-02-12,06:00,2026-02-12 06:00:00,West,94,167,Cloudy,8.2
2026-02-12,07:00,2026-02-12 07:00:00,Central,311,257,Clear,8.5
2026-02-12,07:00,2026-02-12 07:00:00,North,285,156,Heavy Rain,23.0
2026-02-12,07:00,2026-02-12 07:00:00,South,305,165,Rain,17.6
2026-02-12,07:00,2026-02-12 07:00:00,East,176,132,Clear,8.2
2026-02-12,07:00,2026-02-12 07:00:00,West,185,150,Clear,5.1
2026-02-12,08:00,2026-02-12 08:00:00,Central,305,212,Clear,9.3
2026-02-12,08:00,2026-02-12 08:00:00,North,218,163,Clear,7.2
2026-02-12,08:00,2026-02-12 08:00:00,South,268,174,Clear,8.6
2026-02-12,08:00,2026-02-12 08:00:00,East,165,118,Clear,7.7
2026-02-12,08:00,2026-02-12 08:00:00,West,229,160,Cloudy,7.6
2026-02-12,09:00,2026-02-12 09:00:00,Central,334,241,Clear,8.8
2026-02-12,09:00,2026-02-12 09:00:00,North,226,149,Cloudy,8.7
2026-02-12,09:00,2026-02-12 09:00:00,South,319,178,Rain,17.3
2026-02-12,09:00,2026-02-12 09:00:00,East,221,118,Rain,14.7
2026-02-12,09:00,2026-02-12 09:00:00,West,225,147,Clear,9.5
2026-02-12,10:00,2026-02-12 10:00:00,Central,238,258,Clear,4.4
2026-02-12,10:00,2026-02-12 10:00:00,North,213,191,Heavy Rain,15.2
2026-02-12,10:00,2026-02-12 10:00:00,South,182,217,Clear,3.5
2026-02-12,10:00,2026-02-12 10:00:00,East,149,156,Rain,9.6
2026-02-12,10:00,2026-02-12 10:00:00,West,198,178,Heavy Rain,13.4
2026-02-12,11:00,2026-02-12 11:00:00,Central,248,249,Cloudy,4.8
2026-02-12,11:00,2026-02-12 11:00:00,North,155,166,Clear,6.7
2026-02-12,11:00,2026-02-12 11:00:00,South,200,215,Rain,9.5
2026-02-12,11:00,2026-02-12 11:00:00,East,123,152,Clear,4.8
2026-02-12,11:00,2026-02-12 11:00:00,West,166,198,Cloudy,4.5
2026-02-12,12:00,2026-02-12 12:00:00,Central,211,277,Clear,3.2
2026-02-12,12:00,2026-02-12 12:00:00,North,193,204,Rain,7.5
2026-02-12,12:00,2026-02-12 12:00:00,South,219,228,Rain,8.9
2026-02-12,12:00,2026-02-12 12:00:00,East,106,141,Clear,3.0
2026-02-12,12:00,2026-02-12 12:00:00,West,203,167,Rain,10.4
2026-02-12,13:00,2026-02-12 13:00:00,Central,242,258,Cloudy,6.6
2026-02-12,13:00,2026-02-12 13:00:00,North,148,166,Clear,8.1
2026-02-12,13:00,2026-02-12 13:00:00,South,192,224,Rain,8.3
2026-02-12,13:00,2026-02-12 13:00:00,East,123,138,Clear,4.8
2026-02-12,13:00,2026-02-12 13:00:00,West,163,184,Rain,7.5
2026-02-12,14:00,2026-02-12 14:00:00,Central,223,255,Clear,4.5
2026-02-12,14:00,2026-02-12 14:00:00,North,175,186,Cloudy,6.3
2026-02-12,14:00,2026-02-12 14:00:00,South,181,234,Clear,4.9
2026-02-12,14:00,2026-02-12 14:00:00,East,139,142,Clear,9.2
2026-02-12,14:00,2026-02-12 14:00:00,West,126,150,Clear,9.1
2026-02-12,15:00,2026-02-12 15:00:00,Central,335,246,Heavy Rain,21.2
2026-02-12,15:00,2026-02-12 15:00:00,North,173,200,Clear,3.2
2026-02-12,15:00,2026-02-12 15:00:00,South,185,203,Clear,2.2
2026-02-12,15:00,2026-02-12 15:00:00,East,118,158,Clear,5.0
2026-02-12,15:00,2026-02-12 15:00:00,West,140,183,Clear,4.8
2026-02-12,16:00,2026-02-12 16:00:00,Central,218,255,Clear,3.0
2026-02-12,16:00,2026-02-12 16:00:00,North,156,192,Clear,2.7
2026-02-12,16:00,2026-02-12 16:00:00,South,188,223,Clear,5.4
2026-02-12,16:00,2026-02-12 16:00:00,East,116,137,Clear,4.2
2026-02-12,16:00,2026-02-12 16:00:00,West,160,199,Clear,3.7
2026-02-12,17:00,2026-02-12 17:00:00,Central,345,227,Clear,11.6
2026-02-12,17:00,2026-02-12 17:00:00,North,252,164,Cloudy,10.8
2026-02-12,17:00,2026-02-12 17:00:00,South,231,193,Cloudy,7.6
2026-02-12,17:00,2026-02-12 17:00:00,East,201,89,Clear,8.9
2026-02-12,17:00,2026-02-12 17:00:00,West,245,172,Clear,8.8
2026-02-12,18:00,2026-02-12 18:00:00,Central,377,238,Rain,15.5
2026-02-12,18:00,2026-02-12 18:00:00,North,235,171,Clear,8.3
2026-02-12,18:00,2026-02-12 18:00:00,South,316,190,Rain,13.5
2026-02-12,18:00,2026-02-12 18:00:00,East,204,114,Clear,10.6
2026-02-12,18:00,2026-02-12 18:00:00,West,260,155,Cloudy,12.3
2026-02-12,19:00,2026-02-12 19:00:00,Central,439,228,Heavy Rain,27.5
2026-02-12,19:00,2026-02-12 19:00:00,North,283,150,Cloudy,14.5
2026-02-12,19:00,2026-02-12 19:00:00,South,361,169,Rain,19.4
2026-02-12,19:00,2026-02-12 19:00:00,East,189,106,Cloudy,10.5
2026-02-12,19:00,2026-02-12 19:00:00,West,265,146,Rain,15.6
2026-02-12,20:00,2026-02-12 20:00:00,Central,344,201,Clear,13.9
2026-02-12,20:00,2026-02-12 20:00:00,North,243,167,Clear,9.9
2026-02-12,20:00,2026-02-12 20:00:00,South,374,166,Heavy Rain,26.4
2026-02-12,20:00,2026-02-12 20:00:00,East,185,159,Clear,9.2
2026-02-12,20:00,2026-02-12 20:00:00,West,274,160,Heavy Rain,20.5
2026-02-12,21:00,2026-02-12 21:00:00,Central,127,273,Cloudy,8.4
2026-02-12,21:00,2026-02-12 21:00:00,North,95,199,Clear,5.1
2026-02-12,21:00,2026-02-12 21:00:00,South,107,200,Clear,4.4
2026-02-12,21:00,2026-02-12 21:00:00,East,65,153,Cloudy,5.8
2026-02-12,21:00,2026-02-12 21:00:00,West,86,167,Clear,2.6
2026-02-12,22:00,2026-02-12 22:00:00,Central,129,265,Cloudy,4.4
2026-02-12,22:00,2026-02-12 22:00:00,North,128,170,Heavy Rain,15.1
2026-02-12,22:00,2026-02-12 22:00:00,South,112,224,Clear,8.0
2026-02-12,22:00,2026-02-12 22:00:00,East,67,161,Clear,7.6
2026-02-12,22:00,2026-02-12 22:00:00,West,82,164,Cloudy,3.3
2026-02-12,23:00,2026-02-12 23:00:00,Central,124,249,Rain,8.4
2026-02-12,23:00,2026-02-12 23:00:00,North,95,174,Clear,7.8
2026-02-12,23:00,2026-02-12 23:00:00,South,101,224,Clear,5.6
2026-02-12,23:00,2026-02-12 23:00:00,East,72,163,Clear,3.8
2026-02-12,23:00,2026-02-12 23:00:00,West,87,176,Rain,8.1
2026-02-13,00:00,2026-02-13 00:00:00,Central,136,259,Clear,5.4
2026-02-13,00:00,2026-02-13 00:00:00,North,98,154,Clear,4.0
2026-02-13,00:00,2026-02-13 00:00:00,South,104,202,Clear,6.6
2026-02-13,00:00,2026-02-13 00:00:00,East,60,138,Clear,4.9
2026-02-13,00:00,2026-02-13 00:00:00,West,106,175,Heavy Rain,16.6
2026-02-13,01:00,2026-02-13 01:00:00,Central,147,253,Rain,9.6
2026-02-13,01:00,2026-02-13 01:00:00,North,95,202,Cloudy,5.5
2026-02-13,01:00,2026-02-13 01:00:00,South,108,217,Clear,6.4
2026-02-13,01:00,2026-02-13 01:00:00,East,78,141,Clear,5.7
2026-02-13,01:00,2026-02-13 01:00:00,West,95,208,Rain,10.5
2026-02-13,02:00,2026-02-13 02:00:00,Central,134,255,Clear,5.0
2026-02-13,02:00,2026-02-13 02:00:00,North,84,185,Cloudy,4.6
2026-02-13,02:00,2026-02-13 02:00:00,South,100,223,Cloudy,6.9
2026-02-13,02:00,2026-02-13 02:00:00,East,78,155,Heavy Rain,15.8
2026-02-13,02:00,2026-02-13 02:00:00,West,82,173,Clear,5.2
2026-02-13,03:00,2026-02-13 03:00:00,Central,127,260,Clear,5.0
2026-02-13,03:00,2026-02-13 03:00:00,North,89,181,Cloudy,7.7
2026-02-13,03:00,2026-02-13 03:00:00,South,98,214,Clear,5.6
2026-02-13,03:00,2026-02-13 03:00:00,East,65,150,Cloudy,4.5
2026-02-13,03:00,2026-02-13 03:00:00,West,87,195,Clear,8.0
2026-02-13,04:00,2026-02-13 04:00:00,Central,123,265,Clear,4.9
2026-02-13,04:00,2026-02-13 04:00:00,North,76,174,Clear,5.4
2026-02-13,04:00,2026-02-13 04:00:00,South,105,208,Clear,8.6
2026-02-13,04:00,2026-02-13 04:00:00,East,80,142,Rain,11.5
2026-02-13,04:00,2026-02-13 04:00:00,West,102,173,Heavy Rain,12.2
2026-02-13,05:00,2026-02-13 05:00:00,Central,132,243,Clear,5.5
2026-02-13,05:00,2026-02-13 05:00:00,North,85,195,Cloudy,3.8
2026-02-13,05:00,2026-02-13 05:00:00,South,113,221,Rain,9.6
2026-02-13,05:00,2026-02-13 05:00:00,East,71,130,Clear,4.9
2026-02-13,05:00,2026-02-13 05:00:00,West,112,167,Heavy Rain,13.6
2026-02-13,06:00,2026-02-13 06:00:00,Central,141,249,Clear,5.1
2026-02-13,06:00,2026-02-13 06:00:00,North,95,187,Cloudy,4.9
2026-02-13,06:00,2026-02-13 06:00:00,South,101,224,Clear,3.4
2026-02-13,06:00,2026-02-13 06:00:00,East,76,128,Clear,3.6
2026-02-13,06:00,2026-02-13 06:00:00,West,85,209,Clear,9.1
2026-02-13,07:00,2026-02-13 07:00:00,Central,300,223,Clear,12.4
2026-02-13,07:00,2026-02-13 07:00:00,North,225,166,Clear,9.9
2026-02-13,07:00,2026-02-13 07:00:00,South,281,164,Rain,15.7
2026-02-13,07:00,2026-02-13 07:00:00,East,214,113,Rain,14.9
2026-02-13,07:00,2026-02-13 07:00:00,West,279,154,Heavy Rain,22.0
2026-02-13,08:00,2026-02-13 08:00:00,Central,290,209,Clear,12.5
2026-02-13,08:00,2026-02-13 08:00:00,North,219,158,Clear,7.4
2026-02-13,08:00,2026-02-13 08:00:00,South,311,183,Rain,16.9
2026-02-13,08:00,2026-02-13 08:00:00,East,157,116,Clear,4.8
2026-02-13,08:00,2026-02-13 08:00:00,West,210,127,Clear,11.0
2026-02-13,09:00,2026-02-13 09:00:00,Central,443,226,Heavy Rain,29.0
2026-02-13,09:00,2026-02-13 09:00:00,North,246,151,Clear,11.1
2026-02-13,09:00,2026-02-13 09:00:00,South,295,180,Clear,10.4
2026-02-13,09:00,2026-02-13 09:00:00,East,178,150,Clear,5.5
2026-02-13,09:00,2026-02-13 09:00:00,West,242,147,Clear,10.8
2026-02-13,10:00,2026-02-13 10:00:00,Central,249,256,Clear,5.7
2026-02-13,10:00,2026-02-13 10:00:00,North,137,194,Clear,4.7
2026-02-13,10:00,2026-02-13 10:00:00,South,184,215,Rain,9.9
2026-02-13,10:00,2026-02-13 10:00:00,East,119,161,Clear,2.9
2026-02-13,10:00,2026-02-13 10:00:00,West,198,193,Heavy Rain,16.1
2026-02-13,11:00,2026-02-13 11:00:00,Central,229,270,Clear,8.4
2026-02-13,11:00,2026-02-13 11:00:00,North,158,194,Cloudy,5.7
2026-02-13,11:00,2026-02-13 11:00:00,South,162,224,Clear,5.0
2026-02-13,11:00,2026-02-13 11:00:00,East,125,148,Cloudy,6.3
2026-02-13,11:00,2026-02-13 11:00:00,West,158,180,Clear,5.2
2026-02-13,12:00,2026-02-13 12:00:00,Central,236,264,Clear,2.0
2026-02-13,12:00,2026-02-13 12:00:00,North,157,156,Cloudy,6.2
2026-02-13,12:00,2026-02-13 12:00:00,South,182,226,Clear,2.6
2026-02-13,12:00,2026-02-13 12:00:00,East,117,153,Clear,5.0
2026-02-13,12:00,2026-02-13 12:00:00,West,144,178,Cloudy,5.8
2026-02-13,13:00,2026-02-13 13:00:00,Central,265,272,Heavy Rain,14.5
2026-02-13,13:00,2026-02-13 13:00:00,North,173,204,Clear,4.1
2026-02-13,13:00,2026-02-13 13:00:00,South,225,237,Heavy Rain,18.6
2026-02-13,13:00,2026-02-13 13:00:00,East,143,153,Rain,9.2
2026-02-13,13:00,2026-02-13 13:00:00,West,152,177,Clear,5.8
2026-02-13,14:00,2026-02-13 14:00:00,Central,208,282,Clear,5.5
2026-02-13,14:00,2026-02-13 14:00:00,North,172,173,Rain,10.1
2026-02-13,14:00,2026-02-13 14:00:00,South,266,198,Heavy Rain,18.5
2026-02-13,14:00,2026-02-13 14:00:00,East,140,144,Cloudy,7.8
2026-02-13,14:00,2026-02-13 14:00:00,West,140,170,Rain,12.0
2026-02-13,15:00,2026-02-13 15:00:00,Central,234,273,Cloudy,3.1
2026-02-13,15:00,2026-02-13 15:00:00,North,188,172,Rain,9.3
2026-02-13,15:00,2026-02-13 15:00:00,South,181,220,Clear,5.9
2026-02-13,15:00,2026-02-13 15:00:00,East,147,135,Clear,5.9
2026-02-13,15:00,2026-02-13 15:00:00,West,132,150,Clear,4.5
2026-02-13,16:00,2026-02-13 16:00:00,Central,207,280,Cloudy,5.1
2026-02-13,16:00,2026-02-13 16:00:00,North,159,199,Clear,6.1
2026-02-13,16:00,2026-02-13 16:00:00,South,190,213,Clear,4.8
2026-02-13,16:00,2026-02-13 16:00:00,East,145,149,Rain,9.1
2026-02-13,16:00,2026-02-13 16:00:00,West,156,183,Clear,7.2
2026-02-13,17:00,2026-02-13 17:00:00,Central,350,221,Clear,10.6
2026-02-13,17:00,2026-02-13 17:00:00,North,374,157,Heavy Rain,25.5
2026-02-13,17:00,2026-02-13 17:00:00,South,292,178,Clear,9.5
2026-02-13,17:00,2026-02-13 17:00:00,East,185,107,Clear,7.0
2026-02-13,17:00,2026-02-13 17:00:00,West,237,163,Clear,7.4
2026-02-13,18:00,2026-02-13 18:00:00,Central,356,229,Clear,13.0
2026-02-13,18:00,2026-02-13 18:00:00,North,290,163,Clear,9.6
2026-02-13,18:00,2026-02-13 18:00:00,South,295,176,Cloudy,12.2
2026-02-13,18:00,2026-02-13 18:00:00,East,197,117,Cloudy,7.6
2026-02-13,18:00,2026-02-13 18:00:00,West,226,174,Clear,7.7
2026-02-13,19:00,2026-02-13 19:00:00,Central,369,224,Cloudy,11.4
2026-02-13,19:00,2026-02-13 19:00:00,North,247,132,Cloudy,13.4
2026-02-13,19:00,2026-02-13 19:00:00,South,304,174,Rain,13.8
2026-02-13,19:00,2026-02-13 19:00:00,East,205,115,Clear,8.0
2026-02-13,19:00,2026-02-13 19:00:00,West,241,142,Clear,11.3
2026-02-13,20:00,2026-02-13 20:00:00,Central,369,246,Clear,13.2
2026-02-13,20:00,2026-02-13 20:00:00,North,245,149,Clear,11.0
2026-02-13,20:00,2026-02-13 20:00:00,South,291,195,Cloudy,12.5
2026-02-13,20:00,2026-02-13 20:00:00,East,203,129,Clear,9.4
2026-02-13,20:00,2026-02-13 20:00:00,West,236,146,Cloudy,10.2
2026-02-13,21:00,2026-02-13 21:00:00,Central,124,248,Clear,2.0
2026-02-13,21:00,2026-02-13 21:00:00,North,91,185,Cloudy,5.2
2026-02-13,21:00,2026-02-13 21:00:00,South,106,179,Cloudy,4.9
2026-02-13,21:00,2026-02-13 21:00:00,East,87,164,Rain,8.8
2026-02-13,21:00,2026-02-13 21:00:00,West,103,187,Rain,8.4
2026-02-13,22:00,2026-02-13 22:00:00,Central,136,248,Clear,4.0
2026-02-13,22:00,2026-02-13 22:00:00,North,84,193,Clear,5.5
2026-02-13,22:00,2026-02-13 22:00:00,South,108,229,Cloudy,3.1
2026-02-13,22:00,2026-02-13 22:00:00,East,75,170,Clear,4.4
2026-02-13,22:00,2026-02-13 22:00:00,West,90,184,Clear,6.4
2026-02-13,23:00,2026-02-13 23:00:00,Central,132,278,Rain,9.6
2026-02-13,23:00,2026-02-13 23:00:00,North,84,186,Clear,5.6
2026-02-13,23:00,2026-02-13 23:00:00,South,109,195,Clear,4.0
2026-02-13,23:00,2026-02-13 23:00:00,East,87,134,Cloudy,8.9
2026-02-13,23:00,2026-02-13 23:00:00,West,96,167,Rain,7.4
2026-02-14,00:00,2026-02-14 00:00:00,Central,103,266,Clear,7.3
2026-02-14,00:00,2026-02-14 00:00:00,North,64,211,Clear,5.3
2026-02-14,00:00,2026-02-14 00:00:00,South,94,226,Clear,3.2
2026-02-14,00:00,2026-02-14 00:00:00,East,62,168,Rain,7.7
2026-02-14,00:00,2026-02-14 00:00:00,West,79,170,Clear,7.2
2026-02-14,01:00,2026-02-14 01:00:00,Central,91,271,Clear,4.8
2026-02-14,01:00,2026-02-14 01:00:00,North,74,178,Cloudy,4.0
2026-02-14,01:00,2026-02-14 01:00:00,South,98,181,Clear,3.4
2026-02-14,01:00,2026-02-14 01:00:00,East,52,137,Cloudy,4.7
2026-02-14,01:00,2026-02-14 01:00:00,West,63,150,Cloudy,5.5
2026-02-14,02:00,2026-02-14 02:00:00,Central,107,261,Clear,6.0
2026-02-14,02:00,2026-02-14 02:00:00,North,71,194,Cloudy,7.7
2026-02-14,02:00,2026-02-14 02:00:00,South,72,218,Clear,6.0
2026-02-14,02:00,2026-02-14 02:00:00,East,64,125,Clear,2.4
2026-02-14,02:00,2026-02-14 02:00:00,West,84,179,Cloudy,5.3
2026-02-14,03:00,2026-02-14 03:00:00,Central,107,257,Clear,6.3
2026-02-14,03:00,2026-02-14 03:00:00,North,70,194,Clear,3.5
2026-02-14,03:00,2026-02-14 03:00:00,South,103,179,Rain,10.8
2026-02-14,03:00,2026-02-14 03:00:00,East,54,168,Clear,3.9
2026-02-14,03:00,2026-02-14 03:00:00,West,68,159,Clear,6.3
2026-02-14,04:00,2026-02-14 04:00:00,Central,130,278,Rain,9.8
2026-02-14,04:00,2026-02-14 04:00:00,North,73,163,Clear,6.1
2026-02-14,04:00,2026-02-14 04:00:00,South,85,229,Cloudy,7.6
2026-02-14,04:00,2026-02-14 04:00:00,East,46,139,Cloudy,5.2
2026-02-14,04:00,2026-02-14 04:00:00,West,76,191,Heavy Rain,15.2
2026-02-14,05:00,2026-02-14 05:00:00,Central,116,256,Clear,3.0
2026-02-14,05:00,2026-02-14 05:00:00,North,74,191,Rain,6.6
2026-02-14,05:00,2026-02-14 05:00:00,South,96,234,Clear,6.2
2026-02-14,05:00,2026-02-14 05:00:00,East,59,173,Cloudy,9.4
2026-02-14,05:00,2026-02-14 05:00:00,West,74,186,Cloudy,8.7
2026-02-14,06:00,2026-02-14 06:00:00,Central,99,252,Clear,5.2
2026-02-14,06:00,2026-02-14 06:00:00,North,77,178,Cloudy,5.5
2026-02-14,06:00,2026-02-14 06:00:00,South,96,230,Rain,10.7
2026-02-14,06:00,2026-02-14 06:00:00,East,53,131,Cloudy,4.3
2026-02-14,06:00,2026-02-14 06:00:00,West,55,175,Clear,2.0
2026-02-14,07:00,2026-02-14 07:00:00,Central,244,243,Cloudy,7.7
2026-02-14,07:00,2026-02-14 07:00:00,North,174,151,Clear,6.5
2026-02-14,07:00,2026-02-14 07:00:00,South,255,186,Heavy Rain,17.6
2026-02-14,07:00,2026-02-14 07:00:00,East,138,120,Cloudy,8.2
2026-02-14,07:00,2026-02-14 07:00:00,West,191,152,Rain,13.8
2026-02-14,08:00,2026-02-14 08:00:00,Central,266,221,Rain,10.7
2026-02-14,08:00,2026-02-14 08:00:00,North,188,160,Clear,5.1
2026-02-14,08:00,2026-02-14 08:00:00,South,226,170,Cloudy,11.2
2026-02-14,08:00,2026-02-14 08:00:00,East,149,113,Cloudy,6.3
2026-02-14,08:00,2026-02-14 08:00:00,West,156,148,Clear,5.3
2026-02-14,09:00,2026-02-14 09:00:00,Central,240,225,Cloudy,8.7
2026-02-14,09:00,2026-02-14 09:00:00,North,162,151,Clear,6.2
2026-02-14,09:00,2026-02-14 09:00:00,South,199,190,Clear,6.9
2026-02-14,09:00,2026-02-14 09:00:00,East,110,130,Clear,6.9
2026-02-14,09:00,2026-02-14 09:00:00,West,182,146,Heavy Rain,16.4
2026-02-14,10:00,2026-02-14 10:00:00,Central,183,289,Clear,5.3
2026-02-14,10:00,2026-02-14 10:00:00,North,126,202,Clear,4.6
2026-02-14,10:00,2026-02-14 10:00:00,South,153,223,Clear,3.6
2026-02-14,10:00,2026-02-14 10:00:00,East,102,137,Clear,4.5
2026-02-14,10:00,2026-02-14 10:00:00,West,131,181,Rain,5.2
2026-02-14,11:00,2026-02-14 11:00:00,Central,158,256,Clear,5.1
2026-02-14,11:00,2026-02-14 11:00:00,North,147,183,Cloudy,5.2
2026-02-14,11:00,2026-02-14 11:00:00,South,156,194,Clear,4.5
2026-02-14,11:00,2026-02-14 11:00:00,East,94,131,Clear,7.8
2026-02-14,11:00,2026-02-14 11:00:00,West,114,173,Clear,4.2
2026-02-14,12:00,2026-02-14 12:00:00,Central,219,262,Rain,6.3
2026-02-14,12:00,2026-02-14 12:00:00,North,129,188,Clear,7.8
2026-02-14,12:00,2026-02-14 12:00:00,South,163,224,Cloudy,2.5
2026-02-14,12:00,2026-02-14 12:00:00,East,107,133,Clear,5.5
2026-02-14,12:00,2026-02-14 12:00:00,West,111,158,Clear,4.4
2026-02-14,13:00,2026-02-14 13:00:00,Central,194,257,Rain,7.0
2026-02-14,13:00,2026-02-14 13:00:00,North,123,177,Clear,5.0
2026-02-14,13:00,2026-02-14 13:00:00,South,150,204,Clear,4.2
2026-02-14,13:00,2026-02-14 13:00:00,East,101,163,Clear,2.8
2026-02-14,13:00,2026-02-14 13:00:00,West,136,164,Cloudy,4.4
2026-02-14,14:00,2026-02-14 14:00:00,Central,193,249,Cloudy,7.8
2026-02-14,14:00,2026-02-14 14:00:00,North,117,186,Cloudy,7.4
2026-02-14,14:00,2026-02-14 14:00:00,South,178,207,Rain,7.4
2026-02-14,14:00,2026-02-14 14:00:00,East,113,150,Clear,6.8
2026-02-14,14:00,2026-02-14 14:00:00,West,133,172,Clear,4.0
2026-02-14,15:00,2026-02-14 15:00:00,Central,206,243,Rain,7.2
2026-02-14,15:00,2026-02-14 15:00:00,North,127,187,Clear,6.3
2026-02-14,15:00,2026-02-14 15:00:00,South,152,209,Clear,6.8
2026-02-14,15:00,2026-02-14 15:00:00,East,116,134,Cloudy,5.4
2026-02-14,15:00,2026-02-14 15:00:00,West,125,168,Clear,5.8
2026-02-14,16:00,2026-02-14 16:00:00,Central,175,261,Rain,7.1
2026-02-14,16:00,2026-02-14 16:00:00,North,141,173,Clear,6.7
2026-02-14,16:00,2026-02-14 16:00:00,South,155,220,Clear,10.1
2026-02-14,16:00,2026-02-14 16:00:00,East,102,113,Cloudy,6.4
2026-02-14,16:00,2026-02-14 16:00:00,West,162,161,Heavy Rain,15.6
2026-02-14,17:00,2026-02-14 17:00:00,Central,348,208,Rain,15.4
2026-02-14,17:00,2026-02-14 17:00:00,North,259,147,Rain,15.8
2026-02-14,17:00,2026-02-14 17:00:00,South,224,181,Clear,4.7
2026-02-14,17:00,2026-02-14 17:00:00,East,146,126,Cloudy,5.9
2026-02-14,17:00,2026-02-14 17:00:00,West,206,173,Clear,6.3
2026-02-14,18:00,2026-02-14 18:00:00,Central,324,211,Rain,17.9
2026-02-14,18:00,2026-02-14 18:00:00,North,196,158,Clear,8.9
2026-02-14,18:00,2026-02-14 18:00:00,South,305,172,Heavy Rain,23.1
2026-02-14,18:00,2026-02-14 18:00:00,East,176,123,Clear,5.4
2026-02-14,18:00,2026-02-14 18:00:00,West,184,165,Clear,8.2
2026-02-14,19:00,2026-02-14 19:00:00,Central,236,216,Clear,5.4
2026-02-14,19:00,2026-02-14 19:00:00,North,207,173,Clear,7.5
2026-02-14,19:00,2026-02-14 19:00:00,South,269,172,Rain,15.2
2026-02-14,19:00,2026-02-14 19:00:00,East,170,98,Cloudy,12.3
2026-02-14,19:00,2026-02-14 19:00:00,West,220,142,Cloudy,10.6
2026-02-14,20:00,2026-02-14 20:00:00,Central,261,235,Clear,5.3
2026-02-14,20:00,2026-02-14 20:00:00,North,197,177,Clear,6.4
2026-02-14,20:00,2026-02-14 20:00:00,South,230,192,Clear,6.4
2026-02-14,20:00,2026-02-14 20:00:00,East,149,113,Clear,7.5
2026-02-14,20:00,2026-02-14 20:00:00,West,220,167,Rain,12.8
2026-02-14,21:00,2026-02-14 21:00:00,Central,95,268,Clear,3.2
2026-02-14,21:00,2026-02-14 21:00:00,North,97,195,Heavy Rain,15.0
2026-02-14,21:00,2026-02-14 21:00:00,South,85,223,Clear,4.8
2026-02-14,21:00,2026-02-14 21:00:00,East,60,136,Clear,4.6
2026-02-14,21:00,2026-02-14 21:00:00,West,63,177,Clear,5.0
2026-02-14,22:00,2026-02-14 22:00:00,Central,97,258,Clear,7.2
2026-02-14,22:00,2026-02-14 22:00:00,North,79,192,Clear,2.9
2026-02-14,22:00,2026-02-14 22:00:00,South,82,199,Clear,5.5
2026-02-14,22:00,2026-02-14 22:00:00,East,66,152,Rain,9.5
2026-02-14,22:00,2026-02-14 22:00:00,West,85,171,Cloudy,4.2
2026-02-14,23:00,2026-02-14 23:00:00,Central,107,248,Clear,3.7
2026-02-14,23:00,2026-02-14 23:00:00,North,83,185,Clear,6.1
2026-02-14,23:00,2026-02-14 23:00:00,South,102,192,Rain,7.5
2026-02-14,23:00,2026-02-14 23:00:00,East,52,162,Clear,4.8
2026-02-14,23:00,2026-02-14 23:00:00,West,85,163,Rain,7.4
2026-02-15,00:00,2026-02-15 00:00:00,Central,108,263,Cloudy,5.6
2026-02-15,00:00,2026-02-15 00:00:00,North,84,172,Clear,3.8
2026-02-15,00:00,2026-02-15 00:00:00,South,102,191,Heavy Rain,15.6
2026-02-15,00:00,2026-02-15 00:00:00,East,58,155,Cloudy,7.2
2026-02-15,00:00,2026-02-15 00:00:00,West,69,157,Clear,3.2
2026-02-15,01:00,2026-02-15 01:00:00,Central,105,276,Rain,8.5
2026-02-15,01:00,2026-02-15 01:00:00,North,89,191,Clear,5.1
2026-02-15,01:00,2026-02-15 01:00:00,South,85,199,Rain,9.1
2026-02-15,01:00,2026-02-15 01:00:00,East,57,146,Cloudy,5.4
2026-02-15,01:00,2026-02-15 01:00:00,West,65,185,Clear,4.6
2026-02-15,02:00,2026-02-15 02:00:00,Central,108,275,Cloudy,5.9
2026-02-15,02:00,2026-02-15 02:00:00,North,77,172,Rain,6.6
2026-02-15,02:00,2026-02-15 02:00:00,South,82,206,Clear,3.5
2026-02-15,02:00,2026-02-15 02:00:00,East,72,173,Cloudy,8.6
2026-02-15,02:00,2026-02-15 02:00:00,West,66,175,Clear,7.8
2026-02-15,03:00,2026-02-15 03:00:00,Central,91,252,Clear,3.9
2026-02-15,03:00,2026-02-15 03:00:00,North,69,159,Clear,6.9
2026-02-15,03:00,2026-02-15 03:00:00,South,122,218,Heavy Rain,15.6
2026-02-15,03:00,2026-02-15 03:00:00,East,80,129,Heavy Rain,15.4
2026-02-15,03:00,2026-02-15 03:00:00,West,97,173,Heavy Rain,13.6
2026-02-15,04:00,2026-02-15 04:00:00,Central,150,253,Heavy Rain,14.7
2026-02-15,04:00,2026-02-15 04:00:00,North,78,178,Clear,5.5
2026-02-15,04:00,2026-02-15 04:00:00,South,89,220,Clear,4.5
2026-02-15,04:00,2026-02-15 04:00:00,East,61,152,Rain,9.0
2026-02-15,04:00,2026-02-15 04:00:00,West,70,199,Clear,4.8
2026-02-15,05:00,2026-02-15 05:00:00,Central,109,273,Clear,4.4
2026-02-15,05:00,2026-02-15 05:00:00,North,78,159,Clear,6.1
2026-02-15,05:00,2026-02-15 05:00:00,South,75,232,Cloudy,5.2
2026-02-15,05:00,2026-02-15 05:00:00,East,46,142,Clear,6.4
2026-02-15,05:00,2026-02-15 05:00:00,West,59,149,Clear,7.1
2026-02-15,06:00,2026-02-15 06:00:00,Central,106,255,Clear,4.1
2026-02-15,06:00,2026-02-15 06:00:00,North,82,178,Clear,5.9
2026-02-15,06:00,2026-02-15 06:00:00,South,103,214,Clear,7.4
2026-02-15,06:00,2026-02-15 06:00:00,East,64,127,Clear,4.4
2026-02-15,06:00,2026-02-15 06:00:00,West,68,182,Cloudy,5.6
2026-02-15,07:00,2026-02-15 07:00:00,Central,246,228,Clear,3.0
2026-02-15,07:00,2026-02-15 07:00:00,North,208,151,Heavy Rain,17.6
2026-02-15,07:00,2026-02-15 07:00:00,South,201,182,Clear,6.2
2026-02-15,07:00,2026-02-15 07:00:00,East,155,111,Clear,4.4
2026-02-15,07:00,2026-02-15 07:00:00,West,164,146,Clear,6.6
2026-02-15,08:00,2026-02-15 08:00:00,Central,241,220,Clear,5.4
2026-02-15,08:00,2026-02-15 08:00:00,North,177,173,Cloudy,5.5
2026-02-15,08:00,2026-02-15 08:00:00,South,217,166,Cloudy,9.9
2026-02-15,08:00,2026-02-15 08:00:00,East,159,113,Cloudy,9.9
2026-02-15,08:00,2026-02-15 08:00:00,West,182,143,Cloudy,11.5
2026-02-15,09:00,2026-02-15 09:00:00,Central,285,227,Rain,13.0
2026-02-15,09:00,2026-02-15 09:00:00,North,183,169,Clear,6.9
2026-02-15,09:00,2026-02-15 09:00:00,South,209,183,Clear,4.0
2026-02-15,09:00,2026-02-15 09:00:00,East,167,114,Cloudy,12.2
2026-02-15,09:00,2026-02-15 09:00:00,West,181,155,Rain,9.1
2026-02-15,10:00,2026-02-15 10:00:00,Central,181,255,Rain,7.3
2026-02-15,10:00,2026-02-15 10:00:00,North,116,207,Clear,5.0
2026-02-15,10:00,2026-02-15 10:00:00,South,192,201,Rain,7.5
2026-02-15,10:00,2026-02-15 10:00:00,East,110,149,Clear,6.0
2026-02-15,10:00,2026-02-15 10:00:00,West,136,177,Cloudy,5.3
2026-02-15,11:00,2026-02-15 11:00:00,Central,199,259,Cloudy,4.6
2026-02-15,11:00,2026-02-15 11:00:00,North,143,183,Rain,7.2
2026-02-15,11:00,2026-02-15 11:00:00,South,156,189,Clear,6.9
2026-02-15,11:00,2026-02-15 11:00:00,East,102,156,Cloudy,6.9
2026-02-15,11:00,2026-02-15 11:00:00,West,140,178,Clear,2.4
2026-02-15,12:00,2026-02-15 12:00:00,Central,180,254,Clear,4.9
2026-02-15,12:00,2026-02-15 12:00:00,North,119,176,Clear,5.8
2026-02-15,12:00,2026-02-15 12:00:00,South,164,185,Rain,6.5
2026-02-15,12:00,2026-02-15 12:00:00,East,112,155,Rain,6.3
2026-02-15,12:00,2026-02-15 12:00:00,West,128,183,Clear,6.6
2026-02-15,13:00,2026-02-15 13:00:00,Central,173,286,Cloudy,7.9
2026-02-15,13:00,2026-02-15 13:00:00,North,135,177,Cloudy,2.2
2026-02-15,13:00,2026-02-15 13:00:00,South,156,224,Rain,7.2
2026-02-15,13:00,2026-02-15 13:00:00,East,103,146,Clear,6.2
2026-02-15,13:00,2026-02-15 13:00:00,West,153,154,Heavy Rain,16.2
2026-02-15,14:00,2026-02-15 14:00:00,Central,185,266,Cloudy,3.1
2026-02-15,14:00,2026-02-15 14:00:00,North,124,181,Clear,6.6
2026-02-15,14:00,2026-02-15 14:00:00,South,134,219,Clear,5.2
2026-02-15,14:00,2026-02-15 14:00:00,East,89,142,Clear,4.8
2026-02-15,14:00,2026-02-15 14:00:00,West,125,178,Clear,5.8
2026-02-15,15:00,2026-02-15 15:00:00,Central,189,270,Rain,8.8
2026-02-15,15:00,2026-02-15 15:00:00,North,141,174,Rain,8.3
2026-02-15,15:00,2026-02-15 15:00:00,South,165,230,Rain,12.0
2026-02-15,15:00,2026-02-15 15:00:00,East,106,147,Clear,4.9
2026-02-15,15:00,2026-02-15 15:00:00,West,119,176,Clear,2.0
2026-02-15,16:00,2026-02-15 16:00:00,Central,166,250,Cloudy,6.5
2026-02-15,16:00,2026-02-15 16:00:00,North,131,195,Clear,4.2
2026-02-15,16:00,2026-02-15 16:00:00,South,143,190,Clear,4.3
2026-02-15,16:00,2026-02-15 16:00:00,East,98,153,Clear,5.7
2026-02-15,16:00,2026-02-15 16:00:00,West,162,194,Heavy Rain,13.4
2026-02-15,17:00,2026-02-15 17:00:00,Central,275,208,Clear,8.3
2026-02-15,17:00,2026-02-15 17:00:00,North,259,171,Heavy Rain,21.1
2026-02-15,17:00,2026-02-15 17:00:00,South,255,184,Clear,5.7
2026-02-15,17:00,2026-02-15 17:00:00,East,145,154,Cloudy,5.9
2026-02-15,17:00,2026-02-15 17:00:00,West,150,160,Clear,5.2
2026-02-15,18:00,2026-02-15 18:00:00,Central,312,242,Cloudy,11.4
2026-02-15,18:00,2026-02-15 18:00:00,North,230,146,Clear,9.3
2026-02-15,18:00,2026-02-15 18:00:00,South,229,198,Clear,5.7
2026-02-15,18:00,2026-02-15 18:00:00,East,170,132,Clear,5.0
2026-02-15,18:00,2026-02-15 18:00:00,West,186,138,Rain,7.8
2026-02-15,19:00,2026-02-15 19:00:00,Central,280,226,Clear,9.4
2026-02-15,19:00,2026-02-15 19:00:00,North,275,163,Rain,16.0
2026-02-15,19:00,2026-02-15 19:00:00,South,239,196,Clear,5.9
2026-02-15,19:00,2026-02-15 19:00:00,East,204,121,Heavy Rain,19.4
2026-02-15,19:00,2026-02-15 19:00:00,West,201,158,Clear,9.5
2026-02-15,20:00,2026-02-15 20:00:00,Central,269,218,Clear,7.0
2026-02-15,20:00,2026-02-15 20:00:00,North,239,156,Clear,9.7
2026-02-15,20:00,2026-02-15 20:00:00,South,225,176,Clear,9.2
2026-02-15,20:00,2026-02-15 20:00:00,East,162,133,Cloudy,7.2
2026-02-15,20:00,2026-02-15 20:00:00,West,207,134,Cloudy,10.0
2026-02-15,21:00,2026-02-15 21:00:00,Central,114,259,Cloudy,5.4
2026-02-15,21:00,2026-02-15 21:00:00,North,67,157,Cloudy,6.3
2026-02-15,21:00,2026-02-15 21:00:00,South,100,215,Clear,3.9
2026-02-15,21:00,2026-02-15 21:00:00,East,59,164,Rain,9.3
2026-02-15,21:00,2026-02-15 21:00:00,West,89,192,Heavy Rain,13.9
2026-02-15,22:00,2026-02-15 22:00:00,Central,115,262,Clear,5.1
2026-02-15,22:00,2026-02-15 22:00:00,North,67,199,Clear,3.0
2026-02-15,22:00,2026-02-15 22:00:00,South,72,222,Clear,3.7
2026-02-15,22:00,2026-02-15 22:00:00,East,63,148,Cloudy,6.1
2026-02-15,22:00,2026-02-15 22:00:00,West,89,194,Rain,10.2
2026-02-15,23:00,2026-02-15 23:00:00,Central,122,258,Rain,7.4
2026-02-15,23:00,2026-02-15 23:00:00,North,86,182,Clear,5.0
2026-02-15,23:00,2026-02-15 23:00:00,South,97,221,Clear,4.7
2026-02-15,23:00,2026-02-15 23:00:00,East,67,135,Clear,5.6
2026-02-15,23:00,2026-02-15 23:00:00,West,71,139,Clear,7.0
2026-02-16,00:00,2026-02-16 00:00:00,Central,154,268,Rain,9.5
2026-02-16,00:00,2026-02-16 00:00:00,North,87,171,Clear,7.2
2026-02-16,00:00,2026-02-16 00:00:00,South,111,220,Rain,11.8
2026-02-16,00:00,2026-02-16 00:00:00,East,72,162,Rain,8.7
2026-02-16,00:00,2026-02-16 00:00:00,West,98,143,Rain,9.4
2026-02-16,01:00,2026-02-16 01:00:00,Central,131,259,Clear,5.9
2026-02-16,01:00,2026-02-16 01:00:00,North,106,180,Cloudy,5.3
2026-02-16,01:00,2026-02-16 01:00:00,South,98,208,Clear,6.1
2026-02-16,01:00,2026-02-16 01:00:00,East,78,136,Cloudy,5.9
2026-02-16,01:00,2026-02-16 01:00:00,West,73,172,Clear,6.0
2026-02-16,02:00,2026-02-16 02:00:00,Central,153,261,Rain,10.1
2026-02-16,02:00,2026-02-16 02:00:00,North,94,171,Clear,5.4
2026-02-16,02:00,2026-02-16 02:00:00,South,115,223,Clear,5.1
2026-02-16,02:00,2026-02-16 02:00:00,East,68,145,Cloudy,4.8
2026-02-16,02:00,2026-02-16 02:00:00,West,97,178,Cloudy,6.8
2026-02-16,03:00,2026-02-16 03:00:00,Central,123,246,Clear,4.4
2026-02-16,03:00,2026-02-16 03:00:00,North,106,172,Rain,9.7
2026-02-16,03:00,2026-02-16 03:00:00,South,137,216,Heavy Rain,11.6
2026-02-16,03:00,2026-02-16 03:00:00,East,75,147,Clear,6.1
2026-02-16,03:00,2026-02-16 03:00:00,West,94,186,Rain,7.6
2026-02-16,04:00,2026-02-16 04:00:00,Central,118,260,Cloudy,6.5
2026-02-16,04:00,2026-02-16 04:00:00,North,96,197,Clear,6.3
2026-02-16,04:00,2026-02-16 04:00:00,South,122,200,Rain,7.6
2026-02-16,04:00,2026-02-16 04:00:00,East,85,149,Clear,6.2
2026-02-16,04:00,2026-02-16 04:00:00,West,85,173,Clear,3.8
2026-02-16,05:00,2026-02-16 05:00:00,Central,129,273,Cloudy,4.1
2026-02-16,05:00,2026-02-16 05:00:00,North,87,157,Cloudy,6.5
2026-02-16,05:00,2026-02-16 05:00:00,South,115,212,Clear,4.0
2026-02-16,05:00,2026-02-16 05:00:00,East,74,135,Clear,2.4
2026-02-16,05:00,2026-02-16 05:00:00,West,79,198,Clear,4.1
2026-02-16,06:00,2026-02-16 06:00:00,Central,132,271,Cloudy,3.8
2026-02-16,06:00,2026-02-16 06:00:00,North,91,184,Cloudy,4.3
2026-02-16,06:00,2026-02-16 06:00:00,South,109,216,Clear,6.2
2026-02-16,06:00,2026-02-16 06:00:00,East,66,167,Clear,4.4
2026-02-16,06:00,2026-02-16 06:00:00,West,88,179,Cloudy,9.5
2026-02-16,07:00,2026-02-16 07:00:00,Central,308,242,Rain,14.4
2026-02-16,07:00,2026-02-16 07:00:00,North,252,174,Heavy Rain,20.9
2026-02-16,07:00,2026-02-16 07:00:00,South,276,202,Clear,8.7
2026-02-16,07:00,2026-02-16 07:00:00,East,168,141,Clear,6.3
2026-02-16,07:00,2026-02-16 07:00:00,West,193,134,Clear,7.2
2026-02-16,08:00,2026-02-16 08:00:00,Central,353,206,Cloudy,15.1
2026-02-16,08:00,2026-02-16 08:00:00,North,230,138,Clear,13.3
2026-02-16,08:00,2026-02-16 08:00:00,South,283,192,Rain,15.4
2026-02-16,08:00,2026-02-16 08:00:00,East,151,138,Cloudy,4.9
2026-02-16,08:00,2026-02-16 08:00:00,West,220,154,Rain,14.5
2026-02-16,09:00,2026-02-16 09:00:00,Central,416,212,Rain,17.4
2026-02-16,09:00,2026-02-16 09:00:00,North,254,159,Cloudy,11.3
2026-02-16,09:00,2026-02-16 09:00:00,South,242,195,Clear,5.7
2026-02-16,09:00,2026-02-16 09:00:00,East,186,111,Clear,8.1
2026-02-16,09:00,2026-02-16 09:00:00,West,216,143,Cloudy,9.1
2026-02-16,10:00,2026-02-16 10:00:00,Central,232,255,Clear,6.5
2026-02-16,10:00,2026-02-16 10:00:00,North,202,183,Heavy Rain,14.1
2026-02-16,10:00,2026-02-16 10:00:00,South,199,235,Clear,5.9
2026-02-16,10:00,2026-02-16 10:00:00,East,119,138,Clear,5.3
2026-02-16,10:00,2026-02-16 10:00:00,West,139,186,Clear,6.3
2026-02-16,11:00,2026-02-16 11:00:00,Central,224,280,Clear,3.0
2026-02-16,11:00,2026-02-16 11:00:00,North,166,180,Rain,11.2
2026-02-16,11:00,2026-02-16 11:00:00,South,204,206,Rain,8.2
2026-02-16,11:00,2026-02-16 11:00:00,East,140,152,Rain,8.9
2026-02-16,11:00,2026-02-16 11:00:00,West,140,196,Clear,3.7
2026-02-16,12:00,2026-02-16 12:00:00,Central,244,255,Clear,2.9
2026-02-16,12:00,2026-02-16 12:00:00,North,176,190,Cloudy,8.2
2026-02-16,12:00,2026-02-16 12:00:00,South,190,224,Clear,5.2
2026-02-16,12:00,2026-02-16 12:00:00,East,135,130,Rain,8.6
2026-02-16,12:00,2026-02-16 12:00:00,West,173,188,Cloudy,8.5
2026-02-16,13:00,2026-02-16 13:00:00,Central,250,258,Cloudy,5.2
2026-02-16,13:00,2026-02-16 13:00:00,North,148,193,Cloudy,7.2
2026-02-16,13:00,2026-02-16 13:00:00,South,214,224,Clear,4.9
2026-02-16,13:00,2026-02-16 13:00:00,East,121,147,Clear,4.0
2026-02-16,13:00,2026-02-16 13:00:00,West,162,166,Clear,5.8
2026-02-16,14:00,2026-02-16 14:00:00,Central,193,253,Clear,2.3
2026-02-16,14:00,2026-02-16 14:00:00,North,168,187,Clear,5.3
2026-02-16,14:00,2026-02-16 14:00:00,South,199,237,Cloudy,6.4
2026-02-16,14:00,2026-02-16 14:00:00,East,137,152,Clear,6.1
2026-02-16,14:00,2026-02-16 14:00:00,West,164,165,Rain,9.1
2026-02-16,15:00,2026-02-16 15:00:00,Central,193,248,Clear,4.4
2026-02-16,15:00,2026-02-16 15:00:00,North,166,190,Clear,5.1
2026-02-16,15:00,2026-02-16 15:00:00,South,177,216,Clear,4.3
2026-02-16,15:00,2026-02-16 15:00:00,East,127,162,Cloudy,5.7
2026-02-16,15:00,2026-02-16 15:00:00,West,151,178,Clear,4.4
2026-02-16,16:00,2026-02-16 16:00:00,Central,230,249,Clear,5.8
2026-02-16,16:00,2026-02-16 16:00:00,North,178,192,Clear,4.1
2026-02-16,16:00,2026-02-16 16:00:00,South,177,235,Clear,3.4
2026-02-16,16:00,2026-02-16 16:00:00,East,126,132,Clear,4.0
2026-02-16,16:00,2026-02-16 16:00:00,West,169,178,Rain,10.9
2026-02-16,17:00,2026-02-16 17:00:00,Central,334,243,Clear,11.1
2026-02-16,17:00,2026-02-16 17:00:00,North,275,169,Cloudy,11.7
2026-02-16,17:00,2026-02-16 17:00:00,South,337,183,Rain,16.8
2026-02-16,17:00,2026-02-16 17:00:00,East,201,136,Clear,9.2
2026-02-16,17:00,2026-02-16 17:00:00,West,250,154,Clear,11.3
2026-02-16,18:00,2026-02-16 18:00:00,Central,346,198,Clear,12.6
2026-02-16,18:00,2026-02-16 18:00:00,North,258,154,Clear,11.6
2026-02-16,18:00,2026-02-16 18:00:00,South,291,183,Clear,9.5
2026-02-16,18:00,2026-02-16 18:00:00,East,204,153,Clear,7.4
2026-02-16,18:00,2026-02-16 18:00:00,West,300,138,Rain,17.6
2026-02-16,19:00,2026-02-16 19:00:00,Central,391,211,Cloudy,14.0
2026-02-16,19:00,2026-02-16 19:00:00,North,267,161,Clear,10.6
2026-02-16,19:00,2026-02-16 19:00:00,South,281,181,Cloudy,10.0
2026-02-16,19:00,2026-02-16 19:00:00,East,185,112,Clear,9.3
2026-02-16,19:00,2026-02-16 19:00:00,West,216,160,Cloudy,10.3
2026-02-16,20:00,2026-02-16 20:00:00,Central,387,217,Clear,14.7
2026-02-16,20:00,2026-02-16 20:00:00,North,263,148,Clear,11.1
2026-02-16,20:00,2026-02-16 20:00:00,South,272,153,Cloudy,11.2
2026-02-16,20:00,2026-02-16 20:00:00,East,166,133,Cloudy,4.6
2026-02-16,20:00,2026-02-16 20:00:00,West,256,130,Clear,14.6
2026-02-16,21:00,2026-02-16 21:00:00,Central,131,259,Cloudy,8.0
2026-02-16,21:00,2026-02-16 21:00:00,North,81,192,Clear,7.3
2026-02-16,21:00,2026-02-16 21:00:00,South,93,238,Clear,3.1
2026-02-16,21:00,2026-02-16 21:00:00,East,89,153,Heavy Rain,14.0
2026-02-16,21:00,2026-02-16 21:00:00,West,85,169,Clear,5.5
2026-02-16,22:00,2026-02-16 22:00:00,Central,132,266,Clear,4.2
2026-02-16,22:00,2026-02-16 22:00:00,North,92,162,Clear,4.2
2026-02-16,22:00,2026-02-16 22:00:00,South,113,213,Rain,7.6
2026-02-16,22:00,2026-02-16 22:00:00,East,75,155,Rain,12.0
2026-02-16,22:00,2026-02-16 22:00:00,West,95,183,Clear,6.0
2026-02-16,23:00,2026-02-16 23:00:00,Central,167,260,Heavy Rain,16.0
2026-02-16,23:00,2026-02-16 23:00:00,North,101,198,Rain,8.3
2026-02-16,23:00,2026-02-16 23:00:00,South,100,212,Cloudy,3.6
2026-02-16,23:00,2026-02-16 23:00:00,East,78,147,Cloudy,7.7
2026-02-16,23:00,2026-02-16 23:00:00,West,93,168,Cloudy,7.1
2026-02-17,00:00,2026-02-17 00:00:00,Central,130,268,Clear,4.4
2026-02-17,00:00,2026-02-17 00:00:00,North,106,172,Clear,5.2
2026-02-17,00:00,2026-02-17 00:00:00,South,119,187,Clear,5.6
2026-02-17,00:00,2026-02-17 00:00:00,East,74,147,Cloudy,7.5
2026-02-17,00:00,2026-02-17 00:00:00,West,73,191,Cloudy,6.3
2026-02-17,01:00,2026-02-17 01:00:00,Central,162,282,Rain,7.4
2026-02-17,01:00,2026-02-17 01:00:00,North,96,177,Clear,2.0
2026-02-17,01:00,2026-02-17 01:00:00,South,113,216,Clear,2.0
2026-02-17,01:00,2026-02-17 01:00:00,East,73,150,Clear,5.5
2026-02-17,01:00,2026-02-17 01:00:00,West,86,175,Clear,3.8
2026-02-17,02:00,2026-02-17 02:00:00,Central,127,272,Clear,4.5
2026-02-17,02:00,2026-02-17 02:00:00,North,95,162,Clear,7.0
2026-02-17,02:00,2026-02-17 02:00:00,South,118,201,Rain,7.8
2026-02-17,02:00,2026-02-17 02:00:00,East,84,146,Clear,7.8
2026-02-17,02:00,2026-02-17 02:00:00,West,91,177,Clear,5.3
2026-02-17,03:00,2026-02-17 03:00:00,Central,123,279,Cloudy,5.7
2026-02-17,03:00,2026-02-17 03:00:00,North,94,196,Clear,5.3
2026-02-17,03:00,2026-02-17 03:00:00,South,115,213,Heavy Rain,12.7
2026-02-17,03:00,2026-02-17 03:00:00,East,70,145,Cloudy,5.4
2026-02-17,03:00,2026-02-17 03:00:00,West,79,173,Clear,5.9
2026-02-17,04:00,2026-02-17 04:00:00,Central,126,249,Clear,4.2
2026-02-17,04:00,2026-02-17 04:00:00,North,92,163,Clear,6.5
2026-02-17,04:00,2026-02-17 04:00:00,South,107,207,Clear,2.5
2026-02-17,04:00,2026-02-17 04:00:00,East,81,162,Clear,5.7
2026-02-17,04:00,2026-02-17 04:00:00,West,84,169,Clear,6.1
2026-02-17,05:00,2026-02-17 05:00:00,Central,126,256,Clear,7.0
2026-02-17,05:00,2026-02-17 05:00:00,North,99,184,Rain,10.4
2026-02-17,05:00,2026-02-17 05:00:00,South,106,229,Clear,5.3
2026-02-17,05:00,2026-02-17 05:00:00,East,85,157,Heavy Rain,16.6
2026-02-17,05:00,2026-02-17 05:00:00,West,96,178,Cloudy,4.8
2026-02-17,06:00,2026-02-17 06:00:00,Central,173,261,Heavy Rain,15.8
2026-02-17,06:00,2026-02-17 06:00:00,North,97,187,Clear,5.9
2026-02-17,06:00,2026-02-17 06:00:00,South,104,231,Clear,6.9
2026-02-17,06:00,2026-02-17 06:00:00,East,63,162,Clear,5.0
2026-02-17,06:00,2026-02-17 06:00:00,West,92,175,Clear,5.7
2026-02-17,07:00,2026-02-17 07:00:00,Central,294,240,Clear,7.9
2026-02-17,07:00,2026-02-17 07:00:00,North,224,140,Cloudy,10.9
2026-02-17,07:00,2026-02-17 07:00:00,South,274,169,Cloudy,10.9
2026-02-17,07:00,2026-02-17 07:00:00,East,150,127,Clear,9.0
2026-02-17,07:00,2026-02-17 07:00:00,West,218,155,Cloudy,8.5
2026-02-17,08:00,2026-02-17 08:00:00,Central,290,242,Cloudy,9.0
2026-02-17,08:00,2026-02-17 08:00:00,North,320,174,Heavy Rain,24.2
2026-02-17,08:00,2026-02-17 08:00:00,South,233,185,Clear,7.0
2026-02-17,08:00,2026-02-17 08:00:00,East,171,122,Clear,6.7
2026-02-17,08:00,2026-02-17 08:00:00,West,257,144,Rain,15.4
2026-02-17,09:00,2026-02-17 09:00:00,Central,359,235,Clear,14.1
2026-02-17,09:00,2026-02-17 09:00:00,North,212,139,Clear,8.8
2026-02-17,09:00,2026-02-17 09:00:00,South,259,170,Clear,7.4
2026-02-17,09:00,2026-02-17 09:00:00,East,235,136,Rain,14.4
2026-02-17,09:00,2026-02-17 09:00:00,West,215,129,Rain,14.3
2026-02-17,10:00,2026-02-17 10:00:00,Central,238,240,Clear,5.2
2026-02-17,10:00,2026-02-17 10:00:00,North,152,186,Clear,7.3
2026-02-17,10:00,2026-02-17 10:00:00,South,157,219,Clear,8.9
2026-02-17,10:00,2026-02-17 10:00:00,East,137,160,Clear,7.1
2026-02-17,10:00,2026-02-17 10:00:00,West,151,168,Cloudy,4.6
2026-02-17,11:00,2026-02-17 11:00:00,Central,237,260,Cloudy,5.3
2026-02-17,11:00,2026-02-17 11:00:00,North,190,199,Rain,9.6
2026-02-17,11:00,2026-02-17 11:00:00,South,192,195,Clear,7.5
2026-02-17,11:00,2026-02-17 11:00:00,East,141,144,Rain,10.4
2026-02-17,11:00,2026-02-17 11:00:00,West,148,180,Cloudy,5.2
2026-02-17,12:00,2026-02-17 12:00:00,Central,187,264,Clear,4.4
2026-02-17,12:00,2026-02-17 12:00:00,North,167,197,Clear,3.5
2026-02-17,12:00,2026-02-17 12:00:00,South,187,212,Cloudy,7.9
2026-02-17,12:00,2026-02-17 12:00:00,East,135,150,Clear,3.0
2026-02-17,12:00,2026-02-17 12:00:00,West,142,194,Clear,5.9
2026-02-17,13:00,2026-02-17 13:00:00,Central,244,276,Rain,6.8
2026-02-17,13:00,2026-02-17 13:00:00,North,211,200,Rain,9.8
2026-02-17,13:00,2026-02-17 13:00:00,South,208,226,Cloudy,6.1
2026-02-17,13:00,2026-02-17 13:00:00,East,119,141,Clear,4.5
2026-02-17,13:00,2026-02-17 13:00:00,West,163,171,Clear,6.1
2026-02-17,14:00,2026-02-17 14:00:00,Central,228,232,Clear,5.1
2026-02-17,14:00,2026-02-17 14:00:00,North,169,166,Rain,7.3
2026-02-17,14:00,2026-02-17 14:00:00,South,160,209,Clear,2.5
2026-02-17,14:00,2026-02-17 14:00:00,East,126,153,Rain,7.2
2026-02-17,14:00,2026-02-17 14:00:00,West,151,181,Clear,3.4
2026-02-17,15:00,2026-02-17 15:00:00,Central,257,268,Clear,3.0
2026-02-17,15:00,2026-02-17 15:00:00,North,218,180,Heavy Rain,15.2
2026-02-17,15:00,2026-02-17 15:00:00,South,162,225,Clear,6.5
2026-02-17,15:00,2026-02-17 15:00:00,East,120,146,Clear,3.5
2026-02-17,15:00,2026-02-17 15:00:00,West,139,196,Cloudy,6.7
2026-02-17,16:00,2026-02-17 16:00:00,Central,244,253,Cloudy,6.4
2026-02-17,16:00,2026-02-17 16:00:00,North,152,206,Clear,4.1
2026-02-17,16:00,2026-02-17 16:00:00,South,190,198,Clear,4.5
2026-02-17,16:00,2026-02-17 16:00:00,East,134,173,Clear,5.5
2026-02-17,16:00,2026-02-17 16:00:00,West,150,187,Clear,7.8
2026-02-17,17:00,2026-02-17 17:00:00,Central,341,218,Clear,11.8
2026-02-17,17:00,2026-02-17 17:00:00,North,273,164,Rain,14.7
2026-02-17,17:00,2026-02-17 17:00:00,South,306,189,Cloudy,13.6
2026-02-17,17:00,2026-02-17 17:00:00,East,216,113,Rain,16.7
2026-02-17,17:00,2026-02-17 17:00:00,West,249,147,Clear,11.3
2026-02-17,18:00,2026-02-17 18:00:00,Central,367,226,Clear,12.9
2026-02-17,18:00,2026-02-17 18:00:00,North,239,163,Cloudy,7.7
2026-02-17,18:00,2026-02-17 18:00:00,South,292,196,Cloudy,10.0
2026-02-17,18:00,2026-02-17 18:00:00,East,211,118,Clear,8.4
2026-02-17,18:00,2026-02-17 18:00:00,West,251,133,Clear,10.6
2026-02-17,19:00,2026-02-17 19:00:00,Central,358,201,Clear,14.7
2026-02-17,19:00,2026-02-17 19:00:00,North,235,152,Clear,10.3
2026-02-17,19:00,2026-02-17 19:00:00,South,246,184,Cloudy,9.7
2026-02-17,19:00,2026-02-17 19:00:00,East,215,116,Clear,9.5
2026-02-17,19:00,2026-02-17 19:00:00,West,229,142,Clear,9.6
2026-02-17,20:00,2026-02-17 20:00:00,Central,355,244,Clear,10.9
2026-02-17,20:00,2026-02-17 20:00:00,North,241,143,Cloudy,10.6
2026-02-17,20:00,2026-02-17 20:00:00,South,290,189,Rain,13.2
2026-02-17,20:00,2026-02-17 20:00:00,East,217,132,Clear,7.8
2026-02-17,20:00,2026-02-17 20:00:00,West,220,140,Clear,10.3
2026-02-17,21:00,2026-02-17 21:00:00,Central,136,273,Rain,11.0
2026-02-17,21:00,2026-02-17 21:00:00,North,89,170,Rain,7.0
2026-02-17,21:00,2026-02-17 21:00:00,South,101,223,Clear,5.0
2026-02-17,21:00,2026-02-17 21:00:00,East,63,135,Clear,6.8
2026-02-17,21:00,2026-02-17 21:00:00,West,91,154,Rain,10.3
2026-02-17,22:00,2026-02-17 22:00:00,Central,126,263,Clear,4.0
2026-02-17,22:00,2026-02-17 22:00:00,North,134,179,Heavy Rain,15.6
2026-02-17,22:00,2026-02-17 22:00:00,South,96,213,Cloudy,6.7
2026-02-17,22:00,2026-02-17 22:00:00,East,86,161,Clear,7.1
2026-02-17,22:00,2026-02-17 22:00:00,West,93,153,Clear,5.1
2026-02-17,23:00,2026-02-17 23:00:00,Central,122,243,Cloudy,4.9
2026-02-17,23:00,2026-02-17 23:00:00,North,102,180,Rain,7.3
2026-02-17,23:00,2026-02-17 23:00:00,South,100,209,Clear,5.6
2026-02-17,23:00,2026-02-17 23:00:00,East,72,160,Rain,5.8
2026-02-17,23:00,2026-02-17 23:00:00,West,99,176,Clear,6.3
2026-02-18,00:00,2026-02-18 00:00:00,Central,143,258,Rain,9.3
2026-02-18,00:00,2026-02-18 00:00:00,North,92,183,Clear,5.0
2026-02-18,00:00,2026-02-18 00:00:00,South,140,212,Rain,6.4
2026-02-18,00:00,2026-02-18 00:00:00,East,63,154,Clear,6.5
2026-02-18,00:00,2026-02-18 00:00:00,West,87,167,Clear,2.0
2026-02-18,01:00,2026-02-18 01:00:00,Central,154,233,Rain,9.1
2026-02-18,01:00,2026-02-18 01:00:00,North,92,199,Clear,5.4
2026-02-18,01:00,2026-02-18 01:00:00,South,99,232,Clear,6.0
2026-02-18,01:00,2026-02-18 01:00:00,East,84,150,Clear,8.9
2026-02-18,01:00,2026-02-18 01:00:00,West,97,186,Rain,9.8
2026-02-18,02:00,2026-02-18 02:00:00,Central,159,267,Rain,8.2
2026-02-18,02:00,2026-02-18 02:00:00,North,95,178,Cloudy,5.0
2026-02-18,02:00,2026-02-18 02:00:00,South,95,199,Clear,4.2
2026-02-18,02:00,2026-02-18 02:00:00,East,64,164,Clear,4.8
2026-02-18,02:00,2026-02-18 02:00:00,West,96,189,Rain,7.6
2026-02-18,03:00,2026-02-18 03:00:00,Central,138,276,Clear,7.0
2026-02-18,03:00,2026-02-18 03:00:00,North,95,189,Rain,9.5
2026-02-18,03:00,2026-02-18 03:00:00,South,129,205,Rain,10.5
2026-02-18,03:00,2026-02-18 03:00:00,East,69,126,Clear,6.9
2026-02-18,03:00,2026-02-18 03:00:00,West,76,191,Clear,3.6
2026-02-18,04:00,2026-02-18 04:00:00,Central,133,253,Clear,6.4
2026-02-18,04:00,2026-02-18 04:00:00,North,101,197,Clear,6.1
2026-02-18,04:00,2026-02-18 04:00:00,South,138,216,Heavy Rain,16.0
2026-02-18,04:00,2026-02-18 04:00:00,East,85,150,Clear,4.4
2026-02-18,04:00,2026-02-18 04:00:00,West,89,199,Rain,8.3
2026-02-18,05:00,2026-02-18 05:00:00,Central,119,263,Rain,7.5
2026-02-18,05:00,2026-02-18 05:00:00,North,80,185,Clear,2.8
2026-02-18,05:00,2026-02-18 05:00:00,South,110,202,Cloudy,4.4
2026-02-18,05:00,2026-02-18 05:00:00,East,67,142,Clear,7.8
2026-02-18,05:00,2026-02-18 05:00:00,West,88,172,Cloudy,5.3
2026-02-18,06:00,2026-02-18 06:00:00,Central,126,252,Clear,6.4
2026-02-18,06:00,2026-02-18 06:00:00,North,92,204,Rain,8.6
2026-02-18,06:00,2026-02-18 06:00:00,South,104,213,Clear,5.8
2026-02-18,06:00,2026-02-18 06:00:00,East,78,139,Heavy Rain,16.9
2026-02-18,06:00,2026-02-18 06:00:00,West,97,180,Cloudy,6.7
2026-02-18,07:00,2026-02-18 07:00:00,Central,358,216,Cloudy,14.4
2026-02-18,07:00,2026-02-18 07:00:00,North,232,162,Clear,9.3
2026-02-18,07:00,2026-02-18 07:00:00,South,252,160,Clear,8.2
2026-02-18,07:00,2026-02-18 07:00:00,East,195,102,Rain,14.3
2026-02-18,07:00,2026-02-18 07:00:00,West,214,160,Rain,11.1
2026-02-18,08:00,2026-02-18 08:00:00,Central,359,222,Rain,15.4
2026-02-18,08:00,2026-02-18 08:00:00,North,216,147,Cloudy,12.1
2026-02-18,08:00,2026-02-18 08:00:00,South,258,187,Clear,8.9
2026-02-18,08:00,2026-02-18 08:00:00,East,150,127,Clear,3.1
2026-02-18,08:00,2026-02-18 08:00:00,West,217,140,Clear,10.3
2026-02-18,09:00,2026-02-18 09:00:00,Central,272,207,Clear,8.0
2026-02-18,09:00,2026-02-18 09:00:00,North,220,156,Cloudy,9.5
2026-02-18,09:00,2026-02-18 09:00:00,South,244,161,Clear,12.0
2026-02-18,09:00,2026-02-18 09:00:00,East,178,131,Cloudy,9.6
2026-02-18,09:00,2026-02-18 09:00:00,West,251,155,Rain,13.5
2026-02-18,10:00,2026-02-18 10:00:00,Central,228,251,Rain,9.2
2026-02-18,10:00,2026-02-18 10:00:00,North,164,176,Clear,6.5
2026-02-18,10:00,2026-02-18 10:00:00,South,213,231,Clear,4.7
2026-02-18,10:00,2026-02-18 10:00:00,East,157,154,Rain,6.5
2026-02-18,10:00,2026-02-18 10:00:00,West,161,171,Clear,5.9
2026-02-18,11:00,2026-02-18 11:00:00,Central,216,252,Clear,6.3
2026-02-18,11:00,2026-02-18 11:00:00,North,151,200,Cloudy,2.3
2026-02-18,11:00,2026-02-18 11:00:00,South,227,202,Heavy Rain,15.5
2026-02-18,11:00,2026-02-18 11:00:00,East,136,158,Clear,4.4
2026-02-18,11:00,2026-02-18 11:00:00,West,134,172,Cloudy,6.9
2026-02-18,12:00,2026-02-18 12:00:00,Central,220,271,Clear,6.4
2026-02-18,12:00,2026-02-18 12:00:00,North,181,175,Rain,7.6
2026-02-18,12:00,2026-02-18 12:00:00,South,182,232,Clear,7.4
2026-02-18,12:00,2026-02-18 12:00:00,East,116,154,Cloudy,6.0
2026-02-18,12:00,2026-02-18 12:00:00,West,142,194,Clear,6.5
2026-02-18,13:00,2026-02-18 13:00:00,Central,244,251,Clear,4.1
2026-02-18,13:00,2026-02-18 13:00:00,North,147,194,Clear,2.5
2026-02-18,13:00,2026-02-18 13:00:00,South,186,202,Cloudy,7.8
2026-02-18,13:00,2026-02-18 13:00:00,East,119,160,Cloudy,6.2
2026-02-18,13:00,2026-02-18 13:00:00,West,138,175,Clear,3.6
2026-02-18,14:00,2026-02-18 14:00:00,Central,216,273,Cloudy,8.4
2026-02-18,14:00,2026-02-18 14:00:00,North,158,182,Clear,4.2
2026-02-18,14:00,2026-02-18 14:00:00,South,164,224,Clear,3.3
2026-02-18,14:00,2026-02-18 14:00:00,East,150,151,Rain,10.4
2026-02-18,14:00,2026-02-18 14:00:00,West,154,170,Clear,2.4
2026-02-18,15:00,2026-02-18 15:00:00,Central,230,239,Clear,6.7
2026-02-18,15:00,2026-02-18 15:00:00,North,131,193,Clear,4.3
2026-02-18,15:00,2026-02-18 15:00:00,South,193,189,Cloudy,4.2
2026-02-18,15:00,2026-02-18 15:00:00,East,136,132,Clear,5.4
2026-02-18,15:00,2026-02-18 15:00:00,West,157,177,Clear,4.8
2026-02-18,16:00,2026-02-18 16:00:00,Central,218,284,Cloudy,6.7
2026-02-18,16:00,2026-02-18 16:00:00,North,167,168,Clear,7.9
2026-02-18,16:00,2026-02-18 16:00:00,South,180,216,Clear,2.0
2026-02-18,16:00,2026-02-18 16:00:00,East,126,147,Clear,5.0
2026-02-18,16:00,2026-02-18 16:00:00,West,154,160,Clear,4.4
2026-02-18,17:00,2026-02-18 17:00:00,Central,347,222,Clear,11.3
2026-02-18,17:00,2026-02-18 17:00:00,North,259,150,Clear,10.4
2026-02-18,17:00,2026-02-18 17:00:00,South,376,176,Heavy Rain,23.2
2026-02-18,17:00,2026-02-18 17:00:00,East,195,145,Clear,6.4
2026-02-18,17:00,2026-02-18 17:00:00,West,249,166,Clear,9.6
2026-02-18,18:00,2026-02-18 18:00:00,Central,374,217,Clear,14.2
2026-02-18,18:00,2026-02-18 18:00:00,North,299,147,Heavy Rain,22.7
2026-02-18,18:00,2026-02-18 18:00:00,South,400,187,Heavy Rain,25.7
2026-02-18,18:00,2026-02-18 18:00:00,East,188,134,Clear,7.7
2026-02-18,18:00,2026-02-18 18:00:00,West,265,144,Rain,17.7
2026-02-18,19:00,2026-02-18 19:00:00,Central,352,254,Cloudy,12.0
2026-02-18,19:00,2026-02-18 19:00:00,North,253,157,Clear,10.3
2026-02-18,19:00,2026-02-18 19:00:00,South,269,210,Clear,10.2
2026-02-18,19:00,2026-02-18 19:00:00,East,197,136,Cloudy,8.9
2026-02-18,19:00,2026-02-18 19:00:00,West,271,158,Rain,14.3
2026-02-18,20:00,2026-02-18 20:00:00,Central,352,223,Clear,9.9
2026-02-18,20:00,2026-02-18 20:00:00,North,250,154,Clear,8.6
2026-02-18,20:00,2026-02-18 20:00:00,South,293,174,Cloudy,11.0
2026-02-18,20:00,2026-02-18 20:00:00,East,190,145,Cloudy,10.3
2026-02-18,20:00,2026-02-18 20:00:00,West,220,140,Clear,6.3
2026-02-18,21:00,2026-02-18 21:00:00,Central,148,260,Clear,5.1
2026-02-18,21:00,2026-02-18 21:00:00,North,120,179,Heavy Rain,16.4
2026-02-18,21:00,2026-02-18 21:00:00,South,102,195,Clear,3.3
2026-02-18,21:00,2026-02-18 21:00:00,East,97,172,Heavy Rain,14.6
2026-02-18,21:00,2026-02-18 21:00:00,West,109,162,Heavy Rain,14.8
2026-02-18,22:00,2026-02-18 22:00:00,Central,129,241,Clear,4.2
2026-02-18,22:00,2026-02-18 22:00:00,North,74,178,Clear,4.7
2026-02-18,22:00,2026-02-18 22:00:00,South,126,205,Rain,8.5
2026-02-18,22:00,2026-02-18 22:00:00,East,54,155,Clear,5.7
2026-02-18,22:00,2026-02-18 22:00:00,West,92,161,Clear,5.8
2026-02-18,23:00,2026-02-18 23:00:00,Central,117,265,Clear,8.6
2026-02-18,23:00,2026-02-18 23:00:00,North,84,208,Clear,4.1
2026-02-18,23:00,2026-02-18 23:00:00,South,95,205,Clear,5.4
2026-02-18,23:00,2026-02-18 23:00:00,East,89,125,Rain,10.4
2026-02-18,23:00,2026-02-18 23:00:00,West,81,156,Cloudy,6.5
2026-02-19,00:00,2026-02-19 00:00:00,Central,119,258,Clear,6.9
2026-02-19,00:00,2026-02-19 00:00:00,North,95,170,Rain,7.9
2026-02-19,00:00,2026-02-19 00:00:00,South,118,224,Rain,11.4
2026-02-19,00:00,2026-02-19 00:00:00,East,85,140,Clear,7.3
2026-02-19,00:00,2026-02-19 00:00:00,West,75,176,Cloudy,8.2
2026-02-19,01:00,2026-02-19 01:00:00,Central,175,255,Heavy Rain,14.7
2026-02-19,01:00,2026-02-19 01:00:00,North,122,186,Heavy Rain,14.6
2026-02-19,01:00,2026-02-19 01:00:00,South,99,197,Clear,5.0
2026-02-19,01:00,2026-02-19 01:00:00,East,73,177,Clear,3.4
2026-02-19,01:00,2026-02-19 01:00:00,West,94,175,Clear,4.6
2026-02-19,02:00,2026-02-19 02:00:00,Central,131,270,Clear,2.8
2026-02-19,02:00,2026-02-19 02:00:00,North,99,186,Rain,9.7
2026-02-19,02:00,2026-02-19 02:00:00,South,109,208,Clear,4.0
2026-02-19,02:00,2026-02-19 02:00:00,East,65,165,Clear,6.8
2026-02-19,02:00,2026-02-19 02:00:00,West,113,205,Heavy Rain,13.9
2026-02-19,03:00,2026-02-19 03:00:00,Central,128,250,Clear,3.6
2026-02-19,03:00,2026-02-19 03:00:00,North,81,168,Clear,5.2
2026-02-19,03:00,2026-02-19 03:00:00,South,143,220,Heavy Rain,14.9
2026-02-19,03:00,2026-02-19 03:00:00,East,79,133,Cloudy,5.1
2026-02-19,03:00,2026-02-19 03:00:00,West,77,170,Clear,6.0
2026-02-19,04:00,2026-02-19 04:00:00,Central,130,252,Clear,4.8
2026-02-19,04:00,2026-02-19 04:00:00,North,86,172,Cloudy,4.4
2026-02-19,04:00,2026-02-19 04:00:00,South,109,210,Clear,5.7
2026-02-19,04:00,2026-02-19 04:00:00,East,74,141,Clear,2.4
2026-02-19,04:00,2026-02-19 04:00:00,West,82,165,Clear,6.8
2026-02-19,05:00,2026-02-19 05:00:00,Central,131,257,Clear,2.0
2026-02-19,05:00,2026-02-19 05:00:00,North,87,198,Cloudy,3.3
2026-02-19,05:00,2026-02-19 05:00:00,South,119,207,Cloudy,4.9
2026-02-19,05:00,2026-02-19 05:00:00,East,73,157,Clear,2.0
2026-02-19,05:00,2026-02-19 05:00:00,West,79,179,Cloudy,6.6
2026-02-19,06:00,2026-02-19 06:00:00,Central,137,264,Cloudy,7.7
2026-02-19,06:00,2026-02-19 06:00:00,North,101,205,Rain,8.9
2026-02-19,06:00,2026-02-19 06:00:00,South,107,200,Clear,4.7
2026-02-19,06:00,2026-02-19 06:00:00,East,71,126,Rain,10.5
2026-02-19,06:00,2026-02-19 06:00:00,West,79,172,Clear,4.4
2026-02-19,07:00,2026-02-19 07:00:00,Central,363,244,Heavy Rain,21.6
2026-02-19,07:00,2026-02-19 07:00:00,North,221,176,Cloudy,8.3
2026-02-19,07:00,2026-02-19 07:00:00,South,236,174,Cloudy,9.7
2026-02-19,07:00,2026-02-19 07:00:00,East,185,115,Clear,7.0
2026-02-19,07:00,2026-02-19 07:00:00,West,202,130,Clear,12.3
2026-02-19,08:00,2026-02-19 08:00:00,Central,383,208,Rain,18.3
2026-02-19,08:00,2026-02-19 08:00:00,North,211,162,Cloudy,6.6
2026-02-19,08:00,2026-02-19 08:00:00,South,254,170,Clear,8.5
2026-02-19,08:00,2026-02-19 08:00:00,East,203,119,Rain,13.2
2026-02-19,08:00,2026-02-19 08:00:00,West,207,166,Clear,8.0
2026-02-19,09:00,2026-02-19 09:00:00,Central,308,217,Clear,8.8
2026-02-19,09:00,2026-02-19 09:00:00,North,189,157,Clear,9.9
2026-02-19,09:00,2026-02-19 09:00:00,South,296,171,Rain,16.9
2026-02-19,09:00,2026-02-19 09:00:00,East,155,126,Clear,6.7
2026-02-19,09:00,2026-02-19 09:00:00,West,194,139,Clear,9.7
2026-02-19,10:00,2026-02-19 10:00:00,Central,354,267,Heavy Rain,19.8
2026-02-19,10:00,2026-02-19 10:00:00,North,181,168,Clear,4.5
2026-02-19,10:00,2026-02-19 10:00:00,South,231,211,Heavy Rain,16.4
2026-02-19,10:00,2026-02-19 10:00:00,East,127,153,Cloudy,6.9
2026-02-19,10:00,2026-02-19 10:00:00,West,156,177,Rain,9.4
2026-02-19,11:00,2026-02-19 11:00:00,Central,207,261,Clear,9.4
2026-02-19,11:00,2026-02-19 11:00:00,North,153,192,Cloudy,6.9
2026-02-19,11:00,2026-02-19 11:00:00,South,274,210,Heavy Rain,20.3
2026-02-19,11:00,2026-02-19 11:00:00,East,126,134,Cloudy,7.1
2026-02-19,11:00,2026-02-19 11:00:00,West,165,180,Clear,4.2
2026-02-19,12:00,2026-02-19 12:00:00,Central,232,276,Clear,4.4
2026-02-19,12:00,2026-02-19 12:00:00,North,157,171,Clear,8.7
2026-02-19,12:00,2026-02-19 12:00:00,South,219,207,Cloudy,8.0
2026-02-19,12:00,2026-02-19 12:00:00,East,124,157,Cloudy,5.3
2026-02-19,12:00,2026-02-19 12:00:00,West,158,179,Clear,5.8
2026-02-19,13:00,2026-02-19 13:00:00,Central,243,259,Clear,4.0
2026-02-19,13:00,2026-02-19 13:00:00,North,188,202,Rain,9.1
2026-02-19,13:00,2026-02-19 13:00:00,South,203,220,Rain,8.6
2026-02-19,13:00,2026-02-19 13:00:00,East,122,159,Clear,5.2
2026-02-19,13:00,2026-02-19 13:00:00,West,166,171,Clear,7.0
2026-02-19,14:00,2026-02-19 14:00:00,Central,264,253,Rain,10.5
2026-02-19,14:00,2026-02-19 14:00:00,North,162,169,Clear,8.0
2026-02-19,14:00,2026-02-19 14:00:00,South,190,221,Clear,6.7
2026-02-19,14:00,2026-02-19 14:00:00,East,121,157,Clear,5.5
2026-02-19,14:00,2026-02-19 14:00:00,West,190,166,Rain,12.1
2026-02-19,15:00,2026-02-19 15:00:00,Central,221,261,Clear,5.1
2026-02-19,15:00,2026-02-19 15:00:00,North,189,196,Cloudy,6.8
2026-02-19,15:00,2026-02-19 15:00:00,South,215,220,Rain,8.2
2026-02-19,15:00,2026-02-19 15:00:00,East,133,149,Clear,5.0
2026-02-19,15:00,2026-02-19 15:00:00,West,166,179,Clear,4.9
2026-02-19,16:00,2026-02-19 16:00:00,Central,212,264,Clear,6.0
2026-02-19,16:00,2026-02-19 16:00:00,North,150,184,Clear,5.5
2026-02-19,16:00,2026-02-19 16:00:00,South,185,198,Clear,2.8
2026-02-19,16:00,2026-02-19 16:00:00,East,112,134,Cloudy,6.7
2026-02-19,16:00,2026-02-19 16:00:00,West,147,192,Clear,4.2
2026-02-19,17:00,2026-02-19 17:00:00,Central,331,219,Clear,9.8
2026-02-19,17:00,2026-02-19 17:00:00,North,252,148,Clear,9.9
2026-02-19,17:00,2026-02-19 17:00:00,South,304,184,Clear,9.5
2026-02-19,17:00,2026-02-19 17:00:00,East,203,131,Clear,10.0
2026-02-19,17:00,2026-02-19 17:00:00,West,246,138,Clear,12.9
2026-02-19,18:00,2026-02-19 18:00:00,Central,375,215,Cloudy,12.2
2026-02-19,18:00,2026-02-19 18:00:00,North,275,136,Rain,12.3
2026-02-19,18:00,2026-02-19 18:00:00,South,267,166,Cloudy,12.7
2026-02-19,18:00,2026-02-19 18:00:00,East,207,119,Clear,9.1
2026-02-19,18:00,2026-02-19 18:00:00,West,253,134,Clear,10.9
2026-02-19,19:00,2026-02-19 19:00:00,Central,377,224,Cloudy,11.0
2026-02-19,19:00,2026-02-19 19:00:00,North,256,157,Cloudy,11.8
2026-02-19,19:00,2026-02-19 19:00:00,South,273,160,Clear,12.0
2026-02-19,19:00,2026-02-19 19:00:00,East,230,118,Heavy Rain,19.2
2026-02-19,19:00,2026-02-19 19:00:00,West,247,114,Clear,10.7
2026-02-19,20:00,2026-02-19 20:00:00,Central,413,222,Rain,18.6
2026-02-19,20:00,2026-02-19 20:00:00,North,269,146,Clear,9.9
2026-02-19,20:00,2026-02-19 20:00:00,South,291,175,Cloudy,11.9
2026-02-19,20:00,2026-02-19 20:00:00,East,218,108,Rain,15.9
2026-02-19,20:00,2026-02-19 20:00:00,West,284,158,Rain,16.5
2026-02-19,21:00,2026-02-19 21:00:00,Central,138,247,Clear,4.1
2026-02-19,21:00,2026-02-19 21:00:00,North,95,195,Cloudy,5.7
2026-02-19,21:00,2026-02-19 21:00:00,South,113,229,Cloudy,7.8
2026-02-19,21:00,2026-02-19 21:00:00,East,69,141,Cloudy,2.3
2026-02-19,21:00,2026-02-19 21:00:00,West,77,183,Clear,6.2
2026-02-19,22:00,2026-02-19 22:00:00,Central,161,238,Rain,9.5
2026-02-19,22:00,2026-02-19 22:00:00,North,96,195,Cloudy,4.0
2026-02-19,22:00,2026-02-19 22:00:00,South,87,202,Clear,4.8
2026-02-19,22:00,2026-02-19 22:00:00,East,75,162,Cloudy,4.2
2026-02-19,22:00,2026-02-19 22:00:00,West,94,166,Cloudy,4.4
2026-02-19,23:00,2026-02-19 23:00:00,Central,125,257,Clear,5.2
2026-02-19,23:00,2026-02-19 23:00:00,North,91,201,Clear,3.3
2026-02-19,23:00,2026-02-19 23:00:00,South,125,209,Rain,12.0
2026-02-19,23:00,2026-02-19 23:00:00,East,71,139,Rain,10.3
2026-02-19,23:00,2026-02-19 23:00:00,West,100,161,Clear,2.5
2026-02-20,00:00,2026-02-20 00:00:00,Central,138,278,Clear,2.0
2026-02-20,00:00,2026-02-20 00:00:00,North,81,179,Clear,4.6
2026-02-20,00:00,2026-02-20 00:00:00,South,109,190,Clear,4.2
2026-02-20,00:00,2026-02-20 00:00:00,East,104,149,Heavy Rain,16.4
2026-02-20,00:00,2026-02-20 00:00:00,West,91,167,Cloudy,6.3
2026-02-20,01:00,2026-02-20 01:00:00,Central,157,276,Cloudy,2.0
2026-02-20,01:00,2026-02-20 01:00:00,North,96,189,Clear,5.7
2026-02-20,01:00,2026-02-20 01:00:00,South,109,210,Clear,5.7
2026-02-20,01:00,2026-02-20 01:00:00,East,80,129,Rain,10.1
2026-02-20,01:00,2026-02-20 01:00:00,West,96,181,Clear,7.9
2026-02-20,02:00,2026-02-20 02:00:00,Central,118,269,Clear,2.0
2026-02-20,02:00,2026-02-20 02:00:00,North,99,211,Clear,5.4
2026-02-20,02:00,2026-02-20 02:00:00,South,142,223,Heavy Rain,11.4
2026-02-20,02:00,2026-02-20 02:00:00,East,68,157,Clear,4.4
2026-02-20,02:00,2026-02-20 02:00:00,West,72,171,Clear,4.7
2026-02-20,03:00,2026-02-20 03:00:00,Central,132,288,Cloudy,4.4
2026-02-20,03:00,2026-02-20 03:00:00,North,96,193,Clear,5.0
2026-02-20,03:00,2026-02-20 03:00:00,South,117,210,Clear,3.3
2026-02-20,03:00,2026-02-20 03:00:00,East,68,179,Cloudy,7.0
2026-02-20,03:00,2026-02-20 03:00:00,West,65,171,Clear,4.1
2026-02-20,04:00,2026-02-20 04:00:00,Central,127,293,Cloudy,8.5
2026-02-20,04:00,2026-02-20 04:00:00,North,106,204,Clear,6.2
2026-02-20,04:00,2026-02-20 04:00:00,South,109,231,Clear,3.8
2026-02-20,04:00,2026-02-20 04:00:00,East,68,157,Clear,6.6
2026-02-20,04:00,2026-02-20 04:00:00,West,86,182,Cloudy,9.1
2026-02-20,05:00,2026-02-20 05:00:00,Central,180,264,Heavy Rain,14.9
2026-02-20,05:00,2026-02-20 05:00:00,North,96,200,Clear,7.5
2026-02-20,05:00,2026-02-20 05:00:00,South,134,204,Rain,8.9
2026-02-20,05:00,2026-02-20 05:00:00,East,69,145,Clear,5.7
2026-02-20,05:00,2026-02-20 05:00:00,West,100,187,Heavy Rain,16.9
2026-02-20,06:00,2026-02-20 06:00:00,Central,126,265,Clear,4.6
2026-02-20,06:00,2026-02-20 06:00:00,North,85,208,Clear,5.4
2026-02-20,06:00,2026-02-20 06:00:00,South,95,230,Clear,8.1
2026-02-20,06:00,2026-02-20 06:00:00,East,65,158,Clear,8.7
2026-02-20,06:00,2026-02-20 06:00:00,West,89,168,Clear,3.3
2026-02-20,07:00,2026-02-20 07:00:00,Central,303,212,Cloudy,12.4
2026-02-20,07:00,2026-02-20 07:00:00,North,232,173,Rain,14.7
2026-02-20,07:00,2026-02-20 07:00:00,South,244,207,Clear,6.4
2026-02-20,07:00,2026-02-20 07:00:00,East,185,150,Clear,6.3
2026-02-20,07:00,2026-02-20 07:00:00,West,188,156,Clear,8.5
2026-02-20,08:00,2026-02-20 08:00:00,Central,298,210,Clear,10.7
2026-02-20,08:00,2026-02-20 08:00:00,North,198,150,Clear,6.3
2026-02-20,08:00,2026-02-20 08:00:00,South,266,185,Cloudy,10.9
2026-02-20,08:00,2026-02-20 08:00:00,East,157,135,Clear,5.3
2026-02-20,08:00,2026-02-20 08:00:00,West,205,135,Clear,8.2
2026-02-20,09:00,2026-02-20 09:00:00,Central,283,229,Clear,7.7
2026-02-20,09:00,2026-02-20 09:00:00,North,233,164,Cloudy,9.7
2026-02-20,09:00,2026-02-20 09:00:00,South,293,163,Clear,14.0
2026-02-20,09:00,2026-02-20 09:00:00,East,194,119,Clear,9.0
2026-02-20,09:00,2026-02-20 09:00:00,West,214,143,Clear,10.3
2026-02-20,10:00,2026-02-20 10:00:00,Central,234,258,Clear,4.3
2026-02-20,10:00,2026-02-20 10:00:00,North,148,193,Clear,4.8
2026-02-20,10:00,2026-02-20 10:00:00,South,165,214,Clear,7.3
2026-02-20,10:00,2026-02-20 10:00:00,East,143,148,Rain,10.6
2026-02-20,10:00,2026-02-20 10:00:00,West,204,177,Rain,9.8
2026-02-20,11:00,2026-02-20 11:00:00,Central,250,277,Clear,2.8
2026-02-20,11:00,2026-02-20 11:00:00,North,153,175,Clear,4.2
2026-02-20,11:00,2026-02-20 11:00:00,South,184,221,Cloudy,5.8
2026-02-20,11:00,2026-02-20 11:00:00,East,119,137,Clear,5.2
2026-02-20,11:00,2026-02-20 11:00:00,West,156,169,Cloudy,6.8
2026-02-20,12:00,2026-02-20 12:00:00,Central,240,266,Clear,6.5
2026-02-20,12:00,2026-02-20 12:00:00,North,164,211,Clear,5.5
2026-02-20,12:00,2026-02-20 12:00:00,South,187,192,Rain,8.4
2026-02-20,12:00,2026-02-20 12:00:00,East,125,150,Clear,4.7
2026-02-20,12:00,2026-02-20 12:00:00,West,157,174,Clear,5.4
2026-02-20,13:00,2026-02-20 13:00:00,Central,242,252,Cloudy,3.9
2026-02-20,13:00,2026-02-20 13:00:00,North,151,197,Clear,3.2
2026-02-20,13:00,2026-02-20 13:00:00,South,202,230,Clear,5.4
2026-02-20,13:00,2026-02-20 13:00:00,East,116,142,Clear,5.3
2026-02-20,13:00,2026-02-20 13:00:00,West,142,161,Clear,5.2
2026-02-20,14:00,2026-02-20 14:00:00,Central,224,249,Clear,6.7
2026-02-20,14:00,2026-02-20 14:00:00,North,175,169,Clear,7.9
2026-02-20,14:00,2026-02-20 14:00:00,South,176,226,Clear,4.0
2026-02-20,14:00,2026-02-20 14:00:00,East,120,157,Cloudy,6.9
2026-02-20,14:00,2026-02-20 14:00:00,West,141,170,Clear,2.3
2026-02-20,15:00,2026-02-20 15:00:00,Central,238,269,Cloudy,5.9
2026-02-20,15:00,2026-02-20 15:00:00,North,181,182,Rain,7.8
2026-02-20,15:00,2026-02-20 15:00:00,South,189,213,Clear,4.0
2026-02-20,15:00,2026-02-20 15:00:00,East,123,135,Clear,5.8
2026-02-20,15:00,2026-02-20 15:00:00,West,131,177,Cloudy,5.6
2026-02-20,16:00,2026-02-20 16:00:00,Central,260,246,Clear,5.9
2026-02-20,16:00,2026-02-20 16:00:00,North,165,155,Clear,6.2
2026-02-20,16:00,2026-02-20 16:00:00,South,184,196,Clear,5.7
2026-02-20,16:00,2026-02-20 16:00:00,East,123,127,Cloudy,7.5
2026-02-20,16:00,2026-02-20 16:00:00,West,135,192,Clear,3.6
2026-02-20,17:00,2026-02-20 17:00:00,Central,385,215,Cloudy,16.8
2026-02-20,17:00,2026-02-20 17:00:00,North,249,175,Clear,8.7
2026-02-20,17:00,2026-02-20 17:00:00,South,297,186,Cloudy,11.4
2026-02-20,17:00,2026-02-20 17:00:00,East,213,140,Clear,6.8
2026-02-20,17:00,2026-02-20 17:00:00,West,249,153,Clear,8.5
2026-02-20,18:00,2026-02-20 18:00:00,Central,449,208,Rain,21.2
2026-02-20,18:00,2026-02-20 18:00:00,North,259,157,Cloudy,11.4
2026-02-20,18:00,2026-02-20 18:00:00,South,283,171,Clear,10.0
2026-02-20,18:00,2026-02-20 18:00:00,East,178,133,Clear,4.4
2026-02-20,18:00,2026-02-20 18:00:00,West,253,153,Clear,10.6
2026-02-20,19:00,2026-02-20 19:00:00,Central,324,199,Cloudy,14.3
2026-02-20,19:00,2026-02-20 19:00:00,North,256,153,Cloudy,11.1
2026-02-20,19:00,2026-02-20 19:00:00,South,290,196,Clear,11.3
2026-02-20,19:00,2026-02-20 19:00:00,East,178,115,Clear,9.9
2026-02-20,19:00,2026-02-20 19:00:00,West,240,134,Clear,12.9
2026-02-20,20:00,2026-02-20 20:00:00,Central,381,211,Clear,12.7
2026-02-20,20:00,2026-02-20 20:00:00,North,240,162,Clear,10.3
2026-02-20,20:00,2026-02-20 20:00:00,South,311,202,Clear,13.0
2026-02-20,20:00,2026-02-20 20:00:00,East,218,130,Cloudy,9.0
2026-02-20,20:00,2026-02-20 20:00:00,West,246,143,Cloudy,10.3
2026-02-20,21:00,2026-02-20 21:00:00,Central,142,261,Cloudy,5.2
2026-02-20,21:00,2026-02-20 21:00:00,North,94,187,Clear,6.1
2026-02-20,21:00,2026-02-20 21:00:00,South,94,195,Clear,3.8
2026-02-20,21:00,2026-02-20 21:00:00,East,64,149,Clear,5.6
2026-02-20,21:00,2026-02-20 21:00:00,West,95,171,Cloudy,10.5
2026-02-20,22:00,2026-02-20 22:00:00,Central,132,283,Clear,3.3
2026-02-20,22:00,2026-02-20 22:00:00,North,95,183,Rain,7.6
2026-02-20,22:00,2026-02-20 22:00:00,South,104,205,Clear,3.9
2026-02-20,22:00,2026-02-20 22:00:00,East,71,162,Clear,9.4
2026-02-20,22:00,2026-02-20 22:00:00,West,85,174,Clear,4.1
2026-02-20,23:00,2026-02-20 23:00:00,Central,131,286,Cloudy,8.5
2026-02-20,23:00,2026-02-20 23:00:00,North,100,169,Clear,4.7
2026-02-20,23:00,2026-02-20 23:00:00,South,107,226,Clear,5.2
2026-02-20,23:00,2026-02-20 23:00:00,East,61,142,Clear,5.3
2026-02-20,23:00,2026-02-20 23:00:00,West,90,153,Clear,6.2
2026-02-21,00:00,2026-02-21 00:00:00,Central,89,243,Clear,6.7
2026-02-21,00:00,2026-02-21 00:00:00,North,80,206,Clear,2.7
2026-02-21,00:00,2026-02-21 00:00:00,South,93,200,Clear,3.3
2026-02-21,00:00,2026-02-21 00:00:00,East,70,132,Rain,11.1
2026-02-21,00:00,2026-02-21 00:00:00,West,72,162,Cloudy,4.6
2026-02-21,01:00,2026-02-21 01:00:00,Central,105,251,Cloudy,6.7
2026-02-21,01:00,2026-02-21 01:00:00,North,74,158,Clear,5.6
2026-02-21,01:00,2026-02-21 01:00:00,South,92,223,Cloudy,4.6
2026-02-21,01:00,2026-02-21 01:00:00,East,60,128,Clear,4.5
2026-02-21,01:00,2026-02-21 01:00:00,West,71,180,Clear,5.5
2026-02-21,02:00,2026-02-21 02:00:00,Central,118,259,Cloudy,6.8
2026-02-21,02:00,2026-02-21 02:00:00,North,87,180,Clear,3.0
2026-02-21,02:00,2026-02-21 02:00:00,South,88,188,Clear,5.7
2026-02-21,02:00,2026-02-21 02:00:00,East,55,165,Clear,4.8
2026-02-21,02:00,2026-02-21 02:00:00,West,67,148,Clear,6.8
2026-02-21,03:00,2026-02-21 03:00:00,Central,110,280,Clear,5.7
2026-02-21,03:00,2026-02-21 03:00:00,North,80,179,Clear,7.2
2026-02-21,03:00,2026-02-21 03:00:00,South,103,219,Cloudy,7.0
2026-02-21,03:00,2026-02-21 03:00:00,East,62,145,Clear,6.0
2026-02-21,03:00,2026-02-21 03:00:00,West,82,160,Rain,11.0
2026-02-21,04:00,2026-02-21 04:00:00,Central,98,285,Clear,6.0
2026-02-21,04:00,2026-02-21 04:00:00,North,80,184,Clear,7.8
2026-02-21,04:00,2026-02-21 04:00:00,South,93,211,Clear,2.9
2026-02-21,04:00,2026-02-21 04:00:00,East,51,148,Clear,2.8
2026-02-21,04:00,2026-02-21 04:00:00,West,66,182,Clear,3.5
2026-02-21,05:00,2026-02-21 05:00:00,Central,140,278,Heavy Rain,14.7
2026-02-21,05:00,2026-02-21 05:00:00,North,83,191,Cloudy,6.4
2026-02-21,05:00,2026-02-21 05:00:00,South,81,196,Clear,2.9
2026-02-21,05:00,2026-02-21 05:00:00,East,57,136,Clear,5.0
2026-02-21,05:00,2026-02-21 05:00:00,West,74,199,Cloudy,5.4
2026-02-21,06:00,2026-02-21 06:00:00,Central,131,264,Heavy Rain,15.4
2026-02-21,06:00,2026-02-21 06:00:00,North,74,173,Clear,5.3
2026-02-21,06:00,2026-02-21 06:00:00,South,83,222,Clear,3.7
2026-02-21,06:00,2026-02-21 06:00:00,East,64,157,Heavy Rain,14.4
2026-02-21,06:00,2026-02-21 06:00:00,West,84,170,Heavy Rain,15.6
2026-02-21,07:00,2026-02-21 07:00:00,Central,245,213,Clear,5.8
2026-02-21,07:00,2026-02-21 07:00:00,North,177,170,Clear,7.8
2026-02-21,07:00,2026-02-21 07:00:00,South,234,200,Cloudy,12.6
2026-02-21,07:00,2026-02-21 07:00:00,East,136,139,Cloudy,4.2
2026-02-21,07:00,2026-02-21 07:00:00,West,159,156,Clear,2.0
2026-02-21,08:00,2026-02-21 08:00:00,Central,290,244,Clear,5.6
2026-02-21,08:00,2026-02-21 08:00:00,North,179,165,Rain,9.2
2026-02-21,08:00,2026-02-21 08:00:00,South,261,190,Rain,13.7
2026-02-21,08:00,2026-02-21 08:00:00,East,216,115,Heavy Rain,19.8
2026-02-21,08:00,2026-02-21 08:00:00,West,156,154,Clear,4.8
2026-02-21,09:00,2026-02-21 09:00:00,Central,312,213,Rain,12.8
2026-02-21,09:00,2026-02-21 09:00:00,North,179,136,Clear,7.2
2026-02-21,09:00,2026-02-21 09:00:00,South,224,175,Cloudy,8.6
2026-02-21,09:00,2026-02-21 09:00:00,East,135,140,Clear,3.8
2026-02-21,09:00,2026-02-21 09:00:00,West,179,154,Cloudy,8.0
2026-02-21,10:00,2026-02-21 10:00:00,Central,187,241,Clear,6.8
2026-02-21,10:00,2026-02-21 10:00:00,North,143,193,Rain,8.2
2026-02-21,10:00,2026-02-21 10:00:00,South,139,206,Clear,6.8
2026-02-21,10:00,2026-02-21 10:00:00,East,103,141,Clear,4.2
2026-02-21,10:00,2026-02-21 10:00:00,West,142,196,Cloudy,6.2
2026-02-21,11:00,2026-02-21 11:00:00,Central,210,284,Rain,9.1
2026-02-21,11:00,2026-02-21 11:00:00,North,165,198,Rain,7.6
2026-02-21,11:00,2026-02-21 11:00:00,South,165,207,Cloudy,7.2
2026-02-21,11:00,2026-02-21 11:00:00,East,108,168,Rain,7.0
2026-02-21,11:00,2026-02-21 11:00:00,West,159,186,Rain,8.9
2026-02-21,12:00,2026-02-21 12:00:00,Central,191,254,Clear,5.2
2026-02-21,12:00,2026-02-21 12:00:00,North,133,190,Cloudy,9.7
2026-02-21,12:00,2026-02-21 12:00:00,South,153,201,Clear,5.9
2026-02-21,12:00,2026-02-21 12:00:00,East,108,146,Clear,4.1
2026-02-21,12:00,2026-02-21 12:00:00,West,146,159,Heavy Rain,15.6
2026-02-21,13:00,2026-02-21 13:00:00,Central,179,261,Cloudy,4.6
2026-02-21,13:00,2026-02-21 13:00:00,North,154,183,Cloudy,6.8
2026-02-21,13:00,2026-02-21 13:00:00,South,166,200,Cloudy,5.4
2026-02-21,13:00,2026-02-21 13:00:00,East,130,151,Rain,7.9
2026-02-21,13:00,2026-02-21 13:00:00,West,116,174,Clear,6.0
2026-02-21,14:00,2026-02-21 14:00:00,Central,201,266,Cloudy,7.1
2026-02-21,14:00,2026-02-21 14:00:00,North,153,175,Cloudy,6.9
2026-02-21,14:00,2026-02-21 14:00:00,South,149,205,Clear,8.6
2026-02-21,14:00,2026-02-21 14:00:00,East,133,159,Heavy Rain,13.9
2026-02-21,14:00,2026-02-21 14:00:00,West,128,159,Clear,4.0
2026-02-21,15:00,2026-02-21 15:00:00,Central,185,275,Clear,5.6
2026-02-21,15:00,2026-02-21 15:00:00,North,143,183,Cloudy,7.6
2026-02-21,15:00,2026-02-21 15:00:00,South,142,214,Clear,5.2
2026-02-21,15:00,2026-02-21 15:00:00,East,124,132,Rain,10.3
2026-02-21,15:00,2026-02-21 15:00:00,West,131,185,Clear,4.3
2026-02-21,16:00,2026-02-21 16:00:00,Central,208,247,Rain,9.7
2026-02-21,16:00,2026-02-21 16:00:00,North,131,200,Cloudy,4.4
2026-02-21,16:00,2026-02-21 16:00:00,South,134,196,Clear,5.7
2026-02-21,16:00,2026-02-21 16:00:00,East,103,134,Cloudy,4.8
2026-02-21,16:00,2026-02-21 16:00:00,West,127,149,Clear,6.4
2026-02-21,17:00,2026-02-21 17:00:00,Central,269,228,Clear,7.0
2026-02-21,17:00,2026-02-21 17:00:00,North,181,140,Clear,6.1
2026-02-21,17:00,2026-02-21 17:00:00,South,225,186,Clear,7.9
2026-02-21,17:00,2026-02-21 17:00:00,East,173,87,Cloudy,10.3
2026-02-21,17:00,2026-02-21 17:00:00,West,192,140,Clear,7.8
2026-02-21,18:00,2026-02-21 18:00:00,Central,275,207,Clear,7.4
2026-02-21,18:00,2026-02-21 18:00:00,North,201,154,Clear,7.4
2026-02-21,18:00,2026-02-21 18:00:00,South,241,177,Clear,6.2
2026-02-21,18:00,2026-02-21 18:00:00,East,150,115,Clear,5.8
2026-02-21,18:00,2026-02-21 18:00:00,West,226,157,Heavy Rain,19.3
2026-02-21,19:00,2026-02-21 19:00:00,Central,279,248,Clear,5.4
2026-02-21,19:00,2026-02-21 19:00:00,North,201,172,Cloudy,6.3
2026-02-21,19:00,2026-02-21 19:00:00,South,228,175,Clear,9.6
2026-02-21,19:00,2026-02-21 19:00:00,East,162,152,Rain,9.2
2026-02-21,19:00,2026-02-21 19:00:00,West,226,139,Rain,12.4
2026-02-21,20:00,2026-02-21 20:00:00,Central,304,234,Cloudy,11.7
2026-02-21,20:00,2026-02-21 20:00:00,North,215,153,Clear,10.2
2026-02-21,20:00,2026-02-21 20:00:00,South,216,173,Clear,6.2
2026-02-21,20:00,2026-02-21 20:00:00,East,151,134,Clear,8.6
2026-02-21,20:00,2026-02-21 20:00:00,West,217,140,Cloudy,10.5
2026-02-21,21:00,2026-02-21 21:00:00,Central,97,238,Clear,5.5
2026-02-21,21:00,2026-02-21 21:00:00,North,88,190,Rain,8.2
2026-02-21,21:00,2026-02-21 21:00:00,South,93,221,Rain,8.9
2026-02-21,21:00,2026-02-21 21:00:00,East,65,143,Clear,4.8
2026-02-21,21:00,2026-02-21 21:00:00,West,71,178,Clear,6.8
2026-02-21,22:00,2026-02-21 22:00:00,Central,115,261,Rain,7.3
2026-02-21,22:00,2026-02-21 22:00:00,North,75,195,Rain,10.7
2026-02-21,22:00,2026-02-21 22:00:00,South,86,214,Clear,4.1
2026-02-21,22:00,2026-02-21 22:00:00,East,60,146,Clear,4.7
2026-02-21,22:00,2026-02-21 22:00:00,West,72,173,Cloudy,5.4
2026-02-21,23:00,2026-02-21 23:00:00,Central,109,247,Rain,6.6
2026-02-21,23:00,2026-02-21 23:00:00,North,65,194,Clear,3.1
2026-02-21,23:00,2026-02-21 23:00:00,South,91,219,Clear,6.0
2026-02-21,23:00,2026-02-21 23:00:00,East,71,161,Clear,4.9
2026-02-21,23:00,2026-02-21 23:00:00,West,63,193,Clear,4.7
2026-02-22,00:00,2026-02-22 00:00:00,Central,103,255,Clear,4.9
2026-02-22,00:00,2026-02-22 00:00:00,North,72,177,Clear,8.2
2026-02-22,00:00,2026-02-22 00:00:00,South,116,197,Heavy Rain,16.3
2026-02-22,00:00,2026-02-22 00:00:00,East,63,132,Clear,6.6
2026-02-22,00:00,2026-02-22 00:00:00,West,64,192,Clear,5.4
2026-02-22,01:00,2026-02-22 01:00:00,Central,100,261,Clear,5.9
2026-02-22,01:00,2026-02-22 01:00:00,North,83,193,Clear,2.8
2026-02-22,01:00,2026-02-22 01:00:00,South,98,202,Rain,8.2
2026-02-22,01:00,2026-02-22 01:00:00,East,61,145,Cloudy,5.9
2026-02-22,01:00,2026-02-22 01:00:00,West,66,150,Clear,5.2
2026-02-22,02:00,2026-02-22 02:00:00,Central,97,267,Clear,5.7
2026-02-22,02:00,2026-02-22 02:00:00,North,97,189,Rain,9.1
2026-02-22,02:00,2026-02-22 02:00:00,South,93,220,Clear,5.2
2026-02-22,02:00,2026-02-22 02:00:00,East,63,137,Rain,9.1
2026-02-22,02:00,2026-02-22 02:00:00,West,79,158,Cloudy,5.5
2026-02-22,03:00,2026-02-22 03:00:00,Central,113,238,Rain,8.5
2026-02-22,03:00,2026-02-22 03:00:00,North,72,166,Cloudy,7.6
2026-02-22,03:00,2026-02-22 03:00:00,South,94,209,Rain,11.3
2026-02-22,03:00,2026-02-22 03:00:00,East,61,139,Clear,6.3
2026-02-22,03:00,2026-02-22 03:00:00,West,72,184,Clear,6.6
2026-02-22,04:00,2026-02-22 04:00:00,Central,110,265,Clear,5.3
2026-02-22,04:00,2026-02-22 04:00:00,North,78,188,Clear,6.3
2026-02-22,04:00,2026-02-22 04:00:00,South,85,212,Clear,4.4
2026-02-22,04:00,2026-02-22 04:00:00,East,39,138,Clear,5.4
2026-02-22,04:00,2026-02-22 04:00:00,West,70,170,Cloudy,4.7
2026-02-22,05:00,2026-02-22 05:00:00,Central,104,246,Clear,3.2
2026-02-22,05:00,2026-02-22 05:00:00,North,81,192,Cloudy,7.4
2026-02-22,05:00,2026-02-22 05:00:00,South,82,211,Clear,5.6
2026-02-22,05:00,2026-02-22 05:00:00,East,71,142,Rain,10.7
2026-02-22,05:00,2026-02-22 05:00:00,West,92,165,Heavy Rain,12.3
2026-02-22,06:00,2026-02-22 06:00:00,Central,117,252,Cloudy,6.1
2026-02-22,06:00,2026-02-22 06:00:00,North,68,172,Clear,3.7
2026-02-22,06:00,2026-02-22 06:00:00,South,103,207,Rain,9.0
2026-02-22,06:00,2026-02-22 06:00:00,East,70,143,Clear,2.7
2026-02-22,06:00,2026-02-22 06:00:00,West,75,175,Clear,5.4
2026-02-22,07:00,2026-02-22 07:00:00,Central,306,216,Heavy Rain,21.3
2026-02-22,07:00,2026-02-22 07:00:00,North,207,165,Rain,9.7
2026-02-22,07:00,2026-02-22 07:00:00,South,182,188,Clear,3.1
2026-02-22,07:00,2026-02-22 07:00:00,East,137,123,Cloudy,6.0
2026-02-22,07:00,2026-02-22 07:00:00,West,177,132,Clear,10.0
2026-02-22,08:00,2026-02-22 08:00:00,Central,279,215,Clear,6.2
2026-02-22,08:00,2026-02-22 08:00:00,North,197,167,Clear,7.1
2026-02-22,08:00,2026-02-22 08:00:00,South,217,198,Cloudy,7.9
2026-02-22,08:00,2026-02-22 08:00:00,East,167,122,Rain,12.7
2026-02-22,08:00,2026-02-22 08:00:00,West,210,152,Rain,12.3
2026-02-22,09:00,2026-02-22 09:00:00,Central,288,229,Rain,10.7
2026-02-22,09:00,2026-02-22 09:00:00,North,197,138,Rain,13.4
2026-02-22,09:00,2026-02-22 09:00:00,South,250,171,Clear,8.1
2026-02-22,09:00,2026-02-22 09:00:00,East,162,129,Cloudy,7.8
2026-02-22,09:00,2026-02-22 09:00:00,West,161,154,Clear,6.6
2026-02-22,10:00,2026-02-22 10:00:00,Central,234,264,Rain,13.7
2026-02-22,10:00,2026-02-22 10:00:00,North,136,170,Clear,6.4
2026-02-22,10:00,2026-02-22 10:00:00,South,161,209,Clear,3.8
2026-02-22,10:00,2026-02-22 10:00:00,East,102,134,Cloudy,6.0
2026-02-22,10:00,2026-02-22 10:00:00,West,137,177,Cloudy,7.9
2026-02-22,11:00,2026-02-22 11:00:00,Central,211,269,Clear,4.9
2026-02-22,11:00,2026-02-22 11:00:00,North,149,176,Clear,2.5
2026-02-22,11:00,2026-02-22 11:00:00,South,145,205,Clear,3.2
2026-02-22,11:00,2026-02-22 11:00:00,East,104,146,Rain,7.7
2026-02-22,11:00,2026-02-22 11:00:00,West,140,178,Rain,8.9
2026-02-22,12:00,2026-02-22 12:00:00,Central,179,270,Clear,2.6
2026-02-22,12:00,2026-02-22 12:00:00,North,139,177,Clear,6.1
2026-02-22,12:00,2026-02-22 12:00:00,South,151,228,Clear,4.4
2026-02-22,12:00,2026-02-22 12:00:00,East,112,160,Clear,4.4
2026-02-22,12:00,2026-02-22 12:00:00,West,135,172,Clear,4.2
2026-02-22,13:00,2026-02-22 13:00:00,Central,177,255,Clear,6.9
2026-02-22,13:00,2026-02-22 13:00:00,North,137,168,Clear,4.4
2026-02-22,13:00,2026-02-22 13:00:00,South,152,203,Clear,3.4
2026-02-22,13:00,2026-02-22 13:00:00,East,104,150,Clear,5.3
2026-02-22,13:00,2026-02-22 13:00:00,West,128,180,Clear,4.6
2026-02-22,14:00,2026-02-22 14:00:00,Central,178,245,Cloudy,4.3
2026-02-22,14:00,2026-02-22 14:00:00,North,123,168,Clear,6.6
2026-02-22,14:00,2026-02-22 14:00:00,South,147,235,Clear,2.4
2026-02-22,14:00,2026-02-22 14:00:00,East,137,155,Rain,9.2
2026-02-22,14:00,2026-02-22 14:00:00,West,115,158,Clear,8.9
2026-02-22,15:00,2026-02-22 15:00:00,Central,218,270,Cloudy,4.3
2026-02-22,15:00,2026-02-22 15:00:00,North,148,208,Rain,10.0
2026-02-22,15:00,2026-02-22 15:00:00,South,141,203,Clear,4.6
2026-02-22,15:00,2026-02-22 15:00:00,East,109,154,Clear,5.6
2026-02-22,15:00,2026-02-22 15:00:00,West,127,175,Clear,6.7
2026-02-22,16:00,2026-02-22 16:00:00,Central,173,270,Clear,4.5
2026-02-22,16:00,2026-02-22 16:00:00,North,144,168,Clear,3.6
2026-02-22,16:00,2026-02-22 16:00:00,South,146,220,Clear,5.3
2026-02-22,16:00,2026-02-22 16:00:00,East,123,168,Rain,9.8
2026-02-22,16:00,2026-02-22 16:00:00,West,130,179,Cloudy,8.7
2026-02-22,17:00,2026-02-22 17:00:00,Central,365,226,Rain,17.5
2026-02-22,17:00,2026-02-22 17:00:00,North,213,140,Clear,6.5
2026-02-22,17:00,2026-02-22 17:00:00,South,248,195,Clear,8.7
2026-02-22,17:00,2026-02-22 17:00:00,East,194,128,Rain,12.2
2026-02-22,17:00,2026-02-22 17:00:00,West,197,152,Cloudy,10.3
2026-02-22,18:00,2026-02-22 18:00:00,Central,398,235,Heavy Rain,23.0
2026-02-22,18:00,2026-02-22 18:00:00,North,214,165,Clear,6.7
2026-02-22,18:00,2026-02-22 18:00:00,South,252,164,Clear,8.2
2026-02-22,18:00,2026-02-22 18:00:00,East,201,112,Heavy Rain,22.4
2026-02-22,18:00,2026-02-22 18:00:00,West,218,163,Clear,7.2
2026-02-22,19:00,2026-02-22 19:00:00,Central,404,202,Heavy Rain,25.3
2026-02-22,19:00,2026-02-22 19:00:00,North,216,157,Clear,9.0
2026-02-22,19:00,2026-02-22 19:00:00,South,265,182,Clear,7.8
2026-02-22,19:00,2026-02-22 19:00:00,East,157,133,Cloudy,7.0
2026-02-22,19:00,2026-02-22 19:00:00,West,210,125,Rain,14.4
2026-02-22,20:00,2026-02-22 20:00:00,Central,290,210,Clear,7.5
2026-02-22,20:00,2026-02-22 20:00:00,North,212,156,Cloudy,9.1
2026-02-22,20:00,2026-02-22 20:00:00,South,271,197,Rain,15.7
2026-02-22,20:00,2026-02-22 20:00:00,East,173,130,Cloudy,7.4
2026-02-22,20:00,2026-02-22 20:00:00,West,216,152,Clear,10.4
2026-02-22,21:00,2026-02-22 21:00:00,Central,100,244,Clear,3.3
2026-02-22,21:00,2026-02-22 21:00:00,North,104,166,Heavy Rain,12.8
2026-02-22,21:00,2026-02-22 21:00:00,South,92,187,Clear,5.4
2026-02-22,21:00,2026-02-22 21:00:00,East,73,141,Clear,4.7
2026-02-22,21:00,2026-02-22 21:00:00,West,92,163,Clear,2.8
2026-02-22,22:00,2026-02-22 22:00:00,Central,113,255,Cloudy,3.6
2026-02-22,22:00,2026-02-22 22:00:00,North,79,181,Clear,2.9
2026-02-22,22:00,2026-02-22 22:00:00,South,96,217,Cloudy,7.5
2026-02-22,22:00,2026-02-22 22:00:00,East,55,149,Clear,4.7
2026-02-22,22:00,2026-02-22 22:00:00,West,70,183,Clear,5.0
2026-02-22,23:00,2026-02-22 23:00:00,Central,111,262,Cloudy,5.6
2026-02-22,23:00,2026-02-22 23:00:00,North,72,189,Cloudy,3.4
2026-02-22,23:00,2026-02-22 23:00:00,South,72,230,Clear,4.6
2026-02-22,23:00,2026-02-22 23:00:00,East,63,144,Clear,5.1
2026-02-22,23:00,2026-02-22 23:00:00,West,69,184,Cloudy,7.4
2026-02-23,00:00,2026-02-23 00:00:00,Central,134,254,Cloudy,5.7
2026-02-23,00:00,2026-02-23 00:00:00,North,92,191,Clear,6.3
2026-02-23,00:00,2026-02-23 00:00:00,South,118,212,Clear,6.5
2026-02-23,00:00,2026-02-23 00:00:00,East,87,140,Rain,8.1
2026-02-23,00:00,2026-02-23 00:00:00,West,90,180,Clear,9.0
2026-02-23,01:00,2026-02-23 01:00:00,Central,147,258,Rain,8.8
2026-02-23,01:00,2026-02-23 01:00:00,North,86,182,Clear,6.6
2026-02-23,01:00,2026-02-23 01:00:00,South,112,201,Cloudy,5.7
2026-02-23,01:00,2026-02-23 01:00:00,East,75,136,Rain,10.8
2026-02-23,01:00,2026-02-23 01:00:00,West,98,161,Clear,5.4
2026-02-23,02:00,2026-02-23 02:00:00,Central,150,246,Rain,12.7
2026-02-23,02:00,2026-02-23 02:00:00,North,93,182,Clear,6.6
2026-02-23,02:00,2026-02-23 02:00:00,South,102,217,Cloudy,7.3
2026-02-23,02:00,2026-02-23 02:00:00,East,100,142,Rain,8.3
2026-02-23,02:00,2026-02-23 02:00:00,West,125,189,Heavy Rain,14.0
2026-02-23,03:00,2026-02-23 03:00:00,Central,123,264,Clear,3.8
2026-02-23,03:00,2026-02-23 03:00:00,North,83,170,Clear,4.4
2026-02-23,03:00,2026-02-23 03:00:00,South,95,205,Clear,5.6
2026-02-23,03:00,2026-02-23 03:00:00,East,97,156,Heavy Rain,14.2
2026-02-23,03:00,2026-02-23 03:00:00,West,80,183,Clear,2.4
2026-02-23,04:00,2026-02-23 04:00:00,Central,116,254,Clear,5.2
2026-02-23,04:00,2026-02-23 04:00:00,North,91,161,Clear,3.4
2026-02-23,04:00,2026-02-23 04:00:00,South,106,204,Rain,7.8
2026-02-23,04:00,2026-02-23 04:00:00,East,81,146,Clear,3.2
2026-02-23,04:00,2026-02-23 04:00:00,West,90,173,Cloudy,7.5
2026-02-23,05:00,2026-02-23 05:00:00,Central,173,254,Heavy Rain,15.9
2026-02-23,05:00,2026-02-23 05:00:00,North,134,208,Heavy Rain,15.5
2026-02-23,05:00,2026-02-23 05:00:00,South,105,199,Clear,5.8
2026-02-23,05:00,2026-02-23 05:00:00,East,66,155,Clear,5.8
2026-02-23,05:00,2026-02-23 05:00:00,West,88,157,Cloudy,6.6
2026-02-23,06:00,2026-02-23 06:00:00,Central,135,268,Clear,6.1
2026-02-23,06:00,2026-02-23 06:00:00,North,81,185,Clear,4.4
2026-02-23,06:00,2026-02-23 06:00:00,South,107,209,Clear,7.2
2026-02-23,06:00,2026-02-23 06:00:00,East,74,134,Cloudy,7.6
2026-02-23,06:00,2026-02-23 06:00:00,West,76,180,Clear,5.1
2026-02-23,07:00,2026-02-23 07:00:00,Central,344,230,Clear,11.5
2026-02-23,07:00,2026-02-23 07:00:00,North,213,131,Clear,10.0
2026-02-23,07:00,2026-02-23 07:00:00,South,353,171,Rain,18.9
2026-02-23,07:00,2026-02-23 07:00:00,East,224,131,Heavy Rain,19.0
2026-02-23,07:00,2026-02-23 07:00:00,West,198,155,Clear,5.9
2026-02-23,08:00,2026-02-23 08:00:00,Central,304,199,Clear,9.1
2026-02-23,08:00,2026-02-23 08:00:00,North,229,153,Cloudy,11.1
2026-02-23,08:00,2026-02-23 08:00:00,South,243,188,Clear,8.2
2026-02-23,08:00,2026-02-23 08:00:00,East,168,130,Clear,6.7
2026-02-23,08:00,2026-02-23 08:00:00,West,209,165,Clear,7.7
2026-02-23,09:00,2026-02-23 09:00:00,Central,352,229,Rain,14.6
2026-02-23,09:00,2026-02-23 09:00:00,North,234,169,Clear,9.7
2026-02-23,09:00,2026-02-23 09:00:00,South,254,191,Clear,10.8
2026-02-23,09:00,2026-02-23 09:00:00,East,185,115,Cloudy,11.2
2026-02-23,09:00,2026-02-23 09:00:00,West,226,156,Clear,7.2
2026-02-23,10:00,2026-02-23 10:00:00,Central,225,287,Clear,2.7
2026-02-23,10:00,2026-02-23 10:00:00,North,194,219,Heavy Rain,15.6
2026-02-23,10:00,2026-02-23 10:00:00,South,246,215,Heavy Rain,18.3
2026-02-23,10:00,2026-02-23 10:00:00,East,139,138,Rain,6.7
2026-02-23,10:00,2026-02-23 10:00:00,West,158,170,Cloudy,6.8
2026-02-23,11:00,2026-02-23 11:00:00,Central,200,254,Clear,2.7
2026-02-23,11:00,2026-02-23 11:00:00,North,183,154,Clear,7.3
2026-02-23,11:00,2026-02-23 11:00:00,South,167,207,Clear,4.1
2026-02-23,11:00,2026-02-23 11:00:00,East,132,132,Clear,3.3
2026-02-23,11:00,2026-02-23 11:00:00,West,137,152,Clear,6.3
2026-02-23,12:00,2026-02-23 12:00:00,Central,243,280,Cloudy,6.1
2026-02-23,12:00,2026-02-23 12:00:00,North,139,187,Clear,5.5
2026-02-23,12:00,2026-02-23 12:00:00,South,185,220,Clear,4.0
2026-02-23,12:00,2026-02-23 12:00:00,East,123,126,Clear,7.3
2026-02-23,12:00,2026-02-23 12:00:00,West,150,192,Cloudy,9.0
2026-02-23,13:00,2026-02-23 13:00:00,Central,256,257,Rain,10.7
2026-02-23,13:00,2026-02-23 13:00:00,North,156,192,Cloudy,5.3
2026-02-23,13:00,2026-02-23 13:00:00,South,217,218,Rain,7.6
2026-02-23,13:00,2026-02-23 13:00:00,East,132,163,Cloudy,6.2
2026-02-23,13:00,2026-02-23 13:00:00,West,148,194,Clear,6.0
2026-02-23,14:00,2026-02-23 14:00:00,Central,239,272,Clear,7.7
2026-02-23,14:00,2026-02-23 14:00:00,North,179,175,Rain,5.9
2026-02-23,14:00,2026-02-23 14:00:00,South,239,211,Heavy Rain,16.4
2026-02-23,14:00,2026-02-23 14:00:00,East,145,133,Rain,8.3
2026-02-23,14:00,2026-02-23 14:00:00,West,185,159,Rain,11.2
2026-02-23,15:00,2026-02-23 15:00:00,Central,271,232,Rain,11.2
2026-02-23,15:00,2026-02-23 15:00:00,North,163,161,Cloudy,4.5
2026-02-23,15:00,2026-02-23 15:00:00,South,182,225,Cloudy,6.8
2026-02-23,15:00,2026-02-23 15:00:00,East,156,159,Rain,8.1
2026-02-23,15:00,2026-02-23 15:00:00,West,158,170,Clear,4.4
2026-02-23,16:00,2026-02-23 16:00:00,Central,254,242,Rain,10.3
2026-02-23,16:00,2026-02-23 16:00:00,North,154,199,Cloudy,5.1
2026-02-23,16:00,2026-02-23 16:00:00,South,199,224,Clear,4.6
2026-02-23,16:00,2026-02-23 16:00:00,East,122,139,Clear,3.5
2026-02-23,16:00,2026-02-23 16:00:00,West,160,183,Clear,5.7
2026-02-23,17:00,2026-02-23 17:00:00,Central,326,218,Rain,14.8
2026-02-23,17:00,2026-02-23 17:00:00,North,283,160,Cloudy,13.1
2026-02-23,17:00,2026-02-23 17:00:00,South,276,195,Clear,7.2
2026-02-23,17:00,2026-02-23 17:00:00,East,178,120,Clear,10.2
2026-02-23,17:00,2026-02-23 17:00:00,West,245,151,Rain,14.4
2026-02-23,18:00,2026-02-23 18:00:00,Central,352,233,Clear,9.9
2026-02-23,18:00,2026-02-23 18:00:00,North,285,132,Clear,14.4
2026-02-23,18:00,2026-02-23 18:00:00,South,369,194,Rain,17.0
2026-02-23,18:00,2026-02-23 18:00:00,East,212,155,Cloudy,11.1
2026-02-23,18:00,2026-02-23 18:00:00,West,246,147,Clear,9.3
2026-02-23,19:00,2026-02-23 19:00:00,Central,448,236,Heavy Rain,24.9
2026-02-23,19:00,2026-02-23 19:00:00,North,212,168,Clear,7.3
2026-02-23,19:00,2026-02-23 19:00:00,South,311,198,Cloudy,9.7
2026-02-23,19:00,2026-02-23 19:00:00,East,182,120,Clear,10.6
2026-02-23,19:00,2026-02-23 19:00:00,West,276,154,Clear,11.8
2026-02-23,20:00,2026-02-23 20:00:00,Central,390,223,Cloudy,13.6
2026-02-23,20:00,2026-02-23 20:00:00,North,255,163,Clear,9.1
2026-02-23,20:00,2026-02-23 20:00:00,South,353,158,Heavy Rain,23.2
2026-02-23,20:00,2026-02-23 20:00:00,East,218,116,Rain,14.9
2026-02-23,20:00,2026-02-23 20:00:00,West,302,130,Rain,18.1
2026-02-23,21:00,2026-02-23 21:00:00,Central,142,273,Rain,8.9
2026-02-23,21:00,2026-02-23 21:00:00,North,111,165,Cloudy,5.3
2026-02-23,21:00,2026-02-23 21:00:00,South,126,232,Rain,10.0
2026-02-23,21:00,2026-02-23 21:00:00,East,66,158,Clear,5.1
2026-02-23,21:00,2026-02-23 21:00:00,West,97,189,Clear,7.4
2026-02-23,22:00,2026-02-23 22:00:00,Central,132,272,Cloudy,5.2
2026-02-23,22:00,2026-02-23 22:00:00,North,116,207,Rain,9.7
2026-02-23,22:00,2026-02-23 22:00:00,South,112,217,Clear,5.8
2026-02-23,22:00,2026-02-23 22:00:00,East,66,136,Clear,4.6
2026-02-23,22:00,2026-02-23 22:00:00,West,89,169,Cloudy,5.7
2026-02-23,23:00,2026-02-23 23:00:00,Central,113,274,Clear,8.1
2026-02-23,23:00,2026-02-23 23:00:00,North,98,188,Clear,6.2
2026-02-23,23:00,2026-02-23 23:00:00,South,104,212,Cloudy,5.5
2026-02-23,23:00,2026-02-23 23:00:00,East,64,157,Clear,3.8
2026-02-23,23:00,2026-02-23 23:00:00,West,84,157,Clear,2.0
2026-02-24,00:00,2026-02-24 00:00:00,Central,125,270,Cloudy,5.6
2026-02-24,00:00,2026-02-24 00:00:00,North,92,178,Clear,7.1
2026-02-24,00:00,2026-02-24 00:00:00,South,122,217,Rain,8.5
2026-02-24,00:00,2026-02-24 00:00:00,East,64,160,Clear,5.6
2026-02-24,00:00,2026-02-24 00:00:00,West,94,182,Cloudy,5.3
2026-02-24,01:00,2026-02-24 01:00:00,Central,157,246,Rain,10.4
2026-02-24,01:00,2026-02-24 01:00:00,North,119,191,Heavy Rain,14.3
2026-02-24,01:00,2026-02-24 01:00:00,South,111,214,Clear,3.0
2026-02-24,01:00,2026-02-24 01:00:00,East,77,132,Clear,2.9
2026-02-24,01:00,2026-02-24 01:00:00,West,72,165,Clear,3.2
2026-02-24,02:00,2026-02-24 02:00:00,Central,137,260,Clear,6.1
2026-02-24,02:00,2026-02-24 02:00:00,North,83,168,Clear,3.3
2026-02-24,02:00,2026-02-24 02:00:00,South,137,205,Rain,7.4
2026-02-24,02:00,2026-02-24 02:00:00,East,85,141,Rain,8.8
2026-02-24,02:00,2026-02-24 02:00:00,West,81,171,Clear,2.7
2026-02-24,03:00,2026-02-24 03:00:00,Central,145,268,Cloudy,4.5
2026-02-24,03:00,2026-02-24 03:00:00,North,90,177,Cloudy,6.7
2026-02-24,03:00,2026-02-24 03:00:00,South,98,206,Clear,5.1
2026-02-24,03:00,2026-02-24 03:00:00,East,79,133,Rain,10.9
2026-02-24,03:00,2026-02-24 03:00:00,West,97,182,Cloudy,6.1
2026-02-24,04:00,2026-02-24 04:00:00,Central,115,258,Clear,5.2
2026-02-24,04:00,2026-02-24 04:00:00,North,84,167,Clear,5.2
2026-02-24,04:00,2026-02-24 04:00:00,South,115,222,Rain,11.2
2026-02-24,04:00,2026-02-24 04:00:00,East,81,151,Cloudy,5.4
2026-02-24,04:00,2026-02-24 04:00:00,West,88,157,Clear,4.6
2026-02-24,05:00,2026-02-24 05:00:00,Central,122,277,Clear,5.7
2026-02-24,05:00,2026-02-24 05:00:00,North,77,174,Clear,8.1
2026-02-24,05:00,2026-02-24 05:00:00,South,96,194,Clear,4.7
2026-02-24,05:00,2026-02-24 05:00:00,East,100,161,Heavy Rain,14.6
2026-02-24,05:00,2026-02-24 05:00:00,West,87,173,Clear,4.8
2026-02-24,06:00,2026-02-24 06:00:00,Central,131,260,Clear,2.2
2026-02-24,06:00,2026-02-24 06:00:00,North,100,173,Clear,5.3
2026-02-24,06:00,2026-02-24 06:00:00,South,110,230,Cloudy,6.6
2026-02-24,06:00,2026-02-24 06:00:00,East,68,143,Clear,2.7
2026-02-24,06:00,2026-02-24 06:00:00,West,104,171,Rain,7.6
2026-02-24,07:00,2026-02-24 07:00:00,Central,328,218,Clear,9.8
2026-02-24,07:00,2026-02-24 07:00:00,North,235,169,Clear,10.3
2026-02-24,07:00,2026-02-24 07:00:00,South,317,169,Rain,15.5
2026-02-24,07:00,2026-02-24 07:00:00,East,182,122,Cloudy,6.5
2026-02-24,07:00,2026-02-24 07:00:00,West,246,149,Rain,14.3
2026-02-24,08:00,2026-02-24 08:00:00,Central,386,227,Heavy Rain,23.9
2026-02-24,08:00,2026-02-24 08:00:00,North,222,157,Rain,11.4
2026-02-24,08:00,2026-02-24 08:00:00,South,313,188,Rain,16.7
2026-02-24,08:00,2026-02-24 08:00:00,East,182,126,Clear,8.0
2026-02-24,08:00,2026-02-24 08:00:00,West,303,158,Heavy Rain,22.9
2026-02-24,09:00,2026-02-24 09:00:00,Central,328,226,Clear,10.8
2026-02-24,09:00,2026-02-24 09:00:00,North,222,173,Cloudy,8.7
2026-02-24,09:00,2026-02-24 09:00:00,South,263,182,Clear,10.4
2026-02-24,09:00,2026-02-24 09:00:00,East,187,125,Rain,11.6
2026-02-24,09:00,2026-02-24 09:00:00,West,188,149,Clear,8.6
2026-02-24,10:00,2026-02-24 10:00:00,Central,232,285,Clear,5.0
2026-02-24,10:00,2026-02-24 10:00:00,North,172,177,Clear,6.4
2026-02-24,10:00,2026-02-24 10:00:00,South,202,207,Rain,8.0
2026-02-24,10:00,2026-02-24 10:00:00,East,126,127,Clear,5.0
2026-02-24,10:00,2026-02-24 10:00:00,West,149,152,Clear,3.5
2026-02-24,11:00,2026-02-24 11:00:00,Central,229,274,Cloudy,7.8
2026-02-24,11:00,2026-02-24 11:00:00,North,160,171,Clear,4.9
2026-02-24,11:00,2026-02-24 11:00:00,South,198,203,Clear,6.7
2026-02-24,11:00,2026-02-24 11:00:00,East,143,149,Clear,4.3
2026-02-24,11:00,2026-02-24 11:00:00,West,150,175,Clear,6.4
2026-02-24,12:00,2026-02-24 12:00:00,Central,274,263,Rain,9.5
2026-02-24,12:00,2026-02-24 12:00:00,North,170,204,Clear,6.4
2026-02-24,12:00,2026-02-24 12:00:00,South,179,219,Clear,6.9
2026-02-24,12:00,2026-02-24 12:00:00,East,116,151,Clear,4.9
2026-02-24,12:00,2026-02-24 12:00:00,West,163,193,Cloudy,6.1
2026-02-24,13:00,2026-02-24 13:00:00,Central,208,269,Clear,3.0
2026-02-24,13:00,2026-02-24 13:00:00,North,159,201,Clear,4.8
2026-02-24,13:00,2026-02-24 13:00:00,South,169,208,Clear,4.8
2026-02-24,13:00,2026-02-24 13:00:00,East,156,155,Heavy Rain,16.6
2026-02-24,13:00,2026-02-24 13:00:00,West,148,190,Clear,8.7
2026-02-24,14:00,2026-02-24 14:00:00,Central,220,288,Clear,4.9
2026-02-24,14:00,2026-02-24 14:00:00,North,153,176,Cloudy,8.5
2026-02-24,14:00,2026-02-24 14:00:00,South,196,203,Cloudy,3.4
2026-02-24,14:00,2026-02-24 14:00:00,East,133,152,Clear,2.0
2026-02-24,14:00,2026-02-24 14:00:00,West,152,169,Clear,4.0
2026-02-24,15:00,2026-02-24 15:00:00,Central,240,247,Clear,4.4
2026-02-24,15:00,2026-02-24 15:00:00,North,142,191,Cloudy,4.2
2026-02-24,15:00,2026-02-24 15:00:00,South,206,208,Clear,5.2
2026-02-24,15:00,2026-02-24 15:00:00,East,110,142,Clear,4.3
2026-02-24,15:00,2026-02-24 15:00:00,West,149,174,Cloudy,6.2
2026-02-24,16:00,2026-02-24 16:00:00,Central,273,262,Rain,10.5
2026-02-24,16:00,2026-02-24 16:00:00,North,159,201,Clear,5.2
2026-02-24,16:00,2026-02-24 16:00:00,South,173,235,Cloudy,6.0
2026-02-24,16:00,2026-02-24 16:00:00,East,144,159,Rain,9.9
2026-02-24,16:00,2026-02-24 16:00:00,West,185,186,Rain,9.5
2026-02-24,17:00,2026-02-24 17:00:00,Central,327,216,Cloudy,11.7
2026-02-24,17:00,2026-02-24 17:00:00,North,259,161,Clear,10.1
2026-02-24,17:00,2026-02-24 17:00:00,South,307,161,Clear,11.1
2026-02-24,17:00,2026-02-24 17:00:00,East,182,120,Cloudy,9.4
2026-02-24,17:00,2026-02-24 17:00:00,West,230,128,Clear,10.1
2026-02-24,18:00,2026-02-24 18:00:00,Central,369,226,Cloudy,14.8
2026-02-24,18:00,2026-02-24 18:00:00,North,255,151,Clear,9.5
2026-02-24,18:00,2026-02-24 18:00:00,South,300,173,Clear,12.2
2026-02-24,18:00,2026-02-24 18:00:00,East,197,131,Clear,8.3
2026-02-24,18:00,2026-02-24 18:00:00,West,232,133,Clear,11.9
2026-02-24,19:00,2026-02-24 19:00:00,Central,404,244,Cloudy,15.1
2026-02-24,19:00,2026-02-24 19:00:00,North,253,156,Cloudy,10.1
2026-02-24,19:00,2026-02-24 19:00:00,South,284,188,Clear,9.4
2026-02-24,19:00,2026-02-24 19:00:00,East,232,94,Rain,16.7
2026-02-24,19:00,2026-02-24 19:00:00,West,323,143,Heavy Rain,24.9
2026-02-24,20:00,2026-02-24 20:00:00,Central,461,228,Heavy Rain,26.3
2026-02-24,20:00,2026-02-24 20:00:00,North,262,150,Clear,13.1
2026-02-24,20:00,2026-02-24 20:00:00,South,261,176,Clear,8.2
2026-02-24,20:00,2026-02-24 20:00:00,East,238,116,Rain,13.5
2026-02-24,20:00,2026-02-24 20:00:00,West,225,152,Clear,5.9
2026-02-24,21:00,2026-02-24 21:00:00,Central,146,260,Rain,8.8
2026-02-24,21:00,2026-02-24 21:00:00,North,73,175,Clear,3.1
2026-02-24,21:00,2026-02-24 21:00:00,South,111,205,Rain,6.9
2026-02-24,21:00,2026-02-24 21:00:00,East,67,142,Clear,4.5
2026-02-24,21:00,2026-02-24 21:00:00,West,94,179,Rain,8.1
2026-02-24,22:00,2026-02-24 22:00:00,Central,128,274,Clear,5.4
2026-02-24,22:00,2026-02-24 22:00:00,North,84,190,Cloudy,5.8
2026-02-24,22:00,2026-02-24 22:00:00,South,113,212,Rain,8.1
2026-02-24,22:00,2026-02-24 22:00:00,East,83,155,Clear,5.0
2026-02-24,22:00,2026-02-24 22:00:00,West,84,188,Clear,3.7
2026-02-24,23:00,2026-02-24 23:00:00,Central,132,253,Rain,11.4
2026-02-24,23:00,2026-02-24 23:00:00,North,93,189,Clear,5.5
2026-02-24,23:00,2026-02-24 23:00:00,South,97,226,Clear,6.4
2026-02-24,23:00,2026-02-24 23:00:00,East,86,132,Rain,8.0
2026-02-24,23:00,2026-02-24 23:00:00,West,89,171,Clear,8.1
2026-02-25,00:00,2026-02-25 00:00:00,Central,143,247,Cloudy,6.3
2026-02-25,00:00,2026-02-25 00:00:00,North,108,178,Heavy Rain,15.2
2026-02-25,00:00,2026-02-25 00:00:00,South,142,204,Heavy Rain,12.2
2026-02-25,00:00,2026-02-25 00:00:00,East,74,149,Clear,4.6
2026-02-25,00:00,2026-02-25 00:00:00,West,92,173,Rain,8.9
2026-02-25,01:00,2026-02-25 01:00:00,Central,140,241,Clear,3.2
2026-02-25,01:00,2026-02-25 01:00:00,North,85,212,Clear,4.5
2026-02-25,01:00,2026-02-25 01:00:00,South,114,226,Cloudy,4.8
2026-02-25,01:00,2026-02-25 01:00:00,East,76,139,Clear,5.7
2026-02-25,01:00,2026-02-25 01:00:00,West,103,158,Heavy Rain,15.1
2026-02-25,02:00,2026-02-25 02:00:00,Central,125,275,Clear,6.4
2026-02-25,02:00,2026-02-25 02:00:00,North,97,176,Clear,6.6
2026-02-25,02:00,2026-02-25 02:00:00,South,98,219,Clear,6.3
2026-02-25,02:00,2026-02-25 02:00:00,East,64,163,Cloudy,6.0
2026-02-25,02:00,2026-02-25 02:00:00,West,89,181,Clear,3.6
2026-02-25,03:00,2026-02-25 03:00:00,Central,118,249,Cloudy,6.1
2026-02-25,03:00,2026-02-25 03:00:00,North,87,187,Clear,6.1
2026-02-25,03:00,2026-02-25 03:00:00,South,140,222,Heavy Rain,13.8
2026-02-25,03:00,2026-02-25 03:00:00,East,81,135,Rain,9.1
2026-02-25,03:00,2026-02-25 03:00:00,West,92,151,Clear,4.2
2026-02-25,04:00,2026-02-25 04:00:00,Central,119,297,Clear,3.7
2026-02-25,04:00,2026-02-25 04:00:00,North,105,200,Rain,8.9
2026-02-25,04:00,2026-02-25 04:00:00,South,123,217,Rain,9.5
2026-02-25,04:00,2026-02-25 04:00:00,East,67,146,Clear,4.3
2026-02-25,04:00,2026-02-25 04:00:00,West,82,177,Clear,3.4
2026-02-25,05:00,2026-02-25 05:00:00,Central,116,265,Clear,3.2
2026-02-25,05:00,2026-02-25 05:00:00,North,107,195,Clear,4.4
2026-02-25,05:00,2026-02-25 05:00:00,South,117,202,Rain,9.9
2026-02-25,05:00,2026-02-25 05:00:00,East,73,152,Cloudy,2.5
2026-02-25,05:00,2026-02-25 05:00:00,West,78,170,Clear,4.9
2026-02-25,06:00,2026-02-25 06:00:00,Central,127,259,Clear,3.7
2026-02-25,06:00,2026-02-25 06:00:00,North,117,183,Heavy Rain,14.2
2026-02-25,06:00,2026-02-25 06:00:00,South,102,216,Clear,7.3
2026-02-25,06:00,2026-02-25 06:00:00,East,96,138,Heavy Rain,15.4
2026-02-25,06:00,2026-02-25 06:00:00,West,80,183,Clear,5.6
2026-02-25,07:00,2026-02-25 07:00:00,Central,361,240,Rain,16.7
2026-02-25,07:00,2026-02-25 07:00:00,North,196,165,Clear,7.0
2026-02-25,07:00,2026-02-25 07:00:00,South,238,199,Clear,10.2
2026-02-25,07:00,2026-02-25 07:00:00,East,172,111,Clear,7.5
2026-02-25,07:00,2026-02-25 07:00:00,West,224,162,Clear,8.4
2026-02-25,08:00,2026-02-25 08:00:00,Central,336,231,Cloudy,14.2
2026-02-25,08:00,2026-02-25 08:00:00,North,218,164,Clear,8.5
2026-02-25,08:00,2026-02-25 08:00:00,South,319,180,Rain,19.7
2026-02-25,08:00,2026-02-25 08:00:00,East,183,113,Clear,8.8
2026-02-25,08:00,2026-02-25 08:00:00,West,223,156,Cloudy,11.2
2026-02-25,09:00,2026-02-25 09:00:00,Central,337,196,Cloudy,14.3
2026-02-25,09:00,2026-02-25 09:00:00,North,257,172,Cloudy,9.4
2026-02-25,09:00,2026-02-25 09:00:00,South,228,187,Cloudy,9.2
2026-02-25,09:00,2026-02-25 09:00:00,East,189,99,Clear,10.1
2026-02-25,09:00,2026-02-25 09:00:00,West,242,150,Rain,13.3
2026-02-25,10:00,2026-02-25 10:00:00,Central,248,257,Cloudy,7.0
2026-02-25,10:00,2026-02-25 10:00:00,North,201,189,Heavy Rain,15.5
2026-02-25,10:00,2026-02-25 10:00:00,South,209,209,Cloudy,4.4
2026-02-25,10:00,2026-02-25 10:00:00,East,122,133,Cloudy,5.5
2026-02-25,10:00,2026-02-25 10:00:00,West,159,187,Clear,6.3
2026-02-25,11:00,2026-02-25 11:00:00,Central,224,268,Clear,5.4
2026-02-25,11:00,2026-02-25 11:00:00,North,211,186,Rain,13.1
2026-02-25,11:00,2026-02-25 11:00:00,South,171,196,Clear,4.5
2026-02-25,11:00,2026-02-25 11:00:00,East,136,148,Clear,8.0
2026-02-25,11:00,2026-02-25 11:00:00,West,146,175,Clear,4.0
2026-02-25,12:00,2026-02-25 12:00:00,Central,260,258,Rain,7.8
2026-02-25,12:00,2026-02-25 12:00:00,North,164,192,Clear,5.1
2026-02-25,12:00,2026-02-25 12:00:00,South,152,210,Clear,6.7
2026-02-25,12:00,2026-02-25 12:00:00,East,167,134,Heavy Rain,19.1
2026-02-25,12:00,2026-02-25 12:00:00,West,164,155,Clear,6.6
2026-02-25,13:00,2026-02-25 13:00:00,Central,237,267,Clear,5.3
2026-02-25,13:00,2026-02-25 13:00:00,North,197,201,Rain,7.0
2026-02-25,13:00,2026-02-25 13:00:00,South,187,198,Clear,4.9
2026-02-25,13:00,2026-02-25 13:00:00,East,134,171,Cloudy,5.7
2026-02-25,13:00,2026-02-25 13:00:00,West,155,162,Cloudy,6.7
2026-02-25,14:00,2026-02-25 14:00:00,Central,250,270,Rain,4.6
2026-02-25,14:00,2026-02-25 14:00:00,North,148,165,Clear,2.2
2026-02-25,14:00,2026-02-25 14:00:00,South,181,219,Clear,5.4
2026-02-25,14:00,2026-02-25 14:00:00,East,119,144,Clear,3.9
2026-02-25,14:00,2026-02-25 14:00:00,West,137,165,Clear,5.2
2026-02-25,15:00,2026-02-25 15:00:00,Central,213,261,Clear,5.3
2026-02-25,15:00,2026-02-25 15:00:00,North,158,194,Cloudy,7.0
2026-02-25,15:00,2026-02-25 15:00:00,South,192,221,Clear,4.0
2026-02-25,15:00,2026-02-25 15:00:00,East,133,151,Clear,5.0
2026-02-25,15:00,2026-02-25 15:00:00,West,205,158,Heavy Rain,16.9
2026-02-25,16:00,2026-02-25 16:00:00,Central,218,287,Clear,2.1
2026-02-25,16:00,2026-02-25 16:00:00,North,178,184,Clear,5.9
2026-02-25,16:00,2026-02-25 16:00:00,South,175,228,Clear,4.0
2026-02-25,16:00,2026-02-25 16:00:00,East,124,132,Clear,7.4
2026-02-25,16:00,2026-02-25 16:00:00,West,151,176,Rain,10.2
2026-02-25,17:00,2026-02-25 17:00:00,Central,455,211,Rain,23.1
2026-02-25,17:00,2026-02-25 17:00:00,North,245,129,Cloudy,12.1
2026-02-25,17:00,2026-02-25 17:00:00,South,315,173,Cloudy,13.4
2026-02-25,17:00,2026-02-25 17:00:00,East,176,144,Clear,8.5
2026-02-25,17:00,2026-02-25 17:00:00,West,232,159,Clear,8.1
2026-02-25,18:00,2026-02-25 18:00:00,Central,439,221,Rain,20.1
2026-02-25,18:00,2026-02-25 18:00:00,North,276,155,Rain,16.0
2026-02-25,18:00,2026-02-25 18:00:00,South,287,177,Clear,11.1
2026-02-25,18:00,2026-02-25 18:00:00,East,222,135,Clear,10.1
2026-02-25,18:00,2026-02-25 18:00:00,West,246,151,Clear,11.0
2026-02-25,19:00,2026-02-25 19:00:00,Central,357,224,Cloudy,17.1
2026-02-25,19:00,2026-02-25 19:00:00,North,265,143,Clear,10.7
2026-02-25,19:00,2026-02-25 19:00:00,South,261,174,Clear,10.2
2026-02-25,19:00,2026-02-25 19:00:00,East,196,122,Clear,9.8
2026-02-25,19:00,2026-02-25 19:00:00,West,223,145,Cloudy,13.4
2026-02-25,20:00,2026-02-25 20:00:00,Central,374,226,Clear,11.6
2026-02-25,20:00,2026-02-25 20:00:00,North,265,158,Clear,10.3
2026-02-25,20:00,2026-02-25 20:00:00,South,313,191,Cloudy,12.1
2026-02-25,20:00,2026-02-25 20:00:00,East,191,111,Cloudy,10.4
2026-02-25,20:00,2026-02-25 20:00:00,West,229,154,Clear,9.7
2026-02-25,21:00,2026-02-25 21:00:00,Central,130,256,Cloudy,9.7
2026-02-25,21:00,2026-02-25 21:00:00,North,97,185,Cloudy,5.0
2026-02-25,21:00,2026-02-25 21:00:00,South,100,221,Clear,8.0
2026-02-25,21:00,2026-02-25 21:00:00,East,63,140,Clear,5.5
2026-02-25,21:00,2026-02-25 21:00:00,West,88,177,Cloudy,6.0
2026-02-25,22:00,2026-02-25 22:00:00,Central,147,263,Cloudy,4.5
2026-02-25,22:00,2026-02-25 22:00:00,North,98,162,Clear,8.1
2026-02-25,22:00,2026-02-25 22:00:00,South,100,202,Clear,6.7
2026-02-25,22:00,2026-02-25 22:00:00,East,83,163,Cloudy,4.8
2026-02-25,22:00,2026-02-25 22:00:00,West,80,170,Clear,4.5
2026-02-25,23:00,2026-02-25 23:00:00,Central,101,250,Clear,6.4
2026-02-25,23:00,2026-02-25 23:00:00,North,101,171,Rain,11.1
2026-02-25,23:00,2026-02-25 23:00:00,South,119,217,Clear,6.7
2026-02-25,23:00,2026-02-25 23:00:00,East,84,158,Rain,8.8
2026-02-25,23:00,2026-02-25 23:00:00,West,97,177,Clear,5.7
2026-02-26,00:00,2026-02-26 00:00:00,Central,142,249,Clear,3.7
2026-02-26,00:00,2026-02-26 00:00:00,North,91,174,Clear,6.8
2026-02-26,00:00,2026-02-26 00:00:00,South,112,223,Clear,7.3
2026-02-26,00:00,2026-02-26 00:00:00,East,77,157,Clear,4.5
2026-02-26,00:00,2026-02-26 00:00:00,West,106,173,Heavy Rain,13.7
2026-02-26,01:00,2026-02-26 01:00:00,Central,123,294,Clear,4.7
2026-02-26,01:00,2026-02-26 01:00:00,North,94,195,Clear,5.2
2026-02-26,01:00,2026-02-26 01:00:00,South,109,211,Cloudy,6.6
2026-02-26,01:00,2026-02-26 01:00:00,East,85,184,Clear,6.1
2026-02-26,01:00,2026-02-26 01:00:00,West,79,169,Clear,7.8
2026-02-26,02:00,2026-02-26 02:00:00,Central,138,262,Cloudy,6.3
2026-02-26,02:00,2026-02-26 02:00:00,North,88,190,Clear,5.8
2026-02-26,02:00,2026-02-26 02:00:00,South,121,195,Rain,7.8
2026-02-26,02:00,2026-02-26 02:00:00,East,78,165,Clear,6.3
2026-02-26,02:00,2026-02-26 02:00:00,West,71,189,Cloudy,6.3
2026-02-26,03:00,2026-02-26 03:00:00,Central,139,233,Rain,10.3
2026-02-26,03:00,2026-02-26 03:00:00,North,87,169,Cloudy,6.3
2026-02-26,03:00,2026-02-26 03:00:00,South,111,207,Cloudy,7.2
2026-02-26,03:00,2026-02-26 03:00:00,East,88,161,Cloudy,5.2
2026-02-26,03:00,2026-02-26 03:00:00,West,80,179,Clear,5.1
2026-02-26,04:00,2026-02-26 04:00:00,Central,160,250,Heavy Rain,14.9
2026-02-26,04:00,2026-02-26 04:00:00,North,102,183,Rain,9.3
2026-02-26,04:00,2026-02-26 04:00:00,South,101,199,Clear,5.8
2026-02-26,04:00,2026-02-26 04:00:00,East,92,127,Rain,9.8
2026-02-26,04:00,2026-02-26 04:00:00,West,90,181,Clear,5.0
2026-02-26,05:00,2026-02-26 05:00:00,Central,130,260,Clear,3.6
2026-02-26,05:00,2026-02-26 05:00:00,North,96,196,Clear,4.3
2026-02-26,05:00,2026-02-26 05:00:00,South,102,209,Clear,4.0
2026-02-26,05:00,2026-02-26 05:00:00,East,79,139,Cloudy,3.0
2026-02-26,05:00,2026-02-26 05:00:00,West,84,176,Clear,7.8
2026-02-26,06:00,2026-02-26 06:00:00,Central,132,280,Clear,3.8
2026-02-26,06:00,2026-02-26 06:00:00,North,91,188,Clear,5.4
2026-02-26,06:00,2026-02-26 06:00:00,South,102,211,Clear,3.3
2026-02-26,06:00,2026-02-26 06:00:00,East,80,143,Clear,8.1
2026-02-26,06:00,2026-02-26 06:00:00,West,89,167,Clear,4.1
2026-02-26,07:00,2026-02-26 07:00:00,Central,318,200,Cloudy,12.9
2026-02-26,07:00,2026-02-26 07:00:00,North,244,146,Clear,12.6
2026-02-26,07:00,2026-02-26 07:00:00,South,322,168,Rain,20.2
2026-02-26,07:00,2026-02-26 07:00:00,East,178,119,Clear,7.1
2026-02-26,07:00,2026-02-26 07:00:00,West,256,141,Rain,19.1
2026-02-26,08:00,2026-02-26 08:00:00,Central,350,208,Clear,12.7
2026-02-26,08:00,2026-02-26 08:00:00,North,270,161,Heavy Rain,23.6
2026-02-26,08:00,2026-02-26 08:00:00,South,261,188,Clear,8.9
2026-02-26,08:00,2026-02-26 08:00:00,East,173,106,Clear,8.8
2026-02-26,08:00,2026-02-26 08:00:00,West,211,149,Cloudy,8.3
2026-02-26,09:00,2026-02-26 09:00:00,Central,378,207,Rain,16.6
2026-02-26,09:00,2026-02-26 09:00:00,North,208,155,Clear,6.3
2026-02-26,09:00,2026-02-26 09:00:00,South,357,170,Heavy Rain,24.0
2026-02-26,09:00,2026-02-26 09:00:00,East,180,130,Clear,7.5
2026-02-26,09:00,2026-02-26 09:00:00,West,209,148,Clear,6.2
2026-02-26,10:00,2026-02-26 10:00:00,Central,252,267,Clear,3.4
2026-02-26,10:00,2026-02-26 10:00:00,North,179,169,Rain,8.1
2026-02-26,10:00,2026-02-26 10:00:00,South,191,200,Cloudy,5.1
2026-02-26,10:00,2026-02-26 10:00:00,East,139,145,Rain,7.4
2026-02-26,10:00,2026-02-26 10:00:00,West,161,177,Rain,9.3
2026-02-26,11:00,2026-02-26 11:00:00,Central,225,251,Clear,7.2
2026-02-26,11:00,2026-02-26 11:00:00,North,149,190,Clear,5.4
2026-02-26,11:00,2026-02-26 11:00:00,South,208,202,Rain,10.0
2026-02-26,11:00,2026-02-26 11:00:00,East,124,151,Clear,4.1
2026-02-26,11:00,2026-02-26 11:00:00,West,185,167,Rain,10.7
2026-02-26,12:00,2026-02-26 12:00:00,Central,267,247,Clear,7.3
2026-02-26,12:00,2026-02-26 12:00:00,North,139,185,Clear,4.4
2026-02-26,12:00,2026-02-26 12:00:00,South,200,229,Clear,4.9
2026-02-26,12:00,2026-02-26 12:00:00,East,135,163,Clear,6.6
2026-02-26,12:00,2026-02-26 12:00:00,West,140,189,Clear,5.6
2026-02-26,13:00,2026-02-26 13:00:00,Central,213,255,Clear,2.0
2026-02-26,13:00,2026-02-26 13:00:00,North,156,185,Clear,3.0
2026-02-26,13:00,2026-02-26 13:00:00,South,181,199,Clear,6.7
2026-02-26,13:00,2026-02-26 13:00:00,East,139,125,Clear,7.5
2026-02-26,13:00,2026-02-26 13:00:00,West,192,182,Rain,7.7
2026-02-26,14:00,2026-02-26 14:00:00,Central,265,277,Clear,4.2
2026-02-26,14:00,2026-02-26 14:00:00,North,167,182,Rain,7.3
2026-02-26,14:00,2026-02-26 14:00:00,South,241,214,Rain,9.8
2026-02-26,14:00,2026-02-26 14:00:00,East,131,155,Clear,6.2
2026-02-26,14:00,2026-02-26 14:00:00,West,142,155,Clear,4.6
2026-02-26,15:00,2026-02-26 15:00:00,Central,285,249,Rain,13.4
2026-02-26,15:00,2026-02-26 15:00:00,North,138,196,Clear,7.0
2026-02-26,15:00,2026-02-26 15:00:00,South,171,206,Clear,7.2
2026-02-26,15:00,2026-02-26 15:00:00,East,132,145,Clear,4.1
2026-02-26,15:00,2026-02-26 15:00:00,West,158,164,Clear,3.7
2026-02-26,16:00,2026-02-26 16:00:00,Central,222,260,Cloudy,4.8
2026-02-26,16:00,2026-02-26 16:00:00,North,168,152,Cloudy,11.3
2026-02-26,16:00,2026-02-26 16:00:00,South,173,237,Clear,7.6
2026-02-26,16:00,2026-02-26 16:00:00,East,116,154,Cloudy,4.3
2026-02-26,16:00,2026-02-26 16:00:00,West,166,185,Cloudy,5.5
2026-02-26,17:00,2026-02-26 17:00:00,Central,385,217,Clear,15.2
2026-02-26,17:00,2026-02-26 17:00:00,North,228,152,Clear,7.6
2026-02-26,17:00,2026-02-26 17:00:00,South,402,199,Heavy Rain,24.4
2026-02-26,17:00,2026-02-26 17:00:00,East,206,129,Clear,10.7
2026-02-26,17:00,2026-02-26 17:00:00,West,252,154,Cloudy,9.5
2026-02-26,18:00,2026-02-26 18:00:00,Central,339,243,Clear,11.3
2026-02-26,18:00,2026-02-26 18:00:00,North,279,161,Cloudy,13.3
2026-02-26,18:00,2026-02-26 18:00:00,South,289,205,Rain,13.6
2026-02-26,18:00,2026-02-26 18:00:00,East,212,141,Cloudy,7.9
2026-02-26,18:00,2026-02-26 18:00:00,West,251,177,Cloudy,11.5
2026-02-26,19:00,2026-02-26 19:00:00,Central,372,228,Rain,17.1
2026-02-26,19:00,2026-02-26 19:00:00,North,287,155,Cloudy,12.7
2026-02-26,19:00,2026-02-26 19:00:00,South,269,171,Clear,8.2
2026-02-26,19:00,2026-02-26 19:00:00,East,191,111,Clear,8.6
2026-02-26,19:00,2026-02-26 19:00:00,West,248,150,Clear,9.3
2026-02-26,20:00,2026-02-26 20:00:00,Central,376,226,Cloudy,13.2
2026-02-26,20:00,2026-02-26 20:00:00,North,245,157,Clear,9.9
2026-02-26,20:00,2026-02-26 20:00:00,South,291,168,Clear,12.7
2026-02-26,20:00,2026-02-26 20:00:00,East,197,115,Cloudy,13.9
2026-02-26,20:00,2026-02-26 20:00:00,West,267,156,Clear,11.2
2026-02-26,21:00,2026-02-26 21:00:00,Central,125,264,Rain,7.3
2026-02-26,21:00,2026-02-26 21:00:00,North,86,188,Clear,5.2
2026-02-26,21:00,2026-02-26 21:00:00,South,107,214,Cloudy,7.5
2026-02-26,21:00,2026-02-26 21:00:00,East,64,160,Clear,3.9
2026-02-26,21:00,2026-02-26 21:00:00,West,103,178,Heavy Rain,12.8
2026-02-26,22:00,2026-02-26 22:00:00,Central,155,223,Rain,8.7
2026-02-26,22:00,2026-02-26 22:00:00,North,83,194,Clear,4.5
2026-02-26,22:00,2026-02-26 22:00:00,South,106,221,Clear,3.6
2026-02-26,22:00,2026-02-26 22:00:00,East,79,141,Cloudy,4.9
2026-02-26,22:00,2026-02-26 22:00:00,West,89,166,Clear,6.0
2026-02-26,23:00,2026-02-26 23:00:00,Central,138,252,Rain,9.5
2026-02-26,23:00,2026-02-26 23:00:00,North,81,171,Cloudy,6.7
2026-02-26,23:00,2026-02-26 23:00:00,South,107,212,Cloudy,4.3
2026-02-26,23:00,2026-02-26 23:00:00,East,63,129,Clear,4.2
2026-02-26,23:00,2026-02-26 23:00:00,West,106,159,Clear,6.8
2026-02-27,00:00,2026-02-27 00:00:00,Central,149,251,Cloudy,6.2
2026-02-27,00:00,2026-02-27 00:00:00,North,111,172,Cloudy,5.8
2026-02-27,00:00,2026-02-27 00:00:00,South,99,230,Clear,4.3
2026-02-27,00:00,2026-02-27 00:00:00,East,87,144,Clear,3.2
2026-02-27,00:00,2026-02-27 00:00:00,West,102,159,Rain,9.2
2026-02-27,01:00,2026-02-27 01:00:00,Central,134,272,Clear,5.8
2026-02-27,01:00,2026-02-27 01:00:00,North,95,197,Cloudy,9.7
2026-02-27,01:00,2026-02-27 01:00:00,South,110,220,Cloudy,6.8
2026-02-27,01:00,2026-02-27 01:00:00,East,79,154,Clear,6.6
2026-02-27,01:00,2026-02-27 01:00:00,West,95,190,Clear,4.6
2026-02-27,02:00,2026-02-27 02:00:00,Central,155,245,Rain,9.9
2026-02-27,02:00,2026-02-27 02:00:00,North,100,193,Cloudy,7.4
2026-02-27,02:00,2026-02-27 02:00:00,South,110,213,Cloudy,6.6
2026-02-27,02:00,2026-02-27 02:00:00,East,95,159,Rain,12.9
2026-02-27,02:00,2026-02-27 02:00:00,West,87,154,Clear,2.7
2026-02-27,03:00,2026-02-27 03:00:00,Central,155,276,Rain,12.9
2026-02-27,03:00,2026-02-27 03:00:00,North,100,168,Clear,7.1
2026-02-27,03:00,2026-02-27 03:00:00,South,120,206,Clear,3.7
2026-02-27,03:00,2026-02-27 03:00:00,East,70,162,Clear,3.7
2026-02-27,03:00,2026-02-27 03:00:00,West,101,162,Clear,6.0
2026-02-27,04:00,2026-02-27 04:00:00,Central,134,260,Clear,4.4
2026-02-27,04:00,2026-02-27 04:00:00,North,107,197,Heavy Rain,12.9
2026-02-27,04:00,2026-02-27 04:00:00,South,108,203,Clear,4.9
2026-02-27,04:00,2026-02-27 04:00:00,East,81,129,Cloudy,8.7
2026-02-27,04:00,2026-02-27 04:00:00,West,84,158,Cloudy,7.6
2026-02-27,05:00,2026-02-27 05:00:00,Central,129,247,Clear,5.9
2026-02-27,05:00,2026-02-27 05:00:00,North,101,193,Clear,2.0
2026-02-27,05:00,2026-02-27 05:00:00,South,118,218,Rain,8.0
2026-02-27,05:00,2026-02-27 05:00:00,East,78,147,Cloudy,4.6
2026-02-27,05:00,2026-02-27 05:00:00,West,95,170,Clear,4.9
2026-02-27,06:00,2026-02-27 06:00:00,Central,152,257,Rain,10.1
2026-02-27,06:00,2026-02-27 06:00:00,North,98,173,Cloudy,7.6
2026-02-27,06:00,2026-02-27 06:00:00,South,115,210,Cloudy,5.3
2026-02-27,06:00,2026-02-27 06:00:00,East,65,154,Clear,6.2
2026-02-27,06:00,2026-02-27 06:00:00,West,83,165,Clear,9.4
2026-02-27,07:00,2026-02-27 07:00:00,Central,288,213,Clear,11.9
2026-02-27,07:00,2026-02-27 07:00:00,North,304,140,Heavy Rain,21.8
2026-02-27,07:00,2026-02-27 07:00:00,South,271,169,Clear,9.9
2026-02-27,07:00,2026-02-27 07:00:00,East,160,119,Clear,4.0
2026-02-27,07:00,2026-02-27 07:00:00,West,189,153,Clear,5.6
2026-02-27,08:00,2026-02-27 08:00:00,Central,378,230,Cloudy,16.1
2026-02-27,08:00,2026-02-27 08:00:00,North,222,156,Cloudy,9.4
2026-02-27,08:00,2026-02-27 08:00:00,South,254,187,Clear,5.8
2026-02-27,08:00,2026-02-27 08:00:00,East,182,118,Clear,7.2
2026-02-27,08:00,2026-02-27 08:00:00,West,217,154,Cloudy,8.7
2026-02-27,09:00,2026-02-27 09:00:00,Central,364,208,Rain,17.8
2026-02-27,09:00,2026-02-27 09:00:00,North,213,153,Clear,7.1
2026-02-27,09:00,2026-02-27 09:00:00,South,268,183,Cloudy,9.2
2026-02-27,09:00,2026-02-27 09:00:00,East,191,127,Clear,10.1
2026-02-27,09:00,2026-02-27 09:00:00,West,244,158,Rain,11.6
2026-02-27,10:00,2026-02-27 10:00:00,Central,205,255,Clear,4.8
2026-02-27,10:00,2026-02-27 10:00:00,North,173,195,Cloudy,7.1
2026-02-27,10:00,2026-02-27 10:00:00,South,206,200,Cloudy,9.6
2026-02-27,10:00,2026-02-27 10:00:00,East,137,148,Clear,4.8
2026-02-27,10:00,2026-02-27 10:00:00,West,138,171,Clear,4.5
2026-02-27,11:00,2026-02-27 11:00:00,Central,228,259,Cloudy,6.9
2026-02-27,11:00,2026-02-27 11:00:00,North,138,195,Clear,4.7
2026-02-27,11:00,2026-02-27 11:00:00,South,196,231,Clear,5.3
2026-02-27,11:00,2026-02-27 11:00:00,East,126,141,Cloudy,6.8
2026-02-27,11:00,2026-02-27 11:00:00,West,180,167,Clear,6.6
2026-02-27,12:00,2026-02-27 12:00:00,Central,223,256,Cloudy,3.3
2026-02-27,12:00,2026-02-27 12:00:00,North,207,203,Heavy Rain,18.1
2026-02-27,12:00,2026-02-27 12:00:00,South,173,210,Clear,3.9
2026-02-27,12:00,2026-02-27 12:00:00,East,141,152,Cloudy,6.2
2026-02-27,12:00,2026-02-27 12:00:00,West,158,164,Cloudy,6.6
2026-02-27,13:00,2026-02-27 13:00:00,Central,255,263,Rain,7.7
2026-02-27,13:00,2026-02-27 13:00:00,North,177,192,Cloudy,5.7
2026-02-27,13:00,2026-02-27 13:00:00,South,195,230,Clear,3.3
2026-02-27,13:00,2026-02-27 13:00:00,East,122,153,Clear,5.0
2026-02-27,13:00,2026-02-27 13:00:00,West,154,190,Cloudy,4.9
2026-02-27,14:00,2026-02-27 14:00:00,Central,215,280,Clear,5.1
2026-02-27,14:00,2026-02-27 14:00:00,North,171,174,Clear,4.5
2026-02-27,14:00,2026-02-27 14:00:00,South,210,218,Cloudy,5.0
2026-02-27,14:00,2026-02-27 14:00:00,East,118,138,Clear,2.4
2026-02-27,14:00,2026-02-27 14:00:00,West,215,182,Heavy Rain,15.5
2026-02-27,15:00,2026-02-27 15:00:00,Central,221,268,Clear,2.7
2026-02-27,15:00,2026-02-27 15:00:00,North,176,172,Clear,3.6
2026-02-27,15:00,2026-02-27 15:00:00,South,223,221,Rain,7.9
2026-02-27,15:00,2026-02-27 15:00:00,East,120,120,Clear,4.8
2026-02-27,15:00,2026-02-27 15:00:00,West,146,187,Clear,6.2
2026-02-27,16:00,2026-02-27 16:00:00,Central,269,264,Rain,9.3
2026-02-27,16:00,2026-02-27 16:00:00,North,188,193,Heavy Rain,15.5
2026-02-27,16:00,2026-02-27 16:00:00,South,191,222,Clear,5.5
2026-02-27,16:00,2026-02-27 16:00:00,East,129,144,Cloudy,7.2
2026-02-27,16:00,2026-02-27 16:00:00,West,157,172,Rain,7.6
2026-02-27,17:00,2026-02-27 17:00:00,Central,347,230,Clear,10.9
2026-02-27,17:00,2026-02-27 17:00:00,North,265,159,Clear,12.7
2026-02-27,17:00,2026-02-27 17:00:00,South,294,192,Clear,12.5
2026-02-27,17:00,2026-02-27 17:00:00,East,177,113,Clear,8.8
2026-02-27,17:00,2026-02-27 17:00:00,West,292,169,Heavy Rain,25.1
2026-02-27,18:00,2026-02-27 18:00:00,Central,360,209,Clear,14.1
2026-02-27,18:00,2026-02-27 18:00:00,North,222,170,Cloudy,10.5
2026-02-27,18:00,2026-02-27 18:00:00,South,336,172,Rain,18.0
2026-02-27,18:00,2026-02-27 18:00:00,East,211,129,Clear,7.3
2026-02-27,18:00,2026-02-27 18:00:00,West,208,139,Clear,7.5
2026-02-27,19:00,2026-02-27 19:00:00,Central,415,229,Cloudy,14.3
2026-02-27,19:00,2026-02-27 19:00:00,North,289,177,Cloudy,12.2
2026-02-27,19:00,2026-02-27 19:00:00,South,348,184,Rain,17.4
2026-02-27,19:00,2026-02-27 19:00:00,East,210,112,Cloudy,12.3
2026-02-27,19:00,2026-02-27 19:00:00,West,252,145,Clear,12.0
2026-02-27,20:00,2026-02-27 20:00:00,Central,401,218,Rain,19.4
2026-02-27,20:00,2026-02-27 20:00:00,North,273,161,Clear,11.8
2026-02-27,20:00,2026-02-27 20:00:00,South,321,192,Clear,13.6
2026-02-27,20:00,2026-02-27 20:00:00,East,213,134,Clear,8.6
2026-02-27,20:00,2026-02-27 20:00:00,West,269,160,Rain,13.2
2026-02-27,21:00,2026-02-27 21:00:00,Central,118,275,Clear,2.0
2026-02-27,21:00,2026-02-27 21:00:00,North,82,192,Clear,5.1
2026-02-27,21:00,2026-02-27 21:00:00,South,118,225,Heavy Rain,11.1
2026-02-27,21:00,2026-02-27 21:00:00,East,60,148,Cloudy,6.3
2026-02-27,21:00,2026-02-27 21:00:00,West,92,193,Clear,5.7
2026-02-27,22:00,2026-02-27 22:00:00,Central,147,270,Clear,4.5
2026-02-27,22:00,2026-02-27 22:00:00,North,128,175,Heavy Rain,17.7
2026-02-27,22:00,2026-02-27 22:00:00,South,101,214,Cloudy,6.5
2026-02-27,22:00,2026-02-27 22:00:00,East,94,147,Rain,7.2
2026-02-27,22:00,2026-02-27 22:00:00,West,86,181,Cloudy,5.5
2026-02-27,23:00,2026-02-27 23:00:00,Central,134,267,Clear,2.7
2026-02-27,23:00,2026-02-27 23:00:00,North,116,157,Rain,8.2
2026-02-27,23:00,2026-02-27 23:00:00,South,100,233,Clear,2.5
2026-02-27,23:00,2026-02-27 23:00:00,East,67,152,Clear,3.2
2026-02-27,23:00,2026-02-27 23:00:00,West,87,171,Rain,9.2
2026-02-28,00:00,2026-02-28 00:00:00,Central,102,250,Clear,6.9
2026-02-28,00:00,2026-02-28 00:00:00,North,75,166,Clear,3.4
2026-02-28,00:00,2026-02-28 00:00:00,South,82,209,Clear,6.1
2026-02-28,00:00,2026-02-28 00:00:00,East,59,141,Clear,4.9
2026-02-28,00:00,2026-02-28 00:00:00,West,93,186,Rain,10.3
