Transport_ID,TripID,RouteID,StopID,StopName,WeekBeginning,NumberOfBoardings
T1,9445,H30,17336,29 Stradbroke Rd,2014-02-09 00:00:00,1
T2,18322,864,13926,10 Glen Osmond Rd,2014-04-06 00:00:00,1
T3,51667,W91,14754,22A Cashel St,2013-11-24 00:00:00,1
T4,8916,506,11011,53 Murrell Rd,2013-07-21 00:00:00,3
T5,45066,144,13299,C1 North Tce,2013-08-11 00:00:00,3
T6,30145,725,17120,Zone C Old Reynella Interchang,2013-11-24 00:00:00,5
T7,7536,286,16322,21B Tapleys Hill Rd,2014-02-02 00:00:00,1
T8,15133,G10,16275,Z2 King William St,2014-05-25 00:00:00,19
T9,12103,157,12388,Zone B West Lakes Interchange,2014-03-23 00:00:00,8
T10,14245,177,13257,1 Botanic Rd,2014-02-09 00:00:00,1
T11,27521,224F,17962,34U Salisbury Hwy,2014-03-02 00:00:00,1
T12,9180,507,11814,30 North East Rd,2013-10-13 00:00:00,3
T13,13592,262,14982,31 Sturt Rd,2014-02-23 00:00:00,1
T14,20184,506,11434,42 Wright Rd,2014-02-16 00:00:00,4
T15,45716,171,13484,S1 Hutt St,2013-09-08 00:00:00,1
T16,19679,557,12169,25A Darley Rd,2014-06-22 00:00:00,1
T17,10594,209F,12149,21 Hampstead Rd,2014-06-29 00:00:00,1
T18,57305,600B,15328,39A Murrays Hill Rd,2013-10-27 00:00:00,3
T19,31045,861,14040,13 Glen Osmond Rd,2013-08-25 00:00:00,4
T20,49609,B10,12967,22 Grange Rd,2013-10-13 00:00:00,2
T21,57037,300,12276,111 Regency Rd,2014-01-05 00:00:00,3
T22,1203,404,10616,42 Martins Rd,2014-06-01 00:00:00,1
T23,16764,252,16291,U1 Victoria Sq,2013-11-10 00:00:00,4
T24,17065,254,11714,32 Grand Junction Rd,2013-12-08 00:00:00,1
T25,10340,H20,13371,B1 Currie St,2014-05-04 00:00:00,1
T26,51128,J2,13692,13B Simcock St,2013-10-13 00:00:00,2
T27,48441,502,10650,46 Gloucester Rd,2013-12-08 00:00:00,4
T28,45616,170,13548,J1 Hutt St,2013-07-07 00:00:00,1
T29,52970,254,11587,Zone C Port Adelaide Interchan,2013-12-22 00:00:00,7
T30,31134,861,13338,F3 Grenfell St,2013-08-04 00:00:00,24
T31,37859,G22,16289,E1 King William St,2013-08-25 00:00:00,37
T32,28361,300,14076,164 Cross Rd,2013-07-07 00:00:00,2
T33,28014,248,14638,23 Oaklands Rd,2013-09-15 00:00:00,1
T34,50057,H20,13327,R1 Grenfell St,2014-01-05 00:00:00,2
T35,44827,118,11951,34A Old Port Rd,2013-10-20 00:00:00,2
T36,48444,502,10918,42A Bridge Rd,2013-08-25 00:00:00,1
T37,27304,222,12467,14 Main North Rd,2013-09-22 00:00:00,7
T38,53371,452,18170,79F Douglas Dr,2014-02-23 00:00:00,2
T39,410,722F,16014,56C Collins Pde,2013-12-29 00:00:00,3
T40,45297,157,12388,Zone B West Lakes Interchange,2013-07-14 00:00:00,1
T41,11238,H30,12106,Zone E Paradise Interchange,2014-02-23 00:00:00,4
T42,29011,542X,11153,51 North East Rd,2013-11-24 00:00:00,1
T43,12737,167C,13712,2 Richmond Rd,2014-03-30 00:00:00,1
T44,15362,491,18321,109 Haines Rd,2014-04-20 00:00:00,1
T45,10819,H22,16417,5 Henley Beach Rd,2014-05-11 00:00:00,1
T46,15818,263,14041,10 Anzac Hwy,2014-03-16 00:00:00,1
T47,58824,G30,13554,X1 Sturt St,2013-09-15 00:00:00,1
T48,10865,H30,16453,18 Henley Beach Rd,2014-04-06 00:00:00,20
T49,18866,545X,10872,58 Wynn Vale Dr,2014-05-25 00:00:00,3
T50,5830,H33C,12757,24 Koonga Av,2014-04-13 00:00:00,1
T51,50072,H20,13813,8K  Marion Rd,2013-10-06 00:00:00,3
T52,46502,178F,13103,5 Payneham Rd,2013-07-28 00:00:00,1
T53,34367,144,13943,17  Portrush Rd,2013-11-03 00:00:00,1
T54,458,400,10330,56B Hogarth Rd,2013-10-27 00:00:00,6
T55,6048,190,13853,4 Unley Rd,2014-06-08 00:00:00,19
T56,11781,H33,16406,2 Henley Beach Rd,2014-06-01 00:00:00,6
T57,11318,H30C,17340,31 Stradbroke Rd,2014-06-01 00:00:00,5
T58,34245,142,13679,19 Glynburn Rd,2013-11-03 00:00:00,1
T59,64935,281,12936,5 Park Rd,2014-01-19 00:00:00,1
T60,27778,228X,13003,4 O'Connell St,2014-07-06 00:00:00,1
T61,27429,224,10432,53A Jarvis Rd,2014-03-09 00:00:00,1
T62,50554,H30,12099,Zone A Paradise Interchange,2013-09-22 00:00:00,3
T63,269,400,10503,49 Church St,2014-03-02 00:00:00,3
T64,12874,W90,12290,30 Victor Rd,2014-03-16 00:00:00,3
T65,27167,203F,12958,5 Melbourne St,2013-07-21 00:00:00,1
T66,27661,228,11444,29 Main North Rd,2014-01-05 00:00:00,2
T67,58227,C2X,17388,70 The Golden Wy,2013-10-13 00:00:00,2
T68,27502,224F,13049,3 O Connell St,2013-07-21 00:00:00,1
T69,27146,203F,11481,32 Briens Rd,2013-06-30 00:00:00,3
T70,8363,288,13153,22 Valetta Rd,2014-02-16 00:00:00,9
T71,59127,M44G,13277,I2 North Tce,2013-11-24 00:00:00,8
T72,18792,T863,14040,13 Glen Osmond Rd,2014-07-06 00:00:00,14
T73,49543,B10,13096,26 Magill Rd,2013-09-22 00:00:00,4
T74,11588,248,13496,H1 West Tce,2014-01-26 00:00:00,1
T75,56669,196,14934,36 Hawthorndene Dr,2013-10-20 00:00:00,1
T76,10104,208,12796,9 Walkerville Tce,2014-03-09 00:00:00,12
T77,48478,591A,10790,Zone A Golden Grove Village In,2013-07-21 00:00:00,4
T78,7322,502,10528,Zone H Salisbury Interchange,2014-03-16 00:00:00,9
T79,16251,M44,11002,52 Ladywood Rd,2014-06-15 00:00:00,1
T80,29843,721F,14928,26 Main South Rd,2013-11-10 00:00:00,14
T81,27510,224F,16281,X1 King William St,2013-09-15 00:00:00,95
T82,32868,208N,16580,2 Sir Edwin Smith Av,2013-12-22 00:00:00,2
T83,17204,200C,13374,D1 King William St,2014-04-20 00:00:00,7
T84,29531,719,13910,6 South Rd,2013-07-07 00:00:00,1
T85,48275,500,10836,43B Bridge Rd,2013-09-15 00:00:00,3
T86,45493,168,14187,23 Shannon Av,2013-08-11 00:00:00,1
T87,50948,J1,14361,21G Gordon St,2013-12-01 00:00:00,2
T88,1517,744,16013,62 Majorca Rd,2014-01-05 00:00:00,1
T89,29658,720H,17970,Zone B Hallett Cove Shopping C,2013-11-17 00:00:00,1
T90,57020,300,12392,19 O G Rd,2014-01-05 00:00:00,2
T91,12879,W90,14889,28 Bradley Gr,2014-06-29 00:00:00,3
T92,64753,719,13775,2 Anzac Hwy,2014-02-16 00:00:00,2
T93,46470,178,12306,49A Silkes Rd,2013-10-13 00:00:00,2
T94,21154,C1,13328,H1 Grenfell St,2014-03-30 00:00:00,38
T95,56508,190,14281,13 Belair Rd,2013-09-01 00:00:00,1
T96,8144,543,11068,50 Riverside Dr,2013-11-10 00:00:00,1
T97,37239,682,17970,Zone B Hallett Cove Shopping C,2013-07-14 00:00:00,1
T98,44967,142,13490,12 Tusmore Av,2013-11-10 00:00:00,3
T99,56610,190B,13472,G1 Pulteney St,2013-10-20 00:00:00,6
T100,17674,208,13032,3A Melbourne St,2014-04-20 00:00:00,2
T101,36440,440,17124,Zone B Munno Para Shopping Cen,2013-07-28 00:00:00,12
T102,50553,H30,16335,32A Sportsmans Dr,2013-12-15 00:00:00,2
T103,28758,494,18259,169 Jack Cooper Dr,2014-06-01 00:00:00,1
T104,50550,H30,13371,B1 Currie St,2013-11-10 00:00:00,2
T105,956,401,10369,57 Waterloo Corner Rd,2013-08-18 00:00:00,2
T106,46496,178F,12628,21 Montacute Rd,2013-07-14 00:00:00,7
T107,50237,H22,16367,17A The Parade,2013-10-13 00:00:00,4
T108,28903,506,11383,67 Kelly Rd,2013-08-11 00:00:00,1
T109,44721,100,14101,169 Cross Rd,2013-07-07 00:00:00,1
T110,4168,M44G,14910,29 Finniss St,2013-07-07 00:00:00,1
T111,48738,720,15378,46 Aroona Rd,2013-11-10 00:00:00,11
T112,1389,190,14402,16 Bray St,2013-12-15 00:00:00,1
T113,57197,300U,14534,25B Diagonal Rd,2013-10-13 00:00:00,1
T114,47944,288,13155,22 Valetta Rd,2013-10-06 00:00:00,2
T115,11469,241,14218,12 Chitral Tce,2014-07-06 00:00:00,8
T116,9714,B10,13330,G3 Grenfell St,2014-04-20 00:00:00,19
T117,11233,H30,16419,6 Henley Beach Rd,2014-05-11 00:00:00,2
T118,14607,C1G,12126,Zone D Paradise Interchange,2014-04-13 00:00:00,2
T119,6995,230,12319,21 Regency Rd,2014-03-09 00:00:00,1
T120,27886,241,13891,6 Daly Av,2013-07-28 00:00:00,1
T121,27695,228F,10058,Zone A Smithfield Interchange,2014-05-04 00:00:00,3
T122,14985,G10,16275,Z2 King William St,2014-03-23 00:00:00,1
T123,16779,251,12540,18 Torrens Rd,2013-06-30 00:00:00,3
T124,63003,H33,16450,17 Henley Beach Rd,2013-12-29 00:00:00,2
T125,16350,M44,14259,13 Marion Rd,2014-02-16 00:00:00,1
T126,50769,H31C,12874,15 Marian Rd,2013-09-01 00:00:00,3
T127,53155,400,10232,Zone C Elizabeth Interchange,2013-11-03 00:00:00,2
T128,13469,230,12859,7 Jeffcott St,2014-03-16 00:00:00,1
T129,13499,232,11808,34 Newcastle St,2014-06-08 00:00:00,1
T130,27788,229,11136,39B Robert Cr,2013-09-29 00:00:00,2
T131,48851,722F,16002,64 Morton Rd,2013-09-22 00:00:00,2
T132,31031,861,13745,2 Glen Osmond Rd,2013-06-30 00:00:00,15
T133,1674,230,12050,30 Torrens Rd,2014-01-19 00:00:00,5
T134,50071,H20,16382,14 The Parade,2013-12-15 00:00:00,1
T135,46229,174,12375,22 Lower North East Rd,2014-01-12 00:00:00,2
T136,27429,224,10222,Zone D Elizabeth City Centre,2013-07-28 00:00:00,26
T137,37244,682,15457,53A Adams Rd,2013-08-11 00:00:00,2
T138,5628,100,17881,165A Cross Rd,2014-04-06 00:00:00,7
T139,57884,C1,12129,Zone C Paradise Interchange,2013-10-06 00:00:00,1
T140,10388,H21,12302,24A Darley Rd,2014-05-11 00:00:00,3
T141,46623,190,14385,15A Raglan Av,2013-06-30 00:00:00,1
T142,51000,J1,13353,V2 Currie St,2013-12-29 00:00:00,17
T143,11171,147,13672,5B Greenhill Rd,2014-03-16 00:00:00,9
T144,10493,W90,14429,18 Winston Av,2014-03-16 00:00:00,2
T145,50532,H30,17797,A1 Glover Av,2013-08-18 00:00:00,1
T146,3652,451,18120,74A Edgecombe Rd,2014-06-08 00:00:00,1
T147,52713,228,11444,29 Main North Rd,2013-07-21 00:00:00,2
T148,12207,238,12527,11 Churchill Rd,2013-10-27 00:00:00,4
T149,20103,503,11755,34D Valiant Rd,2014-05-04 00:00:00,1
T150,10273,141,13408,6 Kensington Rd,2014-05-04 00:00:00,6
T151,12406,239,17552,2 Montefiore Rd,2013-10-27 00:00:00,1
T152,56771,230,12968,5A Jeffcott St,2013-09-22 00:00:00,5
T153,27504,224F,17259,54C Oldham Rd,2013-09-08 00:00:00,6
T154,65451,744,16039,Zone D Colonnades Interchange,2013-12-22 00:00:00,2
T155,11995,251,13091,2 King William Rd,2014-03-02 00:00:00,4
T156,65026,720,14956,29A Sturt Rd,2014-03-30 00:00:00,1
T157,47431,241,14271,13A Towers Tce,2013-11-10 00:00:00,2
T158,45263,157,11858,36A First Av,2013-10-20 00:00:00,9
T159,36506,440,10228,Zone A Elizabeth Interchange,2013-09-01 00:00:00,41
T160,49572,B10,12998,27 Grange Rd,2013-06-30 00:00:00,1
T161,15160,G10,16289,E1 King William St,2014-07-06 00:00:00,2
T162,51614,W90,14430,18 Winston Av,2013-12-08 00:00:00,2
T163,27575,225,17529,Zone D Mawson Interchange,2014-04-06 00:00:00,1
T164,15853,G21,15336,43 Black Rd,2014-05-18 00:00:00,2
T165,36793,560,10222,Zone D Elizabeth City Centre,2014-06-22 00:00:00,5
T166,27319,222,11182,33A Mawson Lakes Bvd,2014-06-22 00:00:00,1
T167,19651,864,14895,43 Mount Barker Rd,2014-02-23 00:00:00,1
T168,15833,265,16588,Y1 Grote St,2013-10-06 00:00:00,1
T169,1609,230,11919,32 Addison Rd,2014-01-12 00:00:00,1
T170,7093,190,14446,22 Morphett Rd,2014-06-15 00:00:00,1
T171,14317,178,12033,41 Lower Athelstone Rd,2014-06-22 00:00:00,3
T172,31096,861,13802,6 Glen Osmond Rd,2013-09-15 00:00:00,2
T173,16257,M44,13339,F2 Grenfell St,2014-03-23 00:00:00,90
T174,51757,W91C,14072,11 East Av,2013-11-03 00:00:00,2
T175,15976,G10,14321,13 Goodwood Rd,2014-06-29 00:00:00,2
T176,36822,560,10441,52A Porter St,2014-02-16 00:00:00,1
T177,11686,155,12617,16 Port Rd,2014-06-15 00:00:00,2
T178,490,452,18150,74 Coventry Rd,2014-05-25 00:00:00,2
T179,53386,502,10889,43 Bridge Rd,2013-09-29 00:00:00,1
T180,27591,225F,12297,17 Main North Rd,2014-03-23 00:00:00,10
T181,53027,263,14764,31 Brighton Rd,2013-12-15 00:00:00,1
T182,6007,178S,12717,15 Payneham Rd,2014-04-13 00:00:00,1
T183,41000,B1,13846,4 Goodwood Rd,2013-06-30 00:00:00,7
T184,50775,H31C,12990,11 Coorara Av,2013-07-07 00:00:00,2
T185,65008,720,14970,Zone F Marion Interchange,2013-12-29 00:00:00,17
T186,7757,200,13721,1 King William Rd,2014-04-13 00:00:00,2
T187,6123,171,13707,1 Glen Osmond Rd,2014-03-09 00:00:00,3
T188,45488,168,14134,25 Blackburn Av,2013-07-28 00:00:00,1
T189,15703,263,14624,28 Brighton Rd,2014-03-02 00:00:00,1
T190,48480,591A,17608,72 Target Hill Rd,2013-08-04 00:00:00,1
T191,27966,245,14042,10 Anzac Hwy,2013-10-20 00:00:00,1
T192,42168,N3,16046,Zone G Noarlunga Centre Interc,2013-08-25 00:00:00,5
T193,49546,B10,12632,32 Frederick Rd,2013-08-18 00:00:00,1
T194,48739,720,14494,17 South Rd,2013-09-15 00:00:00,1
T195,7434,281,12317,21 Fourth Av,2014-02-09 00:00:00,3
T196,7170,230,12263,Zone F Arndale Interchange,2014-06-01 00:00:00,7
T197,1333,740,17691,83A Grand Bvd,2014-01-19 00:00:00,1
T198,53189,401,10420,53 Waterloo Corner Rd,2013-08-25 00:00:00,1
T199,9586,507,11401,42A Smart Rd,2014-02-23 00:00:00,1
T200,52660,224,10503,49 Church St,2013-07-28 00:00:00,3
T201,14822,C2X,10725,68 The Golden Wy,2014-06-01 00:00:00,6
T202,27690,228F,10110,76 Hamblynn Rd,2013-12-08 00:00:00,3
T203,56928,232,12320,18 Days Rd,2013-11-03 00:00:00,1
T204,19688,557,11529,38 Grand Junction Rd,2014-05-11 00:00:00,1
T205,42149,N3,17879,29 Morphett Rd,2013-08-11 00:00:00,4
T206,27886,241,14731,26 Morphett Rd,2013-11-10 00:00:00,1
T207,8898,506,11409,44 Wright Rd,2013-11-03 00:00:00,2
T208,10755,144,13384,V1 Dequetteville Tce,2014-06-22 00:00:00,5
T209,47598,281,12344,20 Fourth Av,2013-10-06 00:00:00,5
T210,27336,222,12409,15 Main North Rd,2013-11-24 00:00:00,2
T211,10160,117,13364,W3 Currie St,2014-04-20 00:00:00,1
T212,44753,117,11767,36B Bartley Tce,2013-09-08 00:00:00,1
T213,36354,411,10439,44B Burton Rd,2014-04-13 00:00:00,1
T214,53224,411,10526,Zone B Salisbury Interchange,2014-04-27 00:00:00,2
T215,11543,245,14446,22 Morphett Rd,2014-05-11 00:00:00,1
T216,50876,J1,14381,21 Gordon St,2013-12-22 00:00:00,1
T217,16196,G40,17172,62A The Grove Wy,2014-03-02 00:00:00,8
T218,27423,222,17380,33D Mawson Lakes Bvd,2013-06-30 00:00:00,1
T219,52697,225,10789,44B Northbri Av,2013-11-17 00:00:00,1
T220,10671,141,13525,18 Hallett Rd,2014-02-02 00:00:00,1
T221,27434,224,12047,20 Main North Rd,2014-03-16 00:00:00,2
T222,50150,H20,12643,22B St Bernards Rd,2013-11-24 00:00:00,1
T223,10331,H20,14000,10  Marion Rd,2014-04-13 00:00:00,1
T224,27149,203F,11261,46 Fairfax Rd,2013-11-17 00:00:00,1
T225,27526,224F,10811,35 Salisbury Hwy,2014-01-05 00:00:00,2
T226,16266,M44,14294,14 Marion Rd,2014-02-09 00:00:00,1
T227,5895,300,12350,222 Woodville Rd,2014-04-06 00:00:00,1
T228,62848,749,17675,117 Rowley Rd,2014-01-19 00:00:00,1
T229,13626,265,15176,37 Seacombe Rd,2014-02-16 00:00:00,3
T230,15825,265,14326,21G Gordon St,2013-07-14 00:00:00,1
T231,17603,203B,11366,35 Bridge Rd,2014-02-09 00:00:00,2
T232,58458,G10,11796,23 Prospect Rd,2014-01-05 00:00:00,1
T233,27852,229F,11685,25 Main North Rd,2013-11-17 00:00:00,4
T234,14085,271,12396,18 North East Rd,2014-04-13 00:00:00,1
T235,46198,174,12368,22 Lower North East Rd,2013-12-08 00:00:00,1
T236,12806,169,17941,6 Richmond Rd,2014-03-23 00:00:00,13
T237,58264,G10,14993,26A University Dr,2013-07-21 00:00:00,6
T238,13578,262,13781,2 Anzac Hwy,2014-03-16 00:00:00,4
T239,5479,157,13297,W1 North Tce,2013-12-08 00:00:00,4
T240,28033,248,14234,13 South Tce,2013-08-04 00:00:00,1
T241,50549,H30,16377,28 Seaview Rd,2013-12-15 00:00:00,18
T242,50658,H31,13190,4 Magill Rd,2013-11-03 00:00:00,2
T243,58994,M44,13361,W2 King William St,2014-01-19 00:00:00,39
T244,15545,G10C,12564,12 Prospect Rd,2014-07-06 00:00:00,12
T245,16573,M44,14602,20 Marion Rd,2014-03-09 00:00:00,1
T246,15083,G10,13049,3 O'Connell St,2014-06-15 00:00:00,3
T247,50129,H20,16400,6 The Parade,2013-11-10 00:00:00,2
T248,36959,580,13704,1A Richmond Rd,2013-10-06 00:00:00,11
T249,11403,147,13577,9 Stirling St,2014-06-22 00:00:00,1
T250,15107,G10,11796,23 Prospect Rd,2014-03-02 00:00:00,1
T251,30041,722F,15687,44 Old South Rd,2013-10-13 00:00:00,3
T252,53065,271,11937,28 North East Rd,2013-09-08 00:00:00,1
T253,56828,230,13091,2 King William Rd,2013-09-15 00:00:00,1
T254,28680,442,10188,76 Blair Park Dr,2013-08-18 00:00:00,1
T255,17868,861,13710,1 Glen Osmond Rd,2014-04-20 00:00:00,1
T256,14782,C1X,10945,50 Golden Grove Rd,2014-06-01 00:00:00,25
T257,18062,506,11619,35 Wandana Av,2013-09-15 00:00:00,1
T258,11250,H30,13343,E3 Currie St,2014-02-09 00:00:00,15
T259,8483,556,11968,30 Lower North East Rd,2013-11-03 00:00:00,2
T260,7458,M44,14963,Zone B Marion Interchange,2013-06-30 00:00:00,1
T261,58898,M44,14258,13 Marion Rd,2013-09-01 00:00:00,1
T262,27416,222,17529,Zone D Mawson Interchange,2013-12-15 00:00:00,3
T263,53396,502,16667,Zone A Klemzig Interchange,2013-11-03 00:00:00,1
T264,55254,N4,17986,Hallett Cove,2013-08-25 00:00:00,2
T265,58262,G10,14993,26A University Dr,2013-10-27 00:00:00,2
T266,49452,B10,13096,26 Magill Rd,2013-10-20 00:00:00,1
T267,8631,200,13538,I1 King William St,2014-05-04 00:00:00,2
T268,50643,H30S,13231,2 North Tce,2013-10-13 00:00:00,2
T269,50063,H20,12742,22 St Bernards Rd,2013-12-15 00:00:00,2
T270,51535,W90,14595,20C Daws Rd,2013-08-04 00:00:00,1
T271,30868,820S,14077,25A Greenhill Rd,2013-10-06 00:00:00,1
T272,16754,251,12661,15 South Rd,2013-09-29 00:00:00,1
T273,27495,224F,10265,60 Philip Hwy,2013-09-08 00:00:00,1
T274,47585,281,12317,21 Fourth Av,2013-09-22 00:00:00,4
T275,30852,820,13664,6 Greenhill Rd,2013-07-14 00:00:00,1
T276,50644,H30S,16426,9 Henley Beach Rd,2013-07-21 00:00:00,3
T277,44726,100,12472,220 Woodville Rd,2013-09-22 00:00:00,3
T278,18379,542,10968,58 Haines Rd,2014-04-06 00:00:00,1
T279,17485,204,12869,7 Walkerville Tce,2013-10-13 00:00:00,1
T280,6065,190,14224,11 Belair Rd,2014-06-29 00:00:00,3
T281,15863,G21,15510,Zone B Aberfoyle Hub Centre In,2014-02-09 00:00:00,7
T282,18566,251,13048,3 Ward St,2014-04-20 00:00:00,1
T283,49530,B10,13324,X1 West Tce,2013-06-30 00:00:00,1
T284,44812,118,12602,30 Tapleys Hill Rd,2014-01-05 00:00:00,1
T285,58484,G10,14777,23 Fiveash Dr,2013-08-04 00:00:00,1
T286,45294,157,13292,U1 North Tce,2013-09-29 00:00:00,20
T287,16023,743,16107,54 Honeypot Rd,2013-08-04 00:00:00,3
T288,11928,168,13373,Y2 Currie St,2014-05-04 00:00:00,1
T289,28083,262,14707,30 Brighton Rd,2013-12-15 00:00:00,3
T290,31062,861,13975,11 Glen Osmond Rd,2013-06-30 00:00:00,2
T291,13829,141,13399,9 Kensington Rd,2014-02-09 00:00:00,4
T292,18336,864F,14899,48 Mount Barker Rd,2014-05-11 00:00:00,3
T293,4041,C2,13354,D1 Currie St,2013-12-29 00:00:00,1
T294,50543,H30,16351,29D Military Rd,2013-10-27 00:00:00,1
T295,47155,230,12826,7A Torrens Rd,2013-07-07 00:00:00,2
T296,11819,J1,17978,8A Sir Donald Bradman Dr,2014-06-22 00:00:00,10
T297,1656,230,12765,9 Torrens Rd,2013-12-22 00:00:00,1
T298,27693,228F,10281,57 Main North Rd,2014-05-18 00:00:00,5
T299,46470,178,12202,48 Silkes Rd,2013-06-30 00:00:00,3
T300,15873,G21,15301,38A Black Rd,2014-05-25 00:00:00,17
T301,3194,239,12859,7 Jeffcott St,2014-05-18 00:00:00,1
T302,27506,224F,13003,4 O'Connell St,2014-06-08 00:00:00,1
T303,48727,719,14893,25A Main South Rd,2013-08-25 00:00:00,1
T304,36799,560,10265,60 Philip Hwy,2013-09-01 00:00:00,2
T305,429,723F,15432,35A Bluehills Rd,2014-06-08 00:00:00,1
T306,27517,224F,12139,18 Main North Rd,2013-12-15 00:00:00,2
T307,15533,G10C,12623,11 Prospect Rd,2014-03-02 00:00:00,2
T308,56511,190,14254,12 Belair Rd,2013-09-01 00:00:00,8
T309,50529,H30,16346,30A Military Rd,2013-07-21 00:00:00,9
T310,27773,228X,10258,60 Midway Rd,2014-06-29 00:00:00,2
T311,7421,503,11410,44 Wright Rd,2014-03-30 00:00:00,1
T312,15758,263,14844,33 Brighton Rd,2014-04-20 00:00:00,1
T313,51544,W90,14866,27A Bradley Gr,2014-01-05 00:00:00,2
T314,18407,542X,10968,58 Haines Rd,2014-03-30 00:00:00,19
T315,27200,208,11830,27C Sir Ross Smith Bvd,2013-09-15 00:00:00,1
T316,7158,230,11587,Zone C Port Adelaide Interchan,2014-06-01 00:00:00,1
T317,1232,734,16041,Zone E Colonnades Interchange,2013-12-22 00:00:00,12
T318,3610,451,10101,73 Peachey Rd,2014-03-30 00:00:00,1
T319,50058,H20,13774,8H  Marion Rd,2013-10-20 00:00:00,2
T320,6567,196F,14281,13 Belair Rd,2014-05-25 00:00:00,3
T321,5836,H33C,12990,11 Coorara Av,2014-03-16 00:00:00,1
T322,58995,M44,12126,Zone D Paradise Interchange,2014-01-19 00:00:00,7
T323,6591,230,12861,7 Jeffcott St,2014-06-22 00:00:00,2
T324,17066,253,16279,X2 King William St,2013-09-01 00:00:00,37
T325,63469,720H,15701,45A Grant Rd,2014-03-23 00:00:00,2
T326,6977,230,11748,35 Grand Junction Rd,2014-02-09 00:00:00,1
T327,27504,224F,12465,14 Main North Rd,2014-02-02 00:00:00,3
T328,48290,500,10528,Zone H Salisbury Interchange,2013-09-15 00:00:00,36
T329,48804,721F,17878,39 Main South Rd,2013-09-15 00:00:00,2
T330,28650,442,10224,Zone B Elizabeth City Centre,2014-06-15 00:00:00,22
T331,7356,502,10889,43 Bridge Rd,2014-06-29 00:00:00,7
T332,31682,C2,17954,78B Sandstock Bvd,2013-07-07 00:00:00,1
T333,27699,228F,10191,68 Yorktown Rd,2013-08-18 00:00:00,4
T334,10595,209F,11481,32 Briens Rd,2014-03-23 00:00:00,1
T335,59022,M44,14434,17 Marion Rd,2013-10-27 00:00:00,11
T336,27691,228F,13078,2 King William Rd,2013-08-11 00:00:00,2
T337,48798,721F,15785,49 Main South Rd,2013-09-29 00:00:00,2
T338,663,400,10245,62 Midway Rd,2014-05-04 00:00:00,1
T339,17375,502,11800,28 Sudholz Rd,2013-07-14 00:00:00,3
T340,5927,300,12463,220 Woodville Rd,2014-03-30 00:00:00,2
T341,61867,744,16130,51B Brodie Rd,2013-11-24 00:00:00,1
T342,45144,147,13548,J1 Hutt St,2013-11-03 00:00:00,1
T343,36802,560,10645,46B Smith St,2013-11-24 00:00:00,3
T344,7022,232,12315,21 Regency Rd,2014-03-16 00:00:00,1
T345,27778,228X,16275,Z2 King William St,2013-07-28 00:00:00,27
T346,28622,442,17316,84 Somerset Gr,2014-05-25 00:00:00,2
T347,50570,H30,12985,12 Coorara Av,2013-10-27 00:00:00,1
T348,42274,N4,14841,28A Morphett Rd,2013-09-08 00:00:00,4
T349,27219,208B,12994,4 Melbourne St,2013-07-21 00:00:00,1
T350,10767,H22,16415,5 Henley Beach Rd,2014-01-26 00:00:00,3
T351,44791,117,12438,32 Tapleys Hill Rd,2013-08-25 00:00:00,2
T352,44695,100,14129,174 Cross Rd,2013-11-03 00:00:00,1
T353,27554,225,11609,26 Port Wakefield Rd,2013-10-13 00:00:00,1
T354,30950,838H,18620,64A Cameron Rd,2013-12-29 00:00:00,3
T355,15939,G40,16282,C2 King William St,2014-06-29 00:00:00,48
T356,28720,461,18175,77E Andrews Rd,2014-01-12 00:00:00,1
T357,58881,M44,14432,17 Marion Rd,2013-09-01 00:00:00,3
T358,47341,232,12312,19 Regency Rd,2013-07-07 00:00:00,3
T359,31243,864,14814,37 Mount Barker Rd,2013-12-22 00:00:00,1
T360,11572,248,13457,W2 Grote St,2014-02-23 00:00:00,45
T361,17895,541G,10788,Zone D Golden Grove Village In,2014-06-01 00:00:00,6
T362,45611,170,13790,3 George St,2013-12-22 00:00:00,1
T363,975,734,16020,66 Beach Rd,2014-05-04 00:00:00,1
T364,50065,H20,16417,5 Henley Beach Rd,2013-07-21 00:00:00,3
T365,10025,204,12195,20A Muller Rd,2014-02-16 00:00:00,1
T366,31064,861,13926,10 Glen Osmond Rd,2013-11-10 00:00:00,5
T367,12291,J1,13371,B1 Currie St,2014-03-09 00:00:00,2
T368,14118,273,13062,2A Melbourne St,2014-06-29 00:00:00,2
T369,52988,254,12540,18 Torrens Rd,2013-09-01 00:00:00,1
T370,11535,245,13829,3 Anzac Hwy,2014-02-02 00:00:00,1
T371,17366,502,10570,48 Park Tce,2013-07-21 00:00:00,1
T372,14260,178,13021,8 Payneham Rd,2014-02-02 00:00:00,6
T373,27656,228,10355,55 Main North Rd,2014-06-22 00:00:00,1
T374,27406,222,17265,33F Mawson Lakes Bvd,2013-08-25 00:00:00,1
T375,13751,174,12622,18 / 18C Lower North East Rd,2014-03-23 00:00:00,1
T376,13533,281,12644,13 Vale St,2014-04-20 00:00:00,4
T377,48795,721F,14630,20 South Rd,2013-08-11 00:00:00,1
T378,15359,491,18326,114 Dawkins Av,2014-04-06 00:00:00,1
T379,10710,142,13547,15 Knightsbridge Rd,2014-03-23 00:00:00,2
T380,50997,J1,13535,8 Sir Donald Bradman Dr,2013-07-28 00:00:00,3
T381,22424,740,18682,Zone B Seaford Interchange,2014-07-06 00:00:00,1
T382,46875,200,14585,20 Boothby St,2013-06-30 00:00:00,22
T383,27697,228F,10281,57 Main North Rd,2013-08-04 00:00:00,1
T384,16691,251,12763,13 Hawker St,2013-08-25 00:00:00,3
T385,555,361,11550,36 Nelson Rd,2013-10-20 00:00:00,2
T386,45690,171,13758,3 Glen Osmond Rd,2014-01-05 00:00:00,15
T387,31055,861,13509,R1 Pulteney St,2014-01-05 00:00:00,2
T388,14663,G10,13460,W3 Grote St,2014-06-01 00:00:00,2
T389,47513,263,14248,14A Anzac Hwy,2013-12-15 00:00:00,1
T390,33197,400,10241,63 Kinkaid Rd,2014-01-19 00:00:00,2
T391,58279,G10,13888,5 Goodwood Rd,2013-11-17 00:00:00,3
T392,16678,252,12719,14 Hawker St,2013-08-11 00:00:00,8
T393,17953,542,10919,60 Hamilton Rd,2014-01-26 00:00:00,1
T394,5683,101,12966,207 Holbrooks Rd,2014-06-08 00:00:00,4
T395,14286,178,13300,Y2 King William St,2014-04-13 00:00:00,24
T396,16709,251A,11815,27A Medika Bvd,2013-12-22 00:00:00,5
T397,64979,719,18486,W Grote St,2014-05-18 00:00:00,20
T398,15734,263,16589,5A Anzac Hwy,2014-04-06 00:00:00,1
T399,50450,H30,13364,W3 Currie St,2013-11-24 00:00:00,4
T400,14139,273,12541,15 North East Rd,2014-03-16 00:00:00,1
T401,27334,222,11967,21 Main North Rd,2014-01-05 00:00:00,10
T402,56493,190,14412,19 Bray St,2013-11-10 00:00:00,5
T403,12646,252,11616,34 Eastern Pde,2014-02-23 00:00:00,1
T404,13828,141,13312,X1 Pulteney St,2014-02-02 00:00:00,5
T405,17739,235,12696,9 Churchill Rd,2014-05-18 00:00:00,2
T406,45401,167,14058,17 St Andrews Cr,2013-11-10 00:00:00,1
T407,6099,190,14402,16 Bray St,2014-05-25 00:00:00,2
T408,50321,H22,16415,5 Henley Beach Rd,2013-10-20 00:00:00,4
T409,5912,300,12228,19 Regency Rd,2014-04-13 00:00:00,3
T410,45384,167,14253,30 Tapleys Hill Rd,2013-10-13 00:00:00,3
T411,51613,W90,13756,2 Goodwood Rd,2013-07-14 00:00:00,5
T412,14151,273,12473,16 North East Rd,2014-04-20 00:00:00,4
T413,45607,170,13292,U1 North Tce,2013-08-04 00:00:00,5
T414,51565,W90,13350,D3 Currie St,2013-12-01 00:00:00,1
T415,7019,232,13440,T1 Wakefield St,2014-06-22 00:00:00,1
T416,48756,720,14221,11 South Rd,2013-08-18 00:00:00,2
T417,8829,556,11517,39 Grand Junction Rd,2013-08-04 00:00:00,1
T418,22452,741,16179,79 Commercial Rd,2014-06-22 00:00:00,3
T419,12741,168,13728,3A Richmond Rd,2014-03-09 00:00:00,5
T420,12906,W90,13013,8 Sixth Av,2014-02-16 00:00:00,3
T421,7376,502X,13326,H2 Grenfell St,2014-06-08 00:00:00,27
T422,17421,839,17655,85 Hurling Dr,2014-04-20 00:00:00,6
T423,44787,117,12616,30 Tapleys Hill Rd,2013-07-07 00:00:00,3
T424,31127,861,13472,G1 Pulteney St,2014-01-19 00:00:00,3
T425,29033,545X,11051,51 Mcintyre Rd,2013-09-01 00:00:00,10
T426,28559,441,10159,75 Campbell Rd,2013-09-29 00:00:00,1
T427,58536,G10A,13556,Y1 Sturt St,2013-09-15 00:00:00,4
T428,1240,734,15529,55 Young St,2013-12-22 00:00:00,1
T429,28751,494,18241,158 Sunnyside Dr,2013-07-07 00:00:00,2
T430,10685,142,13416,4 Kensington Rd,2014-03-30 00:00:00,12
T431,31812,G40,10744,57 John Rd,2013-09-15 00:00:00,7
T432,10161,117,12747,23  Findon Rd,2014-06-15 00:00:00,1
T433,9268,B10,13209,6 South Rd,2014-02-16 00:00:00,1
T434,50633,H30S,13194,3A Magill Rd,2014-01-19 00:00:00,1
T435,16864,254X,11747,35 Grand Junction Rd,2013-08-04 00:00:00,2
T436,18385,542X,11043,54 Elizabeth St,2014-01-26 00:00:00,16
T437,18640,253,13069,5 Hill St,2014-03-16 00:00:00,1
T438,11268,H30,12893,23 Moules Rd,2014-02-02 00:00:00,1
T439,48120,333,11511,Zone B Glanville Station,2013-07-07 00:00:00,1
T440,57285,600,15139,29B Shepherds Hill Rd,2013-12-29 00:00:00,2
T441,11713,157,12415,33 West Lakes Bvd,2014-06-15 00:00:00,3
T442,57947,C1,13365,C1 Currie St,2013-10-06 00:00:00,1
T443,16437,M44,13566,J1 West Tce,2014-05-25 00:00:00,1
T444,10315,H20,13373,Y2 Currie St,2014-06-08 00:00:00,1
T445,11716,H32,16472,22A Lexington Rd,2014-03-30 00:00:00,11
T446,8951,506,11393,42 Smart Rd,2013-09-22 00:00:00,1
T447,50552,H30,18492,Zone C West Lakes Interchange,2013-11-24 00:00:00,9
T448,58810,G21,15290,35 Flagstaff Rd,2013-07-14 00:00:00,1
T449,27943,241A,13863,5A Daly Av,2013-09-15 00:00:00,1
T450,50939,J1,16408,3 Henley Beach Rd,2013-06-30 00:00:00,4
T451,8785,200C,13917,6 King William Rd,2014-05-11 00:00:00,1
T452,15954,G10,14457,16 Goodwood Rd,2014-05-04 00:00:00,1
T453,48433,502,11802,28 Sudholz Rd,2014-01-19 00:00:00,7
T454,29614,720H,17969,Zone A Hallett Cove Shopping C,2013-07-28 00:00:00,3
T455,49708,B10C,13089,25 Vine St,2013-08-25 00:00:00,1
T456,13253,171,14336,19 Princes Rd,2014-05-25 00:00:00,1
T457,31227,864,15329,61 Mount Barker Rd,2013-12-01 00:00:00,3
T458,11025,235,12861,7 Jeffcott St,2014-05-25 00:00:00,1
T459,19090,300,14102,168 Cross Rd,2014-06-22 00:00:00,1
T460,12619,251,12763,13 Hawker St,2014-06-08 00:00:00,8
T461,10359,H21,16395,8 The Parade,2014-02-02 00:00:00,7
T462,11763,H33,16457,18 Henley Beach Rd,2014-01-26 00:00:00,1
T463,1195,404,10594,43 Martins Rd,2013-08-04 00:00:00,5
T464,12433,239,13283,S1 North Tce,2013-12-22 00:00:00,2
T465,65007,720,14676,21 South Rd,2013-12-08 00:00:00,4
T466,27770,228F,10711,45 Main North Rd,2013-11-10 00:00:00,2
T467,57041,300,12991,26 Grange Rd,2013-09-08 00:00:00,1
T468,28951,541X,11282,48 Hancock Rd,2013-10-27 00:00:00,7
T469,45039,144,13529,2 Grant Av,2013-08-04 00:00:00,2
T470,4840,271,12680,11 North East Rd,2014-06-29 00:00:00,8
T471,44809,118,12602,30 Tapleys Hill Rd,2013-12-29 00:00:00,2
T472,58254,G10,13078,2 King William Rd,2013-12-08 00:00:00,2
T473,49538,B10,13256,4 George St,2013-09-22 00:00:00,1
T474,58937,M44,13452,D2 Grote St,2013-12-29 00:00:00,4
T475,17412,838H,18183,66E Dutton Rd,2014-05-04 00:00:00,1
T476,16210,G40,10893,51 Golden Grove Rd,2014-03-09 00:00:00,5
T477,7445,281,13299,C1 North Tce,2014-02-02 00:00:00,2
T478,29058,546X,11403,43S Smart Rd,2014-01-12 00:00:00,2
T479,498,452,10056,80 Anderson Wk,2013-11-10 00:00:00,1
T480,19206,864F,15103,54 Mount Barker Rd,2014-02-16 00:00:00,1
T481,58581,G10B,12378,15 Prospect Rd,2013-10-06 00:00:00,4
T482,14791,C2,17332,79 Golden Grove Rd,2014-06-15 00:00:00,4
T483,58797,G21,15503,Zone C Aberfoyle Hub Centre In,2013-10-06 00:00:00,5
T484,62693,232,12326,18 Days Rd,2014-01-05 00:00:00,1
T485,32428,J7,12747,23  Findon Rd,2013-11-10 00:00:00,3
T486,51745,W91,13287,B1 Pulteney St,2013-08-11 00:00:00,34
T487,27252,222,18395,Zone A Main Street,2014-06-29 00:00:00,1
T488,51194,J2,13306,B2 Pulteney St,2013-10-27 00:00:00,16
T489,45853,172,14215,12 Harrow Tce,2014-01-05 00:00:00,1
T490,12713,253X,13261,Z3 King William St,2014-06-29 00:00:00,3
T491,50834,H32,16415,5 Henley Beach Rd,2014-01-19 00:00:00,7
T492,65002,720,14776,23 South Rd,2014-06-08 00:00:00,2
T493,50130,H20,12418,24 Newton Rd,2013-10-13 00:00:00,3
T494,56711,230,12608,12 Harrison Rd,2013-10-20 00:00:00,4
T495,4417,271,11618,35 North East Rd,2013-07-28 00:00:00,6
T496,8599,B10,12967,22 Grange Rd,2014-05-11 00:00:00,1
T497,57032,300,13217,144 Portrush Rd,2013-09-01 00:00:00,1
T498,27685,228F,12297,17 Main North Rd,2014-06-29 00:00:00,9
T499,9611,528,12069,22A Birdwood Rd,2014-05-04 00:00:00,3
T500,45274,157,12774,12 Port Rd,2013-12-01 00:00:00,2
T501,11980,248F,14506,21 Hendrie St,2014-06-22 00:00:00,9
T502,56504,190,13978,7 Unley Rd,2013-10-06 00:00:00,1
T503,46499,178F,12062,37 Gorge Rd,2013-11-03 00:00:00,3
T504,437,400,10505,49A Waterloo Corner Rd,2014-06-22 00:00:00,1
T505,27637,228,10239,64 Kinkaid Rd,2014-01-12 00:00:00,3
T506,7757,200,13969,7 King William Rd,2014-03-23 00:00:00,2
T507,56927,232,12163,27 Torrens Rd,2013-07-14 00:00:00,3
T508,17072,254,13261,Z3 King William St,2013-07-07 00:00:00,21
T509,12755,G10,14741,22 Fiveash Dr,2013-07-07 00:00:00,1
T510,27662,228,12771,8 Main North Rd,2013-11-10 00:00:00,1
T511,50861,J1,17978,8A Sir Donald Bradman Dr,2013-08-11 00:00:00,1
T512,273,400,10405,54 John Rice Av,2013-08-25 00:00:00,4
T513,15744,M44,13341,T3 Grenfell St,2014-02-09 00:00:00,1
T514,36390,411,10631,39B Jamison St,2013-09-01 00:00:00,1
T515,14203,174,12842,11 Payneham Rd,2014-03-02 00:00:00,2
T516,58204,C2,10945,50 Golden Grove Rd,2013-07-21 00:00:00,2
T517,11762,H33,16426,9 Henley Beach Rd,2014-03-09 00:00:00,6
T518,6574,196F,13561,K1 Pulteney St,2014-03-16 00:00:00,2
T519,56800,230,12326,18 Days Rd,2013-10-27 00:00:00,17
T520,58897,M44,11237,46 Ladywood Rd,2013-08-04 00:00:00,1
T521,16631,M44C,14888,28 Finniss St,2014-03-09 00:00:00,11
T522,7410,503,11797,34C Valiant Rd,2014-06-29 00:00:00,2
T523,56971,232R,16279,X2 King William St,2013-08-04 00:00:00,67
T524,16753,252,12567,17 Torrens Rd,2013-08-04 00:00:00,1
T525,64374,681,15542,57H Cherub St,2014-03-16 00:00:00,4
T526,50064,H20,13813,8K  Marion Rd,2013-09-29 00:00:00,2
T527,18326,864,13707,1 Glen Osmond Rd,2014-06-08 00:00:00,1
T528,27689,228F,10096,78 Uley Rd,2013-07-28 00:00:00,1
T529,51539,W90,13811,4 Leader St,2013-08-11 00:00:00,1
T530,10771,H22,16408,3 Henley Beach Rd,2014-03-16 00:00:00,4
T531,49648,B10,13242,3 George St,2013-08-11 00:00:00,3
T532,57024,300,12215,21 North East Rd,2014-01-12 00:00:00,3
T533,29732,721,15996,59 Beach Rd,2013-10-27 00:00:00,1
T534,48740,720,15474,49 Quailo Av,2013-11-17 00:00:00,3
T535,51181,J2,13562,11 Sir Donald Bradman Dr,2013-09-29 00:00:00,1
T536,44935,141,13345,E2 Currie St,2013-11-10 00:00:00,15
T537,16872,254X,11898,28A Hanson Rd,2013-11-17 00:00:00,5
T538,50544,H30,13194,3A Magill Rd,2013-12-08 00:00:00,1
T539,29825,721F,15362,34 Main South Rd,2013-07-21 00:00:00,1
T540,6193,172,13432,H1 Wakefield St,2014-04-13 00:00:00,1
T541,27696,228F,10281,57 Main North Rd,2014-05-18 00:00:00,1
T542,44996,142,13423,2 Kensington Rd,2013-10-20 00:00:00,7
T543,1547,745,16155,74 Barcelona Rd,2014-02-16 00:00:00,1
T544,17366,502,10998,40A Bridge Rd,2013-12-22 00:00:00,1
T545,51187,J2,16409,2 Henley Beach Rd,2013-12-22 00:00:00,4
T546,50957,J1,13530,6 Sir Donald Bradman Dr,2013-08-25 00:00:00,1
T547,51590,W90,14864,27A Bradley Gr,2013-12-22 00:00:00,1
T548,14120,273,12146,22 North East Rd,2014-04-06 00:00:00,4
T549,10778,H22,16369,17 The Parade,2014-02-02 00:00:00,4
T550,468,400,10330,56B Hogarth Rd,2013-11-17 00:00:00,1
T551,15123,G10,16288,V1 King William St,2014-06-08 00:00:00,7
T552,63475,720H,13461,X1 Grote St,2013-12-01 00:00:00,2
T553,65383,721F,15140,30 Main South Rd,2014-03-30 00:00:00,2
T554,45324,162,13513,5B Sir Donald Bradman Dr,2013-10-27 00:00:00,23
T555,64344,B10,13279,R1 North Tce,2014-01-05 00:00:00,8
T556,57047,300,15049,Zone A Flinders Medical Centre,2014-01-05 00:00:00,1
T557,49528,B10,12733,31 Frederick Rd,2013-11-10 00:00:00,1
T558,9182,507,11479,38 North East Rd,2013-10-06 00:00:00,4
T559,65015,720,15189,40 Brighton Rd,2014-05-04 00:00:00,3
T560,7029,232,16279,X2 King William St,2014-04-27 00:00:00,24
T561,22505,745,16047,Zone B Noarlunga Centre Interc,2014-06-29 00:00:00,18
T562,52958,253,12245,Zone E Arndale Interchange,2013-07-14 00:00:00,9
T563,57021,300,14753,22 Fiveash Dr,2013-09-01 00:00:00,3
T564,50138,H20,16420,7 Henley Beach Rd,2013-11-17 00:00:00,2
T565,7651,287,13244,30 Military Rd,2014-04-20 00:00:00,2
T566,57024,300,12747,23  Findon Rd,2013-10-13 00:00:00,6
T567,10674,141,13385,12 Kensington Rd,2014-06-22 00:00:00,1
T568,29076,556,11968,30 Lower North East Rd,2013-07-21 00:00:00,4
T569,64152,744,16100,55 Honeypot Rd,2013-12-29 00:00:00,1
T570,23438,745A,16047,Zone B Noarlunga Centre Interc,2014-03-16 00:00:00,2
T571,5738,117,12806,21  Crittenden Rd,2014-04-06 00:00:00,1
T572,46349,178,12004,38 Coulls Rd,2013-11-17 00:00:00,1
T573,27769,228F,17982,2 King William Rd,2013-09-01 00:00:00,1
T574,57837,C1,11378,Zone E Tea Tree Plaza Intercha,2013-10-13 00:00:00,49
T575,17145,265,13781,2 Anzac Hwy,2013-08-11 00:00:00,2
T576,45173,150,17452,51A Victoria Rd,2013-08-18 00:00:00,1
T577,65049,720,14776,23 South Rd,2013-12-22 00:00:00,1
T578,64774,720H,14902,25B Main South Rd,2013-12-29 00:00:00,2
T579,7908,506,11048,52 Nelson Rd,2014-06-29 00:00:00,1
T580,49647,B10,13219,6 South Rd,2013-10-20 00:00:00,1
T581,27312,222,16647,33E Mawson Lakes Bvd,2014-06-01 00:00:00,2
T582,44807,118,11908,35 Old Port Rd,2013-07-14 00:00:00,4
T583,44819,118,12670,24 Trimmer Pde,2013-10-13 00:00:00,1
T584,7046,232,12968,5A Jeffcott St,2014-06-08 00:00:00,2
T585,21213,C1,10790,Zone A Golden Grove Village In,2014-04-20 00:00:00,1
T586,27443,224,16647,33E Mawson Lakes Bvd,2013-12-01 00:00:00,1
T587,16604,M44,10899,57 Richardson Dr,2014-03-30 00:00:00,2
T588,45206,150,13302,X1 North Tce,2014-01-05 00:00:00,2
T589,52990,254,12498,19 Torrens Rd,2013-07-28 00:00:00,1
T590,52658,224,10698,40 Salisbury Hwy,2014-01-19 00:00:00,1
T591,10060,208,17397,23A Princes Rd,2014-06-08 00:00:00,2
T592,31139,861,13338,F3 Grenfell St,2013-09-22 00:00:00,58
T593,22329,747,17210,94 Grand Bvd,2014-06-08 00:00:00,1
T594,6059,190,14491,24 Cliff St,2014-02-16 00:00:00,2
T595,44907,141,13399,9 Kensington Rd,2013-12-01 00:00:00,5
T596,8715,200B,15053,Zone B Flinders Medical Centre,2014-06-01 00:00:00,37
T597,18022,506,11062,60 Kelly Rd,2013-10-27 00:00:00,3
T598,19377,271,13354,D1 Currie St,2014-04-20 00:00:00,1
T599,5889,300,13046,9  Portrush Rd,2014-02-16 00:00:00,15
T600,56681,196F,14801,27 Laffers Rd,2013-11-24 00:00:00,2
T601,56924,232,11748,35 Grand Junction Rd,2013-08-04 00:00:00,3
T602,50969,J1,13527,5C Sir Donald Bradman Dr,2013-09-01 00:00:00,1
T603,54934,G10,12658,10 Prospect Rd,2013-07-07 00:00:00,2
T604,48360,501,12129,Zone C Paradise Interchange,2014-01-05 00:00:00,3
T605,44839,118,12438,32 Tapleys Hill Rd,2013-07-14 00:00:00,1
T606,20163,506,11067,51A Sleep Rd,2014-03-02 00:00:00,1
T607,8913,506,16607,56 Murrell Rd,2014-01-19 00:00:00,1
T608,30385,734,16028,68 Beach Rd,2013-10-13 00:00:00,5
T609,45906,172,14215,12 Harrow Tce,2013-06-30 00:00:00,3
T610,11521,245,13274,A2 King William Rd,2014-03-16 00:00:00,10
T611,11260,H30,17341,31 Stradbroke Rd,2014-06-22 00:00:00,1
T612,47761,287,13224,10 Ashley St,2013-08-11 00:00:00,1
T613,55287,N4,18486,W Grote St,2013-09-08 00:00:00,1
T614,48749,720,14981,31 Sturt Rd,2013-10-06 00:00:00,1
T615,8355,287,13125,19 Valetta Rd,2014-02-02 00:00:00,4
T616,57145,300J,13633,152 Portrush Rd,2013-07-14 00:00:00,1
T617,58372,G10,14433,15 Goodwood Rd,2013-12-29 00:00:00,8
T618,50120,H20,16433,2 Bartels Rd,2013-11-10 00:00:00,1
T619,9823,H30,16440,23 Henley Beach Rd,2014-03-16 00:00:00,1
T620,52676,224,13049,3 O'Connell St,2014-02-23 00:00:00,1
T621,6316,J2,13372,Y1 Currie St,2014-04-20 00:00:00,3
T622,10830,H22L,17798,X1 Glover Av,2014-02-02 00:00:00,1
T623,11754,H33,16446,15 Henley Beach Rd,2014-03-23 00:00:00,2
T624,45496,168,14061,16 Hoylake St,2013-10-20 00:00:00,2
T625,50636,H30S,16418,6 Henley Beach Rd,2013-08-04 00:00:00,11
T626,52993,254,12026,27 Hanson Rd,2013-10-06 00:00:00,1
T627,30860,820,13594,O3 Hutt Rd,2013-10-20 00:00:00,1
T628,6973,230,12487,16 Pym St,2014-06-22 00:00:00,3
T629,7444,281,12594,14 Harris Rd,2014-04-27 00:00:00,2
T630,11690,155,12846,10 Port Rd,2014-03-16 00:00:00,1
T631,972,734,15894,64 Galloway Rd,2014-05-18 00:00:00,4
T632,33896,117,12747,23  Findon Rd,2013-08-25 00:00:00,1
T633,27269,222,16291,U1 Victoria Sq,2014-05-25 00:00:00,16
T634,14282,178,12812,12 Payneham Rd,2014-06-08 00:00:00,1
T635,49516,B10,13189,7 South Rd,2013-08-11 00:00:00,1
T636,8383,288,16591,T1 North Tce,2014-07-06 00:00:00,4
T637,1357,190,14254,12 Belair Rd,2014-01-05 00:00:00,13
T638,13785,174,12750,13A Payneham Rd,2014-04-20 00:00:00,1
T639,50069,H20,13524,8C  Marion Rd,2013-06-30 00:00:00,1
T640,12430,239,11913,29 Days Rd,2013-10-13 00:00:00,1
T641,45159,150,12076,29 Port Rd,2013-07-07 00:00:00,3
T642,64064,281,12344,20 Fourth Av,2014-01-05 00:00:00,2
T643,11258,H30,12921,16 / 16D Glynburn Rd,2014-07-06 00:00:00,2
T644,20067,601,15503,Zone C Aberfoyle Hub Centre In,2014-02-16 00:00:00,2
T645,27609,225M,10534,Zone I Salisbury Interchange,2013-09-15 00:00:00,13
T646,50620,H30S,18492,Zone C West Lakes Interchange,2013-06-30 00:00:00,3
T647,52624,222,12288,17 Main North Rd,2013-08-18 00:00:00,1
T648,45187,150,12835,10 Port Rd,2013-10-27 00:00:00,1
T649,14255,178,12950,9 Payneham Rd,2014-05-11 00:00:00,5
T650,17641,203,12962,5 Melbourne St,2014-03-09 00:00:00,1
T651,10897,W91,13341,T3 Grenfell St,2014-01-26 00:00:00,2
T652,5832,H33C,12761,23 Koonga Av,2014-03-02 00:00:00,3
T653,15761,263,14974,Zone D Marion Interchange,2014-02-02 00:00:00,4
T654,57279,600,15032,Zone B Blackwood Interchange,2013-09-08 00:00:00,2
T655,50566,H30,17722,28 Stradbroke Rd,2013-07-07 00:00:00,2
T656,50646,H30S,16461,12 Henley Beach Rd,2013-12-22 00:00:00,1
T657,12471,J8,18637,29C Cheltenham Pde,2014-04-27 00:00:00,1
T658,50944,J1,16405,1 Henley Beach Rd,2013-12-01 00:00:00,2
T659,45090,147,13579,5 Dulwich Av,2013-10-13 00:00:00,8
T660,16675,251,13078,2 King William Rd,2013-08-18 00:00:00,1
T661,48146,333B,11045,52 Military Rd,2013-12-22 00:00:00,1
T662,31029,860F,13710,1 Glen Osmond Rd,2013-10-20 00:00:00,2
T663,27084,202F,11449,33 Bridge Rd,2013-08-04 00:00:00,1
T664,10867,H30,12443,33 Graves St,2014-06-29 00:00:00,4
T665,58256,G10,13846,4 Goodwood Rd,2013-11-24 00:00:00,5
T666,50435,H30,12454,36 Graves St,2013-08-18 00:00:00,1
T667,50099,H20,13371,B1 Currie St,2013-10-20 00:00:00,1
T668,11198,147,13308,B1 East Tce,2014-02-16 00:00:00,4
T669,56413,190,14281,13 Belair Rd,2013-09-01 00:00:00,1
T670,20865,545,10953,54 Hillendale Dr,2014-02-23 00:00:00,1
T671,27410,222,17536,Zone B Mawson Central Intercha,2014-03-23 00:00:00,1
T672,27764,228F,11682,25 Main North Rd,2014-07-06 00:00:00,4
T673,58295,G10,14542,18 Goodwood Rd,2014-01-12 00:00:00,5
T674,44709,100,12266,Zone A Arndale Interchange,2013-08-18 00:00:00,108
T675,58253,G10,12947,5 O Connell St,2013-07-14 00:00:00,5
T676,13239,171,18035,16B Taylors Rd,2014-04-13 00:00:00,1
T677,44725,100,13945,9C  Marion Rd,2013-10-20 00:00:00,2
T678,20256,542,11367,Zone F Tea Tree Plaza Intercha,2014-03-30 00:00:00,5
T679,36925,579,12348,36 Quondong Av,2013-11-17 00:00:00,1
T680,59046,M44,13814,3 Anzac Hwy,2013-11-03 00:00:00,3
T681,48739,720,13504,1A Sir Donald Bradman Dr,2013-06-30 00:00:00,3
T682,65212,B10,12955,20 Grange Rd,2014-01-05 00:00:00,1
T683,50526,H30,12856,25 Morialta Rd,2013-09-29 00:00:00,1
T684,16816,251,12716,14 Hawker St,2013-08-25 00:00:00,1
T685,12763,168,14011,13 Mooringe Av,2014-05-04 00:00:00,1
T686,6015,178S,13484,S1 Hutt St,2014-04-27 00:00:00,1
T687,59018,M44,10915,56 Richardson Dr,2013-09-01 00:00:00,2
T688,19947,507,11429,40 North East Rd,2014-04-13 00:00:00,1
T689,9582,203B,12994,4 Melbourne St,2014-05-25 00:00:00,1
T690,34641,150,12880,8 Port Rd,2014-01-19 00:00:00,1
T691,58867,M44,16667,Zone A Klemzig Interchange,2013-08-18 00:00:00,1
T692,17161,265,14931,35 Brighton Rd,2013-07-07 00:00:00,5
T693,45163,150,12774,12 Port Rd,2013-12-08 00:00:00,1
T694,23210,C1,10790,Zone A Golden Grove Village In,2013-07-07 00:00:00,15
T695,53311,442,18403,88 Main Tce,2014-06-15 00:00:00,1
T696,36488,440,10157,70 Woodford Rd,2013-09-29 00:00:00,3
T697,11626,150,17452,51A Victoria Rd,2014-03-09 00:00:00,3
T698,17583,208,12474,15 Galway Av,2013-10-27 00:00:00,1
T699,27977,248,13781,2 Anzac Hwy,2013-12-01 00:00:00,3
T700,48388,501,11330,35A Walkleys Rd,2013-10-13 00:00:00,5
T701,28731,493,18223,147 Fifth St,2014-06-08 00:00:00,1
T702,56746,230,12191,26 Torrens Rd,2013-09-29 00:00:00,1
T703,16024,235,11890,21 Churchill Rd,2014-06-22 00:00:00,4
T704,18375,865,13758,3 Glen Osmond Rd,2014-05-18 00:00:00,30
T705,58290,G10,14048,8 Goodwood Rd,2013-09-29 00:00:00,5
T706,58867,M44,13292,U1 North Tce,2013-11-17 00:00:00,3
T707,8766,506,11048,52 Nelson Rd,2013-11-24 00:00:00,1
T708,57455,645,14982,31 Sturt Rd,2013-07-28 00:00:00,1
T709,47729,287,13122,28 Marlborough St,2013-07-21 00:00:00,1
T710,52849,241,14830,29A Morphett Rd,2013-11-10 00:00:00,1
T711,51198,M44,10882,58 Richardson Rd,2013-06-30 00:00:00,1
T712,58345,G10,13922,6 Goodwood Rd,2013-12-15 00:00:00,1
T713,58278,G10,17738,Zone B Registry Rd Flinders Un,2013-11-24 00:00:00,4
T714,5912,300,14001,18  Portrush Rd,2014-06-01 00:00:00,1
T715,7059,232,12608,12 Harrison Rd,2014-04-13 00:00:00,2
T716,5709,117,12199,33F West Lakes Bvd,2014-03-09 00:00:00,1
T717,15316,M44,11370,Zone C Tea Tree Plaza Intercha,2014-01-26 00:00:00,15
T718,28083,262,14297,18 Anzac Hwy,2013-07-07 00:00:00,3
T719,9993,203F,11262,46 Fairfax Rd,2014-03-23 00:00:00,1
T720,13941,147,13649,10 Greenhill Rd,2014-05-18 00:00:00,1
T721,31297,864F,14916,42 Mount Barker Rd,2013-10-13 00:00:00,11
T722,855,733,15477,36 Serpentine Rd,2013-12-08 00:00:00,2
T723,27517,224F,18395,Zone A Main Street,2014-04-20 00:00:00,2
T724,45277,157,12546,18 Port Rd,2013-09-15 00:00:00,2
T725,1090,273,13310,Y1 Pulteney St,2013-07-28 00:00:00,23
T726,16658,251,12820,11 Hawker St,2013-10-13 00:00:00,9
T727,52943,253,12719,14 Hawker St,2013-10-06 00:00:00,2
T728,52555,208,12364,17 Galway Av,2013-10-20 00:00:00,3
T729,11416,147,13282,G2 North Tce,2014-02-23 00:00:00,3
T730,50111,H20,16415,5 Henley Beach Rd,2013-10-27 00:00:00,1
T731,11632,150,11708,37 Commercial Rd,2014-02-16 00:00:00,2
T732,28006,248,14042,10 Anzac Hwy,2013-10-06 00:00:00,1
T733,48163,333B,11071,51 Military Rd,2013-09-22 00:00:00,1
T734,47880,287,13148,21 Valetta Rd,2013-07-28 00:00:00,4
T735,6968,230,12502,14 Harrison Rd,2014-07-06 00:00:00,2
T736,6051,190,14349,14A Edward St,2014-06-29 00:00:00,1
T737,58814,G21,15349,44 Black Rd,2013-11-17 00:00:00,10
T738,28889,506,11401,42A Smart Rd,2013-06-30 00:00:00,3
T739,15333,M44,14133,11A  Marion Rd,2014-04-06 00:00:00,1
T740,13498,232,11665,38 Commercial Rd,2014-02-02 00:00:00,8
T741,27437,224,10259,61 Philip Hwy,2013-08-25 00:00:00,1
T742,9424,H22,16472,22A Lexington Rd,2014-05-04 00:00:00,1
T743,50458,H30,16359,29 Seaview Rd,2013-12-08 00:00:00,1
T744,2532,208,12228,19 Regency Rd,2013-08-25 00:00:00,4
T745,14669,G10,14457,16 Goodwood Rd,2014-06-08 00:00:00,3
T746,53150,400,10328,57 Haydown Rd,2014-04-13 00:00:00,1
T747,14293,178,12101,44 George St,2014-05-18 00:00:00,4
T748,58861,M44,14963,Zone B Marion Interchange,2013-10-27 00:00:00,9
T749,16622,M44,12129,Zone C Paradise Interchange,2014-04-13 00:00:00,2
T750,50149,H20,16415,5 Henley Beach Rd,2013-11-03 00:00:00,4
T751,15569,G20,13566,J1 West Tce,2014-03-30 00:00:00,1
T752,50834,H32,16437,11 Henley Beach Rd,2013-10-27 00:00:00,14
T753,6666,174,13354,D1 Currie St,2014-02-23 00:00:00,1
T754,47917,288,13092,18 Hartley Rd,2013-07-14 00:00:00,1
T755,14290,178,12624,22 Montacute Rd,2014-04-06 00:00:00,3
T756,28651,442,17315,84 Somerset Gr,2013-09-15 00:00:00,1
T757,44751,117,12681,29 Tapleys Hill Rd,2013-07-14 00:00:00,1
T758,28070,248F,14622,22A Hendrie St,2013-08-11 00:00:00,2
T759,13640,265,14212,14 Anzac Hwy,2014-05-25 00:00:00,1
T760,16244,M44,14963,Zone B Marion Interchange,2014-02-23 00:00:00,35
T761,44681,100,14037,19  Portrush Rd,2013-11-10 00:00:00,14
T762,27605,225M,10727,45 Clayson Rd,2013-09-15 00:00:00,3
T763,44837,118,12806,21  Crittenden Rd,2013-08-11 00:00:00,1
T764,15084,G10,12010,20 Prospect Rd,2014-05-18 00:00:00,2
T765,5561,669,14413,Zone C Moseley St,2014-05-11 00:00:00,1
T766,28003,248,14625,22A Hendrie St,2013-09-22 00:00:00,1
T767,57363,645,15251,42 Davenport Tce,2013-12-08 00:00:00,2
T768,30421,734,15762,48 Pimpala Rd,2013-08-25 00:00:00,1
T769,11210,147,13674,5A Greenhill Rd,2014-04-13 00:00:00,1
T770,7898,506,11197,48 Nelson Rd,2014-03-16 00:00:00,1
T771,15701,263,13814,3 Anzac Hwy,2014-06-29 00:00:00,1
T772,27332,222,12409,15 Main North Rd,2014-01-19 00:00:00,1
T773,62722,232,11904,33 Torrens Rd,2014-01-05 00:00:00,9
T774,16629,M44C,14295,14 Marion Rd,2014-04-20 00:00:00,2
T775,18770,T840,18642,Zone A Mt Barker Dumas St,2014-04-06 00:00:00,44
T776,9289,H20,13813,8K  Marion Rd,2014-03-09 00:00:00,3
T777,16308,M44,18491,V Currie Street,2014-07-06 00:00:00,21
T778,12767,168,14011,13 Mooringe Av,2014-03-23 00:00:00,1
T779,47424,241,14149,10 Winifred Av,2013-11-24 00:00:00,7
T780,64349,B10,13324,X1 West Tce,2014-01-19 00:00:00,2
T781,888,733,15333,33 Main South Rd,2014-04-13 00:00:00,2
T782,52682,224,13091,2 King William Rd,2014-05-11 00:00:00,1
T783,15658,G10,13078,2 King William Rd,2014-03-02 00:00:00,2
T784,65162,733,15492,37 Candy Rd,2014-01-05 00:00:00,1
T785,36452,440,17730,66 Woodford Rd,2013-12-08 00:00:00,2
T786,11778,H33,12803,21 Reid Av,2014-02-23 00:00:00,2
T787,13206,262,14305,20 Anzac Hwy,2014-05-18 00:00:00,6
T788,1055,273,12295,20 North East Rd,2013-09-29 00:00:00,2
T789,11901,239,11915,29 Days Rd,2013-11-03 00:00:00,5
T790,19090,300,14605,26 Diagonal Rd,2014-04-20 00:00:00,5
T791,12979,174,12096,Zone I Paradise Interchange,2014-03-23 00:00:00,1
T792,13036,178,12812,12 Payneham Rd,2014-02-02 00:00:00,3
T793,14849,G10,13784,3 Goodwood Rd,2014-02-16 00:00:00,2
T794,48410,502,16600,39 Bridge Rd,2014-01-19 00:00:00,2
T795,29705,721,17119,Zone B Old Reynella Interchang,2013-09-29 00:00:00,5
T796,63243,T722,14416,15 South Rd,2014-05-11 00:00:00,1
T797,7356,502,10645,46B Smith St,2014-06-22 00:00:00,1
T798,10779,H22,16460,20 Henley Beach Rd,2014-07-06 00:00:00,3
T799,57290,600,17727,35B Grand Bvd,2013-07-28 00:00:00,1
T800,31809,G40,16594,61 Bicentenial Dr,2013-09-01 00:00:00,4
T801,11182,147,13576,K1 Hutt St,2014-03-09 00:00:00,2
T802,12476,J8,14964,Zone A Marion Interchange,2014-03-30 00:00:00,1
T803,12343,J2,17327,10 Airport Rd,2014-04-20 00:00:00,20
T804,28178,273,12680,11 North East Rd,2014-01-05 00:00:00,3
T805,50403,H30,13373,Y2 Currie St,2013-10-06 00:00:00,1
T806,63904,733,15782,46A Investigator Rd,2014-05-11 00:00:00,1
T807,50522,H30,13343,E3 Currie St,2014-01-05 00:00:00,4
T808,64773,720H,17969,Zone A Hallett Cove Shopping C,2014-06-22 00:00:00,1
T809,59010,M44,14471,18 Marion Rd,2013-11-10 00:00:00,2
T810,31057,861,13745,2 Glen Osmond Rd,2013-09-01 00:00:00,1
T811,16915,254,12889,8 Hawker St,2013-08-25 00:00:00,1
T812,12421,237,12699,9 Churchill Rd,2013-07-21 00:00:00,1
T813,45557,168,13828,8B Galway Av,2013-09-01 00:00:00,1
T814,10136,208,12424,16 Galway Av,2014-03-02 00:00:00,3
T815,14589,C1G,13365,C1 Currie St,2014-03-02 00:00:00,2
T816,49621,B10,13312,X1 Pulteney St,2013-11-24 00:00:00,7
T817,28139,271,12630,13 North East Rd,2013-06-30 00:00:00,2
T818,58356,G10,14964,Zone A Marion Interchange,2013-10-13 00:00:00,30
T819,57048,300,12657,216 Findon Rd,2013-12-22 00:00:00,1
T820,10168,118,12928,12 Grange Rd,2014-04-27 00:00:00,1
T821,27040,202,11836,26 Hampstead Rd,2013-12-08 00:00:00,1
T822,7966,542,11263,46 North East Rd,2014-01-05 00:00:00,2
T823,48759,720,14221,11 South Rd,2013-11-03 00:00:00,2
T824,14375,157,12885,9 Port Rd,2014-02-02 00:00:00,1
T825,46453,178,13300,Y2 King William St,2013-09-08 00:00:00,1
T826,9555,202F,16279,X2 King William St,2014-05-04 00:00:00,21
T827,45489,168,13728,3A Richmond Rd,2013-11-03 00:00:00,9
T828,627,725,15814,54 Acre Av,2014-03-02 00:00:00,1
T829,17920,541X,11074,52 Hancock Rd,2014-03-30 00:00:00,7
T830,14364,157,12359,23 Port Rd,2014-02-09 00:00:00,1
T831,57559,646,15102,34 Morphett Rd,2014-01-12 00:00:00,1
T832,12336,J2,13531,8 Sir Donald Bradman Dr,2014-05-18 00:00:00,16
T833,63068,753H,17072,97 Main Rd,2014-01-19 00:00:00,3
T834,53190,401,10515,51 Waterloo Corner Rd,2013-08-04 00:00:00,1
T835,58998,M44,14824,26 Township Rd,2013-10-06 00:00:00,6
T836,15821,265,14767,30A King George Av,2013-12-01 00:00:00,11
T837,11255,H30,12894,22 Moules Rd,2014-06-01 00:00:00,1
T838,46338,178,12572,28 Montacute Rd,2013-09-22 00:00:00,2
T839,19718,557X,11874,33 Lower North East Rd,2014-04-20 00:00:00,1
T840,18049,208B,12773,10 Walkerville Tce,2014-06-29 00:00:00,1
T841,16976,200,14273,15 Sussex Tce,2014-03-02 00:00:00,1
T842,13408,118,11757,37 Grand Junction Rd,2014-03-23 00:00:00,1
T843,31802,G40,14919,26 Shepherds Hill Rd,2013-09-15 00:00:00,1
T844,27131,203,16279,X2 King William St,2013-11-24 00:00:00,4
T845,7428,281,12167,24 Mclachlan Rd,2014-03-30 00:00:00,9
T846,50429,H30,12855,25A Morialta Rd,2013-10-06 00:00:00,1
T847,11598,150,12952,7 Port Rd,2014-05-11 00:00:00,1
T848,65342,721F,16005,62 Beach Rd,2014-06-29 00:00:00,2
T849,21253,G10C,13078,2 King William Rd,2014-03-30 00:00:00,1
T850,674,401,17856,62A Springbank Bvd,2014-03-23 00:00:00,8
T851,7344,502,10787,43D Bridge Rd,2014-06-08 00:00:00,2
T852,49662,B10,13193,7 South Rd,2013-11-24 00:00:00,4
T853,50309,H22,13247,11 White Av,2013-10-27 00:00:00,4
T854,63023,751,17084,90 Main Rd,2014-01-05 00:00:00,3
T855,7062,232,12311,20 Regency Rd,2014-03-02 00:00:00,1
T856,8144,543,10910,62 Illyarrie Av,2013-12-08 00:00:00,1
T857,13667,265,15166,39 Brighton Rd,2014-03-02 00:00:00,2
T858,65068,720H,14950,29 Sturt Rd,2014-04-06 00:00:00,2
T859,1348,190,13708,1 Unley Rd,2014-01-19 00:00:00,1
T860,11279,H30,13337,T2 Grenfell St,2014-02-02 00:00:00,50
T861,28162,273,13036,3A Melbourne St,2014-01-19 00:00:00,2
T862,59155,M44T,13453,D1 Grote St,2013-09-08 00:00:00,1
T863,12887,W90,13824,6 Leader St,2014-04-06 00:00:00,2
T864,18722,867,14596,30C Piccadilly Rd,2014-02-16 00:00:00,2
T865,12033,251,12496,19 Torrens Rd,2014-04-27 00:00:00,3
T866,56705,230,12483,15 Pym St,2013-09-01 00:00:00,2
T867,28881,506,11010,53 Murrell Rd,2013-09-01 00:00:00,1
T868,27073,202F,16279,X2 King William St,2013-10-06 00:00:00,8
T869,15024,G10B,11796,23 Prospect Rd,2014-02-02 00:00:00,2
T870,27322,222,11182,33A Mawson Lakes Bvd,2013-07-14 00:00:00,5
T871,56514,190,14391,15B Raglan Av,2013-08-11 00:00:00,3
T872,58258,G10,12135,18 Prospect Rd,2013-11-17 00:00:00,2
T873,56801,230,13049,3 O Connell St,2013-09-22 00:00:00,4
T874,58575,G10B,11672,24 Prospect Rd,2013-07-14 00:00:00,1
T875,7608,281K,13077,3 Hackney Rd,2014-05-25 00:00:00,1
T876,27340,222,12665,11 Main North Rd,2013-10-27 00:00:00,1
T877,273,400,10290,57B Burgate St,2013-10-27 00:00:00,5
T878,15955,G10,12441,14 Prospect Rd,2014-05-18 00:00:00,1
T879,7064,232,12315,21 Regency Rd,2014-04-06 00:00:00,1
T880,36311,411,10450,43C Liberator Dr,2014-01-12 00:00:00,1
T881,45702,171,14229,14 Fullarton Rd,2013-11-10 00:00:00,3
T882,19223,864F,18642,Zone A Mt Barker Dumas St,2014-04-13 00:00:00,1
T883,56508,190,14402,16 Bray St,2013-08-11 00:00:00,2
T884,51214,M44,11049,50 Ladywood Rd,2013-06-30 00:00:00,2
T885,9726,B10,13239,1A George St,2014-02-09 00:00:00,3
T886,9370,H22,13348,E1 Currie St,2014-03-30 00:00:00,10
T887,903,733,15337,33 Main South Rd,2013-12-01 00:00:00,8
T888,20545,557,11544,38 Valley Rd,2014-03-23 00:00:00,1
T889,13965,287,13297,W1 North Tce,2014-03-23 00:00:00,2
T890,20163,506,11948,29B Sudholz Rd,2014-04-20 00:00:00,2
T891,46179,174,12464,20A Lower North East Rd,2013-10-27 00:00:00,1
T892,45099,147,13579,5 Dulwich Av,2014-01-05 00:00:00,6
T893,12870,W90,12520,15 Wilpena Av,2014-03-16 00:00:00,8
T894,11098,241,13798,3A Everard Av,2014-02-16 00:00:00,2
T895,3624,451,18125,74C President Ave,2014-06-08 00:00:00,3
T896,12656,252,13078,2 King William Rd,2014-06-08 00:00:00,3
T897,56936,232,12308,19 Regency Rd,2013-10-20 00:00:00,1
T898,13784,174,12760,13A Payneham Rd,2014-06-15 00:00:00,3
T899,44804,118,12858,20  Crittenden Rd,2013-08-11 00:00:00,4
T900,11237,H30,12910,19 Arthur St,2014-05-11 00:00:00,1
T901,13164,254X,16287,V2 King William St,2014-03-16 00:00:00,28
T902,5578,652,11304,46 Military Rd,2014-06-22 00:00:00,18
T903,47678,281,13077,3 Hackney Rd,2013-11-17 00:00:00,1
T904,44770,117,11623,39A Dale St,2014-01-19 00:00:00,6
T905,12891,W90,14950,29 Sturt Rd,2014-03-30 00:00:00,1
T906,30819,753,17084,90 Main Rd,2013-07-21 00:00:00,1
T907,45118,147,13282,G2 North Tce,2014-01-19 00:00:00,1
T908,17369,502,10587,47D Park Tce,2013-07-14 00:00:00,1
T909,12125,157X,13292,U1 North Tce,2014-05-25 00:00:00,20
T910,6069,190,13483,S1 Pulteney St,2014-04-06 00:00:00,1
T911,550,725,15769,50 Sherriffs Rd,2013-12-15 00:00:00,4
T912,10832,H22L,16390,10 The Parade,2014-03-16 00:00:00,7
T913,22472,741,16029,68 Beach Rd,2014-04-13 00:00:00,7
T914,16578,M44,10987,52 Ladywood Rd,2014-05-25 00:00:00,35
T915,59126,M44G,14760,24 Marion Rd,2013-10-06 00:00:00,1
T916,20771,C1,11378,Zone E Tea Tree Plaza Intercha,2014-01-26 00:00:00,18
T917,36854,560P,10998,40A Bridge Rd,2013-10-20 00:00:00,1
T918,33066,734,16020,66 Beach Rd,2013-08-18 00:00:00,1
T919,10009,203F,11778,27 Hampstead Rd,2014-01-26 00:00:00,5
T920,7645,287,16487,14 Hartley Rd,2014-06-15 00:00:00,1
T921,27110,203,12322,17 Hampstead Rd,2013-11-24 00:00:00,1
T922,58375,G10,13003,4 O Connell St,2013-11-10 00:00:00,3
T923,10397,J1,13516,5A Sir Donald Bradman Dr,2014-05-11 00:00:00,3
T924,12447,235,13353,V2 Currie St,2013-12-29 00:00:00,19
T925,52825,239,12577,10 Churchill Rd,2013-07-28 00:00:00,1
T926,8852,506,11113,39D Sleep Rd,2014-01-26 00:00:00,2
T927,10278,B12,13008,28 Grange Rd,2014-06-29 00:00:00,6
T928,27334,222,12171,18 Main North Rd,2013-12-08 00:00:00,5
T929,45289,157,11454,45A Military Rd,2013-06-30 00:00:00,2
T930,3616,451,17922,80 Anderson Wk,2013-09-15 00:00:00,2
T931,64401,681,15429,50 Perry Barr Rd,2014-01-26 00:00:00,7
T932,15943,G40,17353,61A Bicentenial Dr,2014-07-06 00:00:00,7
T933,12192,237,11890,21 Churchill Rd,2014-01-05 00:00:00,2
T934,15447,263,14292,17 Anzac Hwy,2014-03-02 00:00:00,3
T935,10786,H22,13327,R1 Grenfell St,2014-07-06 00:00:00,1
T936,497,452,10189,68 Woodford Rd,2014-03-30 00:00:00,4
T937,10775,H22,13354,D1 Currie St,2014-02-09 00:00:00,4
T938,42269,N4,13820,5 Leader St,2013-08-11 00:00:00,7
T939,20008,600,15073,26B University Dr,2014-04-27 00:00:00,3
T940,7018,232,11808,34 Newcastle St,2014-02-23 00:00:00,8
T941,12889,W90,14592,20B Daws Rd,2014-06-01 00:00:00,3
T942,27472,224,12288,17 Main North Rd,2013-09-29 00:00:00,1
T943,25389,513,17537,THE ELMS VILLAGE Homestead Av,2013-12-15 00:00:00,4
T944,10310,H20,16364,17B The Parade,2014-03-02 00:00:00,7
T945,5569,628,18046,School St Ignatius Senior Coll,2014-02-09 00:00:00,79
T946,52746,229,11168,39 Lamington St,2013-10-06 00:00:00,1
T947,14569,C1,17172,62A The Grove Wy,2014-04-27 00:00:00,1
T948,21141,C1,12129,Zone C Paradise Interchange,2014-05-11 00:00:00,16
T949,12471,J8,17747,15A Morphett Rd,2014-02-23 00:00:00,1
T950,7025,232,16291,U1 Victoria Sq,2014-05-25 00:00:00,3
T951,14096,271,12347,19 North East Rd,2014-04-20 00:00:00,1
T952,63339,230,11735,34 Grand Junction Rd,2013-12-15 00:00:00,1
T953,14135,273,12613,13 North East Rd,2014-06-29 00:00:00,5
T954,30726,749,17700,124 Storey Av,2013-09-08 00:00:00,1
T955,10374,H21,16386,12 The Parade,2014-03-23 00:00:00,2
T956,64305,B10,12925,12 Grange Rd,2013-12-15 00:00:00,2
T957,50526,H30,16336,32 Sportsmans Dr,2013-09-29 00:00:00,3
T958,31229,864,14916,42 Mount Barker Rd,2013-07-07 00:00:00,2
T959,48220,361,11673,23A Grand Junction Rd,2013-07-28 00:00:00,2
T960,9560,202F,17621,34 Wright Rd,2014-03-09 00:00:00,6
T961,278,400,10353,56A Guerin Rd,2013-06-30 00:00:00,1
T962,12644,252,16287,V2 King William St,2014-05-25 00:00:00,1
T963,57023,300,12234,17B Regency Rd,2013-08-18 00:00:00,3
T964,56936,232,12788,8 Torrens Rd,2013-09-08 00:00:00,7
T965,1822,557,12187,26A Lower North East Rd,2013-12-29 00:00:00,1
T966,36375,411,17281,43D Liberator Dr,2014-04-06 00:00:00,2
T967,65041,720,14192,10 South Rd,2014-05-25 00:00:00,4
T968,4446,271,13095,3 Jeffcott St,2013-10-27 00:00:00,3
T969,1415,190,13799,3 Unley Rd,2014-01-12 00:00:00,2
T970,11017,235,11804,22 Churchill Rd,2014-03-23 00:00:00,1
T971,12000,251,11884,27 Trafford St,2014-06-01 00:00:00,6
T972,11487,241,14637,23 Oaklands Rd,2014-04-20 00:00:00,1
T973,13705,172,18049,13 Tutt Ave,2014-05-11 00:00:00,12
T974,8767,506,11793,31 North East Rd,2013-09-29 00:00:00,1
T975,19030,271,12064,25 North East Rd,2014-07-06 00:00:00,1
T976,14106,271,12613,13 North East Rd,2014-04-06 00:00:00,1
T977,16789,251,12597,16 Torrens Rd,2013-08-11 00:00:00,2
T978,33051,734,15178,37 Seacombe Rd,2013-08-11 00:00:00,1
T979,200,722F,15875,52 States Rd,2014-06-22 00:00:00,3
T980,31213,863F,13348,E1 Currie St,2013-07-07 00:00:00,20
T981,445,400A,10293,64 Diment Rd,2013-10-13 00:00:00,4
T982,49451,B10,13089,25 Vine St,2013-10-13 00:00:00,2
T983,18367,864F,13763,3 Glen Osmond Rd,2014-06-01 00:00:00,1
T984,9846,H30,13337,T2 Grenfell St,2014-02-23 00:00:00,2
T985,30380,734,15448,53C Adams Rd,2013-09-29 00:00:00,2
T986,6453,500,10522,50 Salisbury Hwy,2014-06-22 00:00:00,6
T987,37248,682,17970,Zone B Hallett Cove Shopping C,2013-07-28 00:00:00,3
T988,64812,721,16274,A1 King William Rd,2014-05-18 00:00:00,1
T989,45599,170,14083,165 Cross Rd,2013-08-18 00:00:00,1
T990,27314,222,12771,8 Main North Rd,2013-07-21 00:00:00,2
T991,6030,179F,12566,29 Montacute Rd,2014-02-23 00:00:00,2
T992,10472,J2,13508,5A Sir Donald Bradman Dr,2014-06-22 00:00:00,2
T993,7357,502,13351,D2 Currie St,2014-06-29 00:00:00,4
T994,49658,B10,13231,2 North Tce,2013-09-22 00:00:00,1
T995,64204,749,16028,68 Beach Rd,2014-01-12 00:00:00,3
T996,51187,J2,13527,5C Sir Donald Bradman Dr,2013-08-11 00:00:00,3
T997,45015,142,13378,E1 Dequetteville Tce,2013-09-22 00:00:00,1
T998,53876,733,15942,65 Flaxmill Rd,2013-07-14 00:00:00,1
T999,22539,747,16218,85 Esplanade St,2014-04-06 00:00:00,1
T1000,11802,H33C,12975,13 Coorara Av,2014-06-08 00:00:00,7
T1001,47752,287,13215,6 Ashley St,2013-08-04 00:00:00,2
T1002,27580,225,10789,44B Northbri Av,2013-08-11 00:00:00,2
T1003,31280,864,13354,D1 Currie St,2013-07-07 00:00:00,1
T1004,30863,820,13632,13 Greenhill Rd,2013-06-30 00:00:00,2
T1005,133,452,18147,72 Heytesbury Rd,2013-09-01 00:00:00,1
T1006,45480,168,13825,8B Galway Av,2013-08-04 00:00:00,3
T1007,859,733,15931,53A States Rd,2014-05-11 00:00:00,1
T1008,48359,501,17535,34L Main St,2014-01-12 00:00:00,4
T1009,27520,224F,10405,54 John Rice Av,2013-08-25 00:00:00,1
T1010,6004,178S,13433,R1 Wakefield St,2014-04-20 00:00:00,1
T1011,6078,190,14088,9 Unley Rd,2014-03-30 00:00:00,1
T1012,15443,263,14082,11 Anzac Hwy,2014-06-15 00:00:00,4
T1013,17147,265,15067,36A Cedar Av,2013-10-06 00:00:00,5
T1014,50377,H23,13403,7 Kensington Rd,2013-11-10 00:00:00,1
T1015,20024,600,15506,53A Hub Dr,2014-06-29 00:00:00,1
T1016,50318,H22,16387,11 The Parade,2013-12-08 00:00:00,1
T1017,313,452,10184,68 Woodford Rd,2014-04-27 00:00:00,4
T1018,6045,190,14088,9 Unley Rd,2014-04-13 00:00:00,8
T1019,56514,190,14412,19 Bray St,2013-08-11 00:00:00,1
T1020,5676,100P,13618,8E  Marion Rd,2014-03-09 00:00:00,3
T1021,11868,167,13953,9C  Marion Rd,2014-06-08 00:00:00,1
T1022,11097,241,14731,26 Morphett Rd,2014-06-08 00:00:00,1
T1023,13671,265,14022,9 Anzac Hwy,2014-02-16 00:00:00,1
T1024,4202,271,13001,4 Melbourne St,2013-12-29 00:00:00,1
T1025,19529,502,10998,40A Bridge Rd,2014-06-08 00:00:00,1
T1026,44809,118,11951,34A Old Port Rd,2013-09-01 00:00:00,3
T1027,13125,254,12746,13 Hawker St,2014-06-08 00:00:00,1
T1028,21700,J7,17428,15B Morphett Rd,2013-11-17 00:00:00,4
T1029,50635,H30S,16351,29D Military Rd,2014-01-19 00:00:00,3
T1030,46537,179F,12289,34 Hakea Av,2013-10-13 00:00:00,5
T1031,27690,228F,11584,26 Main North Rd,2013-09-22 00:00:00,6
T1032,34379,144,13494,7 Grant Av,2013-09-01 00:00:00,1
T1033,8768,506,12129,Zone C Paradise Interchange,2013-09-22 00:00:00,5
T1034,9828,H30,13330,G3 Grenfell St,2014-04-13 00:00:00,1
T1035,9708,B10,12998,27 Grange Rd,2014-07-06 00:00:00,1
T1036,21992,101,13767,8H  Marion Rd,2013-06-30 00:00:00,1
T1037,27382,222,17264,33F Mawson Lakes Bvd,2013-12-22 00:00:00,1
T1038,37038,681,14990,34 Sturt Rd,2013-09-08 00:00:00,3
T1039,8767,506,11657,34 Wandana Av,2014-01-12 00:00:00,1
T1040,10015,203F,16580,2 Sir Edwin Smith Av,2014-06-15 00:00:00,3
T1041,30385,734,16024,67 Beach Rd,2013-06-30 00:00:00,1
T1042,33913,117,13352,V1 Currie St,2013-07-21 00:00:00,2
T1043,16627,M44C,14760,24 Marion Rd,2014-05-25 00:00:00,5
T1044,48843,722F,15991,58 Doctors Rd,2013-09-29 00:00:00,1
T1045,36341,411,10715,36C Oleander Dr,2013-07-14 00:00:00,2
T1046,47520,263,16588,Y1 Grote St,2013-10-27 00:00:00,1
T1047,28179,273,12531,15 North East Rd,2013-09-15 00:00:00,2
T1048,58108,C1T,12126,Zone D Paradise Interchange,2014-01-19 00:00:00,1
T1049,28025,248,13274,A2 King William Rd,2013-10-06 00:00:00,9
T1050,6740,W90M,13429,U1 Morphett St,2014-03-23 00:00:00,1
T1051,49523,B10,13029,21 St Bernards Rd,2013-07-21 00:00:00,1
T1052,57021,300,13851,14  Portrush Rd,2013-08-25 00:00:00,4
T1053,6926,502,11448,34A Walkleys Rd,2014-04-27 00:00:00,4
T1054,14265,178,12011,38 Coulls Rd,2014-02-09 00:00:00,1
T1055,27243,222,11682,25 Main North Rd,2014-01-19 00:00:00,1
T1056,15866,G21,14321,13 Goodwood Rd,2014-04-27 00:00:00,1
T1057,58381,G10,15049,Zone A Flinders Medical Centre,2013-12-29 00:00:00,2
T1058,5634,100,12472,220 Woodville Rd,2014-05-18 00:00:00,5
T1059,45095,147,13653,7 Stuart Rd,2013-11-17 00:00:00,12
T1060,11248,H30,16418,6 Henley Beach Rd,2014-05-25 00:00:00,5
T1061,5750,H30,12857,25 Morialta Rd,2014-03-09 00:00:00,1
T1062,50522,H30,16351,29D Military Rd,2013-08-25 00:00:00,2
T1063,27493,224F,10534,Zone I Salisbury Interchange,2014-06-15 00:00:00,16
T1064,19713,557,11594,37A Valley Rd,2014-03-23 00:00:00,1
T1065,7379,502X,11144,38A Bridge Rd,2014-04-27 00:00:00,5
T1066,31069,861,17539,O1 Glen Osmond Rd,2013-11-24 00:00:00,1
T1067,16689,251,12820,11 Hawker St,2013-07-07 00:00:00,8
T1068,20765,C1,10792,Zone C Golden Grove Village In,2014-03-30 00:00:00,10
T1069,57035,300,15049,Zone A Flinders Medical Centre,2014-01-12 00:00:00,5
T1070,14227,177,12735,14 Payneham Rd,2014-02-23 00:00:00,16
T1071,56688,196F,14088,9 Unley Rd,2013-09-29 00:00:00,2
T1072,15974,G10,13274,A2 King William Rd,2014-06-22 00:00:00,4
T1073,27286,222,11791,23 Main North Rd,2013-07-07 00:00:00,1
T1074,13403,118,12839,21  Crittenden Rd,2014-02-09 00:00:00,2
T1075,49212,747A,16194,81 Quadrant Tce,2013-09-22 00:00:00,10
T1076,27889,241,13797,3A Everard Av,2013-06-30 00:00:00,1
T1077,50533,H30,13176,7 Magill Rd,2013-06-30 00:00:00,1
T1078,56783,230,12312,19 Regency Rd,2013-08-11 00:00:00,2
T1079,14079,271,11937,28 North East Rd,2014-05-18 00:00:00,10
T1080,11084,239,12445,12 Churchill Rd,2014-04-06 00:00:00,1
T1081,10027,204,13470,T1 Victoria Sq,2014-02-23 00:00:00,26
T1082,27423,222,12707,10 Main North Rd,2014-01-05 00:00:00,1
T1083,18507,248,13904,5A Anzac Hwy,2014-04-13 00:00:00,3
T1084,14281,178,12302,24A Darley Rd,2014-03-09 00:00:00,2
T1085,57019,300,13609,12C Burbridge Rd,2013-08-11 00:00:00,5
T1086,6446,500,10735,44A Bridge Rd,2014-06-08 00:00:00,3
T1087,10530,208,11930,25A Fosters Rd,2014-04-13 00:00:00,8
T1088,10586,209F,11481,32 Briens Rd,2014-05-18 00:00:00,4
T1089,50506,H30,12907,20 Arthur St,2013-08-04 00:00:00,1
T1090,14808,C2,12129,Zone C Paradise Interchange,2014-05-25 00:00:00,26
T1091,27290,222,16288,V1 King William St,2013-09-01 00:00:00,13
T1092,57954,C1,10227,Zone E Elizabeth City Centre,2014-01-05 00:00:00,1
T1093,36335,411,10765,36A Oleander Dr,2013-09-29 00:00:00,3
T1094,17142,263,14438,24 Brighton Rd,2013-07-14 00:00:00,2
T1095,50372,H22L,16399,6 The Parade,2014-01-05 00:00:00,1
T1096,15363,491,18324,112 Dawkins Av,2014-02-02 00:00:00,2
T1097,29702,721,16036,Zone B Colonnades Interchange,2013-07-21 00:00:00,8
T1098,31111,861,13763,3 Glen Osmond Rd,2014-01-19 00:00:00,21
T1099,526,452,10231,Zone B Elizabeth Interchange,2013-07-28 00:00:00,18
T1100,15340,M44,13365,C1 Currie St,2014-05-11 00:00:00,4
T1101,12080,157,12653,15 Port Rd,2014-04-27 00:00:00,4
T1102,90,451,10027,74H President Av,2014-07-06 00:00:00,8
T1103,9435,H22C,16379,15 The Parade,2014-03-16 00:00:00,2
T1104,48281,500,10528,Zone H Salisbury Interchange,2014-01-05 00:00:00,20
T1105,16553,820,13348,E1 Currie St,2014-06-08 00:00:00,10
T1106,49418,881,14862,46 Mount Barker Rd,2014-06-22 00:00:00,2
T1107,16452,M44T,13954,7 Anzac Hwy,2014-06-22 00:00:00,1
T1108,57037,300,12726,23  Findon Rd,2013-10-06 00:00:00,3
T1109,27517,224F,16288,V1 King William St,2013-12-15 00:00:00,9
T1110,50732,H31,16453,18 Henley Beach Rd,2013-09-01 00:00:00,4
T1111,58347,G10,14835,23B Fiveash Dr,2013-09-15 00:00:00,1
T1112,18951,253,13261,Z3 King William St,2014-01-26 00:00:00,3
T1113,28017,248,14453,20 Hendrie St,2013-09-08 00:00:00,2
T1114,62983,H33,13343,E3 Currie St,2013-12-15 00:00:00,12
T1115,58217,C2X,17388,70 The Golden Wy,2013-11-03 00:00:00,15
T1116,27300,222,17536,Zone B Mawson Central Intercha,2014-06-15 00:00:00,4
T1117,57629,864,14004,12 Glen Osmond Rd,2014-01-19 00:00:00,1
T1118,17553,203,12017,23 Hampstead Rd,2014-05-11 00:00:00,1
T1119,58342,G10,12373,15 Prospect Rd,2013-09-22 00:00:00,2
T1120,14453,B10,13139,15 Magill Rd,2014-06-29 00:00:00,1
T1121,15450,263,14116,12 Anzac Hwy,2014-03-23 00:00:00,2
T1122,64538,720H,17969,Zone A Hallett Cove Shopping C,2014-04-20 00:00:00,2
T1123,49805,G10,14967,29C Sturt Rd,2013-07-07 00:00:00,1
T1124,11742,H33,13129,29A Marlborough St,2014-07-06 00:00:00,1
T1125,10302,H20,13669,8F  Marion Rd,2014-07-06 00:00:00,10
T1126,10332,H20,16390,10 The Parade,2014-02-02 00:00:00,1
T1127,18393,542X,11266,46 North East Rd,2014-04-20 00:00:00,9
T1128,31035,861,16624,5 Glen Osmond Rd,2013-10-06 00:00:00,13
T1129,64984,719,14893,25A Main South Rd,2014-03-30 00:00:00,1
T1130,16270,M44,14633,21 Marion Rd,2014-01-26 00:00:00,3
T1131,5630,100,12896,19  Crittenden Rd,2014-05-11 00:00:00,1
T1132,512,452,10197,67 Woodford Rd,2014-04-06 00:00:00,4
T1133,63696,722,15974,62A Elizabeth Rd,2014-06-15 00:00:00,1
T1134,27983,248,14041,10 Anzac Hwy,2013-12-01 00:00:00,1
T1135,36854,560P,10222,Zone D Elizabeth City Centre,2013-10-20 00:00:00,30
T1136,64688,682,15534,51A Gledsdale Rd,2014-05-25 00:00:00,2
T1137,51244,M44,14755,24 Marion Rd,2013-07-07 00:00:00,1
T1138,18074,235,13353,V2 Currie St,2014-06-01 00:00:00,2
T1139,10356,H20R,16390,10 The Parade,2014-02-16 00:00:00,9
T1140,36453,440,10032,86 Maltarra Rd,2013-09-01 00:00:00,2
T1141,703,401,17279,72 Bolivar Rd,2013-12-29 00:00:00,2
T1142,23515,751,17072,97 Main Rd,2014-04-13 00:00:00,1
T1143,16353,M44,14760,24 Marion Rd,2014-06-29 00:00:00,1
T1144,57047,300,12262,114 Regency Rd,2013-11-10 00:00:00,1
T1145,18881,545X,10793,Zone B Golden Grove Village In,2014-04-06 00:00:00,13
T1146,17130,200,13768,2 King William Rd,2014-02-23 00:00:00,1
T1147,57018,300,13596,23C Seaview Rd,2013-09-08 00:00:00,4
T1148,12878,W90,13736,1 Goodwood Rd,2014-02-23 00:00:00,1
T1149,28947,541X,11074,52 Hancock Rd,2013-11-10 00:00:00,2
T1150,11258,H30,12980,15 Shelley St,2014-01-26 00:00:00,5
T1151,52734,228,12599,12 Main North Rd,2014-02-09 00:00:00,1
T1152,15490,G10A,13274,A2 King William Rd,2014-05-18 00:00:00,9
T1153,31289,864F,15153,54A Mount Barker Rd,2013-09-22 00:00:00,3
T1154,20334,645,15112,36 Neath Av,2014-02-16 00:00:00,1
T1155,843,733,15337,33 Main South Rd,2014-05-18 00:00:00,17
T1156,12687,235,13364,W3 Currie St,2013-10-27 00:00:00,4
T1157,28169,273,13032,3A Melbourne St,2013-12-15 00:00:00,3
T1158,56869,232,12545,13 Harrison Rd,2013-08-25 00:00:00,1
T1159,58659,G20,13846,4 Goodwood Rd,2013-10-27 00:00:00,1
T1160,16287,202,11713,28 Hampstead Rd,2013-12-22 00:00:00,5
T1161,46305,178,12578,27 Montacute Rd,2013-08-25 00:00:00,2
T1162,27968,245,16289,E1 King William St,2013-07-14 00:00:00,5
T1163,53757,560,10503,49 Church St,2014-04-20 00:00:00,3
T1164,27693,228F,10110,76 Hamblynn Rd,2014-03-09 00:00:00,4
T1165,11629,150,12090,29 Port Rd,2014-05-11 00:00:00,1
T1166,58100,C1T,13339,F2 Grenfell St,2013-08-25 00:00:00,75
T1167,34176,141,13278,I1 North Tce,2013-11-17 00:00:00,4
T1168,48980,733,15912,59 Flaxmill Rd,2013-10-27 00:00:00,1
T1169,5538,622,13488,149 Portrush Rd,2014-05-18 00:00:00,4
T1170,36313,411,17282,43D Liberator Dr,2013-12-08 00:00:00,1
T1171,57053,300,14001,18  Portrush Rd,2013-08-04 00:00:00,2
T1172,19711,557,11246,47 North East Rd,2014-05-25 00:00:00,3
T1173,10724,142,13308,B1 East Tce,2014-05-25 00:00:00,2
T1174,1591,196F,13583,P1 Pulteney St,2013-12-01 00:00:00,1
T1175,7083,281,12594,14 Harris Rd,2014-06-29 00:00:00,5
T1176,27330,222,17380,33D Mawson Lakes Bvd,2013-12-22 00:00:00,2
T1177,1196,404,10554,43P Whites Rd,2014-06-22 00:00:00,1
T1178,58988,M44,10931,55 Grenfell Rd,2013-11-17 00:00:00,1
T1179,12543,172,14036,9 Duthy St,2014-06-29 00:00:00,1
T1180,10914,117,13042,6 Manton St,2014-06-22 00:00:00,1
T1181,11299,H30,16405,1 Henley Beach Rd,2014-05-04 00:00:00,1
T1182,27251,222,12465,14 Main North Rd,2013-06-30 00:00:00,2
T1183,11590,248,16289,E1 King William St,2014-02-02 00:00:00,1
T1184,58010,C1,17980,61 The Grove Way,2013-08-18 00:00:00,1
T1185,27852,229F,11369,31 Scott St,2013-08-25 00:00:00,2
T1186,12884,W90,14012,10 East Av,2014-03-02 00:00:00,1
T1187,52666,224,10761,37 Salisbury Hwy,2013-10-20 00:00:00,1
T1188,11255,H30,16454,19 Henley Beach Rd,2014-02-16 00:00:00,1
T1189,27523,224F,11182,33A Mawson Lakes Bvd,2013-08-04 00:00:00,2
T1190,58998,M44,10974,53 Ladywood Rd,2013-07-21 00:00:00,2
T1191,49385,778,15905,53 States Rd,2014-05-11 00:00:00,8
T1192,13056,190,14400,15C Raglan Av,2014-06-29 00:00:00,1
T1193,49648,B10,12847,30 Frederick Rd,2013-10-27 00:00:00,2
T1194,21007,C1,12129,Zone C Paradise Interchange,2014-03-09 00:00:00,45
T1195,36799,560,10889,43 Bridge Rd,2014-05-18 00:00:00,8
T1196,11256,H30,13015,10  Portrush Rd,2014-02-09 00:00:00,2
T1197,64696,682,17969,Zone A Hallett Cove Shopping C,2013-12-08 00:00:00,6
T1198,27525,224F,11771,24 Main North Rd,2014-03-16 00:00:00,3
T1199,11253,H30,12920,16 Arthur St,2014-04-13 00:00:00,1
T1200,6054,190,13583,P1 Pulteney St,2014-04-27 00:00:00,4
T1201,19487,361,11655,38 Commercial Rd,2014-02-16 00:00:00,1
T1202,16035,743,16057,61 Majorca Rd,2013-10-06 00:00:00,1
T1203,53878,740,18113,83 Grand Bvd,2013-09-01 00:00:00,1
T1204,8598,B10,13287,B1 Pulteney St,2014-03-23 00:00:00,4
T1205,45001,142,13367,B2 Currie St,2013-11-10 00:00:00,1
T1206,27092,202F,11895,25 Hampstead Rd,2013-09-15 00:00:00,1
T1207,14300,178,12778,13  Payneham Rd,2014-03-30 00:00:00,5
T1208,11583,248,17879,29 Morphett Rd,2014-03-09 00:00:00,3
T1209,46519,178S,13300,Y2 King William St,2013-09-22 00:00:00,2
T1210,50315,H22,16405,1 Henley Beach Rd,2013-10-27 00:00:00,5
T1211,6930,502,10720,44B Bridge Rd,2014-03-23 00:00:00,1
T1212,10000,203F,11350,44A Roopena St,2014-05-04 00:00:00,1
T1213,27270,222,16291,U1 Victoria Sq,2013-08-11 00:00:00,15
T1214,58110,C1T,13328,H1 Grenfell St,2013-12-22 00:00:00,3
T1215,29072,556,11423,42 Tolley Rd,2013-10-13 00:00:00,11
T1216,46300,178,12584,26 Montacute Rd,2013-08-18 00:00:00,2
T1217,31330,864F,13763,3 Glen Osmond Rd,2013-12-15 00:00:00,3
T1218,10863,H30,18492,Zone C West Lakes Interchange,2014-06-15 00:00:00,3
T1219,11826,J1,16406,2 Henley Beach Rd,2014-03-23 00:00:00,16
T1220,8385,288,13128,19 Valetta Rd,2014-02-02 00:00:00,2
T1221,45154,150,12617,16 Port Rd,2013-09-29 00:00:00,1
T1222,9273,B10,12956,20 Grange Rd,2014-04-06 00:00:00,1
T1223,18978,254,12449,20 Torrens Rd,2014-05-25 00:00:00,1
T1224,45247,155,13280,R2 North Tce,2013-11-24 00:00:00,7
T1225,32420,J7,13907,9A  Marion Rd,2014-01-19 00:00:00,1
T1226,49686,B10,13065,20 St Bernards Rd,2013-09-29 00:00:00,1
T1227,46398,178,12628,21 Montacute Rd,2014-01-12 00:00:00,5
T1228,65378,721F,15873,53 Main South Rd,2013-12-22 00:00:00,1
T1229,5889,300,12238,17A Regency Rd,2014-05-11 00:00:00,2
T1230,168,722,16049,Zone F Noarlunga Centre Interc,2014-02-02 00:00:00,7
T1231,19218,864F,13354,D1 Currie St,2014-04-20 00:00:00,12
T1232,53690,556,11766,36 Lower North East Rd,2013-10-06 00:00:00,2
T1233,1187,403,10520,Zone C Salisbury Interchange,2013-08-11 00:00:00,40
T1234,1600,196F,13506,I1 Pulteney St,2013-12-08 00:00:00,1
T1235,50186,H21,16392,9 The Parade,2013-07-21 00:00:00,7
T1236,12412,239,13353,V2 Currie St,2013-09-29 00:00:00,18
T1237,50545,H30,16438,23 Henley Beach Rd,2013-12-01 00:00:00,2
T1238,31232,864,13802,6 Glen Osmond Rd,2013-10-06 00:00:00,1
T1239,58279,G10,13888,5 Goodwood Rd,2013-12-15 00:00:00,3
T1240,10755,144,13494,7 Grant Av,2014-02-23 00:00:00,1
T1241,12873,W90,14072,11 East Av,2014-02-16 00:00:00,1
T1242,59127,M44G,13328,H1 Grenfell St,2013-08-18 00:00:00,2
T1243,27343,222,12771,8 Main North Rd,2014-03-09 00:00:00,1
T1244,5870,300,12983,25 Grange Rd,2014-03-30 00:00:00,1
T1245,25817,101,14258,13 Marion Rd,2013-10-13 00:00:00,1
T1246,50994,J1,13306,B2 Pulteney St,2014-01-12 00:00:00,10
T1247,16577,M44,10898,57 Richardson Dr,2014-06-08 00:00:00,2
T1248,50587,H30,13184,5 Magill Rd,2013-11-24 00:00:00,1
T1249,49530,B10,13121,17 Magill Rd,2013-06-30 00:00:00,12
T1250,56404,190,13972,7 Unley Rd,2013-07-28 00:00:00,3
T1251,20779,C1,13280,R2 North Tce,2014-04-20 00:00:00,1
T1252,7040,232,11747,35 Grand Junction Rd,2014-03-16 00:00:00,4
T1253,11088,241,14510,18 Adelaide Tce,2014-03-02 00:00:00,1
T1254,51028,J1A,13306,B2 Pulteney St,2013-08-04 00:00:00,3
T1255,28708,461,18174,77D Andrews Rd,2013-08-04 00:00:00,5
T1256,36820,560,11222,37C Montague Rd,2014-04-13 00:00:00,1
T1257,10094,541X,11106,51 Hancock Rd,2013-08-11 00:00:00,1
T1258,15171,G10,14177,10 Goodwood Rd,2014-06-01 00:00:00,2
T1259,298,452,10196,67 Woodford Rd,2014-01-12 00:00:00,2
T1260,15033,G20,15404,49 Manning Dr,2014-04-20 00:00:00,1
T1261,58937,M44,14963,Zone B Marion Interchange,2013-11-24 00:00:00,5
T1262,57003,300,17416,212 Findon Rd,2013-10-06 00:00:00,2
T1263,48762,720H,14967,29C Sturt Rd,2013-10-27 00:00:00,1
T1264,27196,208,11800,28 Sudholz Rd,2013-09-22 00:00:00,1
T1265,12117,157X,11845,36 First Av,2014-06-01 00:00:00,9
T1266,28622,442,18397,86 Springvale D,2014-06-01 00:00:00,4
T1267,19250,823,14672,24A Crafers Park N Ride,2014-06-01 00:00:00,2
T1268,11256,H30,16439,26 Seaview Rd,2014-06-15 00:00:00,1
T1269,52469,157,13292,U1 North Tce,2013-07-14 00:00:00,1
T1270,11621,150,13302,X1 North Tce,2014-02-16 00:00:00,1
T1271,33961,118,12061,33C Tapleys Hill Rd,2013-09-08 00:00:00,1
T1272,49673,B10,13312,X1 Pulteney St,2013-09-22 00:00:00,47
T1273,9465,200C,13374,D1 King William St,2014-03-30 00:00:00,12
T1274,2450,430,10237,64B Playford Bvd,2014-06-15 00:00:00,3
T1275,6443,361,11349,Zone H Tea Tree Plaza Intercha,2014-01-26 00:00:00,3
T1276,4195,271,12146,22 North East Rd,2013-09-29 00:00:00,3
T1277,36799,560,16606,42A Goodall Rd,2014-04-06 00:00:00,1
T1278,198,722F,14394,15 South Rd,2014-01-12 00:00:00,5
T1279,27751,228F,11791,23 Main North Rd,2013-08-04 00:00:00,1
T1280,27689,228F,10760,44 Main North Rd,2014-03-09 00:00:00,1
T1281,14074,271,13032,3A Melbourne St,2014-05-25 00:00:00,2
T1282,14843,G10,12744,8 Prospect Rd,2014-06-15 00:00:00,9
T1283,56533,190,13934,6 Unley Rd,2013-11-03 00:00:00,5
T1284,27247,222,16291,U1 Victoria Sq,2014-04-27 00:00:00,3
T1285,28628,442,17316,84 Somerset Gr,2013-10-13 00:00:00,1
T1286,11525,245,14327,16A Ferry Av,2014-04-20 00:00:00,3
T1287,27782,229,11168,39 Lamington St,2013-09-01 00:00:00,1
T1288,8582,B10,13344,U1 Grenfell St,2014-03-02 00:00:00,1
T1289,50397,H30,16445,25 Henley Beach Rd,2013-12-08 00:00:00,1
T1290,37060,681,15189,40 Brighton Rd,2013-08-25 00:00:00,2
T1291,8607,B10,13145,14 Magill Rd,2014-05-11 00:00:00,1
T1292,10299,H20,16367,17A The Parade,2014-06-29 00:00:00,1
T1293,6447,500,16667,Zone A Klemzig Interchange,2014-02-23 00:00:00,44
T1294,7447,281,13286,F1 North Tce,2014-06-29 00:00:00,24
T1295,46980,200,14882,25 Ayliffes Rd,2013-08-04 00:00:00,1
T1296,23910,452W,17126,Zone D Munno Para Shopping Cen,2014-06-29 00:00:00,18
T1297,45595,170,14098,167 Cross Rd,2013-11-17 00:00:00,1
T1298,49659,B10,13096,26 Magill Rd,2013-10-27 00:00:00,3
T1299,10695,142,13345,E2 Currie St,2014-05-25 00:00:00,11
T1300,45156,150,10950,55 Victoria Rd,2013-10-27 00:00:00,2
T1301,62839,749,17203,85 The Parade,2013-12-01 00:00:00,8
T1302,6356,W90M,14735,25 Bradley Gr,2014-06-08 00:00:00,1
T1303,14651,G10,14779,23 Fiveash Dr,2014-04-13 00:00:00,1
T1304,19763,591A,10790,Zone A Golden Grove Village In,2014-05-11 00:00:00,3
T1305,12115,157X,11435,45B Military Rd,2014-02-02 00:00:00,3
T1306,45592,170,16657,22 Waite Rd,2013-12-01 00:00:00,1
T1307,50537,H30,13276,I3 North Tce,2014-01-05 00:00:00,7
T1308,58768,G21,15464,52 Hub Dr,2013-07-14 00:00:00,5
T1309,23289,C1,16667,Zone A Klemzig Interchange,2013-07-07 00:00:00,1
T1310,11727,H32,13287,B1 Pulteney St,2014-04-27 00:00:00,17
T1311,57631,893,14683,24 Crafers Ramp,2013-12-15 00:00:00,6
T1312,64978,719,14781,24 South Rd,2014-06-22 00:00:00,1
T1313,17069,254,16279,X2 King William St,2013-09-29 00:00:00,42
T1314,16268,M44,10899,57 Richardson Dr,2014-04-20 00:00:00,1
T1315,8308,545,10793,Zone B Golden Grove Village In,2013-10-27 00:00:00,4
T1316,11775,H33,13082,8A  Portrush Rd,2014-05-25 00:00:00,3
T1317,18975,254,12763,13 Hawker St,2014-03-09 00:00:00,2
T1318,6057,190,14032,8 Unley Rd,2014-04-27 00:00:00,3
T1319,50204,H22,16419,6 Henley Beach Rd,2013-07-14 00:00:00,4
T1320,51642,W90M,13492,S1 Morphett St,2013-07-28 00:00:00,1
T1321,12644,252,12245,Zone E Arndale Interchange,2014-07-06 00:00:00,21
T1322,45253,155,12440,28 West Lakes Bvd,2013-10-20 00:00:00,2
T1323,59025,M44,13465,B1 Grote St,2013-07-14 00:00:00,2
T1324,19028,271,11937,28 North East Rd,2014-03-09 00:00:00,1
T1325,37858,G22,13274,A2 King William Rd,2013-10-20 00:00:00,39
T1326,36374,411,10556,46A Winzor St,2014-06-29 00:00:00,1
T1327,50613,H30S,16461,12 Henley Beach Rd,2013-07-21 00:00:00,2
T1328,27697,228F,13078,2 King William Rd,2013-08-18 00:00:00,2
T1329,1299,273,12342,19 North East Rd,2013-10-20 00:00:00,2
T1330,8631,200,14567,19C Eliza Pl,2014-02-09 00:00:00,5
T1331,1210,404,10466,46P Whites Rd,2013-09-29 00:00:00,1
T1332,49419,881,14873,45 Mount Barker Rd,2013-10-27 00:00:00,10
T1333,9451,H30,12857,25 Morialta Rd,2014-05-04 00:00:00,1
T1334,15595,C1,13339,F2 Grenfell St,2014-05-25 00:00:00,8
T1335,29659,720H,14448,16 South Rd,2013-09-22 00:00:00,1
T1336,47927,288,16310,28 Tapleys Hill Rd,2013-09-08 00:00:00,1
T1337,50432,H30,12990,11 Coorara Av,2014-01-12 00:00:00,5
T1338,57043,300,12516,219 Woodville Rd,2013-12-22 00:00:00,1
T1339,49641,B10,13219,6 South Rd,2013-10-27 00:00:00,1
T1340,18037,506,11424,43 Wright Rd,2013-08-18 00:00:00,4
T1341,6619,174,12096,Zone I Paradise Interchange,2014-05-11 00:00:00,2
T1342,65152,733,15904,56 Wheatsheaf Rd,2014-06-01 00:00:00,1
T1343,16559,820,13649,10 Greenhill Rd,2014-02-23 00:00:00,29
T1344,5457,973,18367,School Pasadena High School,2014-04-06 00:00:00,6
T1345,19842,502,11800,28 Sudholz Rd,2014-02-23 00:00:00,1
T1346,11045,238,11818,22 Churchill Rd,2014-04-06 00:00:00,1
T1347,58849,M44,14259,13 Marion Rd,2013-09-15 00:00:00,1
T1348,46334,178,12512,30 Maryvale Rd,2013-07-28 00:00:00,1
T1349,58604,G10B,12564,12 Prospect Rd,2013-11-24 00:00:00,1
T1350,7347,502,10720,44B Bridge Rd,2014-06-29 00:00:00,1
T1351,50606,H30C,16438,23 Henley Beach Rd,2013-12-01 00:00:00,1
T1352,58638,G20,14266,12 Goodwood Rd,2013-12-08 00:00:00,1
T1353,31360,865,14683,24 Crafers Ramp,2013-06-30 00:00:00,5
T1354,49647,B10,12847,30 Frederick Rd,2013-10-27 00:00:00,2
T1355,51077,J1A,13428,4A South Rd,2013-07-21 00:00:00,1
T1356,58997,M44,14295,14 Marion Rd,2013-09-29 00:00:00,1
T1357,57004,300,13595,23C Seaview Rd,2013-10-06 00:00:00,1
T1358,27706,228F,10854,40 Main North Rd,2013-10-13 00:00:00,2
T1359,57016,300,13486,23A Seaview Rd,2013-12-01 00:00:00,1
T1360,15874,G21,15396,47A Sunnymeade Dr,2014-06-01 00:00:00,1
T1361,91,451,10090,74 Peachey Rd,2014-03-23 00:00:00,3
T1362,48403,502,11448,34A Walkleys Rd,2013-08-25 00:00:00,12
T1363,7829,542,10919,60 Hamilton Rd,2013-12-01 00:00:00,2
T1364,13699,271,12787,9 Northcote Tce,2014-03-09 00:00:00,1
T1365,51606,W90,14600,20D Daws Rd,2013-09-15 00:00:00,4
T1366,53232,411,17530,Zone C Mawson Lakes Interchang,2013-10-06 00:00:00,8
T1367,27881,241,14671,25 Morphett Rd,2013-07-14 00:00:00,1
T1368,9043,507,11425,40 North East Rd,2014-02-23 00:00:00,1
T1369,45316,157X,13302,X1 North Tce,2013-09-08 00:00:00,2
T1370,18312,864,14038,13 Glen Osmond Rd,2014-04-20 00:00:00,4
T1371,50078,H20,13346,U2 Grenfell St,2013-08-11 00:00:00,49
T1372,5899,300,12217,19 Regency Rd,2014-05-25 00:00:00,3
T1373,17293,265,14303,19 Anzac Hwy,2013-12-01 00:00:00,1
T1374,48432,502,10807,43C Bridge Rd,2014-01-19 00:00:00,3
T1375,51560,W90,14150,12 Winston Av,2014-01-19 00:00:00,2
T1376,36805,560,10997,41 Kesters Rd,2014-06-29 00:00:00,3
T1377,37093,681,17970,Zone B Hallett Cove Shopping C,2013-07-28 00:00:00,4
T1378,5402,H30C,12851,26 Morialta Rd,2014-06-01 00:00:00,2
T1379,5875,300,12492,17A O G Rd,2014-05-04 00:00:00,5
T1380,16627,M44C,13829,3 Anzac Hwy,2014-05-11 00:00:00,1
T1381,29615,720H,14987,33 Sturt Rd,2013-09-08 00:00:00,1
T1382,10951,118,11565,Zone D Port Adelaide Interchan,2014-05-25 00:00:00,3
T1383,899,733,15755,46 Investigator Dr,2014-03-09 00:00:00,5
T1384,58921,M44,14258,13 Marion Rd,2013-10-27 00:00:00,1
T1385,425,723F,15562,38C Tripoli Rd,2014-03-30 00:00:00,7
T1386,47883,287,13230,11 Ashley St,2013-10-27 00:00:00,1
T1387,45092,147,13849,19 Sturt Pl,2013-11-10 00:00:00,7
T1388,18826,545,11399,42A Smart Rd,2014-05-18 00:00:00,1
T1389,18393,542X,10832,68 Yatala Vale Rd,2014-05-04 00:00:00,3
T1390,58807,G21,15506,53A Hub Dr,2013-12-08 00:00:00,6
T1391,14647,G10,14964,Zone A Marion Interchange,2014-04-27 00:00:00,11
T1392,14137,273,12435,17 North East Rd,2014-02-09 00:00:00,4
T1393,48754,720,14535,18 South Rd,2013-07-21 00:00:00,3
T1394,46415,178,12654,17 Payneham Rd,2013-09-08 00:00:00,1
T1395,12901,W90,14595,20C Daws Rd,2014-03-02 00:00:00,4
T1396,10527,208,12426,16 Galway Av,2014-04-27 00:00:00,4
T1397,5722,117,12999,7 Manton St,2014-05-18 00:00:00,3
T1398,5709,117,12199,33F West Lakes Bvd,2014-03-23 00:00:00,2
T1399,10326,H20,14179,14 Stonehouse Av,2014-02-23 00:00:00,1
T1400,10583,208N,16580,2 Sir Edwin Smith Av,2014-06-08 00:00:00,1
T1401,7435,281,13286,F1 North Tce,2014-02-02 00:00:00,2
T1402,51103,J2,17327,10 Airport Rd,2014-01-19 00:00:00,2
T1403,50091,H20,14199,15C Morphett Rd,2013-12-08 00:00:00,1
T1404,49584,B10,13180,6 Magill Rd,2013-10-27 00:00:00,1
T1405,956,401,10503,49 Church St,2014-02-16 00:00:00,1
T1406,20073,601,15444,49 Homestead Dr,2014-06-15 00:00:00,2
T1407,3906,M44T,14295,14 Marion Rd,2013-06-30 00:00:00,1
T1408,10333,H20,12801,21C St Bernards Rd,2014-03-02 00:00:00,2
T1409,50063,H20,16375,15A The Parade,2013-12-22 00:00:00,1
T1410,16420,209F,16287,V2 King William St,2013-09-22 00:00:00,18
T1411,27755,228F,16291,U1 Victoria Sq,2014-03-16 00:00:00,11
T1412,62728,232,12859,7 Jeffcott St,2013-12-15 00:00:00,1
T1413,27431,224,13179,1 King William Rd,2013-10-06 00:00:00,1
T1414,11443,150,13280,R2 North Tce,2014-02-16 00:00:00,1
T1415,21174,C1,10790,Zone A Golden Grove Village In,2014-05-11 00:00:00,23
T1416,50136,H20,16420,7 Henley Beach Rd,2014-01-19 00:00:00,3
T1417,50454,H30,16445,25 Henley Beach Rd,2013-09-22 00:00:00,15
T1418,44784,117,12941,17  Grange Rd,2013-11-03 00:00:00,1
T1419,36857,560P,10604,47C Park Tce,2014-01-05 00:00:00,1
T1420,46487,178,13433,R1 Wakefield St,2013-08-04 00:00:00,2
T1421,27311,222,12171,18 Main North Rd,2014-04-13 00:00:00,7
T1422,50162,H21,12507,22 Reserve Rd,2013-12-29 00:00:00,9
T1423,18021,506,11040,59 Kelly Rd,2013-11-24 00:00:00,1
T1424,8378,288,13218,7 Ashley St,2014-02-23 00:00:00,20
T1425,30031,722F,14664,21 South Rd,2013-09-01 00:00:00,1
T1426,27921,241,14599,20 West St,2013-08-18 00:00:00,1
T1427,431,723F,18486,W Grote St,2014-05-18 00:00:00,13
T1428,16083,G21,14753,22 Fiveash Dr,2014-05-18 00:00:00,1
T1429,44819,118,12526,31 Tapleys Hill Rd,2013-11-24 00:00:00,12
T1430,48273,500,11227,37C Montague Rd,2013-12-01 00:00:00,2
T1431,45564,168,13372,Y1 Currie St,2013-07-28 00:00:00,3
T1432,47793,287,13099,25 Valetta Rd,2013-06-30 00:00:00,8
T1433,4417,271,11503,40 Reservoir Rd,2013-07-28 00:00:00,3
T1434,11690,155,13292,U1 North Tce,2014-06-01 00:00:00,29
T1435,48414,502,11227,37C Montague Rd,2013-09-15 00:00:00,1
T1436,34229,142,13593,17 Glynburn Rd,2013-09-08 00:00:00,1
T1437,14502,H20,13348,E1 Currie St,2014-04-20 00:00:00,50
T1438,4461,271,12086,24 North East Rd,2013-09-01 00:00:00,2
T1439,20016,600,15039,31 Shepherds Hill Rd,2014-04-27 00:00:00,1
T1440,63127,H33,13364,W3 Currie St,2013-12-29 00:00:00,2
T1441,42379,N6,15542,57H Cherub St,2013-07-07 00:00:00,83
T1442,45499,168,13724,3 Richmond Rd,2013-09-22 00:00:00,1
T1443,1159,734,17118,Zone A Old Reynella Interchang,2014-05-18 00:00:00,5
T1444,10288,H20,14082,11 Anzac Hwy,2014-06-29 00:00:00,1
T1445,16903,254X,11587,Zone C Port Adelaide Interchan,2013-09-22 00:00:00,9
T1446,9059,507,11948,29B Sudholz Rd,2014-03-16 00:00:00,3
T1447,12464,J7,14613,24B Morphett Rd,2014-04-20 00:00:00,1
T1448,48716,719,14085,9 South Rd,2013-09-29 00:00:00,4
T1449,57046,300,14919,26 Shepherds Hill Rd,2013-10-20 00:00:00,2
T1450,22352,750,16999,116 Pridham Bvd,2014-03-09 00:00:00,9
T1451,36294,411,10715,36C Oleander Dr,2013-11-03 00:00:00,2
T1452,57105,300G,14995,27 Main South Rd,2013-12-22 00:00:00,1
T1453,5718,117,12684,26 Trimmer Pde,2014-05-04 00:00:00,2
T1454,16428,209F,17494,45 Fairfax Rd,2013-10-06 00:00:00,1
T1455,46516,178S,12614,23A Montacute Rd,2013-07-28 00:00:00,1
T1456,11274,H30,13312,X1 Pulteney St,2014-06-01 00:00:00,39
T1457,48783,721F,17119,Zone B Old Reynella Interchang,2013-10-20 00:00:00,89
T1458,49610,B10,13193,7 South Rd,2013-10-27 00:00:00,1
T1459,10067,208,12195,20A Muller Rd,2014-06-29 00:00:00,1
T1460,37246,682,15494,54C Heysen Dr,2013-09-15 00:00:00,1
T1461,492,452,18137,78D Peachey Rd,2013-10-27 00:00:00,1
T1462,8998,503,11859,32 Lyons Rd,2013-07-21 00:00:00,2
T1463,11301,H30,13372,Y1 Currie St,2014-02-09 00:00:00,16
T1464,36401,411,17530,Zone C Mawson Lakes Interchang,2013-09-15 00:00:00,12
T1465,11455,150,12835,10 Port Rd,2014-04-27 00:00:00,1
T1466,11249,H30,17340,31 Stradbroke Rd,2014-04-06 00:00:00,1
T1467,56939,232,13049,3 O Connell St,2013-09-15 00:00:00,3
T1468,28552,441,17305,77C Jacaranda Dr,2014-05-11 00:00:00,2
T1469,8311,545,11367,Zone F Tea Tree Plaza Intercha,2013-11-17 00:00:00,15
T1470,52592,208N,16277,Z1 King William St,2013-12-29 00:00:00,1
T1471,30858,820,13652,9 Greenhill Rd,2013-08-11 00:00:00,4
T1472,2531,208,13064,2A Melbourne St,2014-01-19 00:00:00,2
T1473,11280,H30,13175,8 Magill Rd,2014-02-02 00:00:00,3
T1474,51740,W91,18495,F1 Morphett Street,2013-11-10 00:00:00,6
T1475,307,452,10184,68 Woodford Rd,2013-11-03 00:00:00,1
T1476,3636,451,18138,78C Peachey Rd,2014-05-04 00:00:00,1
T1477,48332,501,11227,37C Montague Rd,2013-09-29 00:00:00,6
T1478,504,452,18168,79E Newton Bvd,2014-06-15 00:00:00,2
T1479,57329,601,15118,28A Shepherds Hill Rd,2013-10-27 00:00:00,2
T1480,10508,W90,13900,7A Leah St,2014-05-18 00:00:00,1
T1481,56482,190,13894,5 Unley Rd,2013-11-10 00:00:00,3
T1482,57038,300,12175,126A Muller Rd,2013-10-27 00:00:00,9
T1483,58915,M44,17526,T2 North Tce,2014-01-19 00:00:00,17
T1484,50068,H20,14413,Zone C Moseley St,2013-07-21 00:00:00,7
T1485,11604,150,12376,22 Port Rd,2014-03-23 00:00:00,1
T1486,28712,461,18213,79B Peachey Rd,2013-07-14 00:00:00,1
T1487,16680,250,13069,5 Hill St,2013-09-01 00:00:00,5
T1488,47084,200C,13473,G2 Victoria Sq,2013-08-04 00:00:00,23
T1489,31290,864F,14899,48 Mount Barker Rd,2013-07-07 00:00:00,2
T1490,49544,B10,13239,1A George St,2013-08-11 00:00:00,9
T1491,22589,750,17045,142 SELLICKS BEACH Rd,2014-04-20 00:00:00,2
T1492,28061,248,14023,9 Anzac Hwy,2013-08-25 00:00:00,2
T1493,7465,281,13079,3 Hackney Rd,2014-04-13 00:00:00,5
T1494,19448,300,12656,17B  O G Rd,2014-05-04 00:00:00,1
T1495,20014,600,15118,28A Shepherds Hill Rd,2014-06-08 00:00:00,2
T1496,9922,H33C,12848,17 Glynburn Rd,2014-03-09 00:00:00,2
T1497,1919,405,10420,53 Waterloo Corner Rd,2013-10-27 00:00:00,2
T1498,9097,352,11843,36 First Av,2014-05-11 00:00:00,1
T1499,15876,G21,17121,Zone D Old Reynella Interchang,2014-01-26 00:00:00,14
T1500,14360,157,18493,Zone A West Lakes Interchange,2014-04-13 00:00:00,1
T1501,47608,281,13206,2 Hackney Rd,2013-10-06 00:00:00,1
T1502,8973,506X,12099,Zone A Paradise Interchange,2014-03-16 00:00:00,54
T1503,19242,N864,13472,G1 Pulteney St,2014-02-16 00:00:00,1
T1504,15121,G10,12662,10 Prospect Rd,2014-06-29 00:00:00,1
T1505,64692,682,16678,63  Bvd,2014-06-01 00:00:00,2
T1506,50653,H31,16412,3 Henley Beach Rd,2013-11-03 00:00:00,9
T1507,13289,172,13878,5 Duthy St,2014-04-20 00:00:00,2
T1508,9552,202F,13465,B1 Grote St,2014-06-29 00:00:00,4
T1509,36451,440,10007,90 Carcoola Rd,2013-10-20 00:00:00,1
T1510,28710,461,17922,80 Anderson Wk,2013-07-14 00:00:00,3
T1511,58079,C1G,13339,F2 Grenfell St,2013-09-08 00:00:00,4
T1512,36437,440,10009,94 Alawoona Rd,2013-12-29 00:00:00,1
T1513,51744,W91,13283,S1 North Tce,2013-12-29 00:00:00,3
T1514,6120,171,14093,12 Fullarton Rd,2014-02-02 00:00:00,3
T1515,52741,228,10847,40 Main North Rd,2013-12-29 00:00:00,1
T1516,47520,263,13461,X1 Grote St,2013-08-04 00:00:00,2
T1517,9514,202F,11781,27 Hampstead Rd,2014-01-26 00:00:00,2
T1518,28000,248,14650,26A Diagonal Rd,2013-06-30 00:00:00,2
T1519,28957,541X,11209,49 Hancock Rd,2014-01-05 00:00:00,2
T1520,46180,174,13343,E3 Currie St,2013-11-03 00:00:00,11
T1521,51015,J1,17327,10 Airport Rd,2013-07-21 00:00:00,2
T1522,51604,W90,13013,8 Sixth Av,2013-08-25 00:00:00,15
T1523,12091,157,13006,6 Port Rd,2014-05-11 00:00:00,1
T1524,9979,J1,13508,5A Sir Donald Bradman Dr,2014-04-20 00:00:00,1
T1525,6545,195F,14908,33 Rosella Av,2014-04-27 00:00:00,2
T1526,51728,W91,13043,7 Sixth Av,2014-01-05 00:00:00,5
T1527,27688,228F,10726,45 Main North Rd,2014-03-16 00:00:00,12
T1528,44709,100,14124,174 Cross Rd,2013-12-01 00:00:00,2
T1529,11240,H30,12908,20 Arthur St,2014-05-18 00:00:00,6
T1530,9242,B10,13178,7 Magill Rd,2014-06-15 00:00:00,3
T1531,19143,861,13509,R1 Pulteney St,2014-03-02 00:00:00,1
T1532,58927,M44,14133,11A  Marion Rd,2013-10-13 00:00:00,1
T1533,6714,178,13300,Y2 King William St,2014-01-26 00:00:00,4
T1534,11442,150,12583,17 Port Rd,2014-04-06 00:00:00,1
T1535,1075,273,12054,25 North East Rd,2013-11-10 00:00:00,1
T1536,62925,287,13216,6 Ashley St,2014-01-12 00:00:00,1
T1537,52510,202,16277,Z1 King William St,2014-01-05 00:00:00,3
T1538,18907,548,13280,R2 North Tce,2014-03-23 00:00:00,1
T1539,45180,150,12254,25 Port Rd,2013-10-20 00:00:00,1
T1540,36503,440,10189,68 Woodford Rd,2013-11-10 00:00:00,1
T1541,17547,203,11713,28 Hampstead Rd,2014-02-09 00:00:00,1
T1542,20716,646,14974,Zone D Marion Interchange,2014-02-09 00:00:00,1
T1543,12112,157,12978,6 Port Rd,2014-02-16 00:00:00,1
T1544,2097,557,11544,38 Valley Rd,2013-11-10 00:00:00,2
T1545,15253,C1,10790,Zone A Golden Grove Village In,2014-04-20 00:00:00,5
T1546,58296,G10,16275,Z2 King William St,2013-09-22 00:00:00,29
T1547,14487,H20,12954,21A St Bernards Rd,2014-04-13 00:00:00,1
T1548,51176,J2,13516,5A Sir Donald Bradman Dr,2013-08-04 00:00:00,5
T1549,52670,224,17374,54B Haydown Rd,2014-04-13 00:00:00,1
T1550,5934,300,13488,149 Portrush Rd,2014-02-16 00:00:00,3
T1551,50334,H22,13335,9A  Holbrooks Rd,2013-11-24 00:00:00,1
T1552,16259,M44,14434,17 Marion Rd,2014-03-02 00:00:00,5
T1553,56486,190,13894,5 Unley Rd,2013-09-08 00:00:00,4
T1554,50938,J1,17978,8A Sir Donald Bradman Dr,2013-10-13 00:00:00,18
T1555,19909,506,11814,30 North East Rd,2014-03-09 00:00:00,2
T1556,1544,745,16155,74 Barcelona Rd,2013-12-15 00:00:00,10
T1557,29588,720,16286,D2 King William St,2013-10-20 00:00:00,83
T1558,65007,720,15419,47B Barramundi Dr,2013-12-29 00:00:00,6
T1559,27243,222,13091,2 King William Rd,2013-09-15 00:00:00,3
T1560,32422,J7,17413,30 Morley Rd,2013-06-30 00:00:00,2
T1561,47082,200C,13759,2 King William Rd,2014-01-05 00:00:00,1
T1562,46313,178,12778,13  Payneham Rd,2013-07-28 00:00:00,1
T1563,57876,C1,17172,62A The Grove Wy,2013-08-18 00:00:00,5
T1564,58339,G10,17738,Zone B Registry Rd Flinders Un,2013-11-03 00:00:00,14
T1565,27990,248,14022,9 Anzac Hwy,2013-08-18 00:00:00,3
T1566,9700,B10,12988,26 Grange Rd,2014-06-22 00:00:00,2
T1567,9244,B10,13145,14 Magill Rd,2014-04-06 00:00:00,5
T1568,4176,361,11587,Zone C Port Adelaide Interchan,2013-10-06 00:00:00,7
T1569,7892,506,11399,42A Smart Rd,2014-06-15 00:00:00,1
T1570,15124,G10,14048,8 Goodwood Rd,2014-04-27 00:00:00,1
T1571,47774,287,13215,6 Ashley St,2013-08-11 00:00:00,1
T1572,64412,681,15417,49 Barramundi Dr,2013-12-01 00:00:00,1
T1573,16378,M44,11378,Zone E Tea Tree Plaza Intercha,2014-05-04 00:00:00,1
T1574,6054,190,13766,2 Unley Rd,2014-06-22 00:00:00,7
T1575,11157,147,13772,17 Devereux Rd,2014-01-26 00:00:00,3
T1576,50534,H30,16455,14 Henley Beach Rd,2013-12-15 00:00:00,3
T1577,45602,170,13792,3 George St,2013-12-08 00:00:00,1
T1578,14284,178,12458,31 Maryvale Rd,2014-05-04 00:00:00,1
T1579,16580,M44,14295,14 Marion Rd,2014-05-04 00:00:00,3
T1580,13707,172,13479,H1 Hutt St,2014-01-26 00:00:00,1
T1581,51125,J2,13560,11 Sir Donald Bradman Dr,2013-08-18 00:00:00,1
T1582,59016,M44,14131,11A  Marion Rd,2013-09-29 00:00:00,1
T1583,50729,H31,16408,3 Henley Beach Rd,2013-08-04 00:00:00,5
T1584,48430,502,11143,38A Bridge Rd,2013-11-10 00:00:00,15
T1585,59147,M44T,13277,I2 North Tce,2013-08-25 00:00:00,2
T1586,10068,208,11812,27D Sir Ross Smith Bvd,2014-07-06 00:00:00,4
T1587,50433,H30,17336,29 Stradbroke Rd,2013-11-10 00:00:00,4
T1588,853,733,15707,43A Sir James Hardy Wy,2014-01-26 00:00:00,2
T1589,13006,178,12735,14 Payneham Rd,2014-02-16 00:00:00,1
T1590,9177,507,11769,32 North East Rd,2013-08-04 00:00:00,1
T1591,10748,142,13420,3 Kensington Rd,2014-03-02 00:00:00,2
T1592,64320,B10,13209,6 South Rd,2013-12-01 00:00:00,1
T1593,5482,157,13292,U1 North Tce,2013-08-18 00:00:00,2
T1594,49543,B10,12964,29 Frederick Rd,2013-08-11 00:00:00,5
T1595,29769,721,15399,35 Main South Rd,2013-08-18 00:00:00,1
T1596,14065,B10,12942,18 Grange Rd,2014-07-06 00:00:00,1
T1597,17068,253,12245,Zone E Arndale Interchange,2013-12-01 00:00:00,1
T1598,9783,B10,13344,U1 Grenfell St,2014-05-18 00:00:00,13
T1599,6362,300J,18632,Zone A Harbour Town,2014-06-08 00:00:00,4
T1600,53384,502,10808,43C Bridge Rd,2013-07-28 00:00:00,1
T1601,9521,202F,11481,32 Briens Rd,2014-05-18 00:00:00,1
T1602,50538,H30,16330,32C Sportsmans Dr,2014-01-05 00:00:00,1
T1603,58357,G10,14968,29D Sturt Rd,2014-01-12 00:00:00,2
T1604,56913,232,12012,31 Torrens Rd,2013-10-27 00:00:00,3
T1605,12145,167,13905,9A  Marion Rd,2014-04-06 00:00:00,5
T1606,12934,W91,18497,P1 Morphett Street,2014-06-22 00:00:00,6
T1607,58333,G10,12633,11 Prospect Rd,2013-11-03 00:00:00,1
T1608,27696,228F,10258,60 Midway Rd,2014-04-13 00:00:00,1
T1609,27691,228F,10411,53 Main North Rd,2013-10-06 00:00:00,2
T1610,53934,753,18113,83 Grand Bvd,2013-09-29 00:00:00,1
T1611,45161,150,12471,20 Port Rd,2013-09-29 00:00:00,5
T1612,6382,300U,14641,26A Diagonal Rd,2014-03-02 00:00:00,3
T1613,14792,C2,12126,Zone D Paradise Interchange,2014-02-02 00:00:00,2
T1614,63157,H33C,12871,16 Marian Rd,2014-01-05 00:00:00,2
T1615,18670,254,12122,25 Hanson Rd,2014-04-20 00:00:00,1
T1616,44849,118,12684,26 Trimmer Pde,2013-08-18 00:00:00,2
T1617,25495,430,10366,54B Henryk Dr,2014-05-18 00:00:00,1
T1618,17782,841F,15338,61 Mount Barker Rd,2014-04-27 00:00:00,1
T1619,50874,J1,17327,10 Airport Rd,2013-11-17 00:00:00,6
T1620,50032,H20,12302,24A Darley Rd,2013-09-01 00:00:00,1
T1621,27157,203F,12075,22 Hampstead Rd,2013-09-08 00:00:00,1
T1622,51569,W90,14054,11 East Av,2013-09-01 00:00:00,1
T1623,12691,253,12794,12 Hawker St,2014-02-23 00:00:00,1
T1624,12026,251,12716,14 Hawker St,2014-06-08 00:00:00,2
T1625,10341,H20,13346,U2 Grenfell St,2014-07-06 00:00:00,7
T1626,53262,440,10067,81B Main North Rd,2014-06-08 00:00:00,1
T1627,571,273,12398,18 North East Rd,2013-10-27 00:00:00,3
T1628,37032,681,15402,49E Perry Barr Rd,2013-11-10 00:00:00,4
T1629,27702,228F,10058,Zone A Smithfield Interchange,2014-03-09 00:00:00,2
T1630,27299,222,12771,8 Main North Rd,2013-12-01 00:00:00,6
T1631,10317,H20,16393,9 The Parade,2014-05-11 00:00:00,20
T1632,52599,208N,16279,X2 King William St,2013-12-08 00:00:00,6
T1633,27267,222,11160,33B Mawson Lakes Bvd,2013-07-28 00:00:00,2
T1634,53738,557,12106,Zone E Paradise Interchange,2013-08-18 00:00:00,8
T1635,18090,235,12088,17 Churchill Rd,2014-06-15 00:00:00,1
T1636,46420,178,13277,I2 North Tce,2013-08-18 00:00:00,2
T1637,45550,168,13872,10 Harvey Av,2013-07-28 00:00:00,2
T1638,5665,100,13754,12  Portrush Rd,2014-05-18 00:00:00,1
T1639,47035,200B,15030,31 Diagonal Rd,2013-07-28 00:00:00,1
T1640,45363,167,13367,B2 Currie St,2013-06-30 00:00:00,71
T1641,16019,G20,13846,4 Goodwood Rd,2014-04-27 00:00:00,1
T1642,36409,411,10485,45B Burton Rd,2014-03-02 00:00:00,1
T1643,29731,721,14291,13 South Rd,2013-10-20 00:00:00,1
T1644,47914,288,13164,5B West Thebarton Rd,2013-08-04 00:00:00,3
T1645,19108,300G,17200,28C Diagonal Rd,2014-03-02 00:00:00,1
T1646,1148,734,17242,58 Young St,2013-12-01 00:00:00,1
T1647,45320,162,13624,13 Military Rd,2013-10-13 00:00:00,9
T1648,30583,743,16152,51D Brodie Rd,2013-09-22 00:00:00,3
T1649,58338,G10,14433,15 Goodwood Rd,2013-12-15 00:00:00,1
T1650,11629,150,13292,U1 North Tce,2014-04-13 00:00:00,14
T1651,57184,300U,14460,25P Pier St,2013-12-15 00:00:00,2
T1652,14145,273,12146,22 North East Rd,2014-01-26 00:00:00,2
T1653,11074,239,11689,26 Grand Junction Rd,2014-02-16 00:00:00,4
T1654,11806,H33C,16470,13 Henley Beach Rd,2014-03-16 00:00:00,24
T1655,45066,144,13282,G2 North Tce,2014-01-12 00:00:00,19
T1656,56539,190,13853,4 Unley Rd,2013-07-14 00:00:00,26
T1657,8886,506,11925,29B Sudholz Rd,2013-09-15 00:00:00,1
T1658,11808,H33C,12757,24 Koonga Av,2014-03-16 00:00:00,5
T1659,1202,404,10562,45 Winzor St,2013-07-21 00:00:00,8
T1660,47475,263,14382,23 Brighton Rd,2013-07-07 00:00:00,4
T1661,19457,300,12180,126 Muller Rd,2014-05-18 00:00:00,1
T1662,28073,248F,14237,13 South Tce,2013-10-06 00:00:00,1
T1663,20032,600,14993,26A University Dr,2014-05-04 00:00:00,2
T1664,36913,565,11222,37C Montague Rd,2013-10-06 00:00:00,6
T1665,58121,C1T,13365,C1 Currie St,2013-08-25 00:00:00,1
T1666,27687,228F,10191,68 Yorktown Rd,2014-04-06 00:00:00,7
T1667,12476,J8,12212,Zone B Arndale Interchange,2014-06-15 00:00:00,1
T1668,19028,271,11401,42A Smart Rd,2014-06-15 00:00:00,1
T1669,45150,147,13398,F1 Hutt St,2013-07-07 00:00:00,1
T1670,51761,W91C,13818,5 Leader St,2013-12-29 00:00:00,5
T1671,10299,H20,13364,W3 Currie St,2014-03-09 00:00:00,1
T1672,47033,200B,13768,2 King William Rd,2013-11-24 00:00:00,3
T1673,691,401,10515,51 Waterloo Corner Rd,2013-12-08 00:00:00,2
T1674,31231,864,13834,7 Glen Osmond Rd,2013-08-04 00:00:00,2
T1675,5663,100,14089,166 Cross Rd,2014-06-29 00:00:00,2
T1676,8769,506,11265,65 Kelly Rd,2013-12-08 00:00:00,2
T1677,45152,150,12359,23 Port Rd,2013-07-28 00:00:00,1
T1678,14278,178,12060,42 Lower Athelstone Rd,2014-05-18 00:00:00,3
T1679,88,451,10030,78A Curtis Rd,2014-03-16 00:00:00,4
T1680,47105,200C,13473,G2 Victoria Sq,2013-11-10 00:00:00,3
T1681,36857,560P,10514,Zone F Salisbury Interchange,2014-04-13 00:00:00,4
T1682,3624,451,17372,74H President Av,2013-07-21 00:00:00,4
T1683,48938,733,15902,55 Wheatsheaf Rd,2013-07-07 00:00:00,1
T1684,45097,147,13602,13 Northumberland St,2013-10-27 00:00:00,4
T1685,45069,144,13299,C1 North Tce,2013-09-01 00:00:00,3
T1686,57907,C1,17172,62A The Grove Wy,2013-12-29 00:00:00,3
T1687,9723,B10,13189,7 South Rd,2014-06-01 00:00:00,4
T1688,10296,H20,16369,17 The Parade,2014-05-25 00:00:00,7
T1689,12305,J1,17326,9A Hamra Dr,2014-06-22 00:00:00,1
T1690,46469,178,12618,23 Montacute Rd,2013-09-01 00:00:00,4
T1691,5899,300,17417,212 Findon Rd,2014-02-02 00:00:00,3
T1692,14166,273,12054,25 North East Rd,2014-04-20 00:00:00,2
T1693,20777,C1,10237,64B Playford Bvd,2014-04-06 00:00:00,16
T1694,30971,839,17181,66 Hutchinson St,2013-07-28 00:00:00,2
T1695,57188,300U,14680,27 Diagonal Rd,2013-07-28 00:00:00,1
T1696,13652,265,14082,11 Anzac Hwy,2014-06-22 00:00:00,1
T1697,16894,253X,12213,Zone D Arndale Interchange,2013-10-06 00:00:00,25
T1698,49740,B12,12993,26A Grange Rd,2013-09-01 00:00:00,7
T1699,16255,M44,11057,50 Ladywood Rd,2014-03-30 00:00:00,2
T1700,12334,J2,13520,7 Sir Donald Bradman Dr,2014-06-29 00:00:00,2
T1701,6078,190,13853,4 Unley Rd,2014-04-13 00:00:00,8
T1702,27279,222,13474,VS3 Victoria Sq,2014-01-19 00:00:00,4
T1703,63476,720H,14416,15 South Rd,2013-12-22 00:00:00,3
T1704,28918,506X,11113,39D Sleep Rd,2013-11-17 00:00:00,4
T1705,47510,263,16276,A3 King William Rd,2014-01-19 00:00:00,2
T1706,56801,230,12549,13 Harrison Rd,2013-08-18 00:00:00,2
T1707,5925,300,12174,126A Muller Rd,2014-05-18 00:00:00,3
T1708,9537,202F,13036,3A Melbourne St,2014-03-30 00:00:00,1
T1709,14119,273,12000,26 North East Rd,2014-03-16 00:00:00,10
T1710,18214,248,13274,A2 King William Rd,2014-02-02 00:00:00,1
T1711,27306,222,11444,29 Main North Rd,2013-07-28 00:00:00,1
T1712,50994,J1,13364,W3 Currie St,2013-09-08 00:00:00,16
T1713,6416,361,11643,26 Grand Junction Rd,2014-04-13 00:00:00,2
T1714,59039,M44,17189,Zone B Klemzig Interchange,2013-08-04 00:00:00,5
T1715,12473,J8,14982,31 Sturt Rd,2014-02-02 00:00:00,7
T1716,9245,B10,13371,B1 Currie St,2014-06-15 00:00:00,6
T1717,10322,H20,14181,14A Stonehouse Av,2014-05-04 00:00:00,3
T1718,48758,720,14947,28 Sturt Rd,2013-09-15 00:00:00,1
T1719,16922,254,11731,34 Grand Junction Rd,2013-12-15 00:00:00,1
T1720,20385,646,14974,Zone D Marion Interchange,2014-05-25 00:00:00,24
T1721,9715,B10,13352,V1 Currie St,2014-02-16 00:00:00,15
T1722,52854,248,13904,5A Anzac Hwy,2013-09-08 00:00:00,2
T1723,33887,117,13352,V1 Currie St,2013-10-13 00:00:00,6
T1724,18164,239,13287,B1 Pulteney St,2014-06-29 00:00:00,2
T1725,15375,M44,16667,Zone A Klemzig Interchange,2014-02-16 00:00:00,2
T1726,1800,556,13326,H2 Grenfell St,2013-09-01 00:00:00,46
T1727,59053,M44,11142,49 Ladywood Rd,2013-12-29 00:00:00,2
T1728,455,400,10307,63A Diment Rd,2014-03-23 00:00:00,44
T1729,58463,G10,18194,25 Shepherds Hill Rd,2013-11-17 00:00:00,3
T1730,53750,560,10222,Zone D Elizabeth City Centre,2013-11-17 00:00:00,4
T1731,1200,404,10616,42 Martins Rd,2013-10-27 00:00:00,1
T1732,6121,171,13330,G3 Grenfell St,2014-02-02 00:00:00,1
T1733,8943,506,13326,H2 Grenfell St,2013-09-29 00:00:00,23
T1734,9630,541,16594,61 Bicentenial Dr,2014-02-09 00:00:00,1
T1735,27748,228F,10198,67 Yorktown Rd,2013-12-01 00:00:00,3
T1736,17924,541X,11282,48 Hancock Rd,2014-05-11 00:00:00,2
T1737,45305,157X,11858,36A First Av,2013-09-22 00:00:00,14
T1738,27154,203F,12087,22 Hampstead Rd,2013-10-27 00:00:00,1
T1739,59063,M44,14569,20 Marion Rd,2014-01-19 00:00:00,1
T1740,29833,721F,13970,7 South Rd,2013-08-25 00:00:00,1
T1741,20769,C1,17189,Zone B Klemzig Interchange,2014-06-15 00:00:00,3
T1742,20715,646,15204,38 Morphett Rd,2014-02-02 00:00:00,5
T1743,15160,G10,13888,5 Goodwood Rd,2014-03-02 00:00:00,2
T1744,59164,M44X,11370,Zone C Tea Tree Plaza Intercha,2013-07-14 00:00:00,36
T1745,9357,H22,16369,17 The Parade,2014-04-06 00:00:00,4
T1746,13698,271,11618,35 North East Rd,2014-05-25 00:00:00,1
T1747,20545,557,11201,48 North East Rd,2014-06-01 00:00:00,1
T1748,8570,B10,13067,20 St Bernards Rd,2014-05-18 00:00:00,1
T1749,27319,222,17529,Zone D Mawson Interchange,2013-08-18 00:00:00,15
T1750,11519,245,13904,5A Anzac Hwy,2014-03-09 00:00:00,9
T1751,12477,J8,12463,220 Woodville Rd,2014-06-29 00:00:00,2
T1752,30581,743,16147,51C Brodie Rd,2013-10-20 00:00:00,1
T1753,50629,H30S,16358,29 Seaview Rd,2013-10-27 00:00:00,1
T1754,15992,G10B,12204,17 Prospect Rd,2014-03-09 00:00:00,2
T1755,27508,224F,10301,57 Hogarth Rd,2014-06-29 00:00:00,2
T1756,48742,720,14192,10 South Rd,2013-09-22 00:00:00,1
T1757,58563,G10B,12441,14 Prospect Rd,2013-12-15 00:00:00,3
T1758,46470,178,12468,31 Maryvale Rd,2013-11-10 00:00:00,2
T1759,10774,H22,13367,B2 Currie St,2014-06-29 00:00:00,3
T1760,49562,B10,13029,21 St Bernards Rd,2013-11-03 00:00:00,1
T1761,27742,228F,12288,17 Main North Rd,2013-09-29 00:00:00,5
T1762,15144,G10,13452,D2 Grote St,2014-02-02 00:00:00,7
T1763,6441,361,11731,34 Grand Junction Rd,2014-03-30 00:00:00,2
T1764,16296,M44,13280,R2 North Tce,2014-05-11 00:00:00,11
T1765,51148,J2,13393,4 South Rd,2013-08-18 00:00:00,1
T1766,50330,H22,13250,12 Pierson St,2013-10-27 00:00:00,12
T1767,12901,W90,14889,28 Bradley Gr,2014-05-25 00:00:00,1
T1768,45159,150,16661,44 Fletcher Rd,2013-07-28 00:00:00,5
T1769,14107,271,12054,25 North East Rd,2014-03-23 00:00:00,2
T1770,58731,G20,15394,48 Sunnymeade Dr,2014-01-12 00:00:00,5
T1771,44843,118,12747,23  Findon Rd,2013-08-11 00:00:00,4
T1772,45030,144,13355,W1 Dequetteville Tce,2013-12-08 00:00:00,1
T1773,14297,178,12637,20 Montacute Rd,2014-03-09 00:00:00,6
T1774,27494,224F,13078,2 King William Rd,2014-02-09 00:00:00,1
T1775,273,400,10399,54A John Rice Av,2014-02-16 00:00:00,1
T1776,16981,200,14505,17C East Pky,2014-04-06 00:00:00,1
T1777,18035,506,11372,44 Nelson Rd,2013-10-13 00:00:00,1
T1778,10001,203F,13062,2A Melbourne St,2014-06-01 00:00:00,1
T1779,27442,224,10610,44 Salisbury Hwy,2014-02-09 00:00:00,1
T1780,16671,252,12840,10 Hawker St,2013-10-27 00:00:00,1
T1781,13922,147,13398,F1 Hutt St,2014-02-09 00:00:00,1
T1782,50452,H30,17336,29 Stradbroke Rd,2013-08-18 00:00:00,1
T1783,29642,720H,14970,Zone F Marion Interchange,2013-09-29 00:00:00,4
T1784,51006,J1,16412,3 Henley Beach Rd,2013-08-18 00:00:00,2
T1785,50052,H20,13360,W1 Currie St,2013-12-29 00:00:00,3
T1786,13340,W91C,13818,5 Leader St,2014-03-16 00:00:00,11
T1787,65299,721,16046,Zone G Noarlunga Centre Interc,2014-06-15 00:00:00,2
T1788,4840,271,12295,20 North East Rd,2014-05-04 00:00:00,8
T1789,20914,556,11787,35 Lower North East Rd,2014-06-15 00:00:00,1
T1790,10869,H30,16453,18 Henley Beach Rd,2014-02-09 00:00:00,35
T1791,298,452,17922,80 Anderson Wk,2014-02-23 00:00:00,6
T1792,51639,W90M,14787,26A Bradley Gr,2013-10-06 00:00:00,1
T1793,49535,B10,13174,8 Magill Rd,2013-08-18 00:00:00,1
T1794,56952,232,13049,3 O Connell St,2013-10-27 00:00:00,1
T1795,28931,528,12392,19 O G Rd,2013-07-07 00:00:00,2
T1796,13485,230,16279,X2 King William St,2014-06-08 00:00:00,11
T1797,45130,147,13479,H1 Hutt St,2013-09-29 00:00:00,4
T1798,333,452,18145,71 Heytesbury Rd,2013-11-17 00:00:00,1
T1799,9699,B10,12387,33C West Lakes Bvd,2014-02-09 00:00:00,2
T1800,1076,273,12054,25 North East Rd,2013-12-08 00:00:00,1
T1801,6047,190,13440,T1 Wakefield St,2014-02-23 00:00:00,1
T1802,48353,501,17532,Zone A Mawson Interchange,2014-01-05 00:00:00,3
T1803,50048,H20,12954,21A St Bernards Rd,2013-09-29 00:00:00,1
T1804,17552,203,13452,D2 Grote St,2014-06-22 00:00:00,4
T1805,36889,565,17532,Zone A Mawson Interchange,2014-02-09 00:00:00,3
T1806,50125,H20,13669,8F  Marion Rd,2014-01-05 00:00:00,8
T1807,27763,228F,10592,48A Main North Rd,2013-12-01 00:00:00,1
T1808,7407,503,11865,31 Lyons Rd,2014-04-06 00:00:00,1
T1809,58345,G10,14048,8 Goodwood Rd,2013-07-14 00:00:00,2
T1810,19598,861,13864,8 Glen Osmond Rd,2014-02-16 00:00:00,5
T1811,57255,600,15059,30B Shepherds Hill Rd,2013-10-27 00:00:00,1
T1812,50458,H30,16459,19 Henley Beach Rd,2013-09-29 00:00:00,2
T1813,16998,265W,13374,D1 King William St,2013-08-04 00:00:00,14
T1814,11802,H33C,13190,4 Magill Rd,2014-02-09 00:00:00,3
T1815,19628,864,14778,36 Mt Barker Rd,2014-03-09 00:00:00,2
T1816,47067,200C,13473,G2 Victoria Sq,2013-09-22 00:00:00,3
T1817,5889,300,13732,13C Cambridge Av,2014-04-06 00:00:00,4
T1818,10916,117,12890,19  Crittenden Rd,2014-04-06 00:00:00,1
T1819,8639,200,14505,17C East Pky,2014-06-29 00:00:00,1
T1820,11235,H30,16442,11 Henley Beach Rd,2014-03-16 00:00:00,1
T1821,48287,500,13280,R2 North Tce,2013-11-24 00:00:00,1
T1822,58705,G20,14606,19 Goodwood Rd,2013-09-01 00:00:00,5
T1823,50244,H22,16402,5 The Parade,2013-10-06 00:00:00,1
T1824,45706,171,14015,10 Fullarton Rd,2013-11-10 00:00:00,2
T1825,46977,200,14882,25 Ayliffes Rd,2013-10-27 00:00:00,2
T1826,27131,203,11116,52 Milne Rd,2013-12-08 00:00:00,2
T1827,58280,G10,14606,19 Goodwood Rd,2013-11-17 00:00:00,8
T1828,32704,T840,13472,G1 Pulteney St,2013-08-11 00:00:00,7
T1829,14260,178,12140,47 Silkes Rd,2014-02-09 00:00:00,1
T1830,14295,178,12879,10 Payneham Rd,2014-03-16 00:00:00,2
T1831,56584,190B,16276,A3 King William Rd,2013-10-27 00:00:00,4
T1832,27710,228F,10779,43 Main North Rd,2014-04-06 00:00:00,3
T1833,50371,H22L,16386,12 The Parade,2014-01-19 00:00:00,1
T1834,594,273,12084,24 North East Rd,2014-01-12 00:00:00,2
T1835,48835,722F,14995,27 Main South Rd,2013-09-08 00:00:00,8
T1836,8688,200,15053,Zone B Flinders Medical Centre,2014-03-30 00:00:00,1
T1837,11059,239,13055,4 Jeffcott St,2014-06-29 00:00:00,1
T1838,54953,G10,13452,D2 Grote St,2013-07-07 00:00:00,1
T1839,27606,225M,10975,40B Kesters Rd,2014-02-16 00:00:00,1
T1840,6346,W90M,14572,20 Winston Av,2014-06-01 00:00:00,1
T1841,57145,300J,14590,26 Diagonal Rd,2013-12-29 00:00:00,1
T1842,49589,B10,13276,I3 North Tce,2013-08-11 00:00:00,4
T1843,49263,749,16128,73 Saltfleet St,2013-11-24 00:00:00,1
T1844,6452,500,17374,54B Haydown Rd,2014-06-29 00:00:00,2
T1845,49024,737,18567,45G McHarg Rd,2013-08-11 00:00:00,1
T1846,17305,263,13928,6 Anzac Hwy,2013-11-10 00:00:00,1
T1847,15523,G10B,12947,5 O'Connell St,2014-03-23 00:00:00,3
T1848,16916,254,11969,28 Hanson Rd,2013-11-24 00:00:00,3
T1849,28362,300,13754,12  Portrush Rd,2013-07-07 00:00:00,2
T1850,12850,171,13967,9 Fullarton Rd,2014-04-06 00:00:00,4
T1851,58859,M44,11378,Zone E Tea Tree Plaza Intercha,2013-11-03 00:00:00,5
T1852,31006,842F,15377,63 Adelaide Rd,2013-06-30 00:00:00,2
T1853,3604,451,17372,74H President Av,2013-08-11 00:00:00,2
T1854,50854,J1,17327,10 Airport Rd,2013-06-30 00:00:00,11
T1855,16560,M44,14133,11A  Marion Rd,2014-02-23 00:00:00,4
T1856,14855,G10,13455,W1 Grote St,2014-06-01 00:00:00,37
T1857,27593,225F,10534,Zone I Salisbury Interchange,2013-07-28 00:00:00,7
T1858,7759,200,14188,13 Sussex Tce,2014-05-04 00:00:00,6
T1859,13697,271,13053,3 Melbourne St,2014-04-27 00:00:00,1
T1860,19691,557,11787,35 Lower North East Rd,2014-04-06 00:00:00,1
T1861,27967,245,13814,3 Anzac Hwy,2013-09-29 00:00:00,1
T1862,27999,248,14579,24A Morphett Rd,2013-08-04 00:00:00,1
T1863,49671,B10,12677,31A Frederick Rd,2013-11-03 00:00:00,1
T1864,36387,411,10628,39A Jamison St,2013-07-07 00:00:00,1
T1865,57030,300,14753,22 Fiveash Dr,2013-09-22 00:00:00,4
T1866,14744,995,12396,18 North East Rd,2014-04-06 00:00:00,4
T1867,15357,491,18216,142 Murray St,2014-04-27 00:00:00,1
T1868,11165,147,13574,10 Stirling St,2014-03-30 00:00:00,1
T1869,12017,251,13069,5 Hill St,2014-03-23 00:00:00,2
T1870,57304,600B,15043,30C Shepherds Hill Rd,2013-09-15 00:00:00,1
T1871,58533,G10A,13274,A2 King William Rd,2014-01-19 00:00:00,4
T1872,11789,H33,13208,3 North Tce,2014-05-11 00:00:00,1
T1873,11851,157,16591,T1 North Tce,2014-05-25 00:00:00,3
T1874,65017,720,17245,59 Young St,2014-01-12 00:00:00,1
T1875,50358,H22L,13346,U2 Grenfell St,2014-01-19 00:00:00,3
T1876,48720,719,17738,Zone B Registry Rd Flinders Un,2013-10-06 00:00:00,14
T1877,12766,168,14313,21A Anzac Hwy,2014-06-29 00:00:00,2
T1878,10003,203F,11386,35 Bridge Rd,2014-02-09 00:00:00,1
T1879,27979,248,14784,28A Diagonal Rd,2013-11-24 00:00:00,5
T1880,50833,H32,16423,8 Henley Beach Rd,2014-01-19 00:00:00,1
T1881,7055,232,12318,22 Regency Rd,2014-03-16 00:00:00,2
T1882,56942,232,13078,2 King William Rd,2013-10-13 00:00:00,1
T1883,45365,167,13734,5 Richmond Rd,2013-08-04 00:00:00,13
T1884,6635,174,13021,8 Payneham Rd,2014-02-09 00:00:00,2
T1885,6028,179F,12296,33 Addison Av,2014-04-06 00:00:00,1
T1886,8589,B10,13008,28 Grange Rd,2014-03-23 00:00:00,1
T1887,63457,720H,14535,18 South Rd,2013-12-01 00:00:00,1
T1888,16907,254X,11715,32 Grand Junction Rd,2013-08-25 00:00:00,3
T1889,58839,M44,13457,W2 Grote St,2013-12-29 00:00:00,1
T1890,37048,681,15218,42 Brighton Rd,2013-08-11 00:00:00,1
T1891,28660,442,10098,89 Park Lake Bvd,2014-04-27 00:00:00,1
T1892,46404,178,13285,F2 North Tce,2013-09-29 00:00:00,1
T1893,57047,300,13386,147 Portrush Rd,2013-12-08 00:00:00,1
T1894,14565,C1,13339,F2 Grenfell St,2014-03-30 00:00:00,15
T1895,45162,150,12835,10 Port Rd,2013-09-08 00:00:00,2
T1896,21019,C1,11370,Zone C Tea Tree Plaza Intercha,2014-04-20 00:00:00,32
T1897,46476,178,12329,26A Gorge Rd,2013-11-03 00:00:00,1
T1898,48218,361,11726,33A Grand Junction Rd,2013-11-17 00:00:00,1
T1899,50394,H30,12459,37 Graves St,2013-12-29 00:00:00,2
T1900,12654,252,12123,25 Liberty Av,2014-01-26 00:00:00,1
T1901,10687,142,13279,R1 North Tce,2014-07-06 00:00:00,1
T1902,46052,174,13214,2 North Tce,2013-08-18 00:00:00,1
T1903,46093,174,12501,20 Lower North East Rd,2013-06-30 00:00:00,1
T1904,8302,545,10917,55 Hillendale Dr,2013-07-14 00:00:00,3
T1905,28115,265,13904,5A Anzac Hwy,2013-11-17 00:00:00,12
T1906,15145,G10,13019,4 O Connell St,2014-01-26 00:00:00,3
T1907,13534,281,13276,I3 North Tce,2014-04-06 00:00:00,1
T1908,9023,503,11417,41 Wright Rd,2013-11-03 00:00:00,3
T1909,27240,222,16275,Z2 King William St,2013-12-08 00:00:00,4
T1910,53266,440,10165,69 Woodford Rd,2014-03-09 00:00:00,1
T1911,20211,541,10908,57 Hancock Rd,2014-03-02 00:00:00,3
T1912,11620,150,12254,25 Port Rd,2014-04-27 00:00:00,2
T1913,9803,B10C,12988,26 Grange Rd,2014-05-18 00:00:00,12
T1914,2204,415,10540,52 Ponton St,2013-07-14 00:00:00,1
T1915,50531,H30,16349,30 Military Rd,2013-07-28 00:00:00,2
T1916,59055,M44,11237,46 Ladywood Rd,2014-01-05 00:00:00,2
T1917,48312,500,11802,28 Sudholz Rd,2013-11-24 00:00:00,8
T1918,50328,H22,16392,9 The Parade,2013-06-30 00:00:00,2
T1919,10366,H21,12096,Zone I Paradise Interchange,2014-06-08 00:00:00,9
T1920,27690,228F,11803,23 Main North Rd,2013-12-15 00:00:00,3
T1921,57828,C1,11378,Zone E Tea Tree Plaza Intercha,2013-08-18 00:00:00,49
T1922,5666,100,14101,169 Cross Rd,2014-04-06 00:00:00,1
T1923,11137,144,13294,D North Tce,2014-06-22 00:00:00,11
T1924,6614,174,12654,17 Payneham Rd,2014-03-23 00:00:00,1
T1925,29585,720,14966,29B Sturt Rd,2013-11-17 00:00:00,1
T1926,47034,200B,14339,16 Salisbury Cr,2013-12-01 00:00:00,1
T1927,51537,W90,14150,12 Winston Av,2013-08-04 00:00:00,1
T1928,62852,749,16999,116 Pridham Bvd,2014-01-12 00:00:00,15
T1929,15096,G10,14816,23A Fiveash Dr,2014-02-16 00:00:00,1
T1930,16729,251,13069,5 Hill St,2013-07-07 00:00:00,1
T1931,27599,225F,10712,45A Frost Rd,2013-09-08 00:00:00,1
T1932,33839,117,12436,32 Tapleys Hill Rd,2013-08-11 00:00:00,2
T1933,36877,565,11211,37A Montague Rd,2013-07-21 00:00:00,3
T1934,2526,208,17827,27A Fosters Rd,2013-10-20 00:00:00,1
T1935,62707,232,12805,8 Torrens Rd,2014-01-19 00:00:00,1
T1936,10639,235,13283,S1 North Tce,2014-03-30 00:00:00,1
T1937,12757,168,14021,15 Mooringe Av,2014-04-06 00:00:00,3
T1938,47457,254X,11810,29A Hanson Rd,2013-06-30 00:00:00,5
T1939,50319,H22,16466,22 Henley Beach Rd,2013-12-29 00:00:00,1
T1940,58263,G10,13738,1 Goodwood Rd,2013-12-29 00:00:00,1
T1941,36368,411,17514,38 Shepherdson Rd,2013-12-29 00:00:00,4
T1942,58323,G10,14457,16 Goodwood Rd,2014-01-12 00:00:00,1
T1943,14873,557,11157,50 North East Rd,2014-03-09 00:00:00,1
T1944,19671,557,11275,44 North East Rd,2014-02-23 00:00:00,1
T1945,48457,502,13365,C1 Currie St,2013-12-29 00:00:00,1
T1946,10331,H20,16406,2 Henley Beach Rd,2014-04-20 00:00:00,3
T1947,46110,174,13343,E3 Currie St,2013-10-13 00:00:00,3
T1948,8680,200,14273,15 Sussex Tce,2014-04-27 00:00:00,2
T1949,46027,174,12501,20 Lower North East Rd,2013-07-28 00:00:00,2
T1950,65354,721F,15049,Zone A Flinders Medical Centre,2014-05-04 00:00:00,22
T1951,919,401,10520,Zone C Salisbury Interchange,2014-03-23 00:00:00,15
T1952,12159,239,12631,9A Churchill Rd,2013-10-27 00:00:00,3
T1953,50174,H21,16393,9 The Parade,2013-08-25 00:00:00,2
T1954,29932,722,16051,Zone C Noarlunga Centre Interc,2013-10-20 00:00:00,1
T1955,64762,720H,14757,23 South Rd,2014-01-12 00:00:00,1
T1956,50139,H20,12310,24A Darley Rd,2013-08-11 00:00:00,3
T1957,56652,195F,15006,38 Rankeys Hill Rd,2013-07-28 00:00:00,6
T1958,10347,H20,13134,19C Penfold Rd,2014-05-25 00:00:00,1
T1959,49377,773,15364,34 Chandlers Hill Rd,2013-12-08 00:00:00,3
T1960,11722,H32,13287,B1 Pulteney St,2014-06-08 00:00:00,6
T1961,58835,M44,13781,2 Anzac Hwy,2013-09-29 00:00:00,1
T1962,20783,C1,11370,Zone C Tea Tree Plaza Intercha,2014-02-23 00:00:00,35
T1963,56543,190,13583,P1 Pulteney St,2013-09-29 00:00:00,2
T1964,27504,224F,11586,26 Main North Rd,2013-11-10 00:00:00,1
T1965,11502,241,14274,13A Towers Tce,2014-05-04 00:00:00,4
T1966,27254,222,16291,U1 Victoria Sq,2014-03-02 00:00:00,4
T1967,45167,150,11621,39 Commercial Rd,2013-08-25 00:00:00,2
T1968,16270,M44,11008,51 Ladywood Rd,2014-03-09 00:00:00,1
T1969,30851,820,13348,E1 Currie St,2013-07-14 00:00:00,6
T1970,50939,J1,17327,10 Airport Rd,2013-07-07 00:00:00,67
T1971,13458,196,16283,C3 King William St,2014-06-08 00:00:00,18
T1972,5870,300,12260,114 Regency Rd,2014-02-23 00:00:00,1
T1973,28151,271,11401,42A Smart Rd,2013-07-28 00:00:00,2
T1974,28927,507,11546,36 North East Rd,2013-10-06 00:00:00,3
T1975,6604,230,11621,39 Commercial Rd,2014-01-26 00:00:00,2
T1976,19939,506,12097,Zone F Paradise Interchange,2014-02-16 00:00:00,6
T1977,57029,300,14381,21 Gordon St,2013-09-01 00:00:00,1
T1978,10176,118,12670,24 Trimmer Pde,2014-02-23 00:00:00,4
T1979,12307,J1,13343,E3 Currie St,2014-04-13 00:00:00,1
T1980,49486,B10,13352,V1 Currie St,2013-07-07 00:00:00,1
T1981,47804,287,13196,13  Holbrooks Rd,2013-08-11 00:00:00,1
T1982,27532,224X,17529,Zone D Mawson Interchange,2013-09-15 00:00:00,38
T1983,4841,743,16022,64A Alexander Kelly Dr,2013-09-15 00:00:00,1
T1984,46025,174,12842,11 Payneham Rd,2013-07-14 00:00:00,1
T1985,12157,235,11944,20 Churchill Rd,2013-10-13 00:00:00,5
T1986,18463,543X,10910,62 Illyarrie Av,2014-05-11 00:00:00,5
T1987,36362,411,17530,Zone C Mawson Lakes Interchang,2014-02-09 00:00:00,3
T1988,65378,721F,15577,40 Old South Rd,2014-02-16 00:00:00,1
T1989,9746,541,11074,52 Hancock Rd,2013-11-17 00:00:00,2
T1990,45551,168,14058,17 St Andrews Cr,2013-09-15 00:00:00,3
T1991,31800,G40,13207,2 Hackney Rd,2013-10-27 00:00:00,1
T1992,10603,235,13055,4 Jeffcott St,2014-03-23 00:00:00,1
T1993,27379,222,16291,U1 Victoria Sq,2014-02-09 00:00:00,1
T1994,36354,411,17514,38 Shepherdson Rd,2013-09-22 00:00:00,4
T1995,19282,556,11517,39 Grand Junction Rd,2014-03-09 00:00:00,1
T1996,12117,157X,11165,49 Military Rd,2014-06-15 00:00:00,4
T1997,45022,144,13529,2 Grant Av,2013-09-22 00:00:00,3
T1998,45701,171,14093,12 Fullarton Rd,2013-10-27 00:00:00,1
T1999,4836,743,16126,51A Brodie Rd,2013-08-04 00:00:00,1
T2000,20039,600B,14968,29D Sturt Rd,2014-01-26 00:00:00,1
T2001,16057,G20,13455,W1 Grote St,2014-02-16 00:00:00,2
T2002,4054,G10,13846,4 Goodwood Rd,2013-12-29 00:00:00,1
T2003,9587,507,17622,41 North East Rd,2014-06-22 00:00:00,1
T2004,58280,G10,12066,19 Prospect Rd,2013-12-15 00:00:00,6
T2005,36360,411,10452,43C Liberator Dr,2013-09-29 00:00:00,4
T2006,47054,200B,13840,4 King William Rd,2013-09-29 00:00:00,2
T2007,65044,720,14943,27 Sturt Rd,2014-04-27 00:00:00,1
T2008,52777,235,12772,8A Churchill Rd,2013-09-08 00:00:00,1
T2009,7982,506,11401,42A Smart Rd,2014-06-15 00:00:00,3
T2010,56447,190,13472,G1 Pulteney St,2013-09-29 00:00:00,1
T2011,45287,157,13205,2 Port Rd,2014-01-19 00:00:00,1
T2012,58262,G10,16282,C2 King William St,2014-01-12 00:00:00,31
T2013,13693,271,12561,14 North East Rd,2014-06-01 00:00:00,3
T2014,1363,190,13799,3 Unley Rd,2014-01-12 00:00:00,4
T2015,32839,208,13598,O2 Peacock Rd,2014-01-12 00:00:00,4
T2016,14641,G10,14542,18 Goodwood Rd,2014-02-16 00:00:00,1
T2017,27341,222,11545,27 Main North Rd,2014-06-08 00:00:00,1
T2018,7516,286,13246,22 Cheadle St,2014-04-13 00:00:00,2
T2019,62852,749,16032,69 Beach Rd,2013-12-08 00:00:00,1
T2020,23316,C1,17172,62A The Grove Wy,2013-07-07 00:00:00,1
T2021,17805,860F,14862,46 Mount Barker Rd,2014-03-23 00:00:00,52
T2022,50668,H31,16413,4 Henley Beach Rd,2013-09-01 00:00:00,2
T2023,15121,G10,14919,26 Shepherds Hill Rd,2014-03-16 00:00:00,2
T2024,11297,H30,13337,T2 Grenfell St,2014-06-01 00:00:00,19
T2025,46542,179F,13277,I2 North Tce,2013-07-07 00:00:00,12
T2026,58298,G10,13003,4 O Connell St,2014-01-12 00:00:00,2
T2027,9239,B10,12416,33B West Lakes Bvd,2014-05-18 00:00:00,1
T2028,13352,100,13499,8C  Marion Rd,2014-03-16 00:00:00,1
T2029,36793,560,10720,44B Bridge Rd,2014-06-08 00:00:00,2
T2030,1156,734,17229,52 Adams Rd,2013-12-08 00:00:00,1
T2031,10828,H22L,16365,17B The Parade,2014-01-26 00:00:00,2
T2032,9867,H30S,16418,6 Henley Beach Rd,2014-06-15 00:00:00,6
T2033,16400,M44,13781,2 Anzac Hwy,2014-05-04 00:00:00,1
T2034,16608,M44,14824,26 Township Rd,2014-05-25 00:00:00,6
T2035,46120,174,13330,G3 Grenfell St,2014-01-12 00:00:00,4
T2036,2530,208,12551,14 Galway Av,2013-12-22 00:00:00,2
T2037,36374,411,10550,45D Burton Rd,2014-05-18 00:00:00,17
T2038,56716,230,11587,Zone C Port Adelaide Interchan,2013-07-14 00:00:00,1
T2039,50654,H31,16419,6 Henley Beach Rd,2013-09-29 00:00:00,1
T2040,14855,G10,12693,9 Prospect Rd,2014-02-16 00:00:00,4
T2041,27657,228,11076,35 Main North Rd,2014-06-22 00:00:00,1
T2042,58595,G10B,12744,8 Prospect Rd,2013-08-04 00:00:00,1
T2043,3603,451,10101,73 Peachey Rd,2013-10-27 00:00:00,3
T2044,20007,600,14993,26A University Dr,2014-01-26 00:00:00,2
T2045,846,733,15808,46C Investigator Rd,2013-12-01 00:00:00,4
T2046,2146,222,12599,12 Main North Rd,2013-07-28 00:00:00,2
T2047,29006,542X,10828,67 Yatala Vale Rd,2013-12-01 00:00:00,1
T2048,58869,M44,13281,G3 North Tce,2014-01-12 00:00:00,5
T2049,52894,251,12659,15 South Rd,2013-08-25 00:00:00,3
T2050,10792,H22,16363,18 The Parade,2014-06-01 00:00:00,4
T2051,9430,H22,13325,I1 Grenfell St,2014-04-06 00:00:00,2
T2052,29001,541X,13365,C1 Currie St,2014-01-12 00:00:00,5
T2053,53213,411,10624,39C Andrew Smith Dr,2014-04-27 00:00:00,1
T2054,6548,195F,14260,12 Belair Rd,2014-02-09 00:00:00,1
T2055,17687,208,17827,27A Fosters Rd,2014-02-02 00:00:00,1
T2056,49979,G20,15053,Zone B Flinders Medical Centre,2013-06-30 00:00:00,7
T2057,14281,178,13021,8 Payneham Rd,2014-02-02 00:00:00,1
T2058,15485,G10,12441,14 Prospect Rd,2014-02-16 00:00:00,8
T2059,12271,167C,13306,B2 Pulteney St,2014-05-04 00:00:00,1
T2060,50154,H20C,12548,23 Newton Rd,2013-08-11 00:00:00,3
T2061,11782,H33,13276,I3 North Tce,2014-06-08 00:00:00,22
T2062,16610,M44,11378,Zone E Tea Tree Plaza Intercha,2014-03-23 00:00:00,1
T2063,14973,G10,12798,7 Prospect Rd,2014-03-16 00:00:00,1
T2064,28042,248,14963,Zone B Marion Interchange,2013-10-06 00:00:00,8
T2065,28893,506,11347,Zone A Tea Tree Plaza Intercha,2013-06-30 00:00:00,28
T2066,30390,734,16024,67 Beach Rd,2013-10-27 00:00:00,5
T2067,45417,167,13875,9  Marion Rd,2013-10-13 00:00:00,1
T2068,5591,653,12351,34 Frederick Rd,2014-03-09 00:00:00,5
T2069,12619,251,12568,17 Torrens Rd,2014-06-08 00:00:00,1
T2070,62702,232,12483,15 Pym St,2013-12-01 00:00:00,5
T2071,58769,G21,13455,W1 Grote St,2013-12-15 00:00:00,1
T2072,45268,157,12334,33D West Lakes Bvd,2013-06-30 00:00:00,1
T2073,49600,B10,13312,X1 Pulteney St,2013-09-22 00:00:00,2
T2074,59079,M44,14389,16 Marion Rd,2013-12-08 00:00:00,4
T2075,50313,H22,16472,22A Lexington Rd,2013-09-01 00:00:00,2
T2076,27944,241A,14149,10 Winifred Av,2014-01-12 00:00:00,2
T2077,11483,241,14449,16 Brooks Tce,2014-02-02 00:00:00,3
T2078,8909,506,11265,65 Kelly Rd,2014-02-02 00:00:00,2
T2079,53910,749,16034,Zone G Colonnades Interchange,2013-11-24 00:00:00,2
T2080,55249,N4,13818,5 Leader St,2013-08-11 00:00:00,1
T2081,47097,200C,13473,G2 Victoria Sq,2014-01-05 00:00:00,7
T2082,10758,144,13317,X1 Dequetteville Tce,2014-06-22 00:00:00,2
T2083,1631,230,12192,26 Torrens Rd,2013-12-29 00:00:00,1
T2084,51667,W91,13310,Y1 Pulteney St,2013-12-22 00:00:00,3
T2085,31058,861,13802,6 Glen Osmond Rd,2013-10-27 00:00:00,6
T2086,21236,C1T,12126,Zone D Paradise Interchange,2014-05-11 00:00:00,6
T2087,686,401,10373,56 Waterloo Corner Rd,2014-04-20 00:00:00,10
T2088,64890,B10,12949,19 Grange Rd,2013-12-22 00:00:00,1
T2089,57020,300,14650,26A Diagonal Rd,2013-12-15 00:00:00,6
T2090,58347,G10,12633,11 Prospect Rd,2013-08-04 00:00:00,1
T2091,1592,196F,13506,I1 Pulteney St,2013-12-29 00:00:00,5
T2092,49491,B10,13287,B1 Pulteney St,2013-07-14 00:00:00,4
T2093,20310,645,14974,Zone D Marion Interchange,2014-04-20 00:00:00,10
T2094,1466,740,16034,Zone G Colonnades Interchange,2014-02-16 00:00:00,9
T2095,16606,M44,14963,Zone B Marion Interchange,2014-05-04 00:00:00,8
T2096,20041,600B,15351,43C Black Rd,2014-03-30 00:00:00,7
T2097,45782,171,13354,D1 Currie St,2013-10-20 00:00:00,14
T2098,11081,239,17751,8 Churchill Rd,2014-04-20 00:00:00,1
T2099,5723,117,11767,36B Bartley Tce,2014-03-23 00:00:00,8
T2100,64820,721,14087,9 South Rd,2014-03-30 00:00:00,1
T2101,13687,271,11551,38A Grand Junction Rd,2014-05-18 00:00:00,5
T2102,12933,W91,14520,19A Winston Av,2014-06-15 00:00:00,5
T2103,57293,600,14961,29A Sturt Rd,2013-09-01 00:00:00,2
T2104,12920,W90,14600,20D Daws Rd,2014-04-06 00:00:00,2
T2105,17770,840X,13354,D1 Currie St,2014-04-06 00:00:00,94
T2106,11276,H30,16354,29B Seaview Rd,2014-03-09 00:00:00,1
T2107,52908,251,13261,Z3 King William St,2013-07-21 00:00:00,2
T2108,47774,287,13084,16 Hartley Rd,2013-08-18 00:00:00,13
T2109,13465,230,12244,Zone C Arndale Interchange,2014-05-18 00:00:00,2
T2110,7615,281K,13282,G2 North Tce,2014-06-15 00:00:00,9
T2111,56941,232,12485,14 Harrison Rd,2013-08-04 00:00:00,3
T2112,11307,H30,13360,W1 Currie St,2014-02-16 00:00:00,27
T2113,1497,744,16145,51C Brodie Rd,2014-04-06 00:00:00,4
T2114,44740,100P,13586,8D  Marion Rd,2013-07-28 00:00:00,2
T2115,62825,749,17663,112A QUINLIVEN Rd,2013-12-15 00:00:00,2
T2116,4866,601,14933,26 Sturt Rd,2014-06-22 00:00:00,3
T2117,10323,H20,16413,4 Henley Beach Rd,2014-05-04 00:00:00,1
T2118,50459,H30,13184,5 Magill Rd,2014-01-05 00:00:00,1
T2119,29851,721F,15797,50 Main South Rd,2013-08-04 00:00:00,1
T2120,28588,441,10228,Zone A Elizabeth Interchange,2014-03-02 00:00:00,7
T2121,5908,300,14464,24P Pier St,2014-04-20 00:00:00,1
T2122,12028,251,13058,4 Ward St,2014-06-08 00:00:00,1
T2123,6444,361,11631,29 Grand Junction Rd,2014-06-08 00:00:00,1
T2124,28145,271,11482,41 Reservoir Rd,2013-09-08 00:00:00,1
T2125,5982,300H,13131,143 Portrush Rd,2014-05-25 00:00:00,1
T2126,62748,232R,13261,Z3 King William St,2013-12-01 00:00:00,10
T2127,4435,271,12115,23 North East Rd,2013-10-27 00:00:00,2
T2128,188,722F,15053,Zone B Flinders Medical Centre,2014-03-16 00:00:00,12
T2129,9718,B10,13113,18 Magill Rd,2014-03-23 00:00:00,2
T2130,7649,287,13244,30 Military Rd,2014-05-04 00:00:00,1
T2131,22461,741,16185,80 Commercial Rd,2014-06-29 00:00:00,1
T2132,8627,200,13538,I1 King William St,2014-04-27 00:00:00,1
T2133,50136,H20,16420,7 Henley Beach Rd,2013-07-28 00:00:00,2
T2134,52665,224,17529,Zone D Mawson Interchange,2014-03-30 00:00:00,3
T2135,10610,235,13353,V2 Currie St,2014-06-08 00:00:00,7
T2136,28756,494,18252,165 Dawson Road,2014-05-04 00:00:00,1
T2137,57027,300,16404,27 Seaview Rd,2013-08-04 00:00:00,2
T2138,59066,M44,11399,42A Smart Rd,2013-11-10 00:00:00,6
T2139,53269,440,10058,Zone A Smithfield Interchange,2014-06-29 00:00:00,1
T2140,14066,271,11482,41 Reservoir Rd,2014-01-26 00:00:00,2
T2141,11571,248,13700,1 Anzac Hwy,2014-03-16 00:00:00,1
T2142,11585,248,14023,9 Anzac Hwy,2014-06-08 00:00:00,1
T2143,7186,230,16287,V2 King William St,2014-04-20 00:00:00,1
T2144,44911,141,13402,8 Kensington Rd,2013-11-03 00:00:00,3
T2145,12108,157,12885,9 Port Rd,2014-03-30 00:00:00,1
T2146,13902,144,13693,11  Portrush Rd,2014-03-02 00:00:00,2
T2147,6408,361,11403,43S Smart Rd,2014-02-09 00:00:00,2
T2148,51767,W91C,14150,12 Winston Av,2013-12-29 00:00:00,4
T2149,6084,190,13583,P1 Pulteney St,2014-05-18 00:00:00,7
T2150,11722,H32,13337,T2 Grenfell St,2014-03-09 00:00:00,28
T2151,56702,230,12549,13 Harrison Rd,2013-08-04 00:00:00,1
T2152,63130,H33,13367,B2 Currie St,2013-12-29 00:00:00,2
T2153,10818,H22,16405,1 Henley Beach Rd,2014-03-23 00:00:00,2
T2154,27521,224F,12947,5 O Connell St,2013-06-30 00:00:00,2
T2155,50535,H30,12995,10A Coorara Av,2014-01-05 00:00:00,1
T2156,56772,230,13002,5 Jeffcott St,2013-10-13 00:00:00,1
T2157,19177,863,14040,13 Glen Osmond Rd,2014-06-15 00:00:00,2
T2158,12953,W91,13429,U1 Morphett St,2014-06-15 00:00:00,2
T2159,36356,411,10628,39A Jamison St,2014-05-25 00:00:00,1
T2160,46870,200,14273,15 Sussex Tce,2014-01-19 00:00:00,6
T2161,8607,B10,13066,9 South Rd,2014-05-11 00:00:00,1
T2162,191,722F,18486,W Grote St,2014-04-06 00:00:00,5
T2163,10364,H21,12493,23A Newton Rd,2014-03-23 00:00:00,6
T2164,6448,500,11335,35A Walkleys Rd,2014-03-30 00:00:00,37
T2165,9784,B10,12942,18 Grange Rd,2014-04-06 00:00:00,1
T2166,32859,208,13470,T1 Victoria Sq,2013-11-24 00:00:00,2
T2167,63691,722,17120,Zone C Old Reynella Interchang,2014-05-25 00:00:00,1
T2168,16078,G21,14536,18 Goodwood Rd,2014-03-30 00:00:00,1
T2169,15525,G10B,12204,17 Prospect Rd,2014-05-11 00:00:00,3
T2170,11170,147,13278,I1 North Tce,2014-03-02 00:00:00,16
T2171,11758,H33,13330,G3 Grenfell St,2014-03-16 00:00:00,17
T2172,52563,208,12724,10A Smith St,2013-09-15 00:00:00,1
T2173,58834,M44,11378,Zone E Tea Tree Plaza Intercha,2013-09-01 00:00:00,2
T2174,9993,203F,12541,15 North East Rd,2014-01-26 00:00:00,2
T2175,13056,190,13766,2 Unley Rd,2014-06-15 00:00:00,2
T2176,59144,M44T,13281,G3 North Tce,2013-08-04 00:00:00,7
T2177,10325,H20,12650,22B St Bernards Rd,2014-01-26 00:00:00,6
T2178,51732,W91,14469,19 Winston Av,2013-07-07 00:00:00,1
T2179,11243,H30,16417,5 Henley Beach Rd,2014-02-16 00:00:00,7
T2180,15724,263,14616,28 Brighton Rd,2014-05-18 00:00:00,5
T2181,12291,J1,13919,16B Military Rd,2014-02-16 00:00:00,1
T2182,17279,263,13829,3 Anzac Hwy,2013-11-10 00:00:00,7
T2183,14156,273,12823,8 Northcote Tce,2014-03-02 00:00:00,13
T2184,11206,147,13589,3 Dulwich Rd,2014-04-06 00:00:00,9
T2185,29572,720,16610,40 Brighton Rd,2013-10-27 00:00:00,2
T2186,11274,H30,18492,Zone C West Lakes Interchange,2014-06-29 00:00:00,12
T2187,50438,H30,12857,25 Morialta Rd,2013-11-24 00:00:00,1
T2188,15698,263,13078,2 King William Rd,2014-02-16 00:00:00,10
T2189,20005,600,15045,30C Shepherds Hill Rd,2014-01-26 00:00:00,2
T2190,51533,W90,14150,12 Winston Av,2013-07-21 00:00:00,1
T2191,9753,B10,13189,7 South Rd,2014-05-18 00:00:00,3
T2192,45438,167,13306,B2 Pulteney St,2013-11-10 00:00:00,9
T2193,25552,SCHONE,18046,School St Ignatius Senior Coll,2013-07-21 00:00:00,66
T2194,11470,241,14772,27 Morphett Rd,2014-02-23 00:00:00,1
T2195,973,734,15799,55 Kitawah Rd,2014-06-01 00:00:00,1
T2196,11747,H33,16461,12 Henley Beach Rd,2014-06-29 00:00:00,3
T2197,48501,591C,17391,75 Golden Grove Rd,2013-11-10 00:00:00,2
T2198,50732,H31,13201,27A North St,2013-11-10 00:00:00,1
T2199,45174,150,13245,1 Port Rd,2013-06-30 00:00:00,1
T2200,27304,222,11355,31 Main North Rd,2013-09-01 00:00:00,1
T2201,36861,560P,10637,47 Smith St,2014-04-27 00:00:00,2
T2202,49291,750,17715,98 Old Coach Rd,2013-09-01 00:00:00,1
T2203,11734,H33,16437,11 Henley Beach Rd,2014-02-09 00:00:00,5
T2204,46369,178,12605,25 Montacute Rd,2013-11-03 00:00:00,7
T2205,8375,288,13149,5 Phillips St,2014-06-15 00:00:00,1
T2206,27667,228,10163,72 Midway Rd,2014-01-26 00:00:00,1
T2207,64233,753,17082,92 Main Rd,2014-02-09 00:00:00,1
T2208,59003,M44,14755,24 Marion Rd,2013-11-24 00:00:00,1
T2209,19727,559,11402,46H Hancock Rd,2014-02-16 00:00:00,1
T2210,58225,C2X,10725,68 The Golden Wy,2013-12-15 00:00:00,5
T2211,57020,300,13390,8  Portrush Rd,2013-10-06 00:00:00,1
T2212,27296,222,11182,33A Mawson Lakes Bvd,2014-05-25 00:00:00,7
T2213,49490,B10,13336,T1 Grenfell St,2013-10-06 00:00:00,5
T2214,48790,721F,15995,59 Beach Rd,2013-06-30 00:00:00,4
T2215,882,733,15808,46C Investigator Rd,2014-06-01 00:00:00,1
T2216,46057,174,13080,6 Payneham Rd,2013-11-24 00:00:00,2
T2217,36346,411,10541,42B Kings Rd,2014-06-01 00:00:00,1
T2218,27341,222,12171,18 Main North Rd,2014-02-16 00:00:00,2
T2219,18975,254,12449,20 Torrens Rd,2014-05-11 00:00:00,1
T2220,30045,722F,16099,56 Penneys Hill Rd,2013-10-27 00:00:00,2
T2221,10345,H20,13337,T2 Grenfell St,2014-02-09 00:00:00,11
T2222,56803,230,12489,16 Pym St,2013-10-06 00:00:00,1
T2223,27098,202F,12541,15 North East Rd,2013-07-28 00:00:00,1
T2224,9029,503,11849,34 Lyons Rd,2013-11-03 00:00:00,2
T2225,18684,265,14422,Zone D Moseley St,2014-05-18 00:00:00,2
T2226,6955,502,10735,44A Bridge Rd,2014-04-20 00:00:00,1
T2227,6253,J1,17327,10 Airport Rd,2014-05-04 00:00:00,1
T2228,18236,251,12840,10 Hawker St,2014-04-20 00:00:00,2
T2229,58325,G10,13738,1 Goodwood Rd,2013-09-29 00:00:00,5
T2230,64907,B10,13354,D1 Currie St,2013-12-01 00:00:00,3
T2231,56663,195F,14686,23 Main Rd,2013-08-11 00:00:00,2
T2232,48821,722,15046,28 Main South Rd,2013-11-03 00:00:00,1
T2233,19445,300,12273,112 Regency Rd,2014-06-15 00:00:00,1
T2234,58383,G10,13555,B1 Sturt St,2013-11-03 00:00:00,1
T2235,11733,H33,13360,W1 Currie St,2014-01-26 00:00:00,5
T2236,58274,G10,14878,25 Ayliffes Rd,2013-11-17 00:00:00,2
T2237,48127,333,11595,42C Hart St,2013-10-13 00:00:00,1
T2238,14790,C2,13339,F2 Grenfell St,2014-05-04 00:00:00,21
T2239,6998,230,13091,2 King William Rd,2014-06-15 00:00:00,1
T2240,50442,H30,13279,R1 North Tce,2013-09-01 00:00:00,2
T2241,29055,546X,11075,60 Kelly Rd,2013-09-29 00:00:00,12
T2242,45168,150,10924,56 Victoria Rd,2013-09-01 00:00:00,8
T2243,45475,168,13815,8 Galway Av,2013-07-07 00:00:00,1
T2244,56834,230,12968,5A Jeffcott St,2013-10-20 00:00:00,1
T2245,49800,G10,16281,X1 King William St,2013-07-07 00:00:00,17
T2246,46382,178,13051,7 Payneham Rd,2013-10-13 00:00:00,5
T2247,53339,451,10223,Zone A Elizabeth City Centre,2013-11-10 00:00:00,5
T2248,18348,864F,13864,8 Glen Osmond Rd,2014-03-09 00:00:00,3
T2249,7507,286,13088,17 Hartley Rd,2014-06-15 00:00:00,3
T2250,52491,202,16287,V2 King William St,2013-07-28 00:00:00,1
T2251,14658,G10,14200,10 Goodwood Rd,2014-05-25 00:00:00,1
T2252,593,273,12613,13 North East Rd,2013-08-11 00:00:00,2
T2253,52655,224,17626,34Q Salisbury Hwy,2013-12-22 00:00:00,1
T2254,5899,300,17417,212 Findon Rd,2014-05-25 00:00:00,1
T2255,1312,273,12292,20 North East Rd,2013-12-08 00:00:00,2
T2256,45095,147,13585,4 Dulwich Av,2013-08-04 00:00:00,13
T2257,48409,502,10528,Zone H Salisbury Interchange,2013-07-28 00:00:00,20
T2258,10152,208,12764,10 Smith St,2014-03-02 00:00:00,2
T2259,15095,G10,16289,E1 King William St,2014-03-16 00:00:00,15
T2260,949,401,10520,Zone C Salisbury Interchange,2014-04-13 00:00:00,18
T2261,63121,H33,13208,3 North Tce,2013-12-29 00:00:00,1
T2262,31221,864,13975,11 Glen Osmond Rd,2013-09-15 00:00:00,2
T2263,48332,501,18396,Zone C Main Street,2013-07-28 00:00:00,3
T2264,57911,C1,10237,64B Playford Bvd,2014-01-05 00:00:00,4
T2265,9715,B10,13174,8 Magill Rd,2014-02-16 00:00:00,2
T2266,58311,G10,14433,15 Goodwood Rd,2013-10-20 00:00:00,5
T2267,20804,C1,16597,61A The Grove Wy,2014-06-01 00:00:00,2
T2268,11245,H30,16330,32C Sportsmans Dr,2014-02-09 00:00:00,5
T2269,13677,265,13904,5A Anzac Hwy,2014-03-30 00:00:00,14
T2270,19806,361,11735,34 Grand Junction Rd,2014-05-11 00:00:00,1
T2271,49612,B10,12967,22 Grange Rd,2013-07-28 00:00:00,4
T2272,20759,C1,10471,51 Main North Rd,2014-04-20 00:00:00,1
T2273,22591,750,17672,114A Pridham Bvd,2014-04-27 00:00:00,1
T2274,15472,492W,18285,101B Scheibener Tce,2014-06-08 00:00:00,2
T2275,3602,451,18134,78F Davoren Rd,2014-06-08 00:00:00,1
T2276,17903,541X,11014,54 Hancock Rd,2014-05-25 00:00:00,1
T2277,52892,251,11815,27A Medika Bvd,2013-07-21 00:00:00,1
T2278,63232,T721X,15830,52 Main South Rd,2013-12-01 00:00:00,53
T2279,9245,B10,13330,G3 Grenfell St,2014-04-13 00:00:00,4
T2280,28020,248,14641,26A Diagonal Rd,2013-07-21 00:00:00,2
T2281,44781,117,12267,33E West Lakes Bvd,2013-09-15 00:00:00,1
T2282,53327,451,10025,78 Curtis Rd,2013-10-06 00:00:00,1
T2283,44763,117,12436,32 Tapleys Hill Rd,2013-07-14 00:00:00,2
T2284,51695,W91,14405,17 Winston Av,2013-07-28 00:00:00,1
T2285,47534,281,13079,3 Hackney Rd,2013-10-20 00:00:00,2
T2286,6617,174,12691,16 Payneham Rd,2014-06-15 00:00:00,1
T2287,18069,506,12097,Zone F Paradise Interchange,2013-11-03 00:00:00,23
T2288,48324,500,17374,54B Haydown Rd,2013-11-03 00:00:00,2
T2289,9229,580,13672,5B Greenhill Rd,2014-07-06 00:00:00,1
T2290,9454,H30,13364,W3 Currie St,2014-03-23 00:00:00,5
T2291,9229,580,13652,9 Greenhill Rd,2014-03-30 00:00:00,1
T2292,50362,H22L,16369,17 The Parade,2013-10-13 00:00:00,9
T2293,15487,G10,14875,24 Ayliffes Rd,2014-03-30 00:00:00,1
T2294,13854,142,13501,13 Rochester St,2014-06-01 00:00:00,2
T2295,50086,H20,13337,T2 Grenfell St,2013-08-25 00:00:00,5
T2296,12245,167,13953,9C  Marion Rd,2014-04-27 00:00:00,2
T2297,57218,548,17953,78B Sandstock Bvd,2013-09-15 00:00:00,2
T2298,45041,144,13943,17  Portrush Rd,2013-12-01 00:00:00,3
T2299,12892,W90,12356,29 Hill St,2014-03-30 00:00:00,3
T2300,17392,837,15221,82 Woodside Rd,2014-05-04 00:00:00,2
T2301,65045,720,13600,2A South Rd,2014-01-19 00:00:00,1
T2302,13386,117,12937,18  Crittenden Rd,2014-02-09 00:00:00,1
T2303,16994,265,14248,14A Anzac Hwy,2013-10-27 00:00:00,2
T2304,15313,M44,11049,50 Ladywood Rd,2014-06-22 00:00:00,1
T2305,58444,G10,12564,12 Prospect Rd,2013-11-10 00:00:00,1
T2306,5441,320,15336,43 Black Rd,2014-03-16 00:00:00,28
T2307,17163,265,14403,Zone A Moseley St,2013-09-15 00:00:00,1
T2308,27069,202F,17621,34 Wright Rd,2013-07-28 00:00:00,2
T2309,28071,248F,14454,20 Hendrie St,2013-12-15 00:00:00,1
T2310,50229,H22,13337,T2 Grenfell St,2013-11-03 00:00:00,5
T2311,27330,222,11355,31 Main North Rd,2013-08-25 00:00:00,1
T2312,50255,H22,16464,21 Henley Beach Rd,2013-08-11 00:00:00,1
T2313,180,722F,14394,15 South Rd,2014-05-04 00:00:00,8
T2314,3146,441,10129,76B Hanson Rd,2013-07-28 00:00:00,3
T2315,17210,200C,13374,D1 King William St,2014-06-01 00:00:00,6
T2316,28135,265G,16289,E1 King William St,2013-10-20 00:00:00,20
T2317,44895,141,13420,3 Kensington Rd,2013-08-25 00:00:00,9
T2318,48460,502X,10963,41 Bridge Rd,2013-06-30 00:00:00,1
T2319,52572,208,13470,T1 Victoria Sq,2013-09-29 00:00:00,2
T2320,56507,190,14480,23 Cliff St,2013-08-11 00:00:00,5
T2321,15181,G10,14333,13 Goodwood Rd,2014-04-27 00:00:00,1
T2322,49240,749,16261,93 Commercial Rd,2013-08-11 00:00:00,2
T2323,46412,178,12654,17 Payneham Rd,2013-09-29 00:00:00,2
T2324,49713,B10C,12973,24 Grange Rd,2013-11-10 00:00:00,2
T2325,12943,W91,14235,14 Winston Av,2014-03-02 00:00:00,1
T2326,10667,141,13378,E1 Dequetteville Tce,2014-04-13 00:00:00,3
T2327,1165,403,10384,55 Waterloo Corner Rd,2014-01-05 00:00:00,5
T2328,56628,190B,13078,2 King William Rd,2013-09-01 00:00:00,2
T2329,45210,150,12455,21 Port Rd,2013-10-06 00:00:00,6
T2330,58290,G10,13551,C1 Sturt St,2013-07-14 00:00:00,7
T2331,138,721X,13301,B1 King William St,2014-04-20 00:00:00,16
T2332,10180,118,12817,22  Crittenden Rd,2014-05-04 00:00:00,1
T2333,56858,232,12434,17 Days Rd,2013-11-03 00:00:00,2
T2334,9873,H30S,16420,7 Henley Beach Rd,2014-04-13 00:00:00,2
T2335,9688,B10,13027,23 Vine St,2014-06-15 00:00:00,1
T2336,27382,222,11354,31 Main North Rd,2014-01-19 00:00:00,2
T2337,17080,254,11945,28 Hanson Rd,2013-12-29 00:00:00,2
T2338,8812,506,11437,41 Rutherford St,2014-06-08 00:00:00,3
T2339,15845,G20X,15391,47 Sunnymeade Dr,2014-01-26 00:00:00,1
T2340,65520,721F,15425,36 Main South Rd,2014-04-27 00:00:00,2
T2341,56539,190,14088,9 Unley Rd,2013-10-27 00:00:00,1
T2342,49473,B10,13114,18 Magill Rd,2013-08-04 00:00:00,4
T2343,48288,500,10808,43C Bridge Rd,2013-12-08 00:00:00,1
T2344,64428,681A,16618,57A Dutchman Dr,2014-01-26 00:00:00,1
T2345,5621,100,13571,8D  Marion Rd,2014-05-11 00:00:00,1
T2346,8386,288,13123,23 Valetta Rd,2014-03-30 00:00:00,1
T2347,45180,150,12653,15 Port Rd,2013-10-27 00:00:00,1
T2348,36450,440,10149,73A Midway Rd,2013-07-28 00:00:00,16
T2349,6433,361,11591,36 Grand Junction Rd,2014-05-25 00:00:00,3
T2350,8726,200B,14273,15 Sussex Tce,2014-05-04 00:00:00,1
T2351,27343,222,12590,12 Main North Rd,2013-12-01 00:00:00,4
T2352,46336,178,12812,12 Payneham Rd,2014-01-19 00:00:00,1
T2353,11331,H30S,16437,11 Henley Beach Rd,2014-06-22 00:00:00,3
T2354,47896,287,13298,W2 North Tce,2013-08-04 00:00:00,3
T2355,46477,178,12582,26 Montacute Rd,2013-12-29 00:00:00,1
T2356,58908,M44,14360,15 Marion Rd,2014-01-05 00:00:00,4
T2357,23505,751,18681,Zone A Seaford Interchange,2014-04-20 00:00:00,1
T2358,17155,265,14160,13 Anzac Hwy,2013-12-29 00:00:00,2
T2359,28564,441,10214,66 Yorktown Rd,2014-04-27 00:00:00,2
T2360,12665,252,13039,5A Hill St,2014-06-15 00:00:00,42
T2361,18031,506,11516,38 Pauls Dr,2013-08-18 00:00:00,1
T2362,4205,271,12398,18 North East Rd,2013-10-27 00:00:00,1
T2363,13322,172,18049,13 Tutt Ave,2014-03-02 00:00:00,5
T2364,17476,208,13052,3 Melbourne St,2013-12-01 00:00:00,2
T2365,46317,178,13080,6 Payneham Rd,2013-10-13 00:00:00,1
T2366,50442,H30,12851,26 Morialta Rd,2014-01-12 00:00:00,1
T2367,49611,B10,13193,7 South Rd,2013-10-20 00:00:00,1
T2368,56596,190B,13858,4 Unley Rd,2013-10-13 00:00:00,1
T2369,22539,747,16239,87A Nashwauk Cr,2014-06-22 00:00:00,2
T2370,27346,222,17536,Zone B Mawson Central Intercha,2014-03-16 00:00:00,16
T2371,48444,502,10902,43 Bridge Rd,2013-12-08 00:00:00,4
T2372,10795,H22,16418,6 Henley Beach Rd,2014-06-29 00:00:00,1
T2373,58457,G10,13274,A2 King William Rd,2013-08-18 00:00:00,1
T2374,5683,101,14024,10  Marion Rd,2014-04-20 00:00:00,3
T2375,27388,222,11460,29 Main North Rd,2014-01-19 00:00:00,3
T2376,13649,265,15155,36 Morphett Rd,2014-06-08 00:00:00,1
T2377,44705,100,14089,166 Cross Rd,2013-08-04 00:00:00,2
T2378,47459,263,13775,2 Anzac Hwy,2013-12-01 00:00:00,1
T2379,50418,H30,13337,T2 Grenfell St,2013-12-29 00:00:00,1
T2380,6600,230,12502,14 Harrison Rd,2014-02-09 00:00:00,1
T2381,44776,117,11977,35A Bartley Tce,2013-09-29 00:00:00,1
T2382,50670,H31,13287,B1 Pulteney St,2013-09-01 00:00:00,15
T2383,15080,M44,18491,V Currie Street,2014-04-13 00:00:00,10
T2384,13616,265,15067,36A Cedar Av,2014-05-11 00:00:00,1
T2385,59139,M44T,13300,Y2 King William St,2013-07-14 00:00:00,9
T2386,9983,J1,13431,4A South Rd,2014-02-16 00:00:00,2
T2387,45509,168,13821,8A Galway Av,2013-12-29 00:00:00,1
T2388,7489,281,13294,D North Tce,2014-05-18 00:00:00,6
T2389,8704,200,14540,18 Kent Av,2014-04-06 00:00:00,2
T2390,28008,248,14133,11A  Marion Rd,2013-11-24 00:00:00,1
T2391,27556,225,10677,46A Frost Rd,2013-10-20 00:00:00,3
T2392,15827,265,15033,36 Cedar Av,2013-12-15 00:00:00,2
T2393,12472,J8,12432,13 David Tce,2014-05-04 00:00:00,1
T2394,9459,H30,16440,23 Henley Beach Rd,2014-05-18 00:00:00,1
T2395,5695,115,12937,18  Crittenden Rd,2014-05-11 00:00:00,1
T2396,47801,287,13081,15 Hartley Rd,2013-11-10 00:00:00,1
T2397,12330,J1A,13353,V2 Currie St,2014-02-02 00:00:00,42
T2398,36820,560,11222,37C Montague Rd,2014-01-26 00:00:00,2
T2399,6509,190B,13179,1 King William Rd,2014-06-08 00:00:00,1
T2400,50110,H20,16405,1 Henley Beach Rd,2013-07-28 00:00:00,2
T2401,20448,541,11074,52 Hancock Rd,2014-03-09 00:00:00,1
T2402,50639,H30S,18492,Zone C West Lakes Interchange,2013-09-22 00:00:00,10
T2403,48740,720,13873,5 South Rd,2013-09-22 00:00:00,1
T2404,58895,M44,14755,24 Marion Rd,2013-08-25 00:00:00,2
T2405,18362,864F,14778,36 Mt Barker Rd,2014-02-16 00:00:00,2
T2406,11613,150,12172,27 Port Rd,2014-02-02 00:00:00,3
T2407,48269,482,10311,56A Hogarth Rd,2014-02-09 00:00:00,4
T2408,57021,300,12303,18 Regency Rd,2013-12-15 00:00:00,2
T2409,29638,720H,13910,6 South Rd,2013-10-27 00:00:00,2
T2410,48277,500,11335,35A Walkleys Rd,2013-08-04 00:00:00,17
T2411,12453,J2,13283,S1 North Tce,2014-04-20 00:00:00,2
T2412,1975,415,10600,75 Target Hill Rd,2013-09-15 00:00:00,6
T2413,973,734,16051,Zone C Noarlunga Centre Interc,2014-06-01 00:00:00,6
T2414,5889,300,12174,126A Muller Rd,2014-02-16 00:00:00,5
T2415,14295,178,17346,33M Maryvale Rd,2014-03-02 00:00:00,3
T2416,50130,H20,13146,19C Penfold Rd,2013-08-18 00:00:00,1
T2417,45092,147,13854,20 Dashwood Rd,2013-11-03 00:00:00,1
T2418,48277,500,10916,42A Bridge Rd,2013-08-18 00:00:00,3
T2419,36370,411,17530,Zone C Mawson Lakes Interchang,2013-12-29 00:00:00,4
T2420,45425,167,13907,9A  Marion Rd,2013-09-15 00:00:00,1
T2421,456,400,10387,55 John Rice Av,2014-05-25 00:00:00,3
T2422,45268,157,12774,12 Port Rd,2013-09-01 00:00:00,5
T2423,62772,286,13218,7 Ashley St,2014-01-19 00:00:00,3
T2424,10771,H22,16418,6 Henley Beach Rd,2014-04-06 00:00:00,15
T2425,17064,254,11945,28 Hanson Rd,2013-09-15 00:00:00,2
T2426,28091,262,13781,2 Anzac Hwy,2013-12-01 00:00:00,3
T2427,8697,545X,13338,F3 Grenfell St,2013-12-08 00:00:00,69
T2428,27510,224F,16281,X1 King William St,2013-11-24 00:00:00,53
T2429,47747,287,13123,23 Valetta Rd,2013-09-15 00:00:00,1
T2430,8754,200B,14655,19D Eliza Pl,2014-02-09 00:00:00,6
T2431,303,452,17126,Zone D Munno Para Shopping Cen,2013-07-21 00:00:00,23
T2432,49788,G10,12010,20 Prospect Rd,2013-07-07 00:00:00,3
T2433,50354,H22C,13327,R1 Grenfell St,2013-11-03 00:00:00,2
T2434,9904,H33C,12975,13 Coorara Av,2014-05-04 00:00:00,1
T2435,839,733,15782,46A Investigator Rd,2013-12-01 00:00:00,6
T2436,29738,721,16274,A1 King William Rd,2013-08-18 00:00:00,4
T2437,234,749,17204,85 The Parade,2013-12-15 00:00:00,1
T2438,11984,248F,14625,22A Hendrie St,2014-02-02 00:00:00,2
T2439,23389,741,16184,80 Commercial Rd,2014-03-30 00:00:00,1
T2440,27320,222,17265,33F Mawson Lakes Bvd,2014-05-18 00:00:00,2
T2441,27322,222,11283,32 Main North Rd,2014-06-01 00:00:00,3
T2442,13653,265,16589,5A Anzac Hwy,2014-06-29 00:00:00,2
T2443,50464,H30,12878,24 Glen Stuart Rd,2013-07-21 00:00:00,3
T2444,64252,281,13257,1 Botanic Rd,2013-12-15 00:00:00,1
T2445,58490,G10,13038,3 O Connell St,2013-12-29 00:00:00,1
T2446,2533,208,11889,25B Fosters Rd,2013-10-13 00:00:00,4
T2447,17152,263,13781,2 Anzac Hwy,2013-07-14 00:00:00,1
T2448,14374,157,12431,28 West Lakes Bvd,2014-02-23 00:00:00,1
T2449,27344,222,17265,33F Mawson Lakes Bvd,2013-11-03 00:00:00,1
T2450,47288,231,12303,18 Regency Rd,2013-07-07 00:00:00,2
T2451,12282,J1,17109,14C Harbour Town,2014-05-11 00:00:00,5
T2452,32421,J7,17416,212 Findon Rd,2013-12-08 00:00:00,1
T2453,13498,232,12257,25 Torrens Rd,2014-06-01 00:00:00,1
T2454,31032,861,13802,6 Glen Osmond Rd,2013-08-18 00:00:00,10
T2455,17056,254X,16279,X2 King William St,2013-09-22 00:00:00,75
T2456,64389,681,15166,39 Brighton Rd,2014-02-09 00:00:00,2
T2457,53709,556,12106,Zone E Paradise Interchange,2013-10-27 00:00:00,3
T2458,20175,506,11231,47A Nelson Rd,2014-04-13 00:00:00,2
T2459,47725,287,13223,8 Ashley St,2013-11-03 00:00:00,2
T2460,1032,273,12109,23 North East Rd,2013-09-29 00:00:00,1
T2461,28120,265,14041,10 Anzac Hwy,2013-12-22 00:00:00,1
T2462,256,400,17898,53 Commercial Rd,2014-06-01 00:00:00,2
T2463,7501,286,16485,21 Cheadle St,2014-05-18 00:00:00,5
T2464,18695,265,13829,3 Anzac Hwy,2014-06-29 00:00:00,1
T2465,459,400,10263,59 Midway Rd,2014-05-04 00:00:00,2
T2466,58626,G10C,13922,6 Goodwood Rd,2013-09-08 00:00:00,2
T2467,59778,SCH_NS,12392,19 O G Rd,2013-12-08 00:00:00,1
T2468,25665,SCH_NS,18076,School Urrbrae College Cross R,2013-09-15 00:00:00,48
T2469,56460,190,16283,C3 King William St,2013-10-20 00:00:00,3
T2470,42306,N4,15938,63A Peregrine Cr,2013-08-18 00:00:00,2
T2471,17848,861,13864,8 Glen Osmond Rd,2014-05-18 00:00:00,20
T2472,57213,548,11167,45 Golden Grove Rd,2013-07-28 00:00:00,1
T2473,14940,600,14961,29A Sturt Rd,2014-02-02 00:00:00,1
T2474,27326,222,11545,27 Main North Rd,2013-06-30 00:00:00,2
T2475,58195,C2,13365,C1 Currie St,2013-10-06 00:00:00,4
T2476,50944,J1,17327,10 Airport Rd,2013-12-29 00:00:00,20
T2477,46365,178,12004,38 Coulls Rd,2014-01-05 00:00:00,3
T2478,49515,B10,13172,9 Magill Rd,2013-11-10 00:00:00,8
T2479,10606,235,11944,20 Churchill Rd,2014-06-08 00:00:00,6
T2480,65046,720,14721,22 South Rd,2014-01-19 00:00:00,7
T2481,6357,W90,14600,20D Daws Rd,2014-05-18 00:00:00,1
T2482,192,722F,13461,X1 Grote St,2014-05-18 00:00:00,1
T2483,56462,190,14088,9 Unley Rd,2013-11-17 00:00:00,1
T2484,49544,B10,12943,18 Grange Rd,2013-09-15 00:00:00,2
T2485,6071,190,14311,13B Grange Rd,2014-02-09 00:00:00,3
T2486,9964,541X,13351,D2 Currie St,2013-12-08 00:00:00,1
T2487,65519,721F,15817,51 Main South Rd,2014-01-05 00:00:00,9
T2488,14151,273,12109,23 North East Rd,2014-02-16 00:00:00,3
T2489,7080,281,11974,28 Brecon St,2014-04-06 00:00:00,4
T2490,48317,500,13339,F2 Grenfell St,2013-09-22 00:00:00,33
T2491,64354,B10,13154,13 Magill Rd,2014-01-19 00:00:00,2
T2492,50166,H21,13346,U2 Grenfell St,2014-01-12 00:00:00,3
T2493,309,452,17922,80 Anderson Wk,2014-03-23 00:00:00,2
T2494,36308,411,10661,38C Shepherdson Rd,2014-05-18 00:00:00,3
T2495,49655,B10,12927,15 Grange Rd,2013-10-27 00:00:00,3
T2496,10360,H21,12603,18 / 18C Lower North East Rd,2014-02-09 00:00:00,1
T2497,7447,281,13286,F1 North Tce,2014-03-09 00:00:00,10
T2498,56810,230,16287,V2 King William St,2013-11-10 00:00:00,29
T2499,9995,203F,11250,47 Baldock Rd,2014-02-23 00:00:00,4
T2500,479,400,10319,62A Diment Rd,2014-02-16 00:00:00,1
T2501,31008,842F,15278,66 North Tce,2013-10-06 00:00:00,4
T2502,36853,560P,11303,31 Montague Rd,2014-05-18 00:00:00,2
T2503,1626,230,16291,U1 Victoria Sq,2014-01-05 00:00:00,1
T2504,65069,720H,14630,20 South Rd,2014-01-19 00:00:00,1
T2505,36486,440,10165,69 Woodford Rd,2013-10-13 00:00:00,2
T2506,36292,411,10451,44C Burton Rd,2014-02-23 00:00:00,1
T2507,58417,G10,15053,Zone B Flinders Medical Centre,2013-12-08 00:00:00,4
T2508,12432,237,13171,2 Frome Rd,2013-12-01 00:00:00,3
T2509,18436,543,11027,52 Cronulla Dr,2014-03-23 00:00:00,1
T2510,11899,237,11634,29 Grand Junction Rd,2013-10-27 00:00:00,1
T2511,9293,H20,13360,W1 Currie St,2014-03-23 00:00:00,2
T2512,45562,168,13373,Y2 Currie St,2013-11-10 00:00:00,3
T2513,47928,288,13088,17 Hartley Rd,2013-09-01 00:00:00,2
T2514,15483,G10,14950,29 Sturt Rd,2014-05-11 00:00:00,3
T2515,7982,506,11657,34 Wandana Av,2014-06-08 00:00:00,1
T2516,28116,265,14456,23 Moseley St,2013-08-04 00:00:00,5
T2517,10008,203F,16277,Z1 King William St,2014-06-15 00:00:00,1
T2518,27169,203F,11350,44A Roopena St,2013-11-10 00:00:00,3
T2519,63700,722,15333,33 Main South Rd,2014-03-23 00:00:00,4
T2520,52454,157,12425,21 Port Rd,2013-12-29 00:00:00,1
T2521,9301,H20,13524,8C  Marion Rd,2014-06-08 00:00:00,1
T2522,27146,203F,11328,40 Winara Dr,2013-12-22 00:00:00,1
T2523,19565,503,11498,36 Nelson Rd,2014-06-01 00:00:00,2
T2524,11845,157,11857,36A First Av,2014-04-27 00:00:00,2
T2525,29857,721F,16286,D2 King William St,2013-11-24 00:00:00,16
T2526,27797,229,11310,32 Scott St,2013-11-10 00:00:00,1
T2527,14603,253,12784,12 Hawker St,2013-11-03 00:00:00,1
T2528,36348,411,10555,42A Kings Rd,2014-03-02 00:00:00,1
T2529,49644,B10,12918,13 Grange Rd,2013-08-11 00:00:00,5
T2530,13261,171,13763,3 Glen Osmond Rd,2014-02-23 00:00:00,1
T2531,47578,281,13079,3 Hackney Rd,2013-06-30 00:00:00,3
T2532,44702,100,14144,177 Cross Rd,2013-08-04 00:00:00,2
T2533,56965,232,13002,5 Jeffcott St,2013-09-22 00:00:00,1
T2534,6569,196F,14220,11 Belair Rd,2014-05-04 00:00:00,6
T2535,27601,225F,17982,2 King William Rd,2014-05-11 00:00:00,1
T2536,11261,H30,16457,18 Henley Beach Rd,2014-06-15 00:00:00,2
T2537,7438,281,12096,Zone I Paradise Interchange,2014-07-06 00:00:00,2
T2538,18268,861,13864,8 Glen Osmond Rd,2014-05-18 00:00:00,18
T2539,50652,H31,12769,27 Maple Av,2013-07-21 00:00:00,5
T2540,28151,271,12680,11 North East Rd,2013-09-15 00:00:00,1
T2541,6090,190,13766,2 Unley Rd,2014-06-08 00:00:00,2
T2542,13011,178,13279,R1 North Tce,2014-05-18 00:00:00,15
T2543,58446,G10,16282,C2 King William St,2013-11-03 00:00:00,6
T2544,63645,190,14254,12 Belair Rd,2013-12-29 00:00:00,1
T2545,18375,865,14916,42 Mount Barker Rd,2014-05-25 00:00:00,2
T2546,29646,720H,13503,1 Sir Donald Bradman Dr,2013-11-10 00:00:00,1
T2547,5574,624,13103,5 Payneham Rd,2014-02-09 00:00:00,31
T2548,42227,N4,17986,Hallett Cove,2013-09-29 00:00:00,2
T2549,47429,241,13780,2A Everard Av,2014-01-12 00:00:00,1
T2550,57384,645,15251,42 Davenport Tce,2013-12-08 00:00:00,5
T2551,25512,430,10237,64B Playford Bvd,2014-05-18 00:00:00,8
T2552,36365,411,10452,43C Liberator Dr,2013-07-28 00:00:00,1
T2553,27308,222,13038,3 O Connell St,2014-02-02 00:00:00,7
T2554,15137,G10,14517,17 Goodwood Rd,2014-03-09 00:00:00,1
T2555,52461,157,17780,39M Military Rd,2013-12-01 00:00:00,1
T2556,46498,178F,12615,23A Montacute Rd,2013-08-04 00:00:00,15
T2557,48201,350,11565,Zone D Port Adelaide Interchan,2013-06-30 00:00:00,5
T2558,36830,560,11349,Zone H Tea Tree Plaza Intercha,2013-06-30 00:00:00,44
T2559,9071,333B,11022,53 Strathfield Tce,2014-05-25 00:00:00,1
T2560,12574,174,13310,Y1 Pulteney St,2014-02-02 00:00:00,5
T2561,57018,300,13754,12  Portrush Rd,2014-01-19 00:00:00,6
T2562,894,733,16051,Zone C Noarlunga Centre Interc,2014-02-23 00:00:00,2
T2563,56902,232,12263,Zone F Arndale Interchange,2013-11-10 00:00:00,3
T2564,17556,203,12680,11 North East Rd,2014-03-30 00:00:00,2
T2565,12681,237,13287,B1 Pulteney St,2013-09-15 00:00:00,12
T2566,53755,560,10996,41 Kesters Rd,2014-05-18 00:00:00,1
T2567,46463,178,13433,R1 Wakefield St,2013-10-13 00:00:00,2
T2568,27435,224,11771,24 Main North Rd,2013-07-14 00:00:00,1
T2569,15447,263,14649,29 Brighton Rd,2014-06-15 00:00:00,4
T2570,58387,G10,14016,7 Goodwood Rd,2013-08-18 00:00:00,3
T2571,16617,M44,12129,Zone C Paradise Interchange,2014-02-09 00:00:00,6
T2572,56410,190,13972,7 Unley Rd,2013-08-11 00:00:00,5
T2573,7105,190,13799,3 Unley Rd,2014-05-04 00:00:00,2
T2574,58209,C2,12129,Zone C Paradise Interchange,2013-11-03 00:00:00,22
T2575,17895,541G,10788,Zone D Golden Grove Village In,2014-06-15 00:00:00,2
T2576,15173,G10,14050,8 Goodwood Rd,2014-02-16 00:00:00,1
T2577,10392,H21,12622,18 / 18C Lower North East Rd,2014-03-16 00:00:00,2
T2578,47693,281K,13276,I3 North Tce,2013-06-30 00:00:00,1
T2579,59031,M44,13280,R2 North Tce,2013-08-11 00:00:00,14
T2580,52697,225,10660,46B Frost Rd,2014-03-02 00:00:00,2
T2581,50569,H30,12921,16 / 16D Glynburn Rd,2013-10-20 00:00:00,1
T2582,28625,442,10227,Zone E Elizabeth City Centre,2014-04-13 00:00:00,1
T2583,59117,M44G,13928,6 Anzac Hwy,2013-12-29 00:00:00,1
T2584,44714,100,14049,186 Marion Rd,2013-10-27 00:00:00,2
T2585,46499,178F,12134,35 Gorge Rd,2013-09-15 00:00:00,3
T2586,12885,W90,14889,28 Bradley Gr,2014-04-20 00:00:00,2
T2587,15815,265,14785,31 King George Av,2013-09-01 00:00:00,4
T2588,48858,722X,15758,47A Pimpala Rd,2013-08-04 00:00:00,5
T2589,14459,B10,13214,2 North Tce,2014-02-09 00:00:00,1
T2590,63936,734,15753,46 Pimpala Rd,2014-03-23 00:00:00,2
T2591,42178,N3,16273,A King William Rd,2013-07-21 00:00:00,1
T2592,11295,H30,13276,I3 North Tce,2014-06-08 00:00:00,8
T2593,16790,252,12597,16 Torrens Rd,2013-09-22 00:00:00,3
T2594,46061,174,12556,19 Lower North East Rd,2013-06-30 00:00:00,1
T2595,59164,M44X,10987,52 Ladywood Rd,2013-07-28 00:00:00,9
T2596,2946,G40,12126,Zone D Paradise Interchange,2013-12-29 00:00:00,2
T2597,16908,253,12982,6 Hill St,2013-09-08 00:00:00,1
T2598,11193,147,13648,10 Greenhill Rd,2014-03-23 00:00:00,1
T2599,58810,G21,15697,70A Reynell Rd,2013-11-10 00:00:00,3
T2600,50948,J1,14302,20 Adelphi Tce,2013-10-06 00:00:00,1
T2601,50031,H20,13232,19A Penfold Rd,2013-09-15 00:00:00,1
T2602,46370,178,12384,32 Maryvale Rd,2013-11-10 00:00:00,2
T2603,14175,273,12866,7 Northcote Tce,2014-03-16 00:00:00,1
T2604,7391,503,11948,29B Sudholz Rd,2014-05-04 00:00:00,1
T2605,34221,142,13424,2 Kensington Rd,2014-01-19 00:00:00,5
T2606,27468,224,12901,6 O Connell St,2013-10-20 00:00:00,4
T2607,44975,142,13420,3 Kensington Rd,2013-07-21 00:00:00,3
T2608,64707,682,15598,61 Berrima Rd,2014-03-23 00:00:00,12
T2609,23354,830F,12957,73 Main St,2014-04-20 00:00:00,8
T2610,10380,H21,17791,16E Glynburn Rd,2014-04-06 00:00:00,4
T2611,57830,C1,13328,H1 Grenfell St,2013-11-24 00:00:00,17
T2612,37048,681,15558,54H The Cove Rd,2013-07-21 00:00:00,1
T2613,13226,171,14354,16A Maitland St,2014-06-15 00:00:00,3
T2614,58930,M44,14518,19 Marion Rd,2013-12-29 00:00:00,1
T2615,34090,141,13395,10 Kensington Rd,2013-10-06 00:00:00,6
T2616,46480,178,12775,13  Payneham Rd,2013-11-10 00:00:00,8
T2617,49661,B10,13242,3 George St,2013-07-28 00:00:00,2
T2618,6520,190B,13902,5 Unley Rd,2014-06-29 00:00:00,1
T2619,64892,B10,13121,17 Magill Rd,2013-12-01 00:00:00,1
T2620,50442,H30,16419,6 Henley Beach Rd,2013-08-04 00:00:00,1
T2621,5642,100,14064,20  Cross Rd,2014-04-13 00:00:00,1
T2622,22671,751,17204,85 The Parade,2014-04-06 00:00:00,4
T2623,25613,SCH_EW,18054,School St Michaels College,2013-08-11 00:00:00,23
T2624,10547,208,12796,9 Walkerville Tce,2014-06-01 00:00:00,1
T2625,50123,H20,17797,A1 Glover Av,2013-12-29 00:00:00,1
T2626,20717,646,15061,33 Morphett Rd,2014-02-09 00:00:00,1
T2627,15424,M44T,13277,I2 North Tce,2014-05-04 00:00:00,3
T2628,5935,300,14714,27A Diagonal Rd,2014-02-23 00:00:00,2
T2629,63745,725,15737,49 Hillier Rd,2014-05-11 00:00:00,1
T2630,57258,600,15150,29A Shepherds Hill Rd,2013-11-10 00:00:00,1
T2631,65088,722,15951,54 States Rd,2014-06-01 00:00:00,1
T2632,28612,441,10150,76 Hanson Rd,2014-05-18 00:00:00,1
T2633,16432,209F,11778,27 Hampstead Rd,2013-11-24 00:00:00,4
T2634,48778,721,15651,43 Old South Rd,2013-08-04 00:00:00,1
T2635,46542,179F,13536,Q1 Hutt St,2013-07-21 00:00:00,14
T2636,11648,150,12359,23 Port Rd,2014-05-04 00:00:00,2
T2637,11023,235,12826,7A Torrens Rd,2014-03-02 00:00:00,1
T2638,49548,B10,13254,1 Port Rd,2013-08-25 00:00:00,1
T2639,50329,H22,13325,I1 Grenfell St,2013-10-06 00:00:00,2
T2640,5632,100,12248,25 Torrens Rd,2014-06-08 00:00:00,1
T2641,56947,232,12311,20 Regency Rd,2013-11-10 00:00:00,1
T2642,472,400,10344,56A Guerin Rd,2013-07-14 00:00:00,2
T2643,18176,239,12631,9A Churchill Rd,2014-03-23 00:00:00,1
T2644,49738,B12,12940,17  Grange Rd,2013-07-28 00:00:00,7
T2645,58859,M44,13452,D2 Grote St,2013-09-15 00:00:00,11
T2646,48343,501,16645,34B UNI SA Mawson Lakes,2013-06-30 00:00:00,2
T2647,27747,228F,10669,46 Main North Rd,2013-12-22 00:00:00,2
T2648,11765,H33,16413,4 Henley Beach Rd,2014-06-15 00:00:00,1
T2649,12088,157,11243,47 Military Rd,2014-04-27 00:00:00,4
T2650,63120,H33,12751,26 Koonga Av,2013-12-15 00:00:00,2
T2651,58424,G10,14882,25 Ayliffes Rd,2013-12-29 00:00:00,2
T2652,28717,461,10062,Zone B Smithfield Interchange,2014-01-12 00:00:00,2
T2653,28171,273,12828,8 Northcote Tce,2013-09-08 00:00:00,1
T2654,58451,G10,12490,13 Prospect Rd,2013-11-10 00:00:00,1
T2655,7056,232,12050,30 Torrens Rd,2014-03-16 00:00:00,1
T2656,36830,560,10996,41 Kesters Rd,2014-06-22 00:00:00,3
T2657,48303,500,12097,Zone F Paradise Interchange,2013-07-14 00:00:00,7
T2658,5932,300,13386,147 Portrush Rd,2014-05-04 00:00:00,1
T2659,48746,720,15423,47 Aroona Rd,2013-08-25 00:00:00,1
T2660,8765,506,11347,Zone A Tea Tree Plaza Intercha,2013-11-24 00:00:00,46
T2661,51612,W90,14523,19A Winston Av,2013-12-22 00:00:00,1
T2662,45321,162,13513,5B Sir Donald Bradman Dr,2013-07-14 00:00:00,10
T2663,9560,202F,11713,28 Hampstead Rd,2014-02-09 00:00:00,32
T2664,5860,273,12398,18 North East Rd,2014-04-13 00:00:00,1
T2665,19078,273,13310,Y1 Pulteney St,2014-02-23 00:00:00,2
T2666,5665,100,13801,13  Portrush Rd,2014-03-30 00:00:00,55
T2667,6600,230,12725,10 Torrens Rd,2014-04-27 00:00:00,6
T2668,13270,171,13330,G3 Grenfell St,2014-07-06 00:00:00,14
T2669,30384,734,15771,51 Sherriffs Rd,2013-10-27 00:00:00,1
T2670,17161,265,14212,14 Anzac Hwy,2013-12-01 00:00:00,1
T2671,51090,J2,13513,5B Sir Donald Bradman Dr,2013-08-25 00:00:00,1
T2672,11487,241,14972,Zone E Marion Interchange,2014-02-23 00:00:00,29
T2673,27660,228,10586,48A Main North Rd,2014-02-09 00:00:00,1
T2674,13333,172,13292,U1 North Tce,2014-04-20 00:00:00,2
T2675,51648,W90M,14866,27A Bradley Gr,2013-11-03 00:00:00,1
T2676,25367,100N,14131,11A  Marion Rd,2014-06-15 00:00:00,1
T2677,49542,B10,13089,25 Vine St,2013-09-15 00:00:00,1
T2678,10592,209F,11506,31 Briens Rd,2014-02-09 00:00:00,1
T2679,52520,203,11835,26 Hampstead Rd,2013-07-21 00:00:00,3
T2680,1645,230,12263,Zone F Arndale Interchange,2014-01-19 00:00:00,17
T2681,50276,H22,13247,11 White Av,2013-09-29 00:00:00,1
T2682,15395,492,18294,126 Lyndoch Rd,2013-09-01 00:00:00,1
T2683,11286,H30,16417,5 Henley Beach Rd,2014-05-18 00:00:00,1
T2684,53753,560,11297,29 Montague Rd,2014-06-08 00:00:00,1
T2685,49657,B10,13115,8 South Rd,2013-09-15 00:00:00,1
T2686,45879,172,14036,9 Duthy St,2013-08-25 00:00:00,4
T2687,19893,506,11287,65 Kelly Rd,2014-02-23 00:00:00,1
T2688,28884,506,11048,52 Nelson Rd,2013-11-24 00:00:00,2
T2689,48284,500,10787,43D Bridge Rd,2013-10-27 00:00:00,2
T2690,65319,721,15748,48 Main South Rd,2014-02-02 00:00:00,1
T2691,9039,507,11948,29B Sudholz Rd,2014-04-06 00:00:00,4
T2692,12622,251,12519,18 Torrens Rd,2014-05-18 00:00:00,2
T2693,29564,720,13970,7 South Rd,2013-09-22 00:00:00,10
T2694,45306,157X,11785,36B Sansom Rd,2013-07-21 00:00:00,29
T2695,49100,745,16137,72 Barcelona Rd,2013-11-24 00:00:00,3
T2696,50527,H30,16454,19 Henley Beach Rd,2014-01-12 00:00:00,2
T2697,65022,720,14296,13 South Rd,2014-06-29 00:00:00,4
T2698,47423,241,17556,20E Daws Rd,2013-12-29 00:00:00,2
T2699,11599,150,11621,39 Commercial Rd,2014-04-27 00:00:00,4
T2700,14118,273,12541,15 North East Rd,2014-06-08 00:00:00,1
T2701,27331,222,11355,31 Main North Rd,2014-06-01 00:00:00,1
T2702,10309,H20,13364,W3 Currie St,2014-06-29 00:00:00,1
T2703,16868,254X,11742,34A Grand Junction Rd,2013-07-07 00:00:00,1
T2704,47463,263,14565,27 Brighton Rd,2014-01-19 00:00:00,2
T2705,27492,224F,17529,Zone D Mawson Interchange,2014-03-02 00:00:00,6
T2706,45092,147,13672,5B Greenhill Rd,2013-11-10 00:00:00,2
T2707,137,721X,15651,43 Old South Rd,2013-12-08 00:00:00,8
T2708,11275,H30,13364,W3 Currie St,2014-03-02 00:00:00,5
T2709,679,401,10325,59 Waterloo Corner Rd,2013-07-21 00:00:00,1
T2710,18252,251,11884,27 Trafford St,2014-06-22 00:00:00,4
T2711,6935,502,13351,D2 Currie St,2014-05-04 00:00:00,5
T2712,47484,263,17880,29 Morphett Rd,2013-09-22 00:00:00,1
T2713,109,451,10113,72 Peachey Rd,2013-08-18 00:00:00,2
T2714,14121,273,12531,15 North East Rd,2014-02-23 00:00:00,8
T2715,49640,B10,12942,18 Grange Rd,2013-07-28 00:00:00,1
T2716,46031,174,12375,22 Lower North East Rd,2013-08-11 00:00:00,1
T2717,56612,190B,16276,A3 King William Rd,2013-08-04 00:00:00,1
T2718,9620,528,13361,W2 King William St,2014-04-27 00:00:00,51
T2719,2434,430,17286,60 Highfield Dr,2013-11-10 00:00:00,1
T2720,46500,178F,13433,R1 Wakefield St,2013-08-11 00:00:00,3
T2721,53277,441,10183,73 Yorktown Rd,2014-03-30 00:00:00,2
T2722,50474,H30,13283,S1 North Tce,2013-11-03 00:00:00,1
T2723,58614,G10C,12274,16 Prospect Rd,2014-01-05 00:00:00,3
T2724,31141,861,16625,5 Glen Osmond Rd,2014-01-19 00:00:00,1
T2725,8657,545,10891,57 Keithcote Farm Dr,2013-12-08 00:00:00,2
T2726,56654,195F,14839,30 Hollywood Wy,2013-10-06 00:00:00,1
T2727,58990,M44,10888,58 Richardson Rd,2013-10-06 00:00:00,1
T2728,2082,557,11266,46 North East Rd,2013-10-06 00:00:00,1
T2729,27445,224,11685,25 Main North Rd,2013-08-11 00:00:00,2
T2730,11807,H33C,16431,10 Henley Beach Rd,2014-02-09 00:00:00,6
T2731,17848,861,13975,11 Glen Osmond Rd,2014-07-06 00:00:00,8
T2732,50526,H30,16349,30 Military Rd,2013-10-20 00:00:00,2
T2733,62827,749,16967,100 Old Coach Rd,2013-12-01 00:00:00,3
T2734,6921,502,11083,38B Bridge Rd,2014-04-06 00:00:00,1
T2735,27769,228F,10756,44 Main North Rd,2013-09-01 00:00:00,2
T2736,17876,861,13583,P1 Pulteney St,2014-03-02 00:00:00,5
T2737,9250,B10,13178,7 Magill Rd,2014-06-29 00:00:00,10
T2738,7623,287,13218,7 Ashley St,2014-03-09 00:00:00,1
T2739,27598,225F,16281,X1 King William St,2013-09-22 00:00:00,17
T2740,5972,300G,15053,Zone B Flinders Medical Centre,2014-05-18 00:00:00,9
T2741,51147,J2,13353,V2 Currie St,2014-01-05 00:00:00,4
T2742,27600,225F,10789,44B Northbri Av,2013-10-06 00:00:00,3
T2743,47086,200C,13374,D1 King William St,2013-07-21 00:00:00,49
T2744,27523,224F,12297,17 Main North Rd,2014-01-19 00:00:00,8
T2745,36346,411,10450,43C Liberator Dr,2013-10-20 00:00:00,1
T2746,44681,100,14131,11A  Marion Rd,2013-09-22 00:00:00,15
T2747,10328,H20,14118,12 Anzac Hwy,2014-06-29 00:00:00,1
T2748,900,733,15911,59 Flaxmill Rd,2013-12-01 00:00:00,9
T2749,8372,288,16310,28 Tapleys Hill Rd,2014-03-09 00:00:00,1
T2750,10836,H22L,16395,8 The Parade,2014-03-16 00:00:00,12
T2751,59052,M44,13292,U1 North Tce,2013-10-20 00:00:00,23
T2752,11875,167,13737,5 Richmond Rd,2014-06-08 00:00:00,1
T2753,46444,178,13361,W2 King William St,2013-10-27 00:00:00,1
T2754,58195,C2,10781,64 The Golden Wy,2013-12-08 00:00:00,1
T2755,12409,237,13341,T3 Grenfell St,2013-11-24 00:00:00,9
T2756,18248,251,16291,U1 Victoria Sq,2014-04-20 00:00:00,1
T2757,58600,G10B,12623,11 Prospect Rd,2014-01-12 00:00:00,3
T2758,6585,230,12484,15 Pym St,2014-04-13 00:00:00,2
T2759,5919,300,13386,147 Portrush Rd,2014-03-23 00:00:00,6
T2760,10313,H20,16397,7 The Parade,2014-04-06 00:00:00,7
T2761,9742,B10,12934,16 Grange Rd,2014-06-08 00:00:00,1
T2762,15098,G10,14950,29 Sturt Rd,2014-04-13 00:00:00,1
T2763,50771,H31C,12848,17 Glynburn Rd,2013-07-28 00:00:00,1
T2764,976,734,15910,65A Galloway Rd,2014-04-20 00:00:00,2
T2765,59025,M44,14471,18 Marion Rd,2013-07-28 00:00:00,8
T2766,676,401,10384,55 Waterloo Corner Rd,2013-11-17 00:00:00,19
T2767,56401,190,13483,S1 Pulteney St,2013-11-10 00:00:00,2
T2768,31224,864,14862,46 Mount Barker Rd,2014-01-19 00:00:00,2
T2769,50522,H30,18492,Zone C West Lakes Interchange,2013-10-27 00:00:00,4
T2770,7026,232,12318,22 Regency Rd,2014-02-16 00:00:00,2
T2771,51162,J2,13562,11 Sir Donald Bradman Dr,2013-12-29 00:00:00,1
T2772,47423,241,14538,19 West St,2013-11-17 00:00:00,2
T2773,27517,224F,10772,37 Salisbury Hwy,2013-12-01 00:00:00,1
T2774,16668,251,11922,26A Trafford St,2013-07-07 00:00:00,4
T2775,6993,230,12437,17 Days Rd,2014-01-26 00:00:00,2
T2776,50614,H30S,16453,18 Henley Beach Rd,2013-11-24 00:00:00,2
T2777,27325,222,12171,18 Main North Rd,2014-03-02 00:00:00,3
T2778,9750,B10,12977,24 Grange Rd,2014-05-25 00:00:00,1
T2779,12331,J1A,13306,B2 Pulteney St,2014-05-11 00:00:00,11
T2780,682,401,10402,54 Waterloo Corner Rd,2013-10-20 00:00:00,7
T2781,56802,230,11742,34A Grand Junction Rd,2013-09-22 00:00:00,2
T2782,46947,200,13932,6 King William Rd,2013-09-08 00:00:00,2
T2783,48748,720,14350,14 South Rd,2013-09-01 00:00:00,2
T2784,46471,178,12168,34 Gorge Rd,2013-12-29 00:00:00,2
T2785,34394,144,13751,12  Portrush Rd,2013-10-27 00:00:00,1
T2786,29081,557X,11588,40A Amber Rd,2013-12-22 00:00:00,1
T2787,1412,190,13799,3 Unley Rd,2013-12-29 00:00:00,1
T2788,13223,171,14342,21 Princes Rd,2014-03-23 00:00:00,1
T2789,64202,749,17204,85 The Parade,2014-01-12 00:00:00,2
T2790,45367,167,14010,13 Mooringe Av,2013-07-28 00:00:00,18
T2791,17479,204,12720,10A Smith St,2013-11-10 00:00:00,1
T2792,2428,430,17296,62A Kinkaid Rd,2013-11-17 00:00:00,2
T2793,58291,G10,12441,14 Prospect Rd,2013-09-22 00:00:00,1
T2794,15750,203F,12016,23 Hampstead Rd,2014-04-06 00:00:00,7
T2795,29825,721F,14717,22 South Rd,2013-06-30 00:00:00,5
T2796,20060,601,15359,45 Oakridge Rd,2014-05-18 00:00:00,1
T2797,13387,117,12616,30 Tapleys Hill Rd,2014-05-11 00:00:00,1
T2798,10817,H22,13360,W1 Currie St,2014-03-09 00:00:00,17
T2799,5985,178,13051,7 Payneham Rd,2014-04-27 00:00:00,1
T2800,44846,118,13352,V1 Currie St,2013-11-24 00:00:00,13
T2801,65030,720,13461,X1 Grote St,2013-12-01 00:00:00,2
T2802,58623,G10C,12658,10 Prospect Rd,2013-10-06 00:00:00,14
T2803,48998,733,15941,65 Flaxmill Rd,2013-10-20 00:00:00,3
T2804,52987,254,16279,X2 King William St,2013-08-04 00:00:00,30
T2805,58814,G21,14878,25 Ayliffes Rd,2013-11-17 00:00:00,1
T2806,57025,300,12311,20 Regency Rd,2013-09-15 00:00:00,2
T2807,27079,202F,17909,34A Wright Rd,2013-09-15 00:00:00,2
T2808,6886,501,11211,37A Montague Rd,2014-02-02 00:00:00,2
T2809,47468,263,14306,20 Anzac Hwy,2013-12-08 00:00:00,1
T2810,11731,H33,13279,R1 North Tce,2014-05-25 00:00:00,1
T2811,50153,H20C,12169,25A Darley Rd,2013-09-01 00:00:00,3
T2812,27327,222,13078,2 King William Rd,2013-08-25 00:00:00,6
T2813,48743,720,14968,29D Sturt Rd,2013-08-18 00:00:00,2
T2814,27270,222,12288,17 Main North Rd,2014-01-26 00:00:00,12
T2815,29519,719,14031,8 South Rd,2013-09-01 00:00:00,1
T2816,36877,565,17532,Zone A Mawson Interchange,2013-07-21 00:00:00,3
T2817,9576,203,11352,Zone G Tea Tree Plaza Intercha,2014-05-18 00:00:00,32
T2818,16569,M44,14471,18 Marion Rd,2014-04-13 00:00:00,8
T2819,5804,H30S,13312,X1 Pulteney St,2014-06-29 00:00:00,10
T2820,12336,J2,13485,5 South Rd,2014-05-11 00:00:00,3
T2821,9067,507,11768,32 North East Rd,2014-04-20 00:00:00,1
T2822,57865,C1,12126,Zone D Paradise Interchange,2013-08-18 00:00:00,3
T2823,50655,H31,13199,3 North Tce,2013-07-14 00:00:00,2
T2824,6483,190B,13725,1 Unley Rd,2014-06-08 00:00:00,1
T2825,50465,H30,12106,Zone E Paradise Interchange,2013-09-15 00:00:00,25
T2826,13980,287,13088,17 Hartley Rd,2014-03-16 00:00:00,2
T2827,53340,451,10223,Zone A Elizabeth City Centre,2014-02-02 00:00:00,3
T2828,17783,841F,15221,82 Woodside Rd,2014-06-29 00:00:00,2
T2829,27504,224F,10573,46 Salisbury Hwy,2013-08-04 00:00:00,4
T2830,10058,208,12228,19 Regency Rd,2014-06-01 00:00:00,2
T2831,64778,721,15053,Zone B Flinders Medical Centre,2014-06-22 00:00:00,3
T2832,27978,248,14234,13 South Tce,2013-11-10 00:00:00,1
T2833,27636,228,12171,18 Main North Rd,2013-11-17 00:00:00,1
T2834,64980,719,17738,Zone B Registry Rd Flinders Un,2014-04-13 00:00:00,15
T2835,18268,861,13509,R1 Pulteney St,2014-05-11 00:00:00,1
T2836,12202,239,11689,26 Grand Junction Rd,2014-01-05 00:00:00,4
T2837,21209,C1,12129,Zone C Paradise Interchange,2014-05-11 00:00:00,15
T2838,58464,G10,14016,7 Goodwood Rd,2013-08-18 00:00:00,2
T2839,12418,239,12361,13 Churchill Rd,2013-10-13 00:00:00,1
T2840,5649,100,14136,176 Cross Rd,2014-03-16 00:00:00,2
T2841,50404,H30,12878,24 Glen Stuart Rd,2013-09-08 00:00:00,3
T2842,14430,168,13724,3 Richmond Rd,2014-06-01 00:00:00,1
T2843,18871,545X,13338,F3 Grenfell St,2014-01-26 00:00:00,17
T2844,29632,720H,14757,23 South Rd,2013-09-15 00:00:00,1
T2845,65320,721,13814,3 Anzac Hwy,2014-02-23 00:00:00,1
T2846,58085,C1G,13339,F2 Grenfell St,2013-10-20 00:00:00,8
T2847,46464,178,12063,42 Lower Athelstone Rd,2013-09-15 00:00:00,1
T2848,51147,J2,13516,5A Sir Donald Bradman Dr,2013-10-27 00:00:00,2
T2849,12349,J2,13283,S1 North Tce,2014-04-06 00:00:00,3
T2850,12456,J2,13341,T3 Grenfell St,2014-02-02 00:00:00,8
T2851,7006,230,16287,V2 King William St,2014-04-06 00:00:00,6
T2852,1655,743,16073,60 Glynville Dr,2014-07-06 00:00:00,7
T2853,46396,178,12637,20 Montacute Rd,2013-07-07 00:00:00,5
T2854,48287,500,10916,42A Bridge Rd,2013-11-24 00:00:00,3
T2855,9177,507,11948,29B Sudholz Rd,2013-10-13 00:00:00,1
T2856,14295,178,12619,23 Montacute Rd,2014-05-18 00:00:00,1
T2857,50984,J1,14091,18 Patawalonga Frontage,2013-08-18 00:00:00,1
T2858,27187,208,12314,18 Galway Av,2013-08-04 00:00:00,1
T2859,45176,150,11394,45 Fletcher Rd,2013-09-29 00:00:00,2
T2860,5935,300,14784,28A Diagonal Rd,2014-02-09 00:00:00,2
T2861,45381,167,14020,15 Mooringe Av,2014-01-05 00:00:00,4
T2862,36855,560P,10222,Zone D Elizabeth City Centre,2013-12-15 00:00:00,13
T2863,7964,542,11367,Zone F Tea Tree Plaza Intercha,2013-10-06 00:00:00,13
T2864,56763,230,12163,27 Torrens Rd,2013-10-06 00:00:00,2
T2865,27478,224,11460,29 Main North Rd,2013-07-14 00:00:00,1
T2866,6396,320,15382,48A Sunnymeade Dr,2014-05-18 00:00:00,1
T2867,13188,254X,11748,35 Grand Junction Rd,2014-04-13 00:00:00,2
T2868,45781,171,18005,L1 Hutt Rd,2013-12-01 00:00:00,1
T2869,30918,837,15181,81 Woodside Rd,2013-12-08 00:00:00,1
T2870,36441,440,10134,72 Woodford Rd,2013-10-06 00:00:00,2
T2871,6511,868,15070,37A Longwood Rd,2013-07-21 00:00:00,4
T2872,6549,195F,14944,37 Rankeys Hill Rd,2014-01-26 00:00:00,4
T2873,65367,721F,15785,49 Main South Rd,2013-12-08 00:00:00,1
T2874,27300,222,11236,33 Main North Rd,2013-09-08 00:00:00,1
T2875,36326,411,10503,49 Church St,2014-07-06 00:00:00,18
T2876,14768,C1T,13351,D2 Currie St,2014-02-23 00:00:00,34
T2877,52817,239,12631,9A Churchill Rd,2013-07-28 00:00:00,3
T2878,16270,M44,10899,57 Richardson Dr,2014-03-23 00:00:00,1
T2879,27634,228,10820,41 Main North Rd,2013-10-13 00:00:00,1
T2880,408,722F,15812,49A States Rd,2014-06-22 00:00:00,1
T2881,932,401,10503,49 Church St,2013-09-29 00:00:00,13
T2882,12570,174,12261,25 Lower North East Rd,2014-02-16 00:00:00,1
T2883,896,733,16051,Zone C Noarlunga Centre Interc,2014-05-11 00:00:00,11
T2884,44861,118,13344,U1 Grenfell St,2013-12-01 00:00:00,3
T2885,56756,230,16279,X2 King William St,2013-07-14 00:00:00,2
T2886,29654,720H,14448,16 South Rd,2013-08-04 00:00:00,1
T2887,695,401,10447,52 Waterloo Corner Rd,2014-06-01 00:00:00,6
T2888,50063,H20,16388,11 The Parade,2013-10-20 00:00:00,14
T2889,11471,241,14510,18 Adelaide Tce,2014-06-08 00:00:00,4
T2890,58785,G21,15053,Zone B Flinders Medical Centre,2013-10-06 00:00:00,23
T2891,11296,H30,12106,Zone E Paradise Interchange,2014-04-13 00:00:00,2
T2892,18337,864F,13414,U1 Pulteney St,2014-06-29 00:00:00,1
T2893,46864,200,13893,5 King William St,2013-11-24 00:00:00,3
T2894,48843,722F,15812,49A States Rd,2013-07-21 00:00:00,4
T2895,16583,M44,14258,13 Marion Rd,2014-05-25 00:00:00,3
T2896,11283,H30,13371,B1 Currie St,2014-02-09 00:00:00,1
T2897,11260,H30,16403,27 Seaview Rd,2014-03-23 00:00:00,3
T2898,58268,G10,13452,D2 Grote St,2013-07-14 00:00:00,2
T2899,28904,506,13365,C1 Currie St,2013-08-11 00:00:00,1
T2900,9353,H22,13348,E1 Currie St,2014-05-18 00:00:00,8
T2901,5656,100,14136,176 Cross Rd,2014-05-25 00:00:00,35
T2902,29031,543X,13351,D2 Currie St,2013-12-22 00:00:00,12
T2903,56817,230,13091,2 King William Rd,2013-08-11 00:00:00,1
T2904,13664,265,14403,Zone A Moseley St,2014-05-11 00:00:00,1
T2905,58330,G10,16281,X1 King William St,2013-07-14 00:00:00,58
T2906,52673,224,17374,54B Haydown Rd,2014-06-15 00:00:00,1
T2907,48754,720,15423,47 Aroona Rd,2013-10-27 00:00:00,1
T2908,15251,C1,17172,62A The Grove Wy,2014-03-16 00:00:00,1
T2909,14169,273,12145,22 North East Rd,2014-04-06 00:00:00,1
T2910,57278,600,15147,29 Shepherds Hill Rd,2013-10-13 00:00:00,2
T2911,16405,M44,16589,5A Anzac Hwy,2014-02-09 00:00:00,1
T2912,50160,H21,16388,11 The Parade,2013-09-29 00:00:00,6
T2913,27743,228F,12599,12 Main North Rd,2014-01-26 00:00:00,1
T2914,6094,190,13799,3 Unley Rd,2014-03-02 00:00:00,1
T2915,13783,174,12891,10 Payneham Rd,2014-03-23 00:00:00,2
T2916,64541,720H,14937,27 Sturt Rd,2014-04-06 00:00:00,1
T2917,36849,560P,10645,46B Smith St,2013-09-22 00:00:00,1
T2918,50150,H20,13931,9B  Marion Rd,2013-08-18 00:00:00,1
T2919,11722,H32,13360,W1 Currie St,2014-05-18 00:00:00,29
T2920,31048,861,14040,13 Glen Osmond Rd,2013-12-22 00:00:00,2
T2921,11267,H30,13354,D1 Currie St,2014-03-23 00:00:00,6
T2922,65039,720,14252,12 South Rd,2014-03-23 00:00:00,2
T2923,8804,506,11372,44 Nelson Rd,2014-04-27 00:00:00,4
T2924,52554,208,12613,13 North East Rd,2013-10-13 00:00:00,1
T2925,12871,W90,14719,24 Celtic Av,2014-01-26 00:00:00,1
T2926,57012,300,15053,Zone B Flinders Medical Centre,2013-12-01 00:00:00,6
T2927,45026,144,13550,8  Portrush Rd,2013-12-08 00:00:00,1
T2928,12831,170,14036,9 Duthy St,2014-04-06 00:00:00,48
T2929,48165,333B,10859,58 Military Rd,2013-08-04 00:00:00,6
T2930,16990,265,16289,E1 King William St,2013-07-28 00:00:00,3
T2931,1068,273,12145,22 North East Rd,2013-11-17 00:00:00,8
T2932,58728,G20,15309,36 Black Rd,2014-01-19 00:00:00,2
T2933,46454,178,12168,34 Gorge Rd,2014-01-19 00:00:00,4
T2934,10816,H22,13325,I1 Grenfell St,2014-05-04 00:00:00,6
T2935,28974,541X,11351,Zone B Tea Tree Plaza Intercha,2013-12-01 00:00:00,16
T2936,57050,300,16428,26 Seaview Rd,2013-10-13 00:00:00,4
T2937,111,451,18139,78C Peachey Rd,2013-12-29 00:00:00,2
T2938,58365,G10,14517,17 Goodwood Rd,2013-07-21 00:00:00,7
T2939,45296,157,12542,19 Port Rd,2013-09-15 00:00:00,2
T2940,47036,200B,14339,16 Salisbury Cr,2013-10-20 00:00:00,5
T2941,36797,560,10244,63 Philip Hwy,2013-08-25 00:00:00,2
T2942,12236,167,13279,R1 North Tce,2014-04-27 00:00:00,3
T2943,59000,M44,14023,9 Anzac Hwy,2013-08-11 00:00:00,3
T2944,29592,720,14291,13 South Rd,2013-09-08 00:00:00,1
T2945,49456,B10,13181,6 Magill Rd,2013-10-27 00:00:00,1
T2946,14825,C2X,13365,C1 Currie St,2014-05-04 00:00:00,5
T2947,37077,681,17523,Zone C Registry Rd Flinders Un,2013-07-14 00:00:00,4
T2948,1192,403,10444,52 Waterloo Corner Rd,2014-03-02 00:00:00,1
T2949,16432,209F,11328,40 Winara Dr,2013-06-30 00:00:00,6
T2950,56761,230,13261,Z3 King William St,2013-09-08 00:00:00,1
T2951,16420,209F,12814,7 Main North Rd,2013-08-18 00:00:00,1
T2952,45753,171,13330,G3 Grenfell St,2013-07-28 00:00:00,14
T2953,49278,749,17204,85 The Parade,2013-10-13 00:00:00,7
T2954,16076,G21,15095,29 Main South Rd,2014-03-30 00:00:00,1
T2955,30729,749,17058,119 BUTTERWORTH Rd,2013-11-17 00:00:00,1
T2956,58929,M44,13374,D1 King William St,2013-12-01 00:00:00,15
T2957,50532,H30,12439,32 Graves St,2013-10-06 00:00:00,3
T2958,36365,411,10483,43A Liberator Dr,2014-05-25 00:00:00,2
T2959,46982,200,14138,12 Hilda Tce,2013-10-27 00:00:00,2
T2960,57845,C1,10471,51 Main North Rd,2014-01-12 00:00:00,1
T2961,10493,W90,14889,28 Bradley Gr,2014-05-25 00:00:00,1
T2962,12039,251,12597,16 Torrens Rd,2014-02-16 00:00:00,1
T2963,58644,G20,16289,E1 King William St,2013-12-22 00:00:00,1
T2964,64685,682,17969,Zone A Hallett Cove Shopping C,2014-04-06 00:00:00,3
T2965,50445,H30,13346,U2 Grenfell St,2013-09-08 00:00:00,43
T2966,49096,745,16155,74 Barcelona Rd,2013-07-28 00:00:00,4
T2967,28989,541X,13328,H1 Grenfell St,2013-09-08 00:00:00,5
T2968,53681,545,10793,Zone B Golden Grove Village In,2013-07-21 00:00:00,1
T2969,27257,222,16275,Z2 King William St,2013-12-08 00:00:00,27
T2970,10329,H20,16387,11 The Parade,2014-07-06 00:00:00,1
T2971,36303,411,10479,43A Liberator Dr,2013-09-01 00:00:00,5
T2972,12065,251,11820,29 Medika Bvd,2014-05-25 00:00:00,1
T2973,16783,251,13465,B1 Grote St,2013-09-01 00:00:00,124
T2974,45034,144,13943,17  Portrush Rd,2013-11-10 00:00:00,4
T2975,46217,174,12808,12 Payneham Rd,2014-01-12 00:00:00,2
T2976,27494,224F,11283,32 Main North Rd,2014-02-23 00:00:00,1
T2977,59113,M44G,14471,18 Marion Rd,2013-12-29 00:00:00,2
T2978,45090,147,13652,9 Greenhill Rd,2014-01-12 00:00:00,5
T2979,10059,208,17827,27A Fosters Rd,2014-06-29 00:00:00,1
T2980,6940,502,10889,43 Bridge Rd,2014-04-06 00:00:00,2
T2981,1588,196F,14879,32 Sun Valley Dr,2014-01-19 00:00:00,5
T2982,5714,117,12674,24 Trimmer Pde,2014-02-16 00:00:00,4
T2983,8895,506,11427,43 Wright Rd,2013-12-22 00:00:00,2
T2984,25454,415,10792,Zone C Golden Grove Village In,2014-06-15 00:00:00,2
T2985,58345,G10,15073,26B University Dr,2013-12-29 00:00:00,2
T2986,5981,300H,12234,17B Regency Rd,2014-03-02 00:00:00,8
T2987,48769,721,15880,54 Main South Rd,2013-09-29 00:00:00,2
T2988,9254,B10,18492,Zone C West Lakes Interchange,2014-05-04 00:00:00,4
T2989,15188,G10,16289,E1 King William St,2014-03-09 00:00:00,1
T2990,52740,228,16281,X1 King William St,2014-06-15 00:00:00,4
T2991,27529,224X,10274,59 Philip Hwy,2014-01-26 00:00:00,4
T2992,11753,H33,16409,2 Henley Beach Rd,2014-05-11 00:00:00,4
T2993,45704,171,13536,Q1 Hutt St,2014-01-05 00:00:00,7
T2994,46561,190,13934,6 Unley Rd,2013-06-30 00:00:00,1
T2995,63882,287,13084,16 Hartley Rd,2014-01-19 00:00:00,2
T2996,9807,B10C,13096,26 Magill Rd,2014-05-18 00:00:00,4
T2997,59066,M44,16289,E1 King William St,2013-08-11 00:00:00,3
T2998,49457,B10,13352,V1 Currie St,2013-08-25 00:00:00,5
T2999,11047,238,11774,23 Churchill Rd,2014-07-06 00:00:00,1
T3000,18395,542X,10985,56 Elizabeth St,2014-02-23 00:00:00,5
T3001,55175,N3,16046,Zone G Noarlunga Centre Interc,2013-08-25 00:00:00,3
T3002,58320,G10,13738,1 Goodwood Rd,2013-09-08 00:00:00,1
T3003,47922,288,13092,18 Hartley Rd,2013-09-01 00:00:00,3
T3004,36462,440,10149,73A Midway Rd,2013-11-17 00:00:00,2
T3005,65058,720,17970,Zone B Hallett Cove Shopping C,2014-01-19 00:00:00,1
T3006,11840,157,11304,46 Military Rd,2014-06-29 00:00:00,1
T3007,58253,G10,12274,16 Prospect Rd,2013-12-22 00:00:00,1
T3008,7823,542,11081,53 Elizabeth St,2013-11-17 00:00:00,4
T3009,199,722F,15874,52 States Rd,2014-04-27 00:00:00,1
T3010,46512,178S,13484,S1 Hutt St,2013-09-01 00:00:00,1
T3011,270,400,10290,57B Burgate St,2014-01-26 00:00:00,6
T3012,17660,502,12097,Zone F Paradise Interchange,2013-08-11 00:00:00,1
T3013,15660,G10,14933,26 Sturt Rd,2014-05-18 00:00:00,1
T3014,10623,235,13171,2 Frome Rd,2014-05-18 00:00:00,4
T3015,1927,405,17508,39 Morgan St,2014-04-13 00:00:00,3
T3016,15405,M44C,12129,Zone C Paradise Interchange,2014-06-08 00:00:00,2
T3017,48317,500,13351,D2 Currie St,2013-10-13 00:00:00,12
T3018,57817,C1,11351,Zone B Tea Tree Plaza Intercha,2013-08-25 00:00:00,12
T3019,47746,287,13187,29B East Tce,2013-10-06 00:00:00,1
T3020,13691,271,12000,26 North East Rd,2014-06-22 00:00:00,1
T3021,29847,721F,14394,15 South Rd,2013-09-29 00:00:00,1
T3022,27771,228X,10256,61 Midway Rd,2014-06-08 00:00:00,4
T3023,1537,745,16128,73 Saltfleet St,2013-12-15 00:00:00,2
T3024,11272,H30,13046,9  Portrush Rd,2014-06-08 00:00:00,3
T3025,64762,720H,15439,48 Quailo Av,2014-06-29 00:00:00,3
T3026,44768,117,12681,29 Tapleys Hill Rd,2013-11-10 00:00:00,2
T3027,13650,265,13870,4 Anzac Hwy,2014-02-16 00:00:00,2
T3028,11229,H30,16358,29 Seaview Rd,2014-06-22 00:00:00,3
T3029,27547,225,10660,46B Frost Rd,2014-04-06 00:00:00,4
T3030,50627,H30S,16461,12 Henley Beach Rd,2013-09-15 00:00:00,1
T3031,19694,557,11263,46 North East Rd,2014-05-11 00:00:00,3
T3032,6074,190,14353,14B Edward St,2014-04-06 00:00:00,3
T3033,15893,G21X,14928,26 Main South Rd,2014-03-23 00:00:00,2
T3034,12823,170,13823,4 Duthy St,2014-02-23 00:00:00,4
T3035,10148,208,11901,25B Fosters Rd,2014-04-13 00:00:00,1
T3036,65265,722,15815,49A States Rd,2014-02-02 00:00:00,17
T3037,49601,B10,13115,8 South Rd,2013-06-30 00:00:00,2
T3038,27510,224F,11354,31 Main North Rd,2013-07-14 00:00:00,2
T3039,45259,157,11304,46 Military Rd,2013-12-22 00:00:00,2
T3040,1682,743,16092,55 Honeypot Rd,2014-05-11 00:00:00,3
T3041,49174,747,16117,71 Gawler St,2013-09-01 00:00:00,1
T3042,50580,H30,13346,U2 Grenfell St,2013-11-17 00:00:00,14
T3043,10217,118,12242,33A Tapleys Hill Rd,2014-04-27 00:00:00,1
T3044,48895,733,15902,55 Wheatsheaf Rd,2013-09-15 00:00:00,2
T3045,46336,178,11981,39 Lower Athelstone Rd,2013-12-22 00:00:00,1
T3046,44933,141,13345,E2 Currie St,2014-01-05 00:00:00,29
T3047,29585,720,15018,36 Brighton Rd,2013-09-01 00:00:00,2
T3048,58787,G21,15269,34 Flagstaff Rd,2013-07-14 00:00:00,2
T3049,52702,225,10677,46A Frost Rd,2013-07-21 00:00:00,1
T3050,33962,118,12602,30 Tapleys Hill Rd,2013-07-14 00:00:00,1
T3051,19307,556,12103,27 Lower North East Rd,2014-02-23 00:00:00,1
T3052,58231,C2X,10733,67 The Golden Wy,2013-07-28 00:00:00,19
T3053,44804,118,12927,15 Grange Rd,2013-11-17 00:00:00,1
T3054,30524,740,16029,68 Beach Rd,2013-09-08 00:00:00,1
T3055,29825,721F,14854,25 South Rd,2013-09-08 00:00:00,2
T3056,493,452,18148,73 Heytesbury Rd,2014-02-16 00:00:00,6
T3057,1239,734,14965,Zone C Marion Interchange,2014-05-25 00:00:00,8
T3058,28179,273,11886,29 North East Rd,2013-12-08 00:00:00,3
T3059,46542,179F,12775,13  Payneham Rd,2013-06-30 00:00:00,1
T3060,45788,171,13343,E3 Currie St,2013-09-15 00:00:00,17
T3061,37234,682,15446,54 Heysen Dr,2013-09-15 00:00:00,2
T3062,37173,682,15521,52A Zwerner Dr,2013-07-21 00:00:00,1
T3063,44754,117,17483,36 Bartley Tce,2013-11-24 00:00:00,2
T3064,31246,864,13899,9 Glen Osmond Rd,2013-08-18 00:00:00,1
T3065,29519,719,14261,12 South Rd,2013-09-01 00:00:00,2
T3066,63930,734,15758,47A Pimpala Rd,2014-04-27 00:00:00,1
T3067,18022,506,11265,65 Kelly Rd,2013-06-30 00:00:00,2
T3068,50052,H20,13333,S1 Grenfell St,2013-07-28 00:00:00,2
T3069,58551,G10B,12021,20 Prospect Rd,2013-12-08 00:00:00,2
T3070,31371,866,14698,34A Old Mt Barker Rd,2013-12-08 00:00:00,1
T3071,22556,747,18012,66 Burgess Dr,2014-03-30 00:00:00,6
T3072,6100,190,13583,P1 Pulteney St,2014-06-01 00:00:00,1
T3073,45108,147,13658,8 Greenhill Rd,2013-11-24 00:00:00,1
T3074,5660,100,14136,176 Cross Rd,2014-04-13 00:00:00,1
T3075,65028,720,14973,29D Sturt Rd,2014-02-23 00:00:00,1
T3076,17181,200,14741,22 Fiveash Dr,2014-03-16 00:00:00,2
T3077,15507,G10B,12441,14 Prospect Rd,2014-02-09 00:00:00,3
T3078,8366,288,13123,23 Valetta Rd,2014-06-15 00:00:00,1
T3079,30148,725,15816,54 Acre Av,2013-11-17 00:00:00,3
T3080,16671,252,11922,26A Trafford St,2013-06-30 00:00:00,4
T3081,17987,542,11156,50 North East Rd,2014-03-23 00:00:00,3
T3082,31310,864F,17180,64 Hutchinson St,2013-08-04 00:00:00,12
T3083,48200,350,11394,45 Fletcher Rd,2013-09-22 00:00:00,1
T3084,12696,253,12716,14 Hawker St,2014-05-18 00:00:00,2
T3085,27282,222,11586,26 Main North Rd,2013-11-03 00:00:00,2
T3086,36446,440,10184,68 Woodford Rd,2014-04-27 00:00:00,5
T3087,49944,G20,15302,37 Black Rd,2013-07-07 00:00:00,9
T3088,17474,208,11930,25A Fosters Rd,2013-12-15 00:00:00,1
T3089,3932,M44T,13452,D2 Grote St,2013-07-07 00:00:00,7
T3090,10836,H22L,16409,2 Henley Beach Rd,2014-05-25 00:00:00,1
T3091,6566,196F,14331,14 Belair Rd,2014-05-11 00:00:00,1
T3092,19129,300M,14460,25P Pier St,2014-04-20 00:00:00,2
T3093,22615,750,16258,91 Commercial Rd,2014-05-04 00:00:00,1
T3094,435,723F,15782,46A Investigator Rd,2014-07-06 00:00:00,7
T3095,13889,144,13294,D North Tce,2014-05-11 00:00:00,5
T3096,56664,195F,13725,1 Unley Rd,2013-11-17 00:00:00,1
T3097,45772,171,13810,5 Fullarton Rd,2013-10-06 00:00:00,3
T3098,5740,117,12747,23  Findon Rd,2014-03-02 00:00:00,3
T3099,27057,202F,11894,25 Hampstead Rd,2013-09-08 00:00:00,2
T3100,20765,C1,11378,Zone E Tea Tree Plaza Intercha,2014-04-20 00:00:00,23
T3101,11239,H30,12974,13 Coorara Av,2014-06-29 00:00:00,2
T3102,53237,411B,10695,38A Shepherdson Rd,2013-12-29 00:00:00,1
T3103,53221,411,10464,45 Burton Rd,2013-07-28 00:00:00,1
T3104,57042,300,16357,29A Seaview Rd,2013-07-28 00:00:00,1
T3105,6134,171,14342,21 Princes Rd,2014-05-11 00:00:00,1
T3106,57475,645,14963,Zone B Marion Interchange,2014-01-26 00:00:00,1
T3107,50726,H31,12769,27 Maple Av,2013-09-08 00:00:00,1
T3108,11249,H30,16419,6 Henley Beach Rd,2014-02-23 00:00:00,10
T3109,3140,441,10213,66 Yorktown Rd,2014-06-15 00:00:00,1
T3110,5621,100,14155,180 Cross Rd,2014-02-16 00:00:00,1
T3111,65387,734,14965,Zone C Marion Interchange,2014-02-09 00:00:00,1
T3112,8809,506,11233,47A Nelson Rd,2014-06-29 00:00:00,6
T3113,1617,743,17867,Zone D Noarlunga Centre Interc,2014-07-06 00:00:00,1
T3114,63156,H33C,16470,13 Henley Beach Rd,2014-01-19 00:00:00,4
T3115,15093,G10,14877,24A Ayliffes Rd,2014-03-09 00:00:00,2
T3116,2217,430,17285,60 Highfield Dr,2014-01-19 00:00:00,1
T3117,11024,235,12826,7A Torrens Rd,2014-02-16 00:00:00,2
T3118,8715,200B,13917,6 King William Rd,2014-03-02 00:00:00,2
T3119,920,401,10520,Zone C Salisbury Interchange,2013-12-15 00:00:00,3
T3120,11281,H30,13046,9  Portrush Rd,2014-06-22 00:00:00,1
T3121,48836,722F,15577,40 Old South Rd,2013-10-27 00:00:00,10
T3122,11510,241A,14320,14 Towers Tce,2014-04-06 00:00:00,2
T3123,58844,M44,13361,W2 King William St,2013-09-08 00:00:00,1
T3124,15466,492,18305,137 Cork Rd,2013-09-01 00:00:00,3
T3125,31026,860F,17889,Zone A Dutton Rd,2013-07-21 00:00:00,16
T3126,30859,820,13621,14 Greenhill Rd,2013-06-30 00:00:00,17
T3127,45561,168,14021,15 Mooringe Av,2013-12-01 00:00:00,4
T3128,51560,W90,14204,13 Winston Av,2013-07-14 00:00:00,1
T3129,46959,200,14273,15 Sussex Tce,2013-12-22 00:00:00,1
T3130,49948,G20,15049,Zone A Flinders Medical Centre,2013-07-07 00:00:00,15
T3131,11909,168,13825,8B Galway Av,2014-03-02 00:00:00,3
T3132,9869,H30S,13354,D1 Currie St,2014-06-01 00:00:00,2
T3133,11727,H32,13364,W3 Currie St,2014-02-02 00:00:00,3
T3134,5790,H30C,18492,Zone C West Lakes Interchange,2014-04-27 00:00:00,2
T3135,59058,M44,14208,12 Marion Rd,2013-09-15 00:00:00,2
T3136,31813,G40,11025,47 Golden Grove Rd,2013-09-15 00:00:00,6
T3137,17119,262,13870,4 Anzac Hwy,2013-09-01 00:00:00,2
T3138,7986,542X,11367,Zone F Tea Tree Plaza Intercha,2013-12-15 00:00:00,20
T3139,50530,H30,12912,18 Arthur St,2013-10-20 00:00:00,6
T3140,15128,G10,14431,15 Goodwood Rd,2014-02-23 00:00:00,4
T3141,45290,157,12824,11 Port Rd,2013-07-28 00:00:00,2
T3142,34233,142,13593,17 Glynburn Rd,2013-11-17 00:00:00,1
T3143,7513,286,13090,17 Hartley Rd,2014-01-26 00:00:00,1
T3144,29704,721,15651,43 Old South Rd,2013-10-06 00:00:00,2
T3145,28685,442,10214,66 Yorktown Rd,2013-11-03 00:00:00,2
T3146,27647,228,16291,U1 Victoria Sq,2014-02-02 00:00:00,16
T3147,46334,178,12331,26 Gorge Rd,2013-12-29 00:00:00,1
T3148,36879,565,18396,Zone C Main Street,2013-11-17 00:00:00,1
T3149,28623,442,10188,76 Blair Park Dr,2013-08-11 00:00:00,1
T3150,58311,G10,12901,6 O Connell St,2013-08-18 00:00:00,2
T3151,47562,281,12900,6 Park Rd,2013-08-04 00:00:00,1
T3152,53347,451,10090,74 Peachey Rd,2014-03-02 00:00:00,1
T3153,46932,200,13803,3 King William Rd,2013-11-10 00:00:00,1
T3154,27335,222,13179,1 King William Rd,2014-05-18 00:00:00,1
T3155,7773,503,11467,38 Helen Tce,2014-03-23 00:00:00,15
T3156,45130,147,13299,C1 North Tce,2014-01-12 00:00:00,1
T3157,15842,G20F,14878,25 Ayliffes Rd,2014-06-01 00:00:00,3
T3158,65015,720,14192,10 South Rd,2013-12-01 00:00:00,2
T3159,13587,262,13829,3 Anzac Hwy,2014-06-15 00:00:00,3
T3160,33962,118,12526,31 Tapleys Hill Rd,2014-01-12 00:00:00,1
T3161,31066,861,13707,1 Glen Osmond Rd,2013-11-10 00:00:00,3
T3162,58737,G20,15336,43 Black Rd,2013-12-01 00:00:00,3
T3163,45049,144,13633,152 Portrush Rd,2013-12-22 00:00:00,2
T3164,63457,720H,17118,Zone A Old Reynella Interchang,2014-02-16 00:00:00,2
T3165,2537,208,12364,17 Galway Av,2013-09-08 00:00:00,2
T3166,58430,G10,13757,2 Goodwood Rd,2013-12-01 00:00:00,2
T3167,50081,H20,16393,9 The Parade,2013-07-14 00:00:00,14
T3168,15437,263,14763,31 Brighton Rd,2014-06-29 00:00:00,40
T3169,8856,506,12129,Zone C Paradise Interchange,2014-01-26 00:00:00,5
T3170,58815,G21,16282,C2 King William St,2013-10-13 00:00:00,25
T3171,7431,281,12127,25 Pellew St,2014-04-20 00:00:00,3
T3172,27247,222,17377,33C Mawson Lakes Bvd,2014-04-13 00:00:00,3
T3173,48870,723F,14416,15 South Rd,2013-09-15 00:00:00,2
T3174,15507,G10B,13078,2 King William Rd,2014-04-06 00:00:00,30
T3175,30103,725,16042,Zone H Noarlunga Centre Interc,2013-11-03 00:00:00,5
T3176,16380,M44,14963,Zone B Marion Interchange,2014-03-09 00:00:00,21
T3177,11744,H33,13184,5 Magill Rd,2014-05-04 00:00:00,3
T3178,28033,248,14506,21 Hendrie St,2014-01-05 00:00:00,2
T3179,48847,722F,15333,33 Main South Rd,2013-06-30 00:00:00,10
T3180,12275,J1,13530,6 Sir Donald Bradman Dr,2014-05-11 00:00:00,6
T3181,16267,M44,14869,27 Finniss St,2014-06-22 00:00:00,3
T3182,11487,241,13782,3 Everard Av,2014-04-20 00:00:00,4
T3183,10664,141,13406,6 Kensington Rd,2014-03-30 00:00:00,1
T3184,12149,237,12826,7A Torrens Rd,2013-10-20 00:00:00,3
T3185,64403,681,15018,36 Brighton Rd,2014-05-04 00:00:00,8
T3186,602,725,16036,Zone B Colonnades Interchange,2014-04-20 00:00:00,5
T3187,19671,557,11645,40B Josephine St,2014-05-11 00:00:00,1
T3188,33843,117,12927,15 Grange Rd,2014-01-19 00:00:00,1
T3189,16231,M44,14094,11  Marion Rd,2014-06-08 00:00:00,9
T3190,36849,560P,17258,54C Oldham Rd,2014-04-06 00:00:00,1
T3191,19511,502,10570,48 Park Tce,2014-06-29 00:00:00,3
T3192,36385,411,10483,43A Liberator Dr,2013-09-08 00:00:00,2
T3193,4417,271,12347,19 North East Rd,2013-12-08 00:00:00,3
T3194,52692,225,11176,39A Kesters Rd,2013-10-06 00:00:00,1
T3195,17191,200,13473,G2 Victoria Sq,2014-04-20 00:00:00,1
T3196,15546,G10C,11796,23 Prospect Rd,2014-04-06 00:00:00,11
T3197,57102,300G,14456,23 Moseley St,2013-08-11 00:00:00,1
T3198,29229,640,14968,29D Sturt Rd,2013-09-29 00:00:00,1
T3199,44688,100,13073,205 Holbrooks Rd,2013-08-18 00:00:00,6
T3200,47577,281,12477,16 Wilpena Av,2013-09-08 00:00:00,2
T3201,57316,600B,14968,29D Sturt Rd,2013-10-13 00:00:00,1
T3202,14832,C2X,10733,67 The Golden Wy,2014-05-25 00:00:00,13
T3203,27183,204,16277,Z1 King William St,2013-09-29 00:00:00,21
T3204,52695,225,10845,43B Mcintyre Rd,2013-12-29 00:00:00,1
T3205,27628,226F,11685,25 Main North Rd,2013-11-17 00:00:00,4
T3206,36810,560,10889,43 Bridge Rd,2014-04-13 00:00:00,2
T3207,13451,141,13382,13 Kensington Rd,2014-04-27 00:00:00,1
T3208,65039,720,14950,29 Sturt Rd,2014-06-01 00:00:00,2
T3209,52968,254,11587,Zone C Port Adelaide Interchan,2013-12-15 00:00:00,2
T3210,63501,721,18486,W Grote St,2014-01-05 00:00:00,2
T3211,53578,541,10908,57 Hancock Rd,2013-09-01 00:00:00,1
T3212,63123,H33,12804,20 Reid Av,2013-12-01 00:00:00,3
T3213,27874,241,14599,20 West St,2013-09-29 00:00:00,2
T3214,2537,208,13001,4 Melbourne St,2013-08-04 00:00:00,10
T3215,50527,H30,13330,G3 Grenfell St,2013-12-29 00:00:00,2
T3216,5814,H33,13354,D1 Currie St,2014-06-08 00:00:00,2
T3217,15846,G20X,13455,W1 Grote St,2014-07-06 00:00:00,27
T3218,46012,172,16283,C3 King William St,2013-09-29 00:00:00,21
T3219,5469,157,13297,W1 North Tce,2013-10-06 00:00:00,3
T3220,1281,737,17121,Zone D Old Reynella Interchang,2014-02-23 00:00:00,1
T3221,45179,150,12425,21 Port Rd,2014-01-19 00:00:00,12
T3222,9096,352,11491,44 Military Rd,2014-01-26 00:00:00,1
T3223,27477,224,16275,Z2 King William St,2014-06-15 00:00:00,4
T3224,47793,287,13224,10 Ashley St,2013-09-01 00:00:00,1
T3225,59006,M44,11008,51 Ladywood Rd,2013-10-20 00:00:00,1
T3226,10841,H22L,13337,T2 Grenfell St,2014-05-04 00:00:00,36
T3227,45594,170,14083,165 Cross Rd,2014-01-05 00:00:00,4
T3228,57054,300,12876,138 Portrush Rd,2013-09-08 00:00:00,2
T3229,27254,222,12599,12 Main North Rd,2013-08-25 00:00:00,5
T3230,50827,H31C,16406,2 Henley Beach Rd,2013-08-18 00:00:00,16
T3231,10620,235,11944,20 Churchill Rd,2014-04-13 00:00:00,9
T3232,49241,749,17009,121 Croser Av,2013-09-08 00:00:00,3
T3233,9510,202F,17910,34A Wright Rd,2014-04-13 00:00:00,4
T3234,59160,M44X,14094,11  Marion Rd,2013-11-17 00:00:00,1
T3235,44684,100,14148,178 Cross Rd,2013-11-24 00:00:00,1
T3236,15762,263,13814,3 Anzac Hwy,2014-03-16 00:00:00,2
T3237,12895,W90,14240,14 Winston Av,2014-01-26 00:00:00,2
T3238,25817,101,14755,24 Marion Rd,2013-08-18 00:00:00,3
T3239,29716,721,14721,22 South Rd,2013-08-25 00:00:00,1
T3240,1247,734,14965,Zone C Marion Interchange,2014-06-22 00:00:00,3
T3241,52948,253,12719,14 Hawker St,2014-01-19 00:00:00,2
T3242,16359,M44,13207,2 Hackney Rd,2014-03-16 00:00:00,1
T3243,15787,263,14246,14A Anzac Hwy,2014-04-20 00:00:00,1
T3244,59076,M44,10882,58 Richardson Rd,2013-07-28 00:00:00,2
T3245,20504,545,11367,Zone F Tea Tree Plaza Intercha,2014-01-26 00:00:00,1
T3246,45454,167C,13737,5 Richmond Rd,2013-10-13 00:00:00,1
T3247,36315,411,17511,42 Kings Rd,2013-07-14 00:00:00,1
T3248,15448,263,14160,13 Anzac Hwy,2014-06-01 00:00:00,3
T3249,10076,541X,13339,F2 Grenfell St,2013-08-18 00:00:00,35
T3250,27687,228F,10096,78 Uley Rd,2014-01-26 00:00:00,2
T3251,29647,720H,17970,Zone B Hallett Cove Shopping C,2013-09-08 00:00:00,3
T3252,32847,208,13721,1 King William Rd,2013-12-08 00:00:00,3
T3253,36342,411,10503,49 Church St,2013-07-14 00:00:00,2
T3254,1926,405,10462,48P Yalumba Dr,2013-09-29 00:00:00,1
T3255,889,733,15674,42 Byards Rd,2014-02-09 00:00:00,1
T3256,12656,252,13059,4 Ward St,2014-06-08 00:00:00,1
T3257,29025,543X,11381,Zone D Tea Tree Plaza Intercha,2013-12-08 00:00:00,72
T3258,48871,723X,15660,41 Regency Rd,2013-09-15 00:00:00,5
T3259,6088,190,14281,13 Belair Rd,2014-07-06 00:00:00,2
T3260,46900,200,13721,1 King William Rd,2013-11-24 00:00:00,1
T3261,50079,H20,16424,8 Henley Beach Rd,2013-08-04 00:00:00,1
T3262,13205,262,14763,31 Brighton Rd,2014-02-23 00:00:00,2
T3263,45568,168,13279,R1 North Tce,2014-01-05 00:00:00,6
T3264,9733,B10,13188,4 Magill Rd,2014-05-04 00:00:00,1
T3265,45376,167,13805,7 Grove Av,2013-07-28 00:00:00,4
T3266,9712,B10,12973,24 Grange Rd,2014-06-15 00:00:00,3
T3267,17285,265,14297,18 Anzac Hwy,2013-10-06 00:00:00,1
T3268,59190,196F,14548,19 Belair Rd,2013-08-18 00:00:00,1
T3269,27332,222,12902,6 O Connell St,2013-11-24 00:00:00,1
T3270,10891,W91,13287,B1 Pulteney St,2014-03-30 00:00:00,1
T3271,2228,430,17293,62 Kinkaid Rd,2013-08-11 00:00:00,5
T3272,53363,452,17126,Zone D Munno Para Shopping Cen,2014-03-09 00:00:00,3
T3273,48220,361,11411,43A Wright Rd,2013-10-27 00:00:00,1
T3274,6093,190,13766,2 Unley Rd,2014-03-02 00:00:00,1
T3275,49669,B10,13008,28 Grange Rd,2013-10-27 00:00:00,1
T3276,53172,400,10245,62 Midway Rd,2013-12-15 00:00:00,1
T3277,58631,G10C,13078,2 King William Rd,2013-12-08 00:00:00,1
T3278,5877,300,12748,135 O G Rd,2014-03-16 00:00:00,1
T3279,6876,501,17535,34L Main St,2014-05-18 00:00:00,1
T3280,9177,507,11618,35 North East Rd,2013-12-01 00:00:00,1
T3281,5988,178,13285,F2 North Tce,2014-05-25 00:00:00,7
T3282,13155,254X,12125,25 Hanson Rd,2014-04-06 00:00:00,1
T3283,27558,225,11065,34D Mawson Lakes Bvd,2013-08-11 00:00:00,1
T3284,45268,157,11243,47 Military Rd,2013-12-15 00:00:00,3
T3285,11102,241,14370,14A Towers Tce,2014-06-29 00:00:00,1
T3286,11281,H30,12878,24 Glen Stuart Rd,2014-03-02 00:00:00,4
T3287,53442,503,11859,32 Lyons Rd,2013-12-22 00:00:00,2
T3288,15817,265,14807,32 King George Av,2013-08-18 00:00:00,1
T3289,58913,M44,14518,19 Marion Rd,2013-10-27 00:00:00,1
T3290,8880,506,11287,65 Kelly Rd,2013-08-04 00:00:00,4
T3291,6996,230,11655,38 Commercial Rd,2014-06-15 00:00:00,2
T3292,455,400,10378,55A John Rice Av,2013-08-04 00:00:00,1
T3293,49172,747,16192,80A Quadrant Tce,2013-09-22 00:00:00,1
T3294,48738,720,17118,Zone A Old Reynella Interchang,2013-11-24 00:00:00,9
T3295,64249,281,13286,F1 North Tce,2013-12-22 00:00:00,6
T3296,7345,502,10604,47C Park Tce,2014-07-06 00:00:00,1
T3297,50314,H22,16454,19 Henley Beach Rd,2013-10-27 00:00:00,1
T3298,6910,502,11144,38A Bridge Rd,2014-04-06 00:00:00,2
T3299,58709,G20,13274,A2 King William Rd,2013-11-03 00:00:00,11
T3300,47550,281,12477,16 Wilpena Av,2013-07-07 00:00:00,2
T3301,28149,271,13052,3 Melbourne St,2013-07-07 00:00:00,1
T3302,13463,230,13261,Z3 King William St,2014-07-06 00:00:00,1
T3303,36803,560,10276,59 Philip Hwy,2014-01-26 00:00:00,3
T3304,6593,230,11748,35 Grand Junction Rd,2014-02-23 00:00:00,2
T3305,10784,H22,16417,5 Henley Beach Rd,2014-05-25 00:00:00,3
T3306,11633,150,12586,18 Port Rd,2014-03-23 00:00:00,3
T3307,45686,171,14372,18 Welbourne St,2013-10-13 00:00:00,4
T3308,51354,T721,15577,40 Old South Rd,2013-06-30 00:00:00,19
T3309,14589,C1G,11378,Zone E Tea Tree Plaza Intercha,2014-04-13 00:00:00,1
T3310,58374,G10,14878,25 Ayliffes Rd,2013-11-17 00:00:00,6
T3311,57228,548,11161,45 Golden Grove Rd,2013-11-24 00:00:00,7
T3312,16388,M44,10791,Zone E Golden Grove Village In,2014-02-16 00:00:00,10
T3313,20059,601,15220,37 Main Rd,2014-03-16 00:00:00,11
T3314,12902,W90,12503,25 Sycamore Tce,2014-04-27 00:00:00,1
T3315,10026,204,12218,20 Regency Rd,2014-06-29 00:00:00,1
T3316,10039,204,13721,1 King William Rd,2014-04-06 00:00:00,4
T3317,14114,271,12347,19 North East Rd,2014-06-15 00:00:00,4
T3318,15148,G10,16289,E1 King William St,2014-06-01 00:00:00,3
T3319,10605,235,13002,5 Jeffcott St,2014-02-23 00:00:00,2
T3320,45488,168,13714,2 Richmond Rd,2014-01-19 00:00:00,3
T3321,27592,225F,12171,18 Main North Rd,2014-04-20 00:00:00,1
T3322,51196,J2,13353,V2 Currie St,2013-07-14 00:00:00,27
T3323,30439,734,15852,59 Baden Tce,2013-11-24 00:00:00,1
T3324,13585,262,14041,10 Anzac Hwy,2014-03-23 00:00:00,6
T3325,48723,719,14416,15 South Rd,2013-09-29 00:00:00,15
T3326,10356,H20R,13067,20 St Bernards Rd,2014-03-16 00:00:00,21
T3327,9139,503,11740,34D Valiant Rd,2013-09-22 00:00:00,1
T3328,44829,118,12925,12 Grange Rd,2013-12-15 00:00:00,1
T3329,36826,560,10286,58 Philip Hwy,2013-11-17 00:00:00,2
T3330,27503,224F,10667,41 Salisbury Hwy,2014-04-20 00:00:00,4
T3331,16807,251,13261,Z3 King William St,2013-09-29 00:00:00,30
T3332,58994,M44,14824,26 Township Rd,2013-12-22 00:00:00,4
T3333,27165,203F,16279,X2 King William St,2013-07-07 00:00:00,6
T3334,14121,273,11872,29C Sudholz Rd,2014-04-06 00:00:00,1
T3335,18034,506,11372,44 Nelson Rd,2013-08-25 00:00:00,1
T3336,12283,J1,13306,B2 Pulteney St,2014-04-06 00:00:00,8
T3337,17108,N254,13048,3 Ward St,2013-12-22 00:00:00,1
T3338,29844,721F,15362,34 Main South Rd,2013-09-15 00:00:00,1
T3339,17839,861,13975,11 Glen Osmond Rd,2014-02-09 00:00:00,1
T3340,14313,178,13285,F2 North Tce,2014-04-27 00:00:00,6
T3341,16335,M44,14760,24 Marion Rd,2014-02-09 00:00:00,1
T3342,10233,140,13801,13  Portrush Rd,2014-04-06 00:00:00,1
T3343,10530,208,13032,3A Melbourne St,2014-03-30 00:00:00,4
T3344,928,401,10414,53 Waterloo Corner Rd,2014-05-04 00:00:00,2
T3345,6090,190,13934,6 Unley Rd,2014-06-08 00:00:00,2
T3346,251,749A,17203,85 The Parade,2013-12-22 00:00:00,2
T3347,47940,288,13205,2 Port Rd,2013-11-03 00:00:00,2
T3348,5642,100,13571,8D  Marion Rd,2014-02-02 00:00:00,1
T3349,904,733,15990,66A Dyson Rd,2014-01-12 00:00:00,1
T3350,28905,506,11125,62 Kelly Rd,2013-07-07 00:00:00,2
T3351,12689,252,12820,11 Hawker St,2014-06-01 00:00:00,9
T3352,46247,174,13283,S1 North Tce,2013-10-06 00:00:00,1
T3353,36359,411,10470,43B Liberator Dr,2013-12-01 00:00:00,4
T3354,49662,B10,12951,11 South Rd,2013-10-20 00:00:00,3
T3355,401,722F,15482,38 Main South Rd,2014-01-12 00:00:00,1
T3356,45167,150,10877,58 Victoria Rd,2013-06-30 00:00:00,5
T3357,9993,203F,11326,39 Winara Dr,2014-03-02 00:00:00,2
T3358,18177,239,11987,19 Churchill Rd,2014-04-20 00:00:00,1
T3359,58443,G10,11876,22 Prospect Rd,2013-10-06 00:00:00,2
T3360,30034,722F,14394,15 South Rd,2013-10-20 00:00:00,6
T3361,8729,506,11265,65 Kelly Rd,2013-08-18 00:00:00,6
T3362,14119,273,12347,19 North East Rd,2014-05-25 00:00:00,2
T3363,51768,W91C,13909,8 East Av,2013-06-30 00:00:00,1
T3364,27501,224F,11183,33A Mawson Lakes Bvd,2013-09-01 00:00:00,1
T3365,16675,251,12659,15 South Rd,2013-11-10 00:00:00,4
T3366,19080,273,12008,29A Sudholz Rd,2014-06-08 00:00:00,1
T3367,50440,H30,13046,9  Portrush Rd,2013-10-20 00:00:00,4
T3368,48086,333,11491,44 Military Rd,2013-11-24 00:00:00,4
T3369,5840,H33C,12804,20 Reid Av,2014-05-11 00:00:00,2
T3370,45002,142,13417,4 Kensington Rd,2013-09-22 00:00:00,1
T3371,27646,228,16288,V1 King William St,2014-01-19 00:00:00,14
T3372,27689,228F,10058,Zone A Smithfield Interchange,2014-03-09 00:00:00,2
T3373,49662,B10,13175,8 Magill Rd,2013-10-27 00:00:00,2
T3374,46330,178,13021,8 Payneham Rd,2013-08-18 00:00:00,1
T3375,46287,177,13300,Y2 King William St,2013-09-08 00:00:00,4
T3376,15116,G10,14200,10 Goodwood Rd,2014-02-16 00:00:00,1
T3377,30037,722F,15053,Zone B Flinders Medical Centre,2013-07-07 00:00:00,20
T3378,50125,H20,16405,1 Henley Beach Rd,2013-12-08 00:00:00,4
T3379,27635,228,10726,45 Main North Rd,2013-07-14 00:00:00,1
T3380,49699,B10,12973,24 Grange Rd,2013-08-25 00:00:00,1
T3381,12305,J1,13283,S1 North Tce,2014-03-16 00:00:00,2
T3382,47585,281,12706,12 Walkerville Tce,2013-10-20 00:00:00,2
T3383,49593,B10,13312,X1 Pulteney St,2013-07-14 00:00:00,4
T3384,5895,300,14962,29B Sturt Rd,2014-06-15 00:00:00,1
T3385,27869,241,13782,3 Everard Av,2013-12-01 00:00:00,9
T3386,2698,N3,16052,Zone E Noarlunga Centre Interc,2013-12-08 00:00:00,4
T3387,9871,H30S,13087,8A Portrush Rd,2014-02-16 00:00:00,1
T3388,53525,506,12097,Zone F Paradise Interchange,2014-01-26 00:00:00,1
T3389,16211,G40,16667,Zone A Klemzig Interchange,2014-07-06 00:00:00,16
T3390,7350,502,11222,37C Montague Rd,2014-03-09 00:00:00,5
T3391,12353,J2,13533,6A Sir Donald Bradman Dr,2014-01-26 00:00:00,1
T3392,48329,500,10289,57B burgate Rd,2013-10-27 00:00:00,1
T3393,1815,557,11652,37 Valley Rd,2013-07-07 00:00:00,4
T3394,13260,171,13889,7 Fullarton Rd,2014-05-25 00:00:00,2
T3395,11737,H33,13330,G3 Grenfell St,2014-05-25 00:00:00,3
T3396,27790,229,11113,39D Sleep Rd,2014-06-01 00:00:00,1
T3397,14655,G10,15049,Zone A Flinders Medical Centre,2014-04-13 00:00:00,3
T3398,36305,411,10526,Zone B Salisbury Interchange,2014-01-19 00:00:00,21
T3399,11257,H30,16470,13 Henley Beach Rd,2014-07-06 00:00:00,3
T3400,6360,300H,14422,Zone D Moseley St,2014-06-01 00:00:00,8
T3401,28135,265G,13078,2 King William Rd,2013-11-03 00:00:00,13
T3402,58319,G10,12433,14 Prospect Rd,2013-10-13 00:00:00,2
T3403,64079,281,12036,27 Pitman Rd,2013-12-29 00:00:00,1
T3404,50457,H30,16471,13 Henley Beach Rd,2013-09-08 00:00:00,2
T3405,15641,C1T,13339,F2 Grenfell St,2014-03-23 00:00:00,32
T3406,58284,G10,14606,19 Goodwood Rd,2013-10-06 00:00:00,4
T3407,27499,224F,10796,36 Salisbury Hwy,2013-11-17 00:00:00,2
T3408,58676,G20,15290,35 Flagstaff Rd,2013-12-22 00:00:00,2
T3409,45352,167,13821,8A Galway Av,2013-12-29 00:00:00,1
T3410,455,400,10293,64 Diment Rd,2013-11-17 00:00:00,20
T3411,54967,G10,12723,9 Prospect Rd,2013-07-07 00:00:00,1
T3412,50410,H30,13373,Y2 Currie St,2013-08-11 00:00:00,1
T3413,52659,224,11283,32 Main North Rd,2014-07-06 00:00:00,2
T3414,47514,263,14118,12 Anzac Hwy,2013-09-22 00:00:00,1
T3415,5662,100,13571,8D  Marion Rd,2014-06-15 00:00:00,2
T3416,45231,150B,13297,W1 North Tce,2014-01-05 00:00:00,16
T3417,17623,202,17621,34 Wright Rd,2014-03-02 00:00:00,1
T3418,5666,100,12516,219 Woodville Rd,2014-06-29 00:00:00,10
T3419,29829,721F,14776,23 South Rd,2013-11-10 00:00:00,5
T3420,16211,G40,12129,Zone C Paradise Interchange,2014-07-06 00:00:00,30
T3421,56989,300,12228,19 Regency Rd,2013-08-18 00:00:00,13
T3422,16646,200,14902,25B Main South Rd,2014-03-09 00:00:00,1
T3423,209,722F,15827,50 States Rd,2014-03-16 00:00:00,3
T3424,17468,208,12228,19 Regency Rd,2013-10-27 00:00:00,4
T3425,19664,405,10544,44P Whites Rd,2014-06-29 00:00:00,4
T3426,36443,440,10032,86 Maltarra Rd,2014-06-22 00:00:00,2
T3427,27675,228,11682,25 Main North Rd,2013-10-27 00:00:00,4
T3428,16233,M44,14518,19 Marion Rd,2014-02-02 00:00:00,3
T3429,16764,252,12540,18 Torrens Rd,2013-07-14 00:00:00,1
T3430,8491,556,12187,26A Lower North East Rd,2013-09-15 00:00:00,2
T3431,52557,208,12551,14 Galway Av,2013-10-06 00:00:00,5
T3432,33871,117,17483,36 Bartley Tce,2013-10-20 00:00:00,1
T3433,13151,254X,11969,28 Hanson Rd,2014-06-22 00:00:00,2
T3434,8830,556,11968,30 Lower North East Rd,2014-01-19 00:00:00,4
T3435,15429,263,14624,28 Brighton Rd,2014-02-09 00:00:00,18
T3436,65380,721F,15855,52 Main South Rd,2014-04-13 00:00:00,1
T3437,50129,H20,16408,3 Henley Beach Rd,2013-08-18 00:00:00,4
T3438,58530,G10A,13078,2 King William Rd,2013-07-28 00:00:00,4
T3439,58885,M44,12129,Zone C Paradise Interchange,2013-10-06 00:00:00,12
T3440,11264,H30,12855,25A Morialta Rd,2014-03-09 00:00:00,1
T3441,56481,190,14330,13E Grange Rd,2013-08-18 00:00:00,1
T3442,63707,722,15986,61 Elizabeth Rd,2014-06-29 00:00:00,2
T3443,58212,C2,10575,74A Golden Grove Rd,2013-12-15 00:00:00,1
T3444,62877,749G,16034,Zone G Colonnades Interchange,2013-12-29 00:00:00,16
T3445,28071,248F,14579,24A Morphett Rd,2013-08-25 00:00:00,1
T3446,7895,506,11287,65 Kelly Rd,2014-06-15 00:00:00,1
T3447,58359,G10,12499,13 Prospect Rd,2013-08-04 00:00:00,1
T3448,50302,H22,16385,12 The Parade,2013-09-29 00:00:00,2
T3449,62828,749,16033,69 Beach Rd,2013-12-22 00:00:00,2
T3450,36378,411,10459,45 Burton Rd,2013-07-21 00:00:00,2
T3451,57096,300G,15053,Zone B Flinders Medical Centre,2013-12-29 00:00:00,3
T3452,27267,222,11160,33B Mawson Lakes Bvd,2014-03-16 00:00:00,2
T3453,12034,251,12053,25A Liberty Gr,2014-05-25 00:00:00,11
T3454,36488,440,10107,76 Hamblynn Rd,2013-07-28 00:00:00,1
T3455,28077,248F,13374,D1 King William St,2013-12-01 00:00:00,30
T3456,19694,557,11594,37A Valley Rd,2014-03-16 00:00:00,6
T3457,11808,H33C,12803,21 Reid Av,2014-02-09 00:00:00,10
T3458,27804,229,11460,29 Main North Rd,2013-09-08 00:00:00,6
T3459,20145,506,11925,29B Sudholz Rd,2014-02-16 00:00:00,1
T3460,4720,178,13281,G3 North Tce,2013-12-22 00:00:00,2
T3461,58250,G10,12564,12 Prospect Rd,2013-10-27 00:00:00,8
T3462,11822,J1,13306,B2 Pulteney St,2014-06-22 00:00:00,4
T3463,22228,506,11131,51 Milne Rd,2013-07-14 00:00:00,3
T3464,13006,178,12735,14 Payneham Rd,2014-06-15 00:00:00,1
T3465,50127,H20,16420,7 Henley Beach Rd,2013-12-15 00:00:00,3
T3466,57275,600,15118,28A Shepherds Hill Rd,2013-12-08 00:00:00,2
T3467,27447,224,10454,53 Jarvis Rd,2013-12-15 00:00:00,2
T3468,27632,228,10246,62 Midway Rd,2013-10-27 00:00:00,1
T3469,53003,263,14116,12 Anzac Hwy,2013-10-20 00:00:00,1
T3470,57838,C1,13354,D1 Currie St,2013-07-28 00:00:00,24
T3471,8470,556,11887,32 Lower North East Rd,2013-07-28 00:00:00,2
T3472,1224,734,15571,57 Young St,2013-12-08 00:00:00,2
T3473,9179,507,17624,42 North East Rd,2013-10-13 00:00:00,2
T3474,11089,241,17900,4A Beauchamp St,2014-03-23 00:00:00,7
T3475,53280,441,10214,66 Yorktown Rd,2014-05-25 00:00:00,1
T3476,50211,H22,13346,U2 Grenfell St,2013-09-29 00:00:00,2
T3477,28137,271,11768,32 North East Rd,2013-09-22 00:00:00,1
T3478,28984,541X,10885,58 Hancock Rd,2013-12-08 00:00:00,1
T3479,10101,208,16287,V2 King William St,2014-03-02 00:00:00,1
T3480,11389,144,13294,D North Tce,2014-06-22 00:00:00,6
T3481,12081,157,17766,27 West Lakes Bvd,2014-02-16 00:00:00,1
T3482,11980,248F,14813,28B Diagonal Rd,2014-02-09 00:00:00,1
T3483,465,400,10309,67 Bolivar Rd,2013-06-30 00:00:00,1
T3484,6530,190B,13472,G1 Pulteney St,2014-05-11 00:00:00,2
T3485,57026,300,14972,Zone E Marion Interchange,2013-07-21 00:00:00,25
T3486,10611,235,11804,22 Churchill Rd,2014-05-25 00:00:00,1
T3487,64376,681,14998,35 Sturt Rd,2014-03-30 00:00:00,4
T3488,53406,502,11800,28 Sudholz Rd,2013-12-08 00:00:00,1
T3489,20238,542,11367,Zone F Tea Tree Plaza Intercha,2014-04-27 00:00:00,10
T3490,27700,228F,11076,35 Main North Rd,2014-02-09 00:00:00,1
T3491,9366,H22,16397,7 The Parade,2014-04-20 00:00:00,1
T3492,453,400A,10370,58A Quadrant Av,2013-08-25 00:00:00,5
T3493,13325,172,16283,C3 King William St,2014-02-09 00:00:00,24
T3494,19620,861,16624,5 Glen Osmond Rd,2014-06-08 00:00:00,3
T3495,48275,500,11524,33A Walkleys Rd,2013-12-08 00:00:00,1
T3496,19318,556,12147,25A Darley Rd,2014-02-02 00:00:00,2
T3497,200,722F,15905,53 States Rd,2014-04-06 00:00:00,1
T3498,64768,720H,15189,40 Brighton Rd,2013-12-15 00:00:00,1
T3499,28619,442,10210,71 Seaborough Rd,2014-04-06 00:00:00,1
T3500,21167,C1,11378,Zone E Tea Tree Plaza Intercha,2014-06-08 00:00:00,16
T3501,7901,506,11067,51A Sleep Rd,2014-03-30 00:00:00,1
T3502,65403,734,15945,67A Gulfview Rd,2014-06-15 00:00:00,1
T3503,2088,557,11271,45 North East Rd,2013-11-17 00:00:00,2
T3504,18470,543X,11050,51 Riverside Dr,2014-04-27 00:00:00,3
T3505,11204,147,13294,D North Tce,2014-04-13 00:00:00,9
T3506,17618,208,17400,23A Princes Rd,2014-05-18 00:00:00,1
T3507,10297,H20,16400,6 The Parade,2014-06-08 00:00:00,1
T3508,11535,245,14772,27 Morphett Rd,2014-03-02 00:00:00,7
T3509,21015,C1,10232,Zone C Elizabeth Interchange,2014-06-15 00:00:00,3
T3510,48716,719,14630,20 South Rd,2013-08-25 00:00:00,8
T3511,51730,W91,13075,6 Harrow Rd,2013-11-17 00:00:00,8
T3512,50233,H22,16468,20 Penfold Rd,2013-10-27 00:00:00,5
T3513,7478,281,13018,4 Park Rd,2014-03-09 00:00:00,1
T3514,65360,721F,14493,17 South Rd,2014-01-12 00:00:00,1
T3515,58474,G10,13492,S1 Morphett St,2013-07-21 00:00:00,2
T3516,27022,202,13052,3 Melbourne St,2013-12-15 00:00:00,3
T3517,16617,M44,14808,25 Finniss St,2014-06-29 00:00:00,1
T3518,7430,281,12560,14A Ilford St,2014-03-23 00:00:00,3
T3519,27446,224,10811,35 Salisbury Hwy,2013-07-28 00:00:00,1
T3520,27965,245,13457,W2 Grote St,2013-08-04 00:00:00,9
T3521,4840,743,16133,51B Brodie Rd,2013-07-07 00:00:00,2
T3522,53154,400,10377,55A John Rice Av,2014-01-26 00:00:00,3
T3523,18361,864F,17180,64 Hutchinson St,2014-06-22 00:00:00,21
T3524,30049,722F,13694,1 Anzac Hwy,2013-08-04 00:00:00,2
T3525,9252,B10,13121,17 Magill Rd,2014-04-20 00:00:00,9
T3526,8508,556,11924,31 Lower North East Rd,2013-08-04 00:00:00,1
T3527,897,733,15943,51T Taylors Av,2014-05-18 00:00:00,2
T3528,50434,H30,12408,24 Newton Rd,2013-06-30 00:00:00,8
T3529,4467,271,12630,13 North East Rd,2013-12-01 00:00:00,2
T3530,11273,H30,13283,S1 North Tce,2014-02-16 00:00:00,4
T3531,58292,G10,13566,J1 West Tce,2013-12-15 00:00:00,1
T3532,15085,G10,14378,14 Goodwood Rd,2014-02-23 00:00:00,3
T3533,56715,230,12263,Zone F Arndale Interchange,2013-07-21 00:00:00,8
T3534,48771,721,15985,58 Main South Rd,2013-08-25 00:00:00,2
T3535,48734,720,15483,50 Quailo Av,2013-08-25 00:00:00,1
T3536,58237,G10,13460,W3 Grote St,2013-08-11 00:00:00,1
T3537,53737,557,11164,49 North East Rd,2013-08-04 00:00:00,6
T3538,15637,C1T,13328,H1 Grenfell St,2014-04-20 00:00:00,3
T3539,9701,B10,13364,W3 Currie St,2014-05-11 00:00:00,4
T3540,5848,H33C,12848,17 Glynburn Rd,2014-04-13 00:00:00,3
T3541,14520,H22,16405,1 Henley Beach Rd,2014-02-23 00:00:00,3
T3542,29575,720,13910,6 South Rd,2013-10-06 00:00:00,2
T3543,7037,232,13055,4 Jeffcott St,2014-03-16 00:00:00,4
T3544,57486,646,15061,33 Morphett Rd,2013-10-27 00:00:00,1
T3545,18774,T840,13506,I1 Pulteney St,2014-01-26 00:00:00,1
T3546,58350,G10,13492,S1 Morphett St,2013-09-29 00:00:00,2
T3547,46210,174,12427,21 Lower North East Rd,2013-09-15 00:00:00,1
T3548,42273,N4,15542,57H Cherub St,2013-07-21 00:00:00,1
T3549,15923,G30,15118,28A Shepherds Hill Rd,2014-03-02 00:00:00,16
T3550,27781,229,10889,43 Bridge Rd,2014-05-11 00:00:00,2
T3551,53010,263,13904,5A Anzac Hwy,2013-08-18 00:00:00,3
T3552,50057,H20,16422,7 Henley Beach Rd,2013-09-29 00:00:00,1
T3553,12903,W90,14150,12 Winston Av,2014-04-27 00:00:00,16
T3554,36833,560,10431,53A Jarvis Rd,2014-03-16 00:00:00,1
T3555,7098,190,13708,1 Unley Rd,2014-02-16 00:00:00,1
T3556,50949,J1,13539,6B Sir Donald Bradman Dr,2013-11-17 00:00:00,5
T3557,5911,300,14374,21 Gordon St,2014-04-27 00:00:00,1
T3558,59041,M44,14682,22 Marion Rd,2014-01-19 00:00:00,5
T3559,57048,300,12218,20 Regency Rd,2013-07-21 00:00:00,1
T3560,499,452,18138,78C Peachey Rd,2013-09-22 00:00:00,3
T3561,36320,411,10526,Zone B Salisbury Interchange,2013-11-10 00:00:00,29
T3562,36450,440,10184,68 Woodford Rd,2013-10-06 00:00:00,7
T3563,10535,208,13032,3A Melbourne St,2014-02-23 00:00:00,1
T3564,11193,147,13479,H1 Hutt St,2014-03-09 00:00:00,2
T3565,14324,150,12425,21 Port Rd,2014-02-02 00:00:00,1
T3566,49269,749,16180,79 Commercial Rd,2013-07-14 00:00:00,2
T3567,50451,H30,16443,24 Henley Beach Rd,2013-12-01 00:00:00,5
T3568,46278,177,12735,14 Payneham Rd,2013-09-22 00:00:00,3
T3569,19453,300,14110,170 Cross Rd,2014-01-26 00:00:00,1
T3570,48460,502X,16609,45D London Dr,2013-09-01 00:00:00,5
T3571,5803,H30S,16353,29C Seaview Rd,2014-04-13 00:00:00,1
T3572,45097,147,13594,O3 Hutt Rd,2013-07-14 00:00:00,18
T3573,28635,442,17517,77E Uley Rd,2013-09-22 00:00:00,5
T3574,12349,J2,16406,2 Henley Beach Rd,2014-02-16 00:00:00,3
T3575,50472,H30,16404,27 Seaview Rd,2013-12-01 00:00:00,1
T3576,28571,441,17516,77F Uley Rd,2014-05-18 00:00:00,1
T3577,45092,147,13649,10 Greenhill Rd,2013-11-10 00:00:00,7
T3578,1283,737,15589,40 Kenihans Rd,2014-05-18 00:00:00,1
T3579,16869,254X,11898,28A Hanson Rd,2013-07-14 00:00:00,4
T3580,50440,H30,12921,16 / 16D Glynburn Rd,2013-12-15 00:00:00,5
T3581,50461,H30,17342,32 Graves St,2013-11-17 00:00:00,4
T3582,11249,H30,12442,33 Graves St,2014-03-16 00:00:00,1
T3583,46331,178,12722,15 Payneham Rd,2013-12-01 00:00:00,2
T3584,28897,506,11258,46 Nelson Rd,2013-07-07 00:00:00,1
T3585,61852,744,16077,56 Main South Rd,2013-10-27 00:00:00,1
T3586,47551,281,12505,15A Wilpena Av,2013-10-20 00:00:00,1
T3587,36815,560,10276,59 Philip Hwy,2014-06-08 00:00:00,4
T3588,48373,501,13277,I2 North Tce,2013-08-11 00:00:00,9
T3589,29958,722,15874,52 States Rd,2013-11-24 00:00:00,1
T3590,6530,190B,13506,I1 Pulteney St,2014-02-16 00:00:00,2
T3591,31007,842F,13707,1 Glen Osmond Rd,2013-09-08 00:00:00,2
T3592,15502,G10B,12744,8 Prospect Rd,2014-05-04 00:00:00,4
T3593,28560,441,17303,77B California Av,2014-06-08 00:00:00,1
T3594,15983,G10B,12490,13 Prospect Rd,2014-06-01 00:00:00,1
T3595,64970,719,14717,22 South Rd,2014-05-25 00:00:00,1
T3596,14826,C2X,13277,I2 North Tce,2014-05-18 00:00:00,18
T3597,44869,140,13282,G2 North Tce,2013-08-25 00:00:00,1
T3598,63554,287,13297,W1 North Tce,2013-12-01 00:00:00,2
T3599,13583,262,14303,19 Anzac Hwy,2014-05-25 00:00:00,1
T3600,9865,H30S,13257,1 Botanic Rd,2014-02-16 00:00:00,1
T3601,51007,J1,13839,16 Military Rd,2013-09-22 00:00:00,2
T3602,57050,300,12262,114 Regency Rd,2013-11-10 00:00:00,9
T3603,48298,500,10613,47B Park Tce,2013-12-08 00:00:00,1
T3604,47450,241,14476,17 Adelaide Tce,2013-08-18 00:00:00,1
T3605,12905,W90,14787,26A Bradley Gr,2014-03-02 00:00:00,1
T3606,23448,747,16140,70 Liguria Cr,2014-06-15 00:00:00,2
T3607,48850,722F,16000,60 Beach Rd,2013-10-06 00:00:00,1
T3608,28157,273,12396,18 North East Rd,2013-11-10 00:00:00,1
T3609,11230,H30,17722,28 Stradbroke Rd,2014-02-09 00:00:00,5
T3610,8470,556,12103,27 Lower North East Rd,2013-11-17 00:00:00,2
T3611,13508,232,12725,10 Torrens Rd,2014-03-23 00:00:00,1
T3612,32717,T863,13561,K1 Pulteney St,2013-07-07 00:00:00,11
T3613,4193,271,12435,17 North East Rd,2013-07-14 00:00:00,2
T3614,46475,178,16290,U2 Victoria Sq,2013-11-17 00:00:00,7
T3615,53299,442,10190,75 Turner Dr,2013-10-27 00:00:00,1
T3616,36805,560,10405,54 John Rice Av,2014-06-08 00:00:00,1
T3617,5768,H30,16453,18 Henley Beach Rd,2014-05-04 00:00:00,2
T3618,50076,H20,16419,6 Henley Beach Rd,2013-08-18 00:00:00,5
T3619,58907,M44,13292,U1 North Tce,2013-08-04 00:00:00,1
T3620,6935,502,11143,38A Bridge Rd,2014-02-23 00:00:00,1
T3621,27708,228F,10999,37 Main North Rd,2013-07-14 00:00:00,4
T3622,10940,118,13352,V1 Currie St,2014-07-06 00:00:00,1
T3623,6309,J2,17327,10 Airport Rd,2014-04-27 00:00:00,12
T3624,36832,560,11222,37C Montague Rd,2013-12-08 00:00:00,3
T3625,411,722F,15977,62 Elizabeth Rd,2014-05-04 00:00:00,2
T3626,8002,543,11126,48 Far View Cr,2013-11-17 00:00:00,4
T3627,27179,204,12720,10A Smith St,2013-08-25 00:00:00,5
T3628,9112,376,11986,38 Corcoran Dr,2014-03-02 00:00:00,1
T3629,50150,H20,16423,8 Henley Beach Rd,2013-11-17 00:00:00,5
T3630,28124,265,14783,31 King George Av,2013-06-30 00:00:00,5
T3631,31342,864F,13763,3 Glen Osmond Rd,2013-06-30 00:00:00,2
T3632,13343,W91C,14789,23 Cashel St,2014-05-18 00:00:00,6
T3633,57491,646,15061,33 Morphett Rd,2013-12-01 00:00:00,6
T3634,50312,H22,16408,3 Henley Beach Rd,2013-10-27 00:00:00,3
T3635,51606,W90,12701,18 Turner St,2013-07-07 00:00:00,1
T3636,15175,G10,11955,21 Prospect Rd,2014-03-30 00:00:00,2
T3637,44967,142,13490,12 Tusmore Av,2013-12-22 00:00:00,1
T3638,50058,H20,16412,3 Henley Beach Rd,2013-11-24 00:00:00,1
T3639,11501,241,17556,20E Daws Rd,2014-03-16 00:00:00,1
T3640,14799,C2,10788,Zone D Golden Grove Village In,2014-02-02 00:00:00,31
T3641,64598,B11,13294,D North Tce,2013-12-08 00:00:00,16
T3642,2079,557,11152,51A North East Rd,2013-12-29 00:00:00,1
T3643,45131,147,13657,8 Greenhill Rd,2013-08-18 00:00:00,2
T3644,20084,645,15192,39 Davenport Tce,2014-03-02 00:00:00,4
T3645,16770,250,12567,17 Torrens Rd,2013-09-08 00:00:00,3
T3646,48843,722F,15729,46A Concord Dr,2013-09-01 00:00:00,1
T3647,7565,281,12732,11 Walkerville Tce,2014-05-25 00:00:00,1
T3648,10030,204,17401,23 Princes Rd,2014-05-18 00:00:00,1
T3649,16590,M44,12126,Zone D Paradise Interchange,2014-05-11 00:00:00,10
T3650,28013,248,14758,28 Diagonal Rd,2013-09-15 00:00:00,1
T3651,51746,W91,14284,15 Winston Av,2014-01-19 00:00:00,1
T3652,13225,171,13929,8 Fullarton Rd,2014-06-29 00:00:00,7
T3653,36393,411,10470,43B Liberator Dr,2014-02-23 00:00:00,12
T3654,50947,J1,13809,15A West Beach Rd,2013-09-01 00:00:00,5
T3655,50473,H30,13372,Y1 Currie St,2013-11-10 00:00:00,2
T3656,62759,286,13258,23 Cheadle St,2014-01-12 00:00:00,3
T3657,10298,H20,12965,21A St Bernards Rd,2014-03-30 00:00:00,2
T3658,2534,208,17399,24 Fosters Rd,2014-01-19 00:00:00,3
T3659,27698,228F,12047,20 Main North Rd,2014-04-13 00:00:00,4
T3660,12227,167,13446,U1 West Tce,2014-06-15 00:00:00,1
T3661,37067,681,14970,Zone F Marion Interchange,2013-10-27 00:00:00,2
T3662,5906,300,13288,145 Portrush Rd,2014-06-08 00:00:00,1
T3663,9741,B10,13354,D1 Currie St,2014-03-30 00:00:00,5
T3664,5425,988,14151,179 Cross Rd,2014-02-23 00:00:00,6
T3665,59018,M44,10948,54 Ladywood Rd,2013-11-10 00:00:00,3
T3666,63169,190,14069,9 Unley Rd,2014-01-05 00:00:00,1
T3667,7054,232,12859,7 Jeffcott St,2014-03-23 00:00:00,3
T3668,50543,H30,16461,12 Henley Beach Rd,2014-01-12 00:00:00,4
T3669,45506,168,13717,2A Richmond Rd,2013-06-30 00:00:00,22
T3670,46419,178,12838,11 Payneham Rd,2013-11-17 00:00:00,1
T3671,50752,H31,16437,11 Henley Beach Rd,2013-08-25 00:00:00,2
T3672,11757,H33,16457,18 Henley Beach Rd,2014-03-23 00:00:00,2
T3673,36304,411,10765,36A Oleander Dr,2014-04-27 00:00:00,2
T3674,11091,241,14255,13 Towers Tce,2014-03-16 00:00:00,2
T3675,14471,B10,13172,9 Magill Rd,2014-06-22 00:00:00,3
T3676,57868,C1,11378,Zone E Tea Tree Plaza Intercha,2013-12-15 00:00:00,12
T3677,57051,300,13921,16 Portrush Rd,2013-08-04 00:00:00,2
T3678,10344,H20,16394,8 The Parade,2014-05-04 00:00:00,2
T3679,14287,178,12584,26 Montacute Rd,2014-05-18 00:00:00,8
T3680,27409,222,11685,25 Main North Rd,2013-10-20 00:00:00,5
T3681,17612,208,12962,5 Melbourne St,2014-04-06 00:00:00,1
T3682,8656,545,10870,59 Wynn Vale Dr,2013-12-08 00:00:00,3
T3683,32497,N262,13457,W2 Grote St,2013-09-01 00:00:00,1
T3684,49518,B10,13189,7 South Rd,2013-11-24 00:00:00,2
T3685,13235,171,14375,17 Albert St A,2014-02-23 00:00:00,10
T3686,52672,224,11540,27 Main North Rd,2014-01-12 00:00:00,4
T3687,45273,157,11243,47 Military Rd,2013-12-29 00:00:00,3
T3688,19030,271,13064,2A Melbourne St,2014-06-08 00:00:00,1
T3689,15097,G10,12010,20 Prospect Rd,2014-06-01 00:00:00,1
T3690,44681,100,13931,9B  Marion Rd,2013-10-13 00:00:00,4
T3691,159,722,16049,Zone F Noarlunga Centre Interc,2014-04-20 00:00:00,7
T3692,48761,720H,15529,55 Young St,2013-09-22 00:00:00,1
T3693,29014,542X,11267,45A North East Rd,2013-11-24 00:00:00,1
T3694,63688,722,15951,54 States Rd,2014-01-05 00:00:00,1
T3695,46248,174,12429,21 Lower North East Rd,2013-06-30 00:00:00,2
T3696,857,733,15943,51T Taylors Av,2014-05-25 00:00:00,4
T3697,27275,222,11500,28 Main North Rd,2013-11-17 00:00:00,1
T3698,48753,720,14978,Zone I Marion Interchange,2013-07-28 00:00:00,25
T3699,32704,T840,13370,D2 Pulteney St,2013-09-22 00:00:00,31
T3700,9904,H33C,12799,22 Reid Av,2014-04-06 00:00:00,3
T3701,52769,229,11460,29 Main North Rd,2013-09-15 00:00:00,1
T3702,12906,W90,13279,R1 North Tce,2014-04-13 00:00:00,1
T3703,14087,271,12146,22 North East Rd,2014-04-20 00:00:00,8
T3704,45090,147,13579,5 Dulwich Av,2013-09-15 00:00:00,11
T3705,27556,225,10615,47A Cross Keys Rd,2014-03-16 00:00:00,1
T3706,36328,411,10526,Zone B Salisbury Interchange,2014-06-15 00:00:00,13
T3707,13464,230,11587,Zone C Port Adelaide Interchan,2014-02-02 00:00:00,1
T3708,11258,H30,16347,30A Military Rd,2014-04-13 00:00:00,2
T3709,45767,171,13810,5 Fullarton Rd,2013-10-20 00:00:00,6
T3710,17484,208,12228,19 Regency Rd,2013-07-28 00:00:00,2
T3711,21175,C1,11370,Zone C Tea Tree Plaza Intercha,2014-04-20 00:00:00,37
T3712,17850,861,13483,S1 Pulteney St,2014-05-18 00:00:00,1
T3713,50140,H20,13065,20 St Bernards Rd,2013-12-01 00:00:00,8
T3714,497,452,10038,78B Peachey Rd,2014-04-06 00:00:00,1
T3715,50203,H22,16390,10 The Parade,2013-07-14 00:00:00,2
T3716,18209,248,14564,25B Bells Rd,2014-06-08 00:00:00,1
T3717,27495,224F,10454,53 Jarvis Rd,2013-11-24 00:00:00,1
T3718,51064,J1A,13364,W3 Currie St,2013-07-21 00:00:00,3
T3719,27856,229F,11272,36 Barakoola St,2013-08-11 00:00:00,1
T3720,50103,H20,16420,7 Henley Beach Rd,2013-09-29 00:00:00,2
T3721,7530,286,13099,25 Valetta Rd,2014-05-18 00:00:00,5
T3722,9265,B10,12940,17  Grange Rd,2014-03-09 00:00:00,4
T3723,6502,190B,14069,9 Unley Rd,2014-05-25 00:00:00,2
T3724,50554,H30,16444,25 Henley Beach Rd,2013-08-25 00:00:00,3
T3725,11041,235,12772,8A Churchill Rd,2014-04-20 00:00:00,1
T3726,59042,M44,12126,Zone D Paradise Interchange,2013-08-25 00:00:00,6
T3727,12007,251,12597,16 Torrens Rd,2014-02-16 00:00:00,3
T3728,28937,528,13300,Y2 King William St,2013-06-30 00:00:00,16
T3729,15183,G10,16275,Z2 King William St,2014-02-16 00:00:00,13
T3730,49268,749,16193,82 Commercial Rd,2013-09-29 00:00:00,1
T3731,11643,150,10817,60 Victoria Rd,2014-07-06 00:00:00,2
T3732,51666,W91,13345,E2 Currie St,2013-08-18 00:00:00,2
T3733,15840,G20F,14606,19 Goodwood Rd,2014-06-22 00:00:00,18
T3734,51540,W90,14787,26A Bradley Gr,2013-12-29 00:00:00,1
T3735,58357,G10,14968,29D Sturt Rd,2013-12-29 00:00:00,1
T3736,27764,228F,16281,X1 King William St,2014-06-15 00:00:00,37
T3737,27991,248,14650,26A Diagonal Rd,2013-07-07 00:00:00,1
T3738,13445,141,13572,19 Hallett Rd,2014-06-15 00:00:00,2
T3739,50037,H20,13029,21 St Bernards Rd,2013-09-15 00:00:00,1
T3740,14484,B10,13276,I3 North Tce,2014-02-02 00:00:00,4
T3741,27334,222,16647,33E Mawson Lakes Bvd,2013-09-22 00:00:00,1
T3742,36516,440,17125,Zone C Munno Para Shopping Cen,2014-05-18 00:00:00,3
T3743,45180,150,12583,17 Port Rd,2013-08-04 00:00:00,1
T3744,11603,150,12797,12 Port Rd,2014-06-01 00:00:00,5
T3745,5982,300H,13716,11  Portrush Rd,2014-04-27 00:00:00,1
T3746,48897,733,15904,56 Wheatsheaf Rd,2013-09-01 00:00:00,1
T3747,57140,300H,12585,17  O G Rd,2013-12-22 00:00:00,1
T3748,9992,203F,16277,Z1 King William St,2014-04-20 00:00:00,5
T3749,16776,252,12245,Zone E Arndale Interchange,2013-08-18 00:00:00,32
T3750,16667,251,11815,27A Medika Bvd,2013-10-06 00:00:00,1
T3751,11695,155,12653,15 Port Rd,2014-03-16 00:00:00,1
T3752,29528,719,14928,26 Main South Rd,2013-07-07 00:00:00,1
T3753,65353,721F,15095,29 Main South Rd,2014-06-15 00:00:00,1
T3754,56818,230,12906,6 Jeffcott St,2013-07-14 00:00:00,1
T3755,33850,117,18493,Zone A West Lakes Interchange,2013-09-01 00:00:00,1
T3756,50478,H30,12990,11 Coorara Av,2013-11-17 00:00:00,2
T3757,10330,H20,13346,U2 Grenfell St,2014-03-30 00:00:00,23
T3758,14315,178,12652,17 Payneham Rd,2014-06-29 00:00:00,7
T3759,58235,G10,11876,22 Prospect Rd,2013-11-10 00:00:00,6
T3760,58355,G10,14933,26 Sturt Rd,2013-08-18 00:00:00,1
T3761,6734,W90,13341,T3 Grenfell St,2014-06-01 00:00:00,2
T3762,13621,265,14870,33A Wattle Av,2014-04-20 00:00:00,1
T3763,57981,C1,11378,Zone E Tea Tree Plaza Intercha,2013-12-29 00:00:00,13
T3764,10319,H20,13333,S1 Grenfell St,2014-02-16 00:00:00,1
T3765,50542,H30,13208,3 North Tce,2013-11-24 00:00:00,3
T3766,48282,500,10528,Zone H Salisbury Interchange,2013-09-22 00:00:00,27
T3767,462,400,10343,61A Whites Rd,2014-04-06 00:00:00,5
T3768,27765,228F,10175,71 Yorktown Rd,2014-02-16 00:00:00,1
T3769,47099,200C,13274,A2 King William Rd,2013-11-17 00:00:00,1
T3770,56785,230,16291,U1 Victoria Sq,2013-08-18 00:00:00,4
T3771,30869,820S,17490,23 Greenhill Rd,2013-08-18 00:00:00,6
T3772,48405,502,10889,43 Bridge Rd,2013-06-30 00:00:00,7
T3773,976,734,15947,67B Gulfview Rd,2014-01-12 00:00:00,1
T3774,45614,170,13441,G1 Wakefield St,2014-01-19 00:00:00,5
T3775,59015,M44,14471,18 Marion Rd,2013-12-01 00:00:00,6
T3776,4973,861,13370,D2 Pulteney St,2013-12-22 00:00:00,3
T3777,47916,288,16300,30A Trimmer Pde,2013-10-13 00:00:00,11
T3778,33913,117,13336,T1 Grenfell St,2013-12-29 00:00:00,3
T3779,28070,248F,14637,23 Oaklands Rd,2013-09-22 00:00:00,3
T3780,27055,202F,18337,34B RM Williams Dr,2013-10-27 00:00:00,10
T3781,10728,142,13278,I1 North Tce,2014-05-11 00:00:00,45
T3782,16972,200,13893,5 King William Rd,2014-05-04 00:00:00,3
T3783,57306,600B,15106,Zone A Registry Rd Flinders Un,2013-11-24 00:00:00,2
T3784,17634,203,12787,9 Northcote Tce,2014-03-09 00:00:00,1
T3785,58260,G10,13049,3 O Connell St,2013-08-25 00:00:00,1
T3786,53375,452,10231,Zone B Elizabeth Interchange,2014-01-26 00:00:00,3
T3787,17574,502,13328,H1 Grenfell St,2013-12-22 00:00:00,3
T3788,8761,506,11605,35 Wandana Av,2013-09-22 00:00:00,2
T3789,57179,300U,17113,23 Moseley St,2013-10-27 00:00:00,2
T3790,27757,228F,11947,21 Main North Rd,2013-10-27 00:00:00,6
T3791,48365,501,11446,34A Walkleys Rd,2013-12-08 00:00:00,1
T3792,46044,174,12945,9 Payneham Rd,2013-07-14 00:00:00,1
T3793,63632,190,14288,13 Belair Rd,2013-12-01 00:00:00,1
T3794,51624,W90,14140,12 East Av,2013-08-04 00:00:00,3
T3795,17590,208,12364,17 Galway Av,2013-07-14 00:00:00,1
T3796,50382,H24,13348,E1 Currie St,2013-12-15 00:00:00,14
T3797,50855,J1,17978,8A Sir Donald Bradman Dr,2013-10-20 00:00:00,1
T3798,27161,203F,11449,33 Bridge Rd,2013-12-29 00:00:00,1
T3799,13145,254X,11735,34 Grand Junction Rd,2014-06-29 00:00:00,24
T3800,5680,100P,12216,224 Woodville Rd,2014-03-09 00:00:00,1
T3801,1180,403,10520,Zone C Salisbury Interchange,2013-10-13 00:00:00,5
T3802,51689,W91,13811,4 Leader St,2013-12-01 00:00:00,2
T3803,679,401,17279,72 Bolivar Rd,2014-04-06 00:00:00,25
T3804,57355,645,15232,41 Davenport Tce,2013-09-29 00:00:00,2
T3805,11684,155,12425,21 Port Rd,2014-06-01 00:00:00,5
T3806,16703,251,12659,15 South Rd,2014-01-19 00:00:00,1
T3807,31147,861,13394,E1 Pulteney St,2013-07-07 00:00:00,8
T3808,7535,286,13292,U1 North Tce,2014-05-11 00:00:00,34
T3809,65180,734,17118,Zone A Old Reynella Interchang,2014-01-26 00:00:00,1
T3810,16258,M44,13341,T3 Grenfell St,2014-03-02 00:00:00,7
T3811,45281,157,12583,17 Port Rd,2014-01-12 00:00:00,1
T3812,27604,225F,16291,U1 Victoria Sq,2014-03-02 00:00:00,4
T3813,50442,H30,13346,U2 Grenfell St,2013-08-11 00:00:00,14
T3814,52716,228,12171,18 Main North Rd,2014-03-16 00:00:00,3
T3815,860,733,15707,43A Sir James Hardy Wy,2014-02-16 00:00:00,1
T3816,27526,224F,10336,55A Mofflin Rd,2014-02-16 00:00:00,8
T3817,28720,461,17125,Zone C Munno Para Shopping Cen,2014-07-06 00:00:00,1
T3818,31002,841F,15307,62N North Tce,2013-07-28 00:00:00,1
T3819,16927,254,12025,27 Hanson Rd,2013-07-14 00:00:00,1
T3820,27755,228F,10627,47 Main North Rd,2014-05-18 00:00:00,7
T3821,65062,720,13970,7 South Rd,2014-05-25 00:00:00,2
T3822,19360,557,11201,48 North East Rd,2014-03-16 00:00:00,1
T3823,27524,224F,10503,49 Church St,2014-05-25 00:00:00,3
T3824,17079,253,12882,8 Hawker St,2013-08-04 00:00:00,1
T3825,53050,265,14160,13 Anzac Hwy,2013-09-01 00:00:00,1
T3826,12882,W90,14864,27A Bradley Gr,2014-02-23 00:00:00,5
T3827,58638,G20,16289,E1 King William St,2013-08-18 00:00:00,2
T3828,65348,721F,18486,W Grote St,2014-02-02 00:00:00,5
T3829,609,725,15786,52 Acre Av,2014-05-25 00:00:00,2
T3830,12320,J1,13306,B2 Pulteney St,2014-07-06 00:00:00,11
T3831,27753,228F,12092,19 Main North Rd,2014-03-02 00:00:00,1
T3832,63706,722,15768,48 States Rd,2013-12-01 00:00:00,1
T3833,46867,200,14427,17A East Pky,2013-11-10 00:00:00,1
T3834,11831,150P,13302,X1 North Tce,2014-04-20 00:00:00,1
T3835,9506,202F,12017,23 Hampstead Rd,2014-03-16 00:00:00,3
T3836,53168,400,10289,57B burgate Rd,2014-02-09 00:00:00,1
T3837,16668,251,12860,9 Hawker St,2014-01-19 00:00:00,3
T3838,13618,265,14041,10 Anzac Hwy,2014-02-23 00:00:00,2
T3839,11576,248,14373,17 Ferry Av,2014-02-09 00:00:00,1
T3840,25699,SCH_NS,14136,176 Cross Rd,2013-10-13 00:00:00,4
T3841,14305,178,13080,6 Payneham Rd,2014-07-06 00:00:00,2
T3842,16411,202,11656,29 Hampstead Rd,2014-01-05 00:00:00,1
T3843,23498,751,17675,117 Rowley Rd,2014-05-04 00:00:00,1
T3844,27867,229X,13019,4 O'Connell St,2014-06-22 00:00:00,2
T3845,31198,863,13370,D2 Pulteney St,2013-08-25 00:00:00,14
T3846,56796,230,12009,31 Torrens Rd,2013-11-10 00:00:00,2
T3847,5898,300,14650,26A Diagonal Rd,2014-06-08 00:00:00,1
T3848,36949,579,12106,Zone E Paradise Interchange,2014-04-06 00:00:00,2
T3849,6407,361,11698,28 Grand Junction Rd,2014-04-13 00:00:00,1
T3850,13188,254X,16279,X2 King William St,2014-06-08 00:00:00,31
T3851,14126,273,11867,29C Sudholz Rd,2014-02-23 00:00:00,1
T3852,9736,B10,13174,8 Magill Rd,2014-06-01 00:00:00,2
T3853,31257,864,14856,46 Mount Barker Rd,2013-08-25 00:00:00,3
T3854,32419,J7,12321,24 Port Rd,2013-09-29 00:00:00,1
T3855,56839,231,12581,15 Kilkenny Rd,2013-08-25 00:00:00,1
T3856,28968,541X,11209,49 Hancock Rd,2013-08-11 00:00:00,1
T3857,27259,222,16291,U1 Victoria Sq,2013-07-14 00:00:00,15
T3858,12000,251,12213,Zone D Arndale Interchange,2014-02-23 00:00:00,41
T3859,49656,B10,12955,20 Grange Rd,2013-09-22 00:00:00,1
T3860,6581,197X,16276,A3 King William Rd,2014-03-16 00:00:00,4
T3861,46988,200,14894,25A Main South Rd,2013-10-20 00:00:00,1
T3862,49612,B10,12955,20 Grange Rd,2013-08-11 00:00:00,2
T3863,12685,235,13287,B1 Pulteney St,2013-12-29 00:00:00,7
T3864,15480,G10,13274,A2 King William Rd,2014-05-25 00:00:00,13
T3865,47460,263,14478,25 Brighton Rd,2013-09-08 00:00:00,1
T3866,42335,N4,18486,W Grote St,2013-08-04 00:00:00,1
T3867,13254,171,13967,9 Fullarton Rd,2014-06-22 00:00:00,6
T3868,57042,300,12726,23  Findon Rd,2013-12-08 00:00:00,9
T3869,14092,271,11933,28 North East Rd,2014-03-02 00:00:00,3
T3870,52720,228,13211,AA King William Rd,2014-03-16 00:00:00,1
T3871,64902,B10,13145,14 Magill Rd,2013-12-29 00:00:00,2
T3872,14861,G10,12850,7 Prospect Rd,2014-07-06 00:00:00,1
T3873,50131,H20,16420,7 Henley Beach Rd,2013-10-27 00:00:00,10
T3874,64508,682,15529,55 Young St,2014-05-18 00:00:00,1
T3875,64369,681,15476,50D Minnipa Dr,2014-03-02 00:00:00,1
T3876,27617,225M,11053,34C Mawson Lakes Bvd,2014-02-16 00:00:00,2
T3877,10377,H21,17783,16A Glynburn Rd,2014-06-22 00:00:00,1
T3878,18528,248,13829,3 Anzac Hwy,2014-03-02 00:00:00,2
T3879,12129,162,13522,5C Sir Donald Bradman Dr,2014-06-29 00:00:00,14
T3880,36508,440,10165,69 Woodford Rd,2014-03-09 00:00:00,2
T3881,11628,150,12583,17 Port Rd,2014-06-22 00:00:00,1
T3882,31153,861,13394,E1 Pulteney St,2013-09-01 00:00:00,14
T3883,64127,681,17969,Zone A Hallett Cove Shopping C,2014-04-06 00:00:00,4
T3884,58373,G10,14542,18 Goodwood Rd,2013-07-14 00:00:00,2
T3885,19458,300,12311,20 Regency Rd,2014-03-02 00:00:00,3
T3886,12036,251,12597,16 Torrens Rd,2014-06-29 00:00:00,5
T3887,47013,200,14174,13 Hilda Tce,2013-09-01 00:00:00,1
T3888,51308,M44,13300,Y2 King William St,2013-06-30 00:00:00,29
T3889,28654,442,18398,86 Springvale D,2013-11-17 00:00:00,1
T3890,62875,749A,17667,113A QUINLIVEN Rd,2014-01-12 00:00:00,1
T3891,47669,281,13077,3 Hackney Rd,2013-07-28 00:00:00,5
T3892,17056,254X,13091,2 King William Rd,2013-12-01 00:00:00,4
T3893,63943,734,15550,57 Young St,2013-12-15 00:00:00,1
T3894,13202,254X,11810,29A Hanson Rd,2014-03-30 00:00:00,20
T3895,31109,861,13354,D1 Currie St,2013-09-22 00:00:00,2
T3896,27261,222,16291,U1 Victoria Sq,2013-12-29 00:00:00,10
T3897,11502,241,17555,20E Daws Rd,2014-06-22 00:00:00,2
T3898,5441,320,15390,47 Sunnymeade Dr,2014-02-02 00:00:00,5
T3899,5641,100,12285,223 Woodville Rd,2014-05-18 00:00:00,1
T3900,17290,263,14160,13 Anzac Hwy,2013-11-24 00:00:00,1
T3901,31236,864,18422,55 Mt Barker Road,2013-10-06 00:00:00,1
T3902,15679,G10,13049,3 O'Connell St,2014-04-27 00:00:00,2
T3903,9235,B10,13184,5 Magill Rd,2014-03-30 00:00:00,1
T3904,6929,502,10902,43 Bridge Rd,2014-03-09 00:00:00,10
T3905,58229,C2X,10665,66 The Golden Wy,2013-08-04 00:00:00,11
T3906,58258,G10,13736,1 Goodwood Rd,2014-01-12 00:00:00,2
T3907,31253,864,14911,42 Mt Barker Rd,2013-08-18 00:00:00,34
T3908,11614,150,10877,58 Victoria Rd,2014-06-29 00:00:00,5
T3909,30031,722F,14291,13 South Rd,2013-09-15 00:00:00,2
T3910,7778,503,11347,Zone A Tea Tree Plaza Intercha,2014-06-29 00:00:00,8
T3911,7524,286,13123,23 Valetta Rd,2014-03-30 00:00:00,4
T3912,22412,740,16033,69 Beach Rd,2014-05-18 00:00:00,1
T3913,51553,W90,14150,12 Winston Av,2013-12-01 00:00:00,1
T3914,58234,G10,12204,17 Prospect Rd,2013-11-17 00:00:00,11
T3915,56760,230,12263,Zone F Arndale Interchange,2013-09-22 00:00:00,2
T3916,51318,M44C,14396,16 Marion Rd,2013-07-07 00:00:00,10
T3917,16303,M44,13373,Y2 Currie St,2014-02-23 00:00:00,5
T3918,63468,720H,16274,A1 King William Rd,2014-01-05 00:00:00,4
T3919,47034,200B,14741,22 Fiveash Dr,2013-09-15 00:00:00,1
T3920,44758,117,12933,16 Grange Rd,2014-01-19 00:00:00,1
T3921,468,400,10291,66 Bolivar Rd,2014-02-16 00:00:00,3
T3922,46389,178,12652,17 Payneham Rd,2013-09-08 00:00:00,10
T3923,849,733,15759,46 Investigator Dr,2014-03-23 00:00:00,1
T3924,14251,178,12638,19 Montacute Rd,2014-02-09 00:00:00,8
T3925,27305,222,11405,30 Main North Rd,2013-08-04 00:00:00,1
T3926,611,725,15918,61 Flaxmill Rd,2014-06-22 00:00:00,1
T3927,12005,251,12794,12 Hawker St,2014-05-11 00:00:00,1
T3928,50072,H20,13373,Y2 Currie St,2013-12-08 00:00:00,3
T3929,50122,H20,13034,21 St Bernards Rd,2013-07-21 00:00:00,2
T3930,50545,H30,16470,13 Henley Beach Rd,2013-06-30 00:00:00,1
T3931,10107,208,12096,Zone I Paradise Interchange,2014-05-25 00:00:00,1
T3932,13797,174,12299,24 Lower North East Rd,2014-04-20 00:00:00,4
T3933,29606,720H,14575,19 South Rd,2013-08-25 00:00:00,1
T3934,65152,733,15337,33 Main South Rd,2013-12-01 00:00:00,1
T3935,6083,190,14337,14 Grange Rd,2014-02-16 00:00:00,1
T3936,57862,C1,13339,F2 Grenfell St,2013-09-15 00:00:00,8
T3937,36388,411,10483,43A Liberator Dr,2014-04-06 00:00:00,6
T3938,9759,B10,12918,13 Grange Rd,2014-03-02 00:00:00,1
T3939,15485,G10,12021,20 Prospect Rd,2014-01-26 00:00:00,20
T3940,27262,222,13091,2 King William Rd,2013-08-11 00:00:00,2
T3941,57227,548,10804,54 Golden Grove Rd,2013-10-27 00:00:00,1
T3942,62767,286,13226,10 Ashley St,2013-12-15 00:00:00,1
T3943,58413,G10,14753,22 Fiveash Dr,2013-07-14 00:00:00,1
T3944,46361,178,12284,49 Silkes Rd,2013-08-04 00:00:00,1
T3945,63343,230,12909,6 Jeffcott St,2013-12-15 00:00:00,1
T3946,6544,195F,14157,10 Belair Rd,2014-06-15 00:00:00,3
T3947,46479,178,12750,13A Payneham Rd,2013-07-07 00:00:00,1
T3948,14331,150,13297,W1 North Tce,2014-04-27 00:00:00,4
T3949,13391,117,13344,U1 Grenfell St,2014-02-09 00:00:00,4
T3950,12553,172,13792,3 George St,2014-03-23 00:00:00,2
T3951,51618,W90,12096,Zone I Paradise Interchange,2013-12-29 00:00:00,3
T3952,46907,200,14188,13 Sussex Tce,2013-10-20 00:00:00,1
T3953,27323,222,12467,14 Main North Rd,2014-06-08 00:00:00,20
T3954,11104,241,14308,14 Towers Tce,2014-05-25 00:00:00,2
T3955,49126,745,16137,72 Barcelona Rd,2013-11-10 00:00:00,1
T3956,44819,118,11873,35A Old Port Rd,2013-07-21 00:00:00,2
T3957,27761,228F,12139,18 Main North Rd,2014-06-01 00:00:00,2
T3958,53504,506,11345,66 Kelly Rd,2013-12-29 00:00:00,2
T3959,135,452,18158,77B Stebonheath Rd,2014-05-18 00:00:00,2
T3960,929,401,10395,55 Waterloo Corner Rd,2013-10-27 00:00:00,2
T3961,27709,228F,10214,66 Yorktown Rd,2014-06-15 00:00:00,2
T3962,65518,721F,14928,26 Main South Rd,2014-03-16 00:00:00,2
T3963,46523,178S,13281,G3 North Tce,2013-09-08 00:00:00,39
T3964,44716,100,12858,20  Crittenden Rd,2014-01-05 00:00:00,1
T3965,8826,556,11887,32 Lower North East Rd,2013-09-01 00:00:00,1
T3966,31041,861,13509,R1 Pulteney St,2013-09-22 00:00:00,1
T3967,27526,224F,17378,33C Mawson Lakes Bvd,2013-10-27 00:00:00,1
T3968,1834,557,12187,26A Lower North East Rd,2014-01-05 00:00:00,1
T3969,45242,155,12880,8 Port Rd,2013-07-28 00:00:00,1
T3970,58236,G10,12066,19 Prospect Rd,2013-10-06 00:00:00,5
T3971,58434,G10,13038,3 O Connell St,2013-08-04 00:00:00,1
T3972,63288,681A,15542,57H Cherub St,2014-05-25 00:00:00,1
T3973,58877,M44,16289,E1 King William St,2014-01-12 00:00:00,1
T3974,27476,224,10839,34R Salisbury Hwy,2013-10-27 00:00:00,2
T3975,701,401,17862,63A Springbank Bvd,2014-02-09 00:00:00,3
T3976,36293,411,10681,38B Shepherdson Rd,2014-05-04 00:00:00,1
T3977,8473,556,11874,33 Lower North East Rd,2013-11-03 00:00:00,1
T3978,8902,506,11287,65 Kelly Rd,2013-12-15 00:00:00,1
T3979,59036,M44,13453,D1 Grote St,2014-01-19 00:00:00,1
T3980,2315,557,11152,51A North East Rd,2013-11-24 00:00:00,1
T3981,49600,B10,13219,6 South Rd,2013-07-07 00:00:00,2
T3982,11688,155,12416,33B West Lakes Bvd,2014-06-01 00:00:00,2
T3983,58524,G10,16281,X1 King William St,2014-01-05 00:00:00,10
T3984,63705,722,15827,50 States Rd,2014-06-08 00:00:00,1
T3985,51142,J2,16408,3 Henley Beach Rd,2013-12-08 00:00:00,2
T3986,11005,235,12795,8 Churchill Rd,2014-03-30 00:00:00,2
T3987,50729,H31,13343,E3 Currie St,2013-10-27 00:00:00,2
T3988,65299,721,15985,58 Main South Rd,2014-03-02 00:00:00,2
T3989,27032,202,11713,28 Hampstead Rd,2014-01-12 00:00:00,6
T3990,7536,286,13213,26 North St,2014-06-15 00:00:00,23
T3991,18339,864F,14778,36 Mt Barker Rd,2014-05-11 00:00:00,6
T3992,9310,507,12097,Zone F Paradise Interchange,2014-01-19 00:00:00,6
T3993,64547,B10,13257,1 Botanic Rd,2013-12-22 00:00:00,1
T3994,57041,300,14816,23A Fiveash Dr,2013-11-24 00:00:00,2
T3995,27532,224X,17626,34Q Salisbury Hwy,2014-04-27 00:00:00,10
T3996,11742,H33,16420,7 Henley Beach Rd,2014-07-06 00:00:00,1
T3997,16228,M44,13814,3 Anzac Hwy,2014-04-20 00:00:00,2
T3998,57259,600,15089,33 Coromandel Pde,2013-12-15 00:00:00,1
T3999,27295,222,11283,32 Main North Rd,2013-11-10 00:00:00,3
T4000,62736,232,12263,Zone F Arndale Interchange,2014-01-12 00:00:00,8
T4001,49258,749,16998,116 Pridham Bvd,2013-09-15 00:00:00,2
T4002,58248,G10,13938,6 Goodwood Rd,2013-07-28 00:00:00,1
T4003,10711,142,13367,B2 Currie St,2014-05-18 00:00:00,1
T4004,10318,H20,16371,16B The Parade,2014-06-29 00:00:00,1
T4005,22579,750,16261,93 Commercial Rd,2014-06-22 00:00:00,7
T4006,16603,M44,14434,17 Marion Rd,2014-03-23 00:00:00,6
T4007,10169,118,12839,21  Crittenden Rd,2014-04-27 00:00:00,2
T4008,114,451,10126,70A Easton Av,2014-04-06 00:00:00,3
T4009,25816,101,13454,8B  Marion Rd,2013-11-10 00:00:00,1
T4010,57016,300,13693,11  Portrush Rd,2013-10-20 00:00:00,1
T4011,45142,147,13282,G2 North Tce,2013-09-29 00:00:00,23
T4012,11904,235,12696,9 Churchill Rd,2013-07-21 00:00:00,4
T4013,47538,281,12796,9 Walkerville Tce,2013-11-10 00:00:00,1
T4014,59040,M44,13281,G3 North Tce,2013-11-03 00:00:00,12
T4015,48890,733,15978,63A Elizabeth Rd,2013-11-17 00:00:00,1
T4016,18821,545,10860,61 Wynn Vale Dr,2014-01-26 00:00:00,2
T4017,12135,162,13516,5A Sir Donald Bradman Dr,2014-02-02 00:00:00,3
T4018,7315,502,10650,46 Gloucester Rd,2014-03-23 00:00:00,3
T4019,53716,557,12099,Zone A Paradise Interchange,2013-09-15 00:00:00,2
T4020,44740,100P,12266,Zone A Arndale Interchange,2013-12-01 00:00:00,3
T4021,617,725,15889,59 Brodie Rd,2014-06-01 00:00:00,1
T4022,28678,442,10204,70 Seaborough Rd,2013-08-25 00:00:00,1
T4023,65448,744,16073,60 Glynville Dr,2014-02-23 00:00:00,2
T4024,58371,G10,13838,4 Goodwood Rd,2013-12-08 00:00:00,3
T4025,65033,720,17969,Zone A Hallett Cove Shopping C,2014-02-23 00:00:00,38
T4026,50417,H30,13364,W3 Currie St,2013-12-29 00:00:00,3
T4027,15456,G10,13455,W1 Grote St,2014-02-16 00:00:00,32
T4028,9297,H20,13067,20 St Bernards Rd,2014-04-20 00:00:00,1
T4029,840,733,15900,54 Wheatsheaf Rd,2014-02-23 00:00:00,1
T4030,15167,G10,14126,9 Goodwood Rd,2014-03-09 00:00:00,3
T4031,30859,820,13672,5B Greenhill Rd,2014-01-19 00:00:00,1
T4032,44988,142,13401,8 Kensington Rd,2013-12-15 00:00:00,1
T4033,12901,W90,14705,23A Windsor Av,2014-03-30 00:00:00,2
T4034,52703,225,17531,Zone B Mawson Interchange,2014-04-20 00:00:00,9
T4035,17179,N254,16279,X2 King William St,2013-12-22 00:00:00,1
T4036,16419,209F,17492,44 Roopena St,2013-09-22 00:00:00,1
T4037,63790,230,12655,11 Harrison Rd,2013-12-15 00:00:00,1
T4038,19196,864,14868,47 Mount Barker Rd,2014-06-01 00:00:00,5
T4039,48863,723F,14541,18 South Rd,2013-08-04 00:00:00,1
T4040,4445,271,11562,37 Grand Junction Rd,2013-11-24 00:00:00,1
T4041,1278,737,15611,57 Easton Rd,2014-03-02 00:00:00,1
T4042,3622,451,10128,70A Easton Av,2013-06-30 00:00:00,10
T4043,9789,B10,13367,B2 Currie St,2014-02-16 00:00:00,3
T4044,2530,208,11889,25B Fosters Rd,2013-12-22 00:00:00,1
T4045,45266,157,12880,8 Port Rd,2013-10-13 00:00:00,4
T4046,29080,557X,12070,28 Lower North East Rd,2013-08-25 00:00:00,3
T4047,47990,300,14468,25 Diagonal Rd,2013-06-30 00:00:00,3
T4048,57042,300,13771,14 Rio Vista Av,2013-10-20 00:00:00,2
T4049,19112,300H,14964,Zone A Marion Interchange,2014-07-06 00:00:00,5
T4050,62679,231,12506,20 Port Rd,2013-12-15 00:00:00,3
T4051,49986,G21,15359,45 Oakridge Rd,2013-06-30 00:00:00,6
T4052,27752,228F,11749,24 Main North Rd,2013-11-24 00:00:00,1
T4053,64376,681,15416,47A Barramundi Dr,2014-03-23 00:00:00,2
T4054,27532,224X,10629,43 Salisbury Hwy,2014-06-29 00:00:00,3
T4055,11332,H30S,16438,23 Henley Beach Rd,2014-02-02 00:00:00,1
T4056,10190,118,12923,14 Grange Rd,2014-03-09 00:00:00,1
T4057,27709,228F,10498,50 Main North Rd,2014-04-06 00:00:00,1
T4058,36335,411,10491,45B Burton Rd,2014-06-29 00:00:00,1
T4059,20332,645,15180,38 Neath Av,2014-02-02 00:00:00,3
T4060,48853,722F,15970,61A Elizabeth Rd,2013-08-18 00:00:00,1
T4061,13701,172,13735,1 George St,2014-06-15 00:00:00,2
T4062,56486,190,14088,9 Unley Rd,2013-09-08 00:00:00,7
T4063,16685,251,12519,18 Torrens Rd,2013-12-29 00:00:00,3
T4064,28170,273,12531,15 North East Rd,2013-11-10 00:00:00,2
T4065,27561,225,10697,46 Frost Rd,2013-09-22 00:00:00,6
T4066,12245,167,13330,G3 Grenfell St,2014-02-16 00:00:00,7
T4067,27294,222,17378,33C Mawson Lakes Bvd,2014-06-22 00:00:00,10
T4068,58455,G10,11672,24 Prospect Rd,2013-11-10 00:00:00,1
T4069,7978,542,10941,59 Haines Rd,2013-10-20 00:00:00,1
T4070,56794,230,12767,9 Torrens Rd,2013-07-21 00:00:00,2
T4071,44823,118,11951,34A Old Port Rd,2013-09-15 00:00:00,3
T4072,11257,H30,16431,10 Henley Beach Rd,2014-06-29 00:00:00,2
T4073,12888,W90,13013,8 Sixth Av,2014-06-08 00:00:00,6
T4074,12868,W90,14822,27 Bradley Gr,2014-01-26 00:00:00,1
T4075,19454,300,16377,28 Seaview Rd,2014-06-01 00:00:00,1
T4076,11760,H33,16446,15 Henley Beach Rd,2014-01-26 00:00:00,1
T4077,48084,333,11045,52 Military Rd,2013-07-21 00:00:00,1
T4078,16684,250,12840,10 Hawker St,2013-10-06 00:00:00,2
T4079,36861,560P,11401,42A Smart Rd,2014-03-16 00:00:00,6
T4080,5723,117,12976,7 Manton St,2014-02-16 00:00:00,1
T4081,1251,734S,15548,56 Young St,2014-01-19 00:00:00,1
T4082,2228,430,16679,49 / B Church St,2014-03-09 00:00:00,5
T4083,27696,228F,10258,60 Midway Rd,2014-02-23 00:00:00,1
T4084,20022,600,15053,Zone B Flinders Medical Centre,2014-05-25 00:00:00,13
T4085,56820,230,16291,U1 Victoria Sq,2013-07-14 00:00:00,6
T4086,10501,W90,14963,Zone B Marion Interchange,2014-02-09 00:00:00,5
T4087,51156,J2,13279,R1 North Tce,2013-10-13 00:00:00,1
T4088,30414,734,15550,57 Young St,2013-10-06 00:00:00,1
T4089,47134,209F,11296,43A Golden Grove Rd,2013-09-15 00:00:00,5
T4090,12284,J1,13353,V2 Currie St,2014-06-01 00:00:00,45
T4091,27456,224,17259,54C Oldham Rd,2013-12-01 00:00:00,1
T4092,27525,224F,10265,60 Philip Hwy,2014-06-15 00:00:00,1
T4093,12146,167,14078,18 St Andrews Cr,2014-05-25 00:00:00,7
T4094,27980,248,14454,20 Hendrie St,2013-12-29 00:00:00,1
T4095,16292,M44,18491,V Currie Street,2014-03-16 00:00:00,19
T4096,45338,167,13953,9C  Marion Rd,2014-01-12 00:00:00,1
T4097,108,451,10126,70A Easton Av,2014-04-06 00:00:00,1
T4098,50550,H30,16420,7 Henley Beach Rd,2013-10-06 00:00:00,4
T4099,49645,B10,13033,10 South Rd,2013-07-21 00:00:00,7
T4100,53301,442,10100,91 Park Lake Bvd,2014-01-26 00:00:00,2
T4101,64879,B10,12960,29 Frederick Rd,2013-12-29 00:00:00,2
T4102,36444,440,10125,74A Hamblynn Rd,2014-06-22 00:00:00,2
T4103,47786,287,13099,25 Valetta Rd,2013-11-17 00:00:00,18
T4104,18588,251A,11817,28 Medika Bvd,2014-02-16 00:00:00,2
T4105,64345,B10,13283,S1 North Tce,2014-01-05 00:00:00,1
T4106,28613,441,10228,Zone A Elizabeth Interchange,2014-01-19 00:00:00,7
T4107,45701,171,14229,14 Fullarton Rd,2013-09-22 00:00:00,1
T4108,51666,W91,13818,5 Leader St,2013-09-29 00:00:00,1
T4109,9281,H20,16399,6 The Parade,2014-02-23 00:00:00,1
T4110,15089,G10,14177,10 Goodwood Rd,2014-07-06 00:00:00,1
T4111,27433,224,10314,56 Hogarth Rd,2014-06-22 00:00:00,3
T4112,50622,H30S,16358,29 Seaview Rd,2013-12-22 00:00:00,1
T4113,50616,H30S,13183,5 Magill Rd,2013-07-07 00:00:00,3
T4114,2438,430,10225,Zone C Elizabeth City Centre,2014-04-13 00:00:00,3
T4115,12879,W90,14762,26 Bradley Gr,2014-02-16 00:00:00,1
T4116,16690,252,12596,16 Torrens Rd,2013-10-13 00:00:00,4
T4117,45431,167,13706,1A Richmond Rd,2013-09-22 00:00:00,1
T4118,13578,262,14305,20 Anzac Hwy,2014-06-08 00:00:00,1
T4119,48088,333,11243,47 Military Rd,2013-09-29 00:00:00,2
T4120,9179,507,11867,29C Sudholz Rd,2013-12-01 00:00:00,5
T4121,8599,B10,12959,21 Grange Rd,2014-02-16 00:00:00,4
T4122,51768,W91C,14463,19 Winston Av,2013-07-28 00:00:00,2
T4123,7457,281,12338,20 Fourth Av,2014-02-23 00:00:00,3
T4124,13128,254,12449,20 Torrens Rd,2014-06-15 00:00:00,4
T4125,16768,252,16291,U1 Victoria Sq,2013-07-21 00:00:00,6
T4126,14215,174,12096,Zone I Paradise Interchange,2014-05-18 00:00:00,2
T4127,1346,190,14254,12 Belair Rd,2014-01-12 00:00:00,4
T4128,176,722F,15973,62A Elizabeth Rd,2014-03-02 00:00:00,2
T4129,18673,254,11722,33 Grand Junction Rd,2014-06-08 00:00:00,1
T4130,28160,273,12712,10 North East Rd,2013-09-22 00:00:00,10
T4131,28165,273,12145,22 North East Rd,2013-06-30 00:00:00,1
T4132,45249,155,13436,T1 Hutt St,2013-09-15 00:00:00,2
T4133,474,400,18031,68 Bolivar Rd,2013-12-01 00:00:00,2
T4134,37089,681,14982,31 Sturt Rd,2013-11-03 00:00:00,4
T4135,466,400,10242,63 Kinkaid Rd,2014-03-23 00:00:00,3
T4136,46946,200,13932,6 King William Rd,2013-10-20 00:00:00,1
T4137,27697,228F,10246,62 Midway Rd,2013-07-28 00:00:00,1
T4138,18781,T840,16624,5 Glen Osmond Rd,2014-04-13 00:00:00,5
T4139,27461,224,17259,54C Oldham Rd,2013-09-15 00:00:00,1
T4140,446,400A,10346,60A Quadrant Av,2013-10-20 00:00:00,1
T4141,12312,J1,13431,4A South Rd,2014-04-13 00:00:00,2
T4142,27709,228F,10118,75 Hamblynn Rd,2013-12-15 00:00:00,2
T4143,30760,749A,16261,93 Commercial Rd,2013-07-28 00:00:00,1
T4144,15863,G21,17920,56 Easton Rd,2014-05-25 00:00:00,1
T4145,12873,W90,12504,26 Shepherds La,2014-03-09 00:00:00,2
T4146,47982,300,14045,19  Portrush Rd,2013-07-07 00:00:00,4
T4147,57020,300,13542,23B Seaview Rd,2013-12-01 00:00:00,1
T4148,19666,557,11164,49 North East Rd,2014-03-02 00:00:00,8
T4149,36368,411,17512,42 Kings Rd,2013-10-20 00:00:00,1
T4150,50060,H20,16390,10 The Parade,2014-01-19 00:00:00,5
T4151,49526,B10,12934,16 Grange Rd,2013-10-27 00:00:00,1
T4152,12224,235,12527,11 Churchill Rd,2013-09-15 00:00:00,3
T4153,28552,441,10179,72 Yorktown Rd,2013-12-15 00:00:00,5
T4154,12882,W90,14719,24 Celtic Av,2014-06-08 00:00:00,1
T4155,45013,142,13354,D1 Currie St,2013-07-07 00:00:00,1
T4156,59046,M44,14133,11A  Marion Rd,2013-12-22 00:00:00,5
T4157,4179,361,11754,36A Grand Junction Rd,2013-10-13 00:00:00,1
T4158,27217,208B,16277,Z1 King William St,2013-07-14 00:00:00,3
T4159,15711,263,14863,34 Dunrobin Rd,2014-05-04 00:00:00,4
T4160,57118,300G,14949,28 Sturt Rd,2013-12-08 00:00:00,2
T4161,29611,720H,14962,29B Sturt Rd,2013-08-11 00:00:00,1
T4162,44871,140,13390,8  Portrush Rd,2013-12-15 00:00:00,1
T4163,56690,196F,16283,C3 King William St,2013-09-22 00:00:00,40
T4164,10364,H21,12556,19 Lower North East Rd,2014-03-23 00:00:00,2
T4165,1083,273,13168,2 Frome Rd,2013-06-30 00:00:00,2
T4166,27712,228F,17123,Zone A Munno Para Shopping Cen,2014-06-15 00:00:00,12
T4167,36856,560P,11401,42A Smart Rd,2014-06-22 00:00:00,11
T4168,50174,H21,12302,24A Darley Rd,2013-12-01 00:00:00,6
T4169,16921,254,12719,14 Hawker St,2013-12-01 00:00:00,1
T4170,11489,241,13833,5 Tennyson St,2014-04-27 00:00:00,1
T4171,44905,141,13525,18 Hallett Rd,2013-08-04 00:00:00,1
T4172,13185,254X,12213,Zone D Arndale Interchange,2014-06-01 00:00:00,53
T4173,34205,141,13345,E2 Currie St,2013-10-20 00:00:00,2
T4174,29665,720H,15018,36 Brighton Rd,2013-07-07 00:00:00,1
T4175,11693,155,12420,33A West Lakes Bvd,2014-03-30 00:00:00,2
T4176,13116,254,11853,29 Hanson Rd,2014-03-09 00:00:00,2
T4177,12295,J1,17327,10 Airport Rd,2014-03-23 00:00:00,36
T4178,16586,M44,14131,11A  Marion Rd,2014-06-01 00:00:00,2
T4179,48910,733,15337,33 Main South Rd,2013-09-15 00:00:00,13
T4180,31005,842F,15115,80 Woodside Rd,2013-10-13 00:00:00,1
T4181,10697,142,13278,I1 North Tce,2014-02-23 00:00:00,4
T4182,16232,M44,13954,7 Anzac Hwy,2014-05-04 00:00:00,1
T4183,58780,G21,15303,37 Black Rd,2013-09-29 00:00:00,1
T4184,11205,147,13398,F1 Hutt St,2014-03-30 00:00:00,2
T4185,9614,528,12154,21 Karoomba Av,2014-03-23 00:00:00,14
T4186,58367,G10,16288,V1 King William St,2013-08-18 00:00:00,1
T4187,44687,100,13182,13  Holbrooks Rd,2013-10-20 00:00:00,1
T4188,17780,840X,13348,E1 Currie St,2014-04-27 00:00:00,86
T4189,9827,H30,12893,23 Moules Rd,2014-04-20 00:00:00,1
T4190,47515,263,13946,7 Anzac Hwy,2013-08-25 00:00:00,1
T4191,11841,157,12952,7 Port Rd,2014-05-04 00:00:00,1
T4192,27255,222,11354,31 Main North Rd,2013-07-28 00:00:00,1
T4193,45055,144,13278,I1 North Tce,2014-01-05 00:00:00,7
T4194,51308,M44,14396,16 Marion Rd,2013-07-07 00:00:00,4
T4195,7381,502X,10700,45 Bridge Rd,2014-02-23 00:00:00,3
T4196,29074,556,11874,33 Lower North East Rd,2014-01-12 00:00:00,1
T4197,13771,G20,13736,1 Goodwood Rd,2013-07-07 00:00:00,1
T4198,23639,100,12858,20  Crittenden Rd,2013-09-29 00:00:00,1
T4199,27496,224F,17536,Zone B Mawson Central Intercha,2014-04-20 00:00:00,6
T4200,30198,725,17120,Zone C Old Reynella Interchang,2013-07-21 00:00:00,3
T4201,32716,T863,13561,K1 Pulteney St,2013-12-15 00:00:00,3
T4202,10291,H20,13329,H Grenfell St,2014-06-29 00:00:00,1
T4203,7544,286,13205,2 Port Rd,2014-03-09 00:00:00,1
T4204,45438,167,13353,V2 Currie St,2013-11-03 00:00:00,23
T4205,30379,734,15772,52 Sherriffs Rd,2013-11-10 00:00:00,1
T4206,50829,H32,16478,22C Lexington Rd,2013-09-29 00:00:00,1
T4207,14297,178,12584,26 Montacute Rd,2014-06-15 00:00:00,15
T4208,56545,190,14224,11 Belair Rd,2013-09-08 00:00:00,7
T4209,58217,C2X,10575,74A Golden Grove Rd,2013-07-21 00:00:00,12
T4210,44674,100,14152,179 Cross Rd,2013-10-27 00:00:00,2
T4211,50606,H30C,18492,Zone C West Lakes Interchange,2013-11-24 00:00:00,38
T4212,14224,177,12556,19 Lower North East Rd,2014-01-26 00:00:00,1
T4213,931,401,10505,49A Waterloo Corner Rd,2013-09-08 00:00:00,3
T4214,62899,286,13292,U1 North Tce,2014-01-19 00:00:00,30
T4215,5797,H30S,18492,Zone C West Lakes Interchange,2014-03-09 00:00:00,1
T4216,58836,M44,14208,12 Marion Rd,2013-12-22 00:00:00,1
T4217,701,401,10362,65 Kensington Wy,2014-03-23 00:00:00,1
T4218,5653,100,13073,205 Holbrooks Rd,2014-03-23 00:00:00,2
T4219,9889,H33,13330,G3 Grenfell St,2014-02-16 00:00:00,1
T4220,10310,H20,16387,11 The Parade,2014-05-18 00:00:00,2
T4221,16974,200,14273,15 Sussex Tce,2014-05-18 00:00:00,1
T4222,51545,W90,14572,20 Winston Av,2013-10-27 00:00:00,14
T4223,9560,202F,12017,23 Hampstead Rd,2014-06-22 00:00:00,8
T4224,36398,411,10648,39 Whites Rd,2013-08-25 00:00:00,1
T4225,51729,W91,13900,7A Leah St,2013-09-01 00:00:00,1
T4226,37083,681,15073,26B University Dr,2013-09-01 00:00:00,2
T4227,45831,172,18049,13 Tutt Ave,2014-01-19 00:00:00,4
T4228,64157,744,16035,Zone C Colonnades Interchange,2013-12-01 00:00:00,10
T4229,32662,T721,13461,X1 Grote St,2013-08-25 00:00:00,5
T4230,46496,178F,12572,28 Montacute Rd,2013-09-01 00:00:00,8
T4231,27298,222,17535,34L Main St,2014-03-30 00:00:00,1
T4232,48447,502,13207,2 Hackney Rd,2013-09-01 00:00:00,19
T4233,57052,300,12309,18 Regency Rd,2013-09-08 00:00:00,1
T4234,1226,734,15771,51 Sherriffs Rd,2014-06-22 00:00:00,1
T4235,11820,J1,13520,7 Sir Donald Bradman Dr,2014-05-18 00:00:00,8
T4236,53214,411,10503,49 Church St,2014-05-18 00:00:00,2
T4237,818,725,15889,59 Brodie Rd,2014-05-04 00:00:00,11
T4238,31810,G40,10748,59 Bicentenial Dr,2013-10-27 00:00:00,4
T4239,445,400A,10293,64 Diment Rd,2013-08-11 00:00:00,5
T4240,45282,157,13296,Y1 East Tce,2013-08-25 00:00:00,1
T4241,50526,H30,16377,28 Seaview Rd,2013-11-10 00:00:00,5
T4242,58242,G10,13078,2 King William Rd,2013-08-11 00:00:00,10
T4243,9990,203F,11940,24 Hampstead Rd,2014-03-30 00:00:00,2
T4244,28130,265,13814,3 Anzac Hwy,2013-06-30 00:00:00,3
T4245,8584,B10,13111,19 Magill Rd,2014-04-20 00:00:00,1
T4246,27627,225X,17531,Zone B Mawson Interchange,2014-05-11 00:00:00,6
T4247,45433,167,13364,W3 Currie St,2013-07-28 00:00:00,12
T4248,28920,506X,11311,45 Nelson Rd,2013-08-11 00:00:00,11
T4249,37240,682,15530,52B Ramrod Av,2013-08-18 00:00:00,1
T4250,27529,224X,10501,50 / E Ann St,2014-03-30 00:00:00,2
T4251,16430,209F,12138,21 Hampstead Rd,2013-09-01 00:00:00,4
T4252,5730,117,12896,19  Crittenden Rd,2014-05-04 00:00:00,1
T4253,1623,230,12434,17 Days Rd,2013-12-01 00:00:00,1
T4254,6022,179,13281,G3 North Tce,2014-02-16 00:00:00,13
T4255,9244,B10,12949,19 Grange Rd,2014-01-26 00:00:00,7
T4256,17143,265,15132,38 Brighton Rd,2013-11-10 00:00:00,1
T4257,7520,286,16322,21B Tapleys Hill Rd,2014-06-15 00:00:00,2
T4258,7156,230,12326,18 Days Rd,2014-04-06 00:00:00,2
T4259,64288,B10,13364,W3 Currie St,2014-01-05 00:00:00,1
T4260,53156,400,10225,Zone C Elizabeth City Centre,2014-02-02 00:00:00,2
T4261,16381,M44,11399,42A Smart Rd,2014-02-16 00:00:00,1
T4262,53239,411B,10417,44A Burton Rd,2013-11-03 00:00:00,1
T4263,9411,H22,13325,I1 Grenfell St,2014-01-26 00:00:00,1
T4264,27185,208,12195,20A Muller Rd,2013-07-07 00:00:00,1
T4265,27529,224X,16281,X1 King William St,2014-01-26 00:00:00,14
T4266,30393,734,15765,49A Sherriffs Rd,2013-11-24 00:00:00,1
T4267,53902,749,16991,112 Rowley Rd,2013-07-14 00:00:00,3
T4268,7488,281,13294,D North Tce,2014-05-11 00:00:00,4
T4269,10040,204,12364,17 Galway Av,2014-06-22 00:00:00,1
T4270,62740,232,12263,Zone F Arndale Interchange,2013-12-01 00:00:00,3
T4271,48716,719,14034,8 South Rd,2013-07-21 00:00:00,2
T4272,6522,190B,16283,C3 King William St,2014-06-22 00:00:00,68
T4273,28650,442,10192,75 Turner Dr,2013-07-28 00:00:00,2
T4274,7658,287,13298,W2 North Tce,2014-03-02 00:00:00,1
T4275,11816,J1,14203,18A Patawalonga Frontage,2014-03-16 00:00:00,2
T4276,16719,251,12213,Zone D Arndale Interchange,2013-09-15 00:00:00,3
T4277,6453,500,11227,37C Montague Rd,2014-02-09 00:00:00,3
T4278,27799,229,11332,35 Quinlivan Rd,2013-07-28 00:00:00,2
T4279,65062,720,18486,W Grote St,2014-05-04 00:00:00,13
T4280,12122,157X,12388,Zone B West Lakes Interchange,2014-06-08 00:00:00,13
T4281,19081,273,12096,Zone I Paradise Interchange,2014-04-13 00:00:00,3
T4282,10719,142,13367,B2 Currie St,2014-03-30 00:00:00,2
T4283,48436,502,10572,48 Park Tce,2013-09-08 00:00:00,1
T4284,59082,M44,14432,17 Marion Rd,2013-08-18 00:00:00,2
T4285,45505,168,13805,7 Grove Av,2013-07-28 00:00:00,1
T4286,9699,B10,13139,15 Magill Rd,2014-04-27 00:00:00,3
T4287,27696,228F,10125,74A Hamblynn Rd,2014-03-23 00:00:00,1
T4288,9733,B10,13255,5 South Rd,2014-03-30 00:00:00,1
T4289,48754,720,14034,8 South Rd,2013-11-24 00:00:00,1
T4290,46189,174,12891,10 Payneham Rd,2013-12-08 00:00:00,1
T4291,7520,286,13227,9 Ashley St,2014-02-16 00:00:00,5
T4292,31059,861,13707,1 Glen Osmond Rd,2014-01-12 00:00:00,1
T4293,11539,245,14371,17 Ferry Av,2014-04-13 00:00:00,1
T4294,11275,H30,13372,Y1 Currie St,2014-06-08 00:00:00,5
T4295,9720,541,10908,57 Hancock Rd,2013-07-21 00:00:00,1
T4296,13693,271,12145,22 North East Rd,2014-04-06 00:00:00,2
T4297,57008,300,13608,12C Burbridge Rd,2013-08-18 00:00:00,1
T4298,62698,232,11949,32 Torrens Rd,2013-12-01 00:00:00,3
T4299,64983,719,14345,14 South Rd,2014-03-02 00:00:00,1
T4300,57253,600,15042,Zone C Blackwood Interchange,2013-07-28 00:00:00,18
T4301,58229,C2X,10758,71 The Golden Wy,2013-12-15 00:00:00,7
T4302,17261,830F,13864,8 Glen Osmond Rd,2014-02-23 00:00:00,2
T4303,45963,172,13292,U1 North Tce,2013-07-14 00:00:00,4
T4304,16821,251,12498,19 Torrens Rd,2013-09-08 00:00:00,3
T4305,27080,202F,12630,13 North East Rd,2013-07-14 00:00:00,1
T4306,17144,263,14305,20 Anzac Hwy,2013-11-10 00:00:00,11
T4307,22567,747A,16170,77 Commercial Rd,2014-07-06 00:00:00,1
T4308,31134,861,13348,E1 Currie St,2013-08-25 00:00:00,16
T4309,28622,442,10188,76 Blair Park Dr,2013-07-21 00:00:00,3
T4310,31809,G40,12129,Zone C Paradise Interchange,2013-10-06 00:00:00,47
T4311,28625,442,17124,Zone B Munno Para Shopping Cen,2014-06-08 00:00:00,9
T4312,9787,B10,13253,4 George St,2014-05-18 00:00:00,2
T4313,27698,228F,12047,20 Main North Rd,2013-07-21 00:00:00,3
T4314,51276,M44,14522,19 Marion Rd,2013-06-30 00:00:00,22
T4315,11250,H30,16426,9 Henley Beach Rd,2014-04-13 00:00:00,14
T4316,56731,230,12483,15 Pym St,2013-10-13 00:00:00,1
T4317,19231,864F,14838,39 Mount Barker Rd,2014-05-11 00:00:00,3
T4318,10856,H30,12310,24A Darley Rd,2014-02-02 00:00:00,5
T4319,27327,222,12349,16 Main North Rd,2013-10-13 00:00:00,17
T4320,45164,150,12653,15 Port Rd,2013-09-15 00:00:00,1
T4321,58194,C2,17189,Zone B Klemzig Interchange,2013-09-29 00:00:00,1
T4322,27594,225F,17479,40A Kesters Rd,2013-07-28 00:00:00,9
T4323,50048,H20,16379,15 The Parade,2013-09-22 00:00:00,1
T4324,50446,H30,12857,25 Morialta Rd,2014-01-19 00:00:00,4
T4325,28640,442,17124,Zone B Munno Para Shopping Cen,2014-04-06 00:00:00,14
T4326,51731,W91,13341,T3 Grenfell St,2013-10-13 00:00:00,4
T4327,10240,140,13286,F1 North Tce,2014-07-06 00:00:00,11
T4328,27761,228F,13049,3 O'Connell St,2014-06-01 00:00:00,2
T4329,48250,472,10103,77 Hamblynn Rd,2014-05-11 00:00:00,2
T4330,44906,141,13477,17 Hallett Rd,2013-11-24 00:00:00,2
T4331,13298,172,13991,8 Duthy St,2014-04-20 00:00:00,7
T4332,411,722F,15361,34 Main South Rd,2014-06-15 00:00:00,1
T4333,50137,H20,16408,3 Henley Beach Rd,2013-11-10 00:00:00,3
T4334,5668,100,14151,179 Cross Rd,2014-05-18 00:00:00,5
T4335,34621,150,12321,24 Port Rd,2013-12-15 00:00:00,2
T4336,16883,254X,12213,Zone D Arndale Interchange,2013-12-22 00:00:00,22
T4337,631,725,15971,63D Elizabeth Rd,2014-05-11 00:00:00,1
T4338,13679,265,14422,Zone D Moseley St,2014-01-26 00:00:00,3
T4339,477,400,16674,50 / F John St,2013-07-07 00:00:00,4
T4340,10018,203F,11653,29 Hampstead Rd,2014-06-22 00:00:00,1
T4341,13126,254,13261,Z3 King William St,2014-04-06 00:00:00,17
T4342,27297,222,11803,23 Main North Rd,2014-02-02 00:00:00,4
T4343,11473,241,13274,A2 King William Rd,2014-06-15 00:00:00,4
T4344,27597,225F,10814,44 Northbri Av,2013-07-07 00:00:00,1
T4345,50761,H31C,12753,25 Koonga Av,2013-11-10 00:00:00,19
T4346,9235,B10,13145,14 Magill Rd,2014-06-08 00:00:00,4
T4347,57012,300,12747,23  Findon Rd,2013-12-29 00:00:00,1
T4348,29075,556,12020,29 Lower North East Rd,2014-01-12 00:00:00,1
T4349,180,722F,15451,37 Main South Rd,2014-06-22 00:00:00,1
T4350,18334,864F,15377,63 Adelaide Rd,2014-03-02 00:00:00,3
T4351,22465,741,16047,Zone B Noarlunga Centre Interc,2014-04-20 00:00:00,12
T4352,9688,B10,13033,10 South Rd,2014-03-30 00:00:00,1
T4353,50213,H22,16413,4 Henley Beach Rd,2013-09-01 00:00:00,2
T4354,5932,300,14758,28 Diagonal Rd,2014-03-09 00:00:00,1
T4355,56827,230,11587,Zone C Port Adelaide Interchan,2013-10-27 00:00:00,2
T4356,1175,403,10420,53 Waterloo Corner Rd,2013-12-15 00:00:00,1
T4357,46407,178,13277,I2 North Tce,2013-12-01 00:00:00,4
T4358,29846,721F,14894,25A Main South Rd,2013-10-27 00:00:00,1
T4359,48386,501,11330,35A Walkleys Rd,2013-07-07 00:00:00,9
T4360,12679,235,13364,W3 Currie St,2013-08-18 00:00:00,11
T4361,56784,230,11860,32A Addison Rd,2013-10-13 00:00:00,5
T4362,46587,190,14468,25 Diagonal Rd,2013-06-30 00:00:00,1
T4363,10005,203F,11233,47A Nelson Rd,2014-03-30 00:00:00,1
T4364,13581,262,13829,3 Anzac Hwy,2014-03-09 00:00:00,2
T4365,10286,H20,16390,10 The Parade,2014-05-25 00:00:00,1
T4366,5952,300G,17879,29 Morphett Rd,2014-06-15 00:00:00,1
T4367,15483,G10,12662,10 Prospect Rd,2014-04-20 00:00:00,1
T4368,63473,720H,14937,27 Sturt Rd,2014-02-02 00:00:00,1
T4369,8827,556,11352,Zone G Tea Tree Plaza Intercha,2013-09-29 00:00:00,4
T4370,47062,200C,13473,G2 Victoria Sq,2013-12-08 00:00:00,1
T4371,12934,W91,13965,9 East Av,2014-02-23 00:00:00,2
T4372,58539,G10A,12204,17 Prospect Rd,2013-11-10 00:00:00,8
T4373,16569,M44,14824,26 Township Rd,2014-05-18 00:00:00,14
T4374,7040,232,12248,25 Torrens Rd,2014-06-22 00:00:00,2
T4375,12905,W90,14950,29 Sturt Rd,2014-06-22 00:00:00,1
T4376,15041,G20,13274,A2 King William Rd,2014-03-30 00:00:00,2
T4377,11064,239,17751,8 Churchill Rd,2014-06-29 00:00:00,1
T4378,12666,252,12784,12 Hawker St,2014-01-26 00:00:00,4
T4379,58594,G10B,12021,20 Prospect Rd,2013-12-08 00:00:00,1
T4380,57912,C1,10237,64B Playford Bvd,2013-09-08 00:00:00,6
T4381,56612,190B,13858,4 Unley Rd,2013-11-17 00:00:00,3
T4382,14043,B10,12933,16 Grange Rd,2014-04-27 00:00:00,2
T4383,52909,251,13261,Z3 King William St,2014-01-19 00:00:00,1
T4384,58429,G10,14964,Zone A Marion Interchange,2013-08-25 00:00:00,3
T4385,12165,239,12826,7A Torrens Rd,2013-12-08 00:00:00,1
T4386,48740,720,14630,20 South Rd,2013-11-24 00:00:00,7
T4387,31227,864,14895,43 Mount Barker Rd,2013-10-13 00:00:00,2
T4388,28594,441,10112,76F Adams Rd,2014-03-02 00:00:00,1
T4389,12169,235,17751,8 Churchill Rd,2013-11-03 00:00:00,4
T4390,50534,H30,12418,24 Newton Rd,2013-11-03 00:00:00,1
T4391,51718,W91,18491,V Currie Street,2013-09-01 00:00:00,2
T4392,6923,502,10588,47D Park Tce,2014-04-27 00:00:00,1
T4393,27695,228F,10281,57 Main North Rd,2014-03-30 00:00:00,6
T4394,12129,162,13533,6A Sir Donald Bradman Dr,2014-03-30 00:00:00,2
T4395,1270,737,15665,45C Mcharg Rd,2014-05-18 00:00:00,1
T4396,11820,J1,14250,19 Adelphi Tce,2014-03-02 00:00:00,7
T4397,13668,265,14269,15 Anzac Hwy,2014-04-06 00:00:00,2
T4398,58257,G10,12623,11 Prospect Rd,2013-09-15 00:00:00,7
T4399,12503,172,13764,2 George St,2014-04-13 00:00:00,2
T4400,27765,228F,13474,VS3 Victoria Sq,2013-06-30 00:00:00,7
T4401,16273,M44,13372,Y1 Currie St,2014-04-27 00:00:00,1
T4402,11500,241,17900,4A Beauchamp St,2014-07-06 00:00:00,8
T4403,13343,W91C,14204,13 Winston Av,2014-03-23 00:00:00,1
T4404,11277,H30,13057,9  Portrush Rd,2014-05-25 00:00:00,2
T4405,63991,287,13297,W1 North Tce,2014-01-19 00:00:00,1
T4406,11562,248,14023,9 Anzac Hwy,2014-04-06 00:00:00,1
T4407,12099,157,12272,33E West Lakes Bvd,2014-06-15 00:00:00,1
T4408,10649,141,13345,E2 Currie St,2014-06-29 00:00:00,21
T4409,15480,G10,15053,Zone B Flinders Medical Centre,2014-02-02 00:00:00,8
T4410,52730,228,12465,14 Main North Rd,2014-06-15 00:00:00,1
T4411,50726,H31,17525,20 Reid Av,2013-09-22 00:00:00,16
T4412,6053,190,13708,1 Unley Rd,2014-05-11 00:00:00,4
T4413,9297,H20,16393,9 The Parade,2014-05-04 00:00:00,4
T4414,47821,287,13230,11 Ashley St,2013-07-28 00:00:00,2
T4415,27146,203F,11559,30 Briens Rd,2013-07-07 00:00:00,1
T4416,28621,442,10207,69 Midway Rd,2013-07-28 00:00:00,5
T4417,27595,225F,10997,41 Kesters Rd,2014-02-02 00:00:00,8
T4418,19321,556,12193,25 Darley Rd,2014-05-18 00:00:00,6
T4419,12901,W90,12697,18 Turner St,2014-03-02 00:00:00,1
T4420,13950,287,13099,25 Valetta Rd,2014-06-15 00:00:00,3
T4421,3631,451,18120,74A Edgecombe Rd,2014-03-30 00:00:00,1
T4422,13739,174,12691,16 Payneham Rd,2014-02-02 00:00:00,2
T4423,34303,142,13278,I1 North Tce,2013-09-08 00:00:00,1
T4424,17157,265,14313,21A Anzac Hwy,2013-10-27 00:00:00,1
T4425,45556,168,14413,Zone C Moseley St,2013-10-27 00:00:00,3
T4426,52735,228,11460,29 Main North Rd,2014-06-15 00:00:00,3
T4427,15884,G21F,15275,34 Flagstaff Rd,2014-03-16 00:00:00,17
T4428,13020,178,17346,33M Maryvale Rd,2014-07-06 00:00:00,1
T4429,11239,H30,13208,3 North Tce,2014-04-20 00:00:00,1
T4430,49549,B10,13287,B1 Pulteney St,2013-09-29 00:00:00,15
T4431,11785,H33,13312,X1 Pulteney St,2014-05-04 00:00:00,17
T4432,52901,251,13048,3 Ward St,2013-11-10 00:00:00,1
T4433,50136,H20,13931,9B  Marion Rd,2013-10-20 00:00:00,1
T4434,7073,232R,16287,V2 King William St,2014-02-23 00:00:00,6
T4435,25817,101,14432,17 Marion Rd,2013-11-17 00:00:00,4
T4436,13312,172,14196,11 Harrow Tce,2014-06-22 00:00:00,4
T4437,19922,506,11265,65 Kelly Rd,2014-05-18 00:00:00,1
T4438,6421,361,11638,28 Grand Junction Rd,2014-03-23 00:00:00,1
T4439,27695,228F,10332,56 Main North Rd,2013-10-06 00:00:00,2
T4440,11136,144,13633,152 Portrush Rd,2014-06-15 00:00:00,1
T4441,11613,150,12208,26 Port Rd,2014-05-18 00:00:00,3
T4442,16947,254,12026,27 Hanson Rd,2013-07-28 00:00:00,1
T4443,6682,178,12331,26 Gorge Rd,2014-02-16 00:00:00,2
T4444,22572,747A,16093,69A Murray Rd,2014-03-23 00:00:00,1
T4445,45366,167,14066,17 St Andrews Cr,2013-08-18 00:00:00,4
T4446,11750,H33,13130,29 Marlborough St,2014-04-13 00:00:00,1
T4447,14145,273,12084,24 North East Rd,2014-05-11 00:00:00,9
T4448,7199,232,13261,Z3 King William St,2014-03-23 00:00:00,5
T4449,7813,503,11351,Zone B Tea Tree Plaza Intercha,2014-03-09 00:00:00,4
T4450,11719,H32,13279,R1 North Tce,2014-04-06 00:00:00,3
T4451,48408,502,12129,Zone C Paradise Interchange,2013-10-06 00:00:00,27
T4452,46408,178,12635,20 Montacute Rd,2013-09-22 00:00:00,1
T4453,42261,N4,16610,40 Brighton Rd,2013-09-08 00:00:00,1
T4454,58702,G20,14928,26 Main South Rd,2013-07-21 00:00:00,1
T4455,29840,721F,14928,26 Main South Rd,2013-08-04 00:00:00,53
T4456,58997,M44,14471,18 Marion Rd,2014-01-12 00:00:00,1
T4457,50542,H30,16426,9 Henley Beach Rd,2013-12-08 00:00:00,5
T4458,52593,208N,16287,V2 King William St,2013-09-22 00:00:00,4
T4459,7868,506,11125,62 Kelly Rd,2014-04-27 00:00:00,1
T4460,9774,B10,12927,15 Grange Rd,2014-06-08 00:00:00,1
T4461,116,451,18128,74E President Ave,2014-04-20 00:00:00,1
T4462,27315,222,11685,25 Main North Rd,2013-12-08 00:00:00,8
T4463,9001,503,11687,34E Valiant Rd,2013-12-01 00:00:00,4
T4464,57052,300,12726,23  Findon Rd,2013-08-25 00:00:00,3
T4465,11112,144,13280,R2 North Tce,2014-02-02 00:00:00,2
T4466,45595,170,13594,O3 Hutt Rd,2013-10-27 00:00:00,3
T4467,11610,150,12816,11 Port Rd,2014-06-22 00:00:00,2
T4468,10177,118,12143,33B Tapleys Hill Rd,2014-06-29 00:00:00,4
T4469,13891,144,13282,G2 North Tce,2014-02-09 00:00:00,6
T4470,12486,171A,13330,G3 Grenfell St,2014-03-09 00:00:00,1
T4471,5901,300,12397,18 O G Rd,2014-06-08 00:00:00,1
T4472,11965,248,14210,12 Marion Rd,2014-04-27 00:00:00,1
T4473,11808,H33C,12803,21 Reid Av,2014-06-01 00:00:00,11
T4474,12912,W90,13492,S1 Morphett St,2014-01-26 00:00:00,2
T4475,11265,H30,16453,18 Henley Beach Rd,2014-05-25 00:00:00,7
T4476,12400,239,11990,19 Churchill Rd,2013-09-01 00:00:00,1
T4477,18378,866,14672,24A Crafers Park N Ride,2014-03-09 00:00:00,4
T4478,10386,H21,16382,14 The Parade,2014-06-08 00:00:00,1
T4479,45888,172,13735,1 George St,2013-07-21 00:00:00,1
T4480,50530,H30,16358,29 Seaview Rd,2013-08-25 00:00:00,3
T4481,45262,157,12179,33G West Lakes Bvd,2013-10-06 00:00:00,8
T4482,46209,174,12654,17 Payneham Rd,2013-10-13 00:00:00,3
T4483,28936,528,13361,W2 King William St,2013-11-03 00:00:00,19
T4484,136,721X,17119,Zone B Old Reynella Interchang,2014-03-09 00:00:00,22
T4485,46464,178,12306,49A Silkes Rd,2013-07-07 00:00:00,4
T4486,6002,178F,13594,O3 Hutt Rd,2014-05-04 00:00:00,2
T4487,58705,G20,14928,26 Main South Rd,2013-12-08 00:00:00,6
T4488,30107,725,15865,57 Brodie Rd,2013-11-10 00:00:00,1
T4489,51680,W91,13784,3 Goodwood Rd,2013-12-15 00:00:00,1
T4490,14204,174,13354,D1 Currie St,2014-02-23 00:00:00,4
T4491,17903,541X,10885,58 Hancock Rd,2014-05-25 00:00:00,4
T4492,467,400,10445,51A Downton Av,2013-07-21 00:00:00,3
T4493,15168,G10,14805,23A Fiveash Dr,2014-06-08 00:00:00,2
T4494,64305,B10,13242,3 George St,2014-01-05 00:00:00,3
T4495,46862,200,13842,4 King William Rd,2013-10-13 00:00:00,7
T4496,46119,174,12750,13A Payneham Rd,2013-11-03 00:00:00,1
T4497,9698,B10,13242,3 George St,2014-02-09 00:00:00,1
T4498,27168,203F,16287,V2 King William St,2014-01-05 00:00:00,11
T4499,44674,100,12747,23  Findon Rd,2013-09-01 00:00:00,5
T4500,1510,744,16065,58 Glynville Dr,2014-04-27 00:00:00,1
T4501,59690,248,13814,3 Anzac Hwy,2013-10-27 00:00:00,1
T4502,46412,178,12775,13  Payneham Rd,2013-12-08 00:00:00,1
T4503,50092,H20,14179,14 Stonehouse Av,2013-09-01 00:00:00,1
T4504,9793,B10,12959,21 Grange Rd,2014-05-18 00:00:00,7
T4505,5753,H30,16419,6 Henley Beach Rd,2014-02-02 00:00:00,1
T4506,47042,200B,13969,7 King William Rd,2013-11-10 00:00:00,1
T4507,10526,208,17827,27A Fosters Rd,2014-06-08 00:00:00,4
T4508,59161,M44X,11142,49 Ladywood Rd,2013-10-27 00:00:00,9
T4509,15124,G10,13091,2 King William Rd,2014-03-30 00:00:00,2
T4510,10341,H20,16419,6 Henley Beach Rd,2014-03-02 00:00:00,2
T4511,10830,H22L,16468,20 Penfold Rd,2014-05-25 00:00:00,10
T4512,11965,248,17200,28C Diagonal Rd,2014-05-11 00:00:00,5
T4513,27247,222,16275,Z2 King William St,2014-03-02 00:00:00,4
T4514,27501,224F,16275,Z2 King William St,2014-01-19 00:00:00,12
T4515,18668,254,16279,X2 King William St,2014-05-11 00:00:00,9
T4516,16852,252,17570,31 Glenroy St,2013-08-11 00:00:00,1
T4517,18411,542X,11164,49 North East Rd,2014-05-25 00:00:00,27
T4518,10787,H22,13329,H Grenfell St,2014-06-29 00:00:00,23
T4519,28909,506,11521,38 Pauls Dr,2013-09-15 00:00:00,1
T4520,58896,M44,12129,Zone C Paradise Interchange,2013-11-03 00:00:00,1
T4521,36502,440,10058,Zone A Smithfield Interchange,2014-05-18 00:00:00,3
T4522,27750,228F,10245,62 Midway Rd,2013-09-01 00:00:00,4
T4523,45689,171,14332,19 Princes Rd,2013-08-11 00:00:00,3
T4524,11225,150,11826,35 Port Rd,2014-04-13 00:00:00,3
T4525,22665,751,17072,97 Main Rd,2014-05-25 00:00:00,1
T4526,50191,H21,17790,16E Glynburn Rd,2014-01-12 00:00:00,1
T4527,21143,C1,10232,Zone C Elizabeth Interchange,2014-03-16 00:00:00,8
T4528,46812,195F,14686,23 Main Rd,2013-06-30 00:00:00,1
T4529,1677,230,12326,18 Days Rd,2013-12-15 00:00:00,1
T4530,16599,M44,14295,14 Marion Rd,2014-02-23 00:00:00,20
T4531,42251,N4,16049,Zone F Noarlunga Centre Interc,2013-08-18 00:00:00,1
T4532,49538,B10,18492,Zone C West Lakes Interchange,2013-07-07 00:00:00,3
T4533,152,722,17120,Zone C Old Reynella Interchang,2014-04-06 00:00:00,8
T4534,44720,100,13335,9A  Holbrooks Rd,2013-08-25 00:00:00,11
T4535,45488,168,14127,19 Pine Av,2013-10-20 00:00:00,5
T4536,10181,118,12782,22A  Crittenden Rd,2014-03-09 00:00:00,5
T4537,22474,741,16047,Zone B Noarlunga Centre Interc,2014-06-01 00:00:00,37
T4538,58059,C1G,13339,F2 Grenfell St,2014-01-12 00:00:00,8
T4539,27696,228F,10239,64 Kinkaid Rd,2013-07-28 00:00:00,3
T4540,4198,271,12579,14 North East Rd,2014-01-19 00:00:00,1
T4541,50368,H22L,16369,17 The Parade,2013-07-28 00:00:00,1
T4542,5930,300,12486,17A O G Rd,2014-06-22 00:00:00,24
T4543,27753,228F,12814,7 Main North Rd,2014-06-29 00:00:00,6
T4544,274,400,10425,52A Downton Av,2014-06-01 00:00:00,15
T4545,17784,841F,13348,E1 Currie St,2014-04-13 00:00:00,74
T4546,58310,G10,12723,9 Prospect Rd,2013-07-28 00:00:00,1
T4547,13346,W91C,13818,5 Leader St,2014-05-11 00:00:00,8
T4548,27502,224F,10431,53A Jarvis Rd,2013-07-07 00:00:00,1
T4549,10294,H20,16368,17 The Parade,2014-02-23 00:00:00,2
T4550,46238,174,12778,13  Payneham Rd,2013-09-01 00:00:00,1
T4551,48962,733,15807,46C Investigator Dr,2013-09-08 00:00:00,1
T4552,1030,273,12531,15 North East Rd,2013-12-22 00:00:00,2
T4553,57071,300G,16377,28 Seaview Rd,2013-11-10 00:00:00,1
T4554,9701,B10,13199,3 North Tce,2014-05-04 00:00:00,1
T4555,48911,733,15130,31D Diagonal Rd,2013-11-17 00:00:00,1
T4556,47727,287,13084,16 Hartley Rd,2013-10-06 00:00:00,3
T4557,50255,H22,16392,9 The Parade,2013-12-08 00:00:00,1
T4558,48744,720,17242,58 Young St,2013-11-17 00:00:00,1
T4559,8792,200C,13374,D1 King William St,2014-04-27 00:00:00,8
T4560,12231,167,14000,10  Marion Rd,2014-02-23 00:00:00,1
T4561,27450,224,12467,14 Main North Rd,2014-03-23 00:00:00,2
T4562,50029,H20,16379,15 The Parade,2013-06-30 00:00:00,1
T4563,15456,G10,12378,15 Prospect Rd,2014-04-27 00:00:00,3
T4564,5891,300,13390,8  Portrush Rd,2014-05-11 00:00:00,7
T4565,447,400,10257,60 Midway Rd,2013-12-29 00:00:00,2
T4566,8356,287,13102,25 Valetta Rd,2014-03-23 00:00:00,1
T4567,10294,H20,13669,8F  Marion Rd,2014-02-16 00:00:00,1
T4568,50441,H30,16419,6 Henley Beach Rd,2013-09-08 00:00:00,8
T4569,10672,141,13312,X1 Pulteney St,2014-06-15 00:00:00,19
T4570,11321,H30S,13176,7 Magill Rd,2014-04-06 00:00:00,1
T4571,50473,H30,12459,37 Graves St,2013-07-14 00:00:00,2
T4572,51703,W91,13283,S1 North Tce,2014-01-12 00:00:00,2
T4573,44807,118,11873,35A Old Port Rd,2013-11-10 00:00:00,7
T4574,10610,235,12039,18 Churchill Rd,2014-04-27 00:00:00,1
T4575,17113,N541,13348,E1 Currie St,2014-03-09 00:00:00,6
T4576,59030,M44,14682,22 Marion Rd,2013-08-18 00:00:00,2
T4577,9541,202F,12541,15 North East Rd,2014-06-29 00:00:00,8
T4578,36440,440,10001,92 Alawoona Rd,2014-06-29 00:00:00,1
T4579,16243,M44,11378,Zone E Tea Tree Plaza Intercha,2014-06-15 00:00:00,20
T4580,49296,750,16998,116 Pridham Bvd,2013-08-18 00:00:00,4
T4581,133,452,18158,77B Stebonheath Rd,2014-04-06 00:00:00,3
T4582,32906,442,18403,88 Main Tce,2014-04-13 00:00:00,3
T4583,12368,J2,13431,4A South Rd,2014-02-16 00:00:00,2
T4584,27171,203F,13549,R1 West Tce,2013-10-27 00:00:00,1
T4585,47541,281,12560,14A Ilford St,2013-07-21 00:00:00,1
T4586,857,733,15925,62 Flaxmill Rd,2014-05-18 00:00:00,1
T4587,11828,J1,13373,Y2 Currie St,2014-05-18 00:00:00,1
T4588,29975,722,16049,Zone F Noarlunga Centre Interc,2013-08-18 00:00:00,2
T4589,65417,737,18569,45A Southern Cross Dr,2014-03-09 00:00:00,2
T4590,59094,M44C,13280,R2 North Tce,2013-12-15 00:00:00,1
T4591,27691,228F,10214,66 Yorktown Rd,2013-08-04 00:00:00,11
T4592,27645,228,10537,49 Main North Rd,2014-01-12 00:00:00,1
T4593,44717,100,13945,9C  Marion Rd,2013-10-27 00:00:00,2
T4594,11397,144,13286,F1 North Tce,2014-06-01 00:00:00,2
T4595,58008,C1,10945,50 Golden Grove Rd,2013-08-25 00:00:00,3
T4596,45491,168,14413,Zone C Moseley St,2013-09-01 00:00:00,1
T4597,11078,239,12088,17 Churchill Rd,2014-03-02 00:00:00,1
T4598,36403,411,10631,39B Jamison St,2014-03-09 00:00:00,3
T4599,12320,J1,13559,10A Sir Donald Bradman Dr,2014-06-22 00:00:00,1
T4600,18359,864F,17515,L1 Glen Osmond Rd,2014-02-16 00:00:00,2
T4601,57955,C1,10465,51 Main North Rd,2013-12-22 00:00:00,1
T4602,46268,177,13021,8 Payneham Rd,2013-08-11 00:00:00,24
T4603,36332,411,10436,44B Burton Rd,2014-02-23 00:00:00,1
T4604,13070,190,14390,15B Raglan Av,2014-02-02 00:00:00,1
T4605,46540,179F,12615,23A Montacute Rd,2013-06-30 00:00:00,16
T4606,50240,H22,16384,13 The Parade,2013-08-04 00:00:00,1
T4607,48383,501,13365,C1 Currie St,2013-09-15 00:00:00,6
T4608,58290,G10,15111,26D University Dr,2013-07-21 00:00:00,1
T4609,64059,281,12936,5 Park Rd,2014-01-05 00:00:00,4
T4610,11328,H30S,13343,E3 Currie St,2014-05-04 00:00:00,7
T4611,45273,157,12935,7 Port Rd,2013-12-08 00:00:00,1
T4612,18229,248,14506,21 Hendrie St,2014-05-18 00:00:00,3
T4613,4841,271,13310,Y1 Pulteney St,2014-02-16 00:00:00,28
T4614,58540,G10A,16289,E1 King William St,2013-09-01 00:00:00,4
T4615,58310,G10,16288,V1 King William St,2013-10-06 00:00:00,4
T4616,64394,681,14985,32 Sturt Rd,2014-05-04 00:00:00,6
T4617,50891,J1,14381,21 Gordon St,2013-11-03 00:00:00,1
T4618,31210,863F,14838,39 Mount Barker Rd,2013-07-14 00:00:00,3
T4619,17148,263,14292,17 Anzac Hwy,2013-08-04 00:00:00,5
T4620,457,400,10293,64 Diment Rd,2013-08-04 00:00:00,1
T4621,48296,500,10998,40A Bridge Rd,2013-09-01 00:00:00,1
T4622,19201,864,15377,63 Adelaide Rd,2014-03-09 00:00:00,2
T4623,50577,H30,13346,U2 Grenfell St,2014-01-05 00:00:00,8
T4624,8560,B10,13209,6 South Rd,2014-04-13 00:00:00,1
T4625,64809,721,16036,Zone B Colonnades Interchange,2014-01-05 00:00:00,7
T4626,57610,646,14974,Zone D Marion Interchange,2013-10-20 00:00:00,2
T4627,57338,601,15106,Zone A Registry Rd Flinders Un,2013-08-04 00:00:00,4
T4628,36478,440,10136,74 Hamblynn Rd,2014-01-19 00:00:00,2
T4629,3043,G40,14993,26A University Dr,2013-10-06 00:00:00,1
T4630,32713,T863,14683,24 Crafers Ramp,2013-10-13 00:00:00,30
T4631,51552,W90,12504,26 Shepherds La,2013-11-10 00:00:00,2
T4632,12921,W90,13364,W3 Currie St,2014-02-16 00:00:00,5
T4633,7205,232,12767,9 Torrens Rd,2014-03-16 00:00:00,1
T4634,27747,228F,12814,7 Main North Rd,2013-11-24 00:00:00,1
T4635,47682,281,12220,22 Mclachlan Rd,2013-11-17 00:00:00,1
T4636,16724,251,13179,1 King William Rd,2014-01-19 00:00:00,1
T4637,47478,263,14796,32 Brighton Rd,2013-12-15 00:00:00,7
T4638,19376,271,11563,37 Grand Junction Rd,2014-03-02 00:00:00,1
T4639,27763,228F,11586,26 Main North Rd,2013-09-29 00:00:00,1
T4640,5687,101,13874,9  Marion Rd,2014-02-09 00:00:00,1
T4641,57455,645,14974,Zone D Marion Interchange,2014-01-19 00:00:00,2
T4642,13417,118,11822,35B Old Port Rd,2014-05-04 00:00:00,2
T4643,18358,864F,13758,3 Glen Osmond Rd,2014-02-23 00:00:00,3
T4644,45166,150,12376,22 Port Rd,2013-09-01 00:00:00,1
T4645,56948,232,12312,19 Regency Rd,2013-11-17 00:00:00,1
T4646,10585,209F,11389,43 Roopena St,2014-06-29 00:00:00,12
T4647,12218,235,12696,9 Churchill Rd,2013-08-18 00:00:00,1
T4648,16434,209F,11778,27 Hampstead Rd,2013-11-24 00:00:00,1
T4649,10319,H20,13875,9  Marion Rd,2014-04-13 00:00:00,1
T4650,10266,141,13367,B2 Currie St,2014-03-09 00:00:00,1
T4651,57126,300H,12516,219 Woodville Rd,2013-08-25 00:00:00,1
T4652,8428,333,11661,39 Church St,2014-06-08 00:00:00,1
T4653,18021,506,11410,44 Wright Rd,2013-08-04 00:00:00,1
T4654,45495,168,13728,3A Richmond Rd,2013-09-22 00:00:00,3
T4655,13685,265B,14507,24 Moseley St,2014-05-18 00:00:00,1
T4656,28653,442,10098,89 Park Lake Bvd,2013-09-22 00:00:00,1
T4657,1235,734,15859,57 Morrow Rd,2014-01-12 00:00:00,2
T4658,56493,190,13799,3 Unley Rd,2013-07-21 00:00:00,2
T4659,31002,841F,13509,R1 Pulteney St,2013-11-17 00:00:00,2
T4660,45554,168,14063,16 Hoylake St,2013-07-07 00:00:00,4
T4661,47466,263,13078,2 King William Rd,2013-08-11 00:00:00,1
T4662,27969,245,14133,11A  Marion Rd,2013-08-11 00:00:00,1
T4663,9450,H30,12990,11 Coorara Av,2014-02-23 00:00:00,1
T4664,49649,B10,13096,26 Magill Rd,2013-06-30 00:00:00,3
T4665,44759,117,12526,31 Tapleys Hill Rd,2013-09-15 00:00:00,12
T4666,847,733,18413,38E Kenihans Rd,2014-04-27 00:00:00,1
T4667,36310,411,10450,43C Liberator Dr,2014-05-04 00:00:00,1
T4668,45101,147,13658,8 Greenhill Rd,2013-12-15 00:00:00,1
T4669,52863,248,14210,12 Marion Rd,2013-12-29 00:00:00,1
T4670,27998,248,14650,26A Diagonal Rd,2013-12-01 00:00:00,1
T4671,36902,565,17839,38 Henderson Av,2014-03-16 00:00:00,1
T4672,19421,273,13330,G3 Grenfell St,2014-05-25 00:00:00,1
T4673,14840,G10,14126,9 Goodwood Rd,2014-07-06 00:00:00,1
T4674,53361,452,18155,77 Whitington Rd,2014-03-30 00:00:00,1
T4675,47781,287,13244,30 Military Rd,2013-08-25 00:00:00,4
T4676,11302,H30,16411,4 Henley Beach Rd,2014-05-18 00:00:00,3
T4677,17246,820,13354,D1 Currie St,2014-03-30 00:00:00,9
T4678,27341,222,11771,24 Main North Rd,2014-03-30 00:00:00,4
T4679,18311,864,18642,Zone A Dumas St,2014-03-09 00:00:00,2
T4680,11578,248,16289,E1 King William St,2014-02-09 00:00:00,5
T4681,13260,171,13436,T1 Hutt St,2014-01-26 00:00:00,1
T4682,50030,H20,16390,10 The Parade,2013-12-08 00:00:00,1
T4683,15459,G10,15049,Zone A Flinders Medical Centre,2014-02-09 00:00:00,1
T4684,49367,756,17094,85 Robinson Rd,2013-08-04 00:00:00,11
T4685,59122,M44G,14963,Zone B Marion Interchange,2014-01-19 00:00:00,13
T4686,7505,286,13225,8 Ashley St,2014-06-08 00:00:00,3
T4687,6945,502,10889,43 Bridge Rd,2014-06-29 00:00:00,3
T4688,14166,273,11948,29B Sudholz Rd,2014-03-09 00:00:00,1
T4689,10803,H22,16292,23 Military Rd,2014-04-13 00:00:00,2
T4690,8931,506,11230,64 Kelly Rd,2014-01-26 00:00:00,1
T4691,53433,502,13277,I2 North Tce,2013-09-15 00:00:00,2
T4692,63219,190B,16283,C3 King William St,2013-12-01 00:00:00,4
T4693,59324,21W,18491,V Currie Street,2013-09-01 00:00:00,10
T4694,27754,228F,16288,V1 King William St,2014-02-23 00:00:00,4
T4695,704,401,10420,53 Waterloo Corner Rd,2013-10-13 00:00:00,2
T4696,58233,G10,13274,A2 King William Rd,2013-09-08 00:00:00,6
T4697,510,452,18156,77A Whitington Rd,2014-06-29 00:00:00,1
T4698,57198,300U,14718,27A Diagonal Rd,2013-11-24 00:00:00,1
T4699,36854,560P,10836,43B Bridge Rd,2013-08-04 00:00:00,1
T4700,17156,263,13781,2 Anzac Hwy,2013-11-10 00:00:00,3
T4701,12430,239,13287,B1 Pulteney St,2013-11-24 00:00:00,4
T4702,27058,202F,11506,31 Briens Rd,2013-11-24 00:00:00,4
T4703,55236,N4,15261,45 Newland Av,2013-08-18 00:00:00,1
T4704,18352,864F,13763,3 Glen Osmond Rd,2014-05-25 00:00:00,2
T4705,52449,157,17780,39M Military Rd,2013-11-03 00:00:00,1
T4706,47428,241,14841,28A Morphett Rd,2013-09-15 00:00:00,1
T4707,19072,273,13001,4 Melbourne St,2014-04-20 00:00:00,2
T4708,10873,W90M,13757,2 Goodwood Rd,2014-06-15 00:00:00,1
T4709,49294,750,17058,119 BUTTERWORTH Rd,2013-08-04 00:00:00,2
T4710,10145,208,17195,27 The Promenade,2014-05-18 00:00:00,3
T4711,29056,546X,11075,60 Kelly Rd,2014-01-19 00:00:00,9
T4712,28621,442,10208,72 Turner Dr,2014-02-09 00:00:00,3
T4713,52593,208N,16580,2 Sir Edwin Smith Av,2013-10-13 00:00:00,1
T4714,50436,H30,16347,30A Military Rd,2013-12-22 00:00:00,2
T4715,45428,167,13372,Y1 Currie St,2013-10-27 00:00:00,6
T4716,8541,333B,11243,47 Military Rd,2014-05-04 00:00:00,1
T4717,57394,645,14974,Zone D Marion Interchange,2014-01-12 00:00:00,14
T4718,5645,100,14037,19  Portrush Rd,2014-04-27 00:00:00,3
T4719,1170,403,10447,52 Waterloo Corner Rd,2013-07-21 00:00:00,1
T4720,37086,681,15073,26B University Dr,2013-11-03 00:00:00,7
T4721,50444,H30,16429,9 Henley Beach Rd,2013-09-01 00:00:00,6
T4722,53884,740,16047,Zone B Noarlunga Centre Interc,2013-11-24 00:00:00,3
T4723,16700,251,12763,13 Hawker St,2013-08-18 00:00:00,3
T4724,8832,556,11766,36 Lower North East Rd,2013-09-29 00:00:00,7
T4725,27169,203F,16277,Z1 King William St,2013-12-08 00:00:00,15
T4726,818,725,17923,47A The Strand,2014-04-20 00:00:00,1
T4727,7655,287,13099,25 Valetta Rd,2014-06-15 00:00:00,1
T4728,50237,H22,16367,17A The Parade,2013-07-21 00:00:00,3
T4729,57047,300,16428,26 Seaview Rd,2013-08-18 00:00:00,5
T4730,57023,300,14403,Zone A Moseley St,2013-12-29 00:00:00,6
T4731,50032,H20,13373,Y2 Currie St,2013-06-30 00:00:00,1
T4732,7320,502,11083,38B Bridge Rd,2014-03-30 00:00:00,1
T4733,46214,174,12553,19 Lower North East Rd,2013-12-29 00:00:00,3
T4734,14246,178,12447,27 Gorge Rd,2014-03-23 00:00:00,4
T4735,14672,G10,13455,W1 Grote St,2014-04-13 00:00:00,6
T4736,47950,288,16591,T1 North Tce,2013-08-11 00:00:00,25
T4737,58333,G10,12010,20 Prospect Rd,2013-09-08 00:00:00,2
T4738,11629,150,12586,18 Port Rd,2014-03-23 00:00:00,2
T4739,57045,300,16357,29A Seaview Rd,2013-08-11 00:00:00,1
T4740,57373,645,14987,33 Sturt Rd,2013-08-11 00:00:00,3
T4741,19143,861,14013,12 Glen Osmond Rd,2014-05-04 00:00:00,1
T4742,50140,H20,16420,7 Henley Beach Rd,2013-09-15 00:00:00,4
T4743,32707,T842,15278,66 North Tce,2013-08-18 00:00:00,15
T4744,16437,M44,14755,24 Marion Rd,2014-03-09 00:00:00,1
T4745,46076,174,13080,6 Payneham Rd,2013-12-08 00:00:00,2
T4746,27752,228F,10537,49 Main North Rd,2014-05-18 00:00:00,1
T4747,16428,209F,11261,46 Fairfax Rd,2013-11-03 00:00:00,3
T4748,57879,C1,10566,60 The Grove Wy,2013-07-21 00:00:00,1
T4749,3198,241A,13274,A2 King William Rd,2014-05-25 00:00:00,4
T4750,48147,333B,11243,47 Military Rd,2014-01-12 00:00:00,1
T4751,51707,W91,12832,12 Sixth Av,2013-09-08 00:00:00,1
T4752,2084,557,11964,30 Lower North East Rd,2013-10-13 00:00:00,3
T4753,6299,J1A,13306,B2 Pulteney St,2014-03-09 00:00:00,5
T4754,6599,230,11750,36 Grand Junction Rd,2014-04-06 00:00:00,2
T4755,50441,H30,16348,30 Military Rd,2013-10-06 00:00:00,1
T4756,13705,172,14215,12 Harrow Tce,2014-03-09 00:00:00,1
T4757,36812,560,10237,64B Playford Bvd,2013-08-25 00:00:00,4
T4758,46499,178F,13159,4 Payneham Rd,2013-10-13 00:00:00,2
T4759,34031,118,13094,4 Port Rd,2013-10-13 00:00:00,1
T4760,28558,441,18116,65A Ifould Rd,2014-03-09 00:00:00,1
T4761,48394,501,13339,F2 Grenfell St,2013-07-21 00:00:00,48
T4762,44826,118,12061,33C Tapleys Hill Rd,2013-09-08 00:00:00,2
T4763,36446,440,10001,92 Alawoona Rd,2013-09-22 00:00:00,2
T4764,5745,H30,16471,13 Henley Beach Rd,2014-06-08 00:00:00,1
T4765,27223,208B,13470,T1 Victoria Sq,2013-09-01 00:00:00,10
T4766,51042,J1A,13372,Y1 Currie St,2013-08-04 00:00:00,4
T4767,50061,H20,16388,11 The Parade,2013-11-03 00:00:00,23
T4768,58367,G10,14956,29A Sturt Rd,2013-10-27 00:00:00,3
T4769,45375,167,13343,E3 Currie St,2013-11-17 00:00:00,1
T4770,19005,265,14807,32 King George Av,2014-04-27 00:00:00,1
T4771,47472,263,16289,E1 King William St,2013-09-15 00:00:00,8
T4772,53382,502,10759,44 Bridge Rd,2013-11-03 00:00:00,1
T4773,59165,M44X,10882,58 Richardson Rd,2013-12-08 00:00:00,5
T4774,265,400,10353,56A Guerin Rd,2014-03-30 00:00:00,1
T4775,27327,222,12409,15 Main North Rd,2014-06-29 00:00:00,4
T4776,5926,300,17523,Zone C Registry Rd Flinders Un,2014-02-16 00:00:00,6
T4777,36861,560P,11349,Zone H Tea Tree Plaza Intercha,2013-09-08 00:00:00,21
T4778,14137,273,12215,21 North East Rd,2014-05-25 00:00:00,5
T4779,52742,228,16288,V1 King William St,2013-07-14 00:00:00,2
T4780,8907,506,11521,38 Pauls Dr,2013-08-25 00:00:00,1
T4781,12406,239,13364,W3 Currie St,2013-09-22 00:00:00,3
T4782,7098,190,14224,11 Belair Rd,2014-05-11 00:00:00,3
T4783,45170,150,16663,43 Fletcher Rd,2013-11-10 00:00:00,2
T4784,51125,J2,13354,D1 Currie St,2013-10-27 00:00:00,1
T4785,27595,225F,11967,21 Main North Rd,2014-04-06 00:00:00,16
T4786,17034,265W,16276,A3 King William Rd,2013-12-15 00:00:00,2
T4787,58373,G10,14877,24A Ayliffes Rd,2013-12-01 00:00:00,3
T4788,50440,H30,16458,14 Henley Beach Rd,2013-10-20 00:00:00,2
T4789,11240,H30,13184,5 Magill Rd,2014-05-25 00:00:00,1
T4790,63693,722,17119,Zone B Old Reynella Interchang,2014-02-09 00:00:00,2
T4791,16673,251,12123,25 Liberty Av,2013-10-20 00:00:00,3
T4792,27507,224F,10322,56 Mofflin Rd,2014-03-23 00:00:00,4
T4793,4179,361,11722,33 Grand Junction Rd,2013-10-27 00:00:00,1
T4794,16954,254X,13700,1 Anzac Hwy,2013-07-07 00:00:00,1
T4795,36810,560,10276,59 Philip Hwy,2013-10-20 00:00:00,2
T4796,36812,560,11319,35 Montague Rd,2014-01-19 00:00:00,1
T4797,13951,287,13230,11 Ashley St,2014-05-18 00:00:00,1
T4798,7334,502,10787,43D Bridge Rd,2014-03-02 00:00:00,1
T4799,12362,J2,13527,5C Sir Donald Bradman Dr,2014-04-27 00:00:00,2
T4800,6000,178F,12153,47 Silkes Rd,2014-03-16 00:00:00,2
T4801,48370,501,11160,33B Mawson Lakes Bvd,2014-01-12 00:00:00,1
T4802,51688,W91,13965,9 East Av,2013-06-30 00:00:00,1
T4803,57045,300,12239,17B Regency Rd,2013-09-15 00:00:00,2
T4804,6957,502,10613,47B Park Tce,2014-06-29 00:00:00,1
T4805,6125,171,14015,10 Fullarton Rd,2014-03-16 00:00:00,1
T4806,11576,248,14408,18 Bray St,2014-01-26 00:00:00,2
T4807,3434,451,10142,70 Easton Av,2014-03-23 00:00:00,11
T4808,19317,556,11924,31 Lower North East Rd,2014-01-26 00:00:00,1
T4809,11023,235,12696,9 Churchill Rd,2014-02-23 00:00:00,3
T4810,27760,228F,12288,17 Main North Rd,2014-06-08 00:00:00,7
T4811,465,400,10387,55 John Rice Av,2013-12-22 00:00:00,3
T4812,9640,541,10908,57 Hancock Rd,2014-06-08 00:00:00,4
T4813,50036,H20,12650,22B St Bernards Rd,2013-08-04 00:00:00,1
T4814,59048,M44,16289,E1 King William St,2013-08-04 00:00:00,32
T4815,7167,230,12767,9 Torrens Rd,2014-04-20 00:00:00,3
T4816,27546,225,10677,46A Frost Rd,2014-03-16 00:00:00,1
T4817,13667,265,14982,31 Sturt Rd,2014-02-02 00:00:00,1
T4818,12852,171,13436,T1 Hutt St,2014-02-23 00:00:00,2
T4819,48731,719,14893,25A Main South Rd,2013-11-24 00:00:00,2
T4820,56816,230,11754,36A Grand Junction Rd,2013-10-06 00:00:00,1
T4821,10786,H22,16399,6 The Parade,2014-03-02 00:00:00,5
T4822,18324,864,15370,62 Adelaide Rd,2014-06-01 00:00:00,1
T4823,53323,451,10121,71 Fordingbridge Rd,2014-02-09 00:00:00,4
T4824,56774,230,11731,34 Grand Junction Rd,2013-11-10 00:00:00,9
T4825,16572,M44,13328,H1 Grenfell St,2014-02-09 00:00:00,1
T4826,14418,167,13821,8A Galway Av,2014-01-26 00:00:00,1
T4827,50535,H30,16341,31A Fort St,2013-07-07 00:00:00,2
T4828,45756,171,13325,I1 Grenfell St,2013-12-22 00:00:00,1
T4829,18284,861,13506,I1 Pulteney St,2014-02-23 00:00:00,3
T4830,46454,178,13300,Y2 King William St,2013-12-08 00:00:00,16
T4831,17161,265,14212,14 Anzac Hwy,2013-07-28 00:00:00,2
T4832,5685,101,14474,18 Marion Rd,2014-05-25 00:00:00,3
T4833,58727,G20,13784,3 Goodwood Rd,2013-09-01 00:00:00,1
T4834,47925,288,13215,6 Ashley St,2013-08-18 00:00:00,7
T4835,12245,167,14253,30 Tapleys Hill Rd,2014-02-09 00:00:00,1
T4836,7195,232,12009,31 Torrens Rd,2014-03-09 00:00:00,2
T4837,52411,SCH_EW,14750,30A King George Av,2013-08-04 00:00:00,34
T4838,5723,117,12933,16 Grange Rd,2014-03-02 00:00:00,3
T4839,5684,101,13618,8E  Marion Rd,2014-03-23 00:00:00,2
T4840,3145,441,10228,Zone A Elizabeth Interchange,2014-02-23 00:00:00,5
T4841,10328,H20,13364,W3 Currie St,2014-03-30 00:00:00,4
T4842,50532,H30,16450,17 Henley Beach Rd,2013-10-06 00:00:00,2
T4843,47751,287,13138,20 Valetta Rd,2013-11-03 00:00:00,1
T4844,14070,271,11991,26 North East Rd,2014-06-22 00:00:00,2
T4845,44847,118,12928,12 Grange Rd,2013-08-18 00:00:00,1
T4846,51148,J2,13279,R1 North Tce,2013-12-01 00:00:00,3
T4847,48332,501,11214,37 Montague Rd,2013-09-01 00:00:00,3
T4848,58336,G10,14542,18 Goodwood Rd,2014-01-19 00:00:00,5
T4849,20771,C1,13328,H1 Grenfell St,2014-03-30 00:00:00,4
T4850,57035,300,14324,14 Belair Rd,2013-10-13 00:00:00,25
T4851,185,722F,17119,Zone B Old Reynella Interchang,2014-06-22 00:00:00,26
T4852,56416,190,14407,18 Bray St,2013-10-27 00:00:00,1
T4853,11740,H33,13178,7 Magill Rd,2014-03-16 00:00:00,3
T4854,52620,222,16275,Z2 King William St,2013-08-11 00:00:00,4
T4855,4828,202F,11506,31 Briens Rd,2014-03-02 00:00:00,1
T4856,58310,G10,13922,6 Goodwood Rd,2013-09-08 00:00:00,5
T4857,50571,H30,12878,24 Glen Stuart Rd,2013-09-08 00:00:00,9
T4858,296,452,17922,80 Anderson Wk,2013-06-30 00:00:00,1
T4859,29828,721F,15687,44 Old South Rd,2013-11-24 00:00:00,1
T4860,51704,W91,13341,T3 Grenfell St,2013-09-29 00:00:00,3
T4861,18485,241,13930,6A Gray St,2014-02-02 00:00:00,1
T4862,12035,251,12719,14 Hawker St,2014-03-02 00:00:00,12
T4863,52813,239,12457,12 Churchill Rd,2013-07-21 00:00:00,1
T4864,10036,204,16279,X2 King William St,2014-03-09 00:00:00,42
T4865,34391,144,13751,12  Portrush Rd,2013-09-01 00:00:00,1
T4866,56830,230,11752,33A Addison Rd,2013-07-28 00:00:00,1
T4867,49644,B10,12973,24 Grange Rd,2013-09-08 00:00:00,12
T4868,16263,M44,13373,Y2 Currie St,2014-05-04 00:00:00,30
T4869,12761,168,14251,30 Tapleys Hill Rd,2014-06-08 00:00:00,2
T4870,28020,248,14758,28 Diagonal Rd,2013-08-18 00:00:00,1
T4871,44926,141,13345,E2 Currie St,2013-10-13 00:00:00,13
T4872,30176,725,15816,54 Acre Av,2013-07-28 00:00:00,1
T4873,50548,H30,16438,23 Henley Beach Rd,2014-01-19 00:00:00,4
T4874,7053,232,12765,9 Torrens Rd,2014-05-25 00:00:00,1
T4875,8336,545,11051,51 Mcintyre Rd,2013-12-29 00:00:00,1
T4876,27023,202,12828,8 Northcote Tce,2013-09-15 00:00:00,1
T4877,51604,W90,13104,5 Harrow Rd,2013-10-13 00:00:00,1
T4878,49533,B10,13178,7 Magill Rd,2013-07-07 00:00:00,3
T4879,46861,200,14030,9 Victoria Av,2014-01-19 00:00:00,1
T4880,48716,719,14850,25 South Rd,2013-11-24 00:00:00,1
T4881,12355,J2,13533,6A Sir Donald Bradman Dr,2014-05-18 00:00:00,5
T4882,10715,142,13345,E2 Currie St,2014-06-29 00:00:00,25
T4883,15181,G10,15049,Zone A Flinders Medical Centre,2014-04-27 00:00:00,4
T4884,445,400A,10309,67 Bolivar Rd,2013-11-24 00:00:00,2
T4885,9715,B10,13154,13 Magill Rd,2014-02-02 00:00:00,3
T4886,13263,171,14272,15 Fullarton Rd,2014-06-22 00:00:00,1
T4887,10937,118,12976,7 Manton St,2014-03-09 00:00:00,1
T4888,18718,866A,17499,34 Pomona Rd,2014-03-02 00:00:00,2
T4889,46532,179,12618,23 Montacute Rd,2013-11-17 00:00:00,1
T4890,58946,M44,11370,Zone C Tea Tree Plaza Intercha,2013-10-13 00:00:00,2
T4891,18336,864F,14862,46 Mount Barker Rd,2014-05-18 00:00:00,2
T4892,10506,W90,18495,F1 Morphett Street,2014-04-20 00:00:00,11
T4893,8628,200,15013,27 Main South Rd,2014-04-20 00:00:00,1
T4894,27102,203,12962,5 Melbourne St,2013-08-25 00:00:00,1
T4895,50424,H30,13364,W3 Currie St,2013-06-30 00:00:00,1
T4896,8934,506,11311,45 Nelson Rd,2014-05-11 00:00:00,1
T4897,9559,202F,12138,21 Hampstead Rd,2014-05-25 00:00:00,3
T4898,49004,733,16052,Zone E Noarlunga Centre Interc,2013-09-29 00:00:00,3
T4899,12829,170,13991,8 Duthy St,2014-03-02 00:00:00,2
T4900,10247,141,13384,V1 Dequetteville Tce,2014-07-06 00:00:00,1
T4901,14842,G10,14656,20 Goodwood Rd,2014-07-06 00:00:00,1
T4902,5797,H30S,16461,12 Henley Beach Rd,2014-04-13 00:00:00,2
T4903,13416,118,12363,33 Tapleys Hill Rd,2014-04-20 00:00:00,2
T4904,64792,721,16286,D2 King William St,2014-02-09 00:00:00,15
T4905,28021,248,14453,20 Hendrie St,2013-06-30 00:00:00,1
T4906,18926,252A,11587,Zone C Port Adelaide Interchan,2014-06-08 00:00:00,1
T4907,27633,228,12590,12 Main North Rd,2014-02-09 00:00:00,1
T4908,17049,254X,13091,2 King William Rd,2013-07-21 00:00:00,4
T4909,27319,222,11444,29 Main North Rd,2014-03-30 00:00:00,10
T4910,29079,557,12193,25 Darley Rd,2013-10-13 00:00:00,4
T4911,27323,222,17536,Zone B Mawson Central Intercha,2014-03-02 00:00:00,8
T4912,9667,541,11014,54 Hancock Rd,2014-02-02 00:00:00,1
T4913,64822,721L,16036,Zone B Colonnades Interchange,2014-04-27 00:00:00,1
T4914,28951,541X,10865,59 Hancock Rd,2013-07-14 00:00:00,3
T4915,4204,271,11439,42 Reservoir Rd,2013-12-22 00:00:00,2
T4916,9941,541,10908,57 Hancock Rd,2013-12-08 00:00:00,2
T4917,56927,232,12861,7 Jeffcott St,2013-11-03 00:00:00,1
T4918,56542,190,14088,9 Unley Rd,2013-09-01 00:00:00,2
T4919,32427,J7,14802,28 Morphett Rd,2013-12-15 00:00:00,4
T4920,11903,237,12457,12 Churchill Rd,2013-07-07 00:00:00,3
T4921,16275,203,11559,30 Briens Rd,2013-12-01 00:00:00,4
T4922,46196,174,12717,15 Payneham Rd,2013-10-13 00:00:00,2
T4923,58270,G10,14457,16 Goodwood Rd,2013-09-15 00:00:00,1
T4924,44704,100,12726,23  Findon Rd,2013-10-06 00:00:00,1
T4925,45222,150B,13006,6 Port Rd,2013-08-11 00:00:00,1
T4926,30756,749A,17700,124 Storey Av,2013-10-20 00:00:00,3
T4927,44727,100,12294,223 Woodville Rd,2013-08-04 00:00:00,1
T4928,50937,J1,16408,3 Henley Beach Rd,2013-08-25 00:00:00,5
T4929,16364,M44,16667,Zone A Klemzig Interchange,2014-05-25 00:00:00,2
T4930,48113,333,11661,39 Church St,2013-09-22 00:00:00,3
T4931,56841,231,12061,33C Tapleys Hill Rd,2013-09-15 00:00:00,1
T4932,19644,864,14778,36 Mt Barker Rd,2014-03-09 00:00:00,6
T4933,58362,G10,14601,19 Goodwood Rd,2013-07-21 00:00:00,2
T4934,1915,405,10462,48P Yalumba Dr,2013-11-24 00:00:00,2
T4935,63063,753H,16029,68 Beach Rd,2013-12-22 00:00:00,1
T4936,49126,745,17864,75 Barcelona Rd,2013-08-25 00:00:00,1
T4937,17111,N254,13453,D1 Grote St,2014-07-06 00:00:00,2
T4938,12034,251,11820,29 Medika Bvd,2014-03-16 00:00:00,11
T4939,14616,C1T,13351,D2 Currie St,2014-05-04 00:00:00,7
T4940,16693,251,12596,16 Torrens Rd,2013-07-21 00:00:00,1
T4941,5750,H30,17338,30 Stradbroke Rd,2014-02-02 00:00:00,1
T4942,11257,H30,13312,X1 Pulteney St,2014-02-02 00:00:00,46
T4943,12303,J1,13396,4 South Rd,2014-04-13 00:00:00,1
T4944,28628,442,18404,88 Main Tce,2013-09-29 00:00:00,3
T4945,52859,248,14419,19 Hendrie St,2014-01-26 00:00:00,1
T4946,45901,172,13764,2 George St,2013-10-13 00:00:00,1
T4947,27898,241,14982,31 Sturt Rd,2013-11-24 00:00:00,1
T4948,27111,203,12680,11 North East Rd,2013-10-06 00:00:00,2
T4949,13398,117,12925,12 Grange Rd,2014-06-22 00:00:00,2
T4950,45177,150,12730,13 Port Rd,2013-11-24 00:00:00,1
T4951,28577,441,17302,77A Zurich Rd,2013-07-28 00:00:00,1
T4952,58252,G10,13179,1 King William Rd,2013-08-25 00:00:00,2
T4953,50911,J1,13508,5A Sir Donald Bradman Dr,2013-08-18 00:00:00,1
T4954,48749,720,14350,14 South Rd,2013-11-17 00:00:00,1
T4955,19753,559S,11702,39 Lower North East Rd,2014-04-27 00:00:00,1
T4956,8796,200C,13473,G2 Victoria Sq,2014-03-16 00:00:00,8
T4957,30394,734,15123,35 Morphett Rd,2013-09-08 00:00:00,1
T4958,27689,228F,11444,29 Main North Rd,2013-09-29 00:00:00,1
T4959,52698,225,10814,44 Northbri Av,2014-01-26 00:00:00,1
T4960,36303,411,17511,42 Kings Rd,2013-11-24 00:00:00,1
T4961,19500,502,10645,46B Smith St,2014-06-08 00:00:00,3
T4962,19377,271,13310,Y1 Pulteney St,2014-01-26 00:00:00,2
T4963,60729,202F,11459,33 Bridge Rd,2013-09-15 00:00:00,3
T4964,12190,235,12826,7A Torrens Rd,2013-10-27 00:00:00,1
T4965,12114,157X,11548,43A Military Rd,2014-03-02 00:00:00,1
T4966,58624,G10C,14048,8 Goodwood Rd,2013-07-14 00:00:00,1
T4967,63469,720H,14995,27 Main South Rd,2014-06-08 00:00:00,1
T4968,27096,202F,16277,Z1 King William St,2013-10-06 00:00:00,19
T4969,50400,H30,12855,25A Morialta Rd,2013-11-24 00:00:00,1
T4970,16286,203,11328,40 Winara Dr,2013-09-15 00:00:00,1
T4971,47032,200B,15049,Zone A Flinders Medical Centre,2013-10-27 00:00:00,7
T4972,57056,300,14515,18 Belair Rd,2013-10-27 00:00:00,4
T4973,31807,G40,13281,G3 North Tce,2013-10-13 00:00:00,16
T4974,56946,232,12545,13 Harrison Rd,2013-10-27 00:00:00,2
T4975,11716,H32,16482,22E Military Rd,2014-06-29 00:00:00,2
T4976,13319,172,14139,10 Harrow Tce,2014-05-25 00:00:00,2
T4977,58578,G10B,13078,2 King William Rd,2013-07-21 00:00:00,5
T4978,12246,167,13566,J1 West Tce,2014-03-02 00:00:00,1
T4979,58267,G10,14646,20 Goodwood Rd,2013-12-15 00:00:00,1
T4980,18560,251,11817,28 Medika Bvd,2014-02-02 00:00:00,1
T4981,5643,100,12612,217 Findon Rd,2014-02-02 00:00:00,1
T4982,16672,250,11699,29 Grand Junction Rd,2013-11-03 00:00:00,3
T4983,27649,228,10193,68 Yorktown Rd,2013-11-03 00:00:00,1
T4984,49664,B10,13343,E3 Currie St,2013-11-03 00:00:00,20
T4985,49510,B10,12991,26 Grange Rd,2013-09-29 00:00:00,1
T4986,36862,560P,10431,53A Jarvis Rd,2014-01-05 00:00:00,2
T4987,57031,300,13131,143 Portrush Rd,2013-10-20 00:00:00,2
T4988,21700,J7,13774,8H  Marion Rd,2013-10-27 00:00:00,4
T4989,9699,B10,13195,3A Magill Rd,2014-02-16 00:00:00,1
T4990,16609,M44,10987,52 Ladywood Rd,2014-03-02 00:00:00,4
T4991,16232,M44,13954,7 Anzac Hwy,2014-02-09 00:00:00,3
T4992,11639,150,12952,7 Port Rd,2014-07-06 00:00:00,1
T4993,5909,300,16428,26 Seaview Rd,2014-05-18 00:00:00,8
T4994,20325,645,14963,Zone B Marion Interchange,2014-07-06 00:00:00,2
T4995,21246,C1T,13339,F2 Grenfell St,2014-05-25 00:00:00,9
T4996,7863,506,11585,37 Pauls Dr,2014-05-04 00:00:00,1
T4997,1655,743,16134,52A Melsetter Rd,2014-05-11 00:00:00,1
T4998,46076,174,12501,20 Lower North East Rd,2013-10-20 00:00:00,7
T4999,56734,230,16279,X2 King William St,2013-08-04 00:00:00,6
T5000,57012,300,14779,23 Fiveash Dr,2013-07-28 00:00:00,1
T5001,45714,171,13845,6 Fullarton Rd,2013-07-14 00:00:00,2
T5002,12196,239,12631,9A Churchill Rd,2014-01-05 00:00:00,4
T5003,16346,M44,16667,Zone A Klemzig Interchange,2014-02-09 00:00:00,5
T5004,28581,441,10224,Zone B Elizabeth City Centre,2014-06-15 00:00:00,15
T5005,45104,147,13580,12 Northumberland St,2013-06-30 00:00:00,1
T5006,59136,M44T,13300,Y2 King William St,2014-01-05 00:00:00,2
T5007,27297,222,17535,34L Main St,2013-11-03 00:00:00,4
T5008,45234,155,12711,14 Port Rd,2013-08-04 00:00:00,4
T5009,45264,157,11507,43B Military Rd,2013-09-15 00:00:00,2
T5010,36445,440,10103,77 Hamblynn Rd,2013-12-15 00:00:00,1
T5011,9715,B10,13279,R1 North Tce,2014-06-01 00:00:00,4
T5012,13490,230,16279,X2 King William St,2014-04-20 00:00:00,10
T5013,47684,281,13276,I3 North Tce,2013-10-27 00:00:00,2
T5014,4200,271,13032,3A Melbourne St,2013-11-03 00:00:00,1
T5015,18369,864F,15205,56 Mount Barker Rd,2014-05-11 00:00:00,5
T5016,9683,541,10885,58 Hancock Rd,2014-05-04 00:00:00,1
T5017,50571,H30,16457,18 Henley Beach Rd,2013-12-08 00:00:00,4
T5018,31160,861,13561,K1 Pulteney St,2013-08-18 00:00:00,1
T5019,45810,171A,13343,E3 Currie St,2013-12-08 00:00:00,3
T5020,28116,265,13990,8 Anzac Hwy,2013-12-29 00:00:00,1
T5021,16238,M44,14867,27 Finniss St,2014-03-16 00:00:00,2
T5022,45203,150,12506,20 Port Rd,2013-12-15 00:00:00,3
T5023,10505,W90,13818,5 Leader St,2014-03-02 00:00:00,6
T5024,459,400,10344,56A Guerin Rd,2013-09-01 00:00:00,2
T5025,6059,190,14157,10 Belair Rd,2014-06-22 00:00:00,5
T5026,45482,168,13913,11A Streeters Rd,2014-01-12 00:00:00,1
T5027,11267,H30,16470,13 Henley Beach Rd,2014-05-04 00:00:00,6
T5028,34113,141,13384,V1 Dequetteville Tce,2014-01-05 00:00:00,2
T5029,57803,C1,10227,Zone E Elizabeth City Centre,2013-12-01 00:00:00,3
T5030,47531,281,12594,14 Harris Rd,2013-07-28 00:00:00,3
T5031,9360,H22,16375,15A The Parade,2014-05-11 00:00:00,2
T5032,36833,560,10501,50 / E Ann St,2013-07-28 00:00:00,2
T5033,58849,M44,14602,20 Marion Rd,2013-09-29 00:00:00,1
T5034,1950,415,16679,49 / B Church St,2013-09-22 00:00:00,2
T5035,313,452,10184,68 Woodford Rd,2013-09-15 00:00:00,2
T5036,47926,288,13125,19 Valetta Rd,2013-10-13 00:00:00,2
T5037,16217,G40M,15073,26B University Dr,2014-06-29 00:00:00,13
T5038,58040,C1G,13339,F2 Grenfell St,2014-01-12 00:00:00,122
T5039,12099,157,12415,33 West Lakes Bvd,2014-05-18 00:00:00,3
T5040,31813,G40,10731,58 John Rd,2014-01-05 00:00:00,1
T5041,50201,H22,13360,W1 Currie St,2013-12-08 00:00:00,5
T5042,58620,G10C,12066,19 Prospect Rd,2013-07-21 00:00:00,1
T5043,36383,411,10710,37 Shepherdson Rd,2014-07-06 00:00:00,1
T5044,27694,228F,10779,43 Main North Rd,2014-01-26 00:00:00,1
T5045,46983,200,14779,23 Fiveash Dr,2013-11-03 00:00:00,1
T5046,9264,B10,13067,20 St Bernards Rd,2014-05-25 00:00:00,6
T5047,50830,H32,16437,11 Henley Beach Rd,2013-09-29 00:00:00,5
T5048,13211,171,13777,4 Glen Osmond Rd,2014-05-25 00:00:00,4
T5049,57849,C1,11378,Zone E Tea Tree Plaza Intercha,2013-12-08 00:00:00,12
T5050,45508,168,13734,5 Richmond Rd,2013-07-21 00:00:00,4
T5051,14847,G10,16288,V1 King William St,2014-03-30 00:00:00,9
T5052,8539,333B,11548,43A Military Rd,2014-03-09 00:00:00,1
T5053,31043,861,13779,4 Glen Osmond Rd,2014-01-19 00:00:00,6
T5054,27986,248,14131,11A  Marion Rd,2013-10-27 00:00:00,1
T5055,48388,501,13277,I2 North Tce,2013-12-15 00:00:00,52
T5056,50075,H20,13134,19C Penfold Rd,2013-07-21 00:00:00,3
T5057,6920,502,10918,42A Bridge Rd,2014-04-06 00:00:00,3
T5058,45204,150,12885,9 Port Rd,2013-08-11 00:00:00,1
T5059,27289,222,12599,12 Main North Rd,2014-04-27 00:00:00,2
T5060,29833,721F,15979,58 Main South Rd,2013-09-01 00:00:00,4
T5061,7809,503,11399,42A Smart Rd,2014-04-13 00:00:00,6
T5062,48735,720,13498,1 Sir Donald Bradman Dr,2013-07-07 00:00:00,3
T5063,6992,230,12718,10 Torrens Rd,2014-02-09 00:00:00,1
T5064,19747,559,11443,45H Hancock Rd,2014-07-06 00:00:00,1
T5065,47951,288,13297,W1 North Tce,2013-10-13 00:00:00,12
T5066,23646,100,12610,217 Findon Rd,2013-06-30 00:00:00,3
T5067,19113,300H,14718,27A Diagonal Rd,2014-03-30 00:00:00,1
T5068,46190,174,13257,1 Botanic Rd,2013-07-07 00:00:00,2
T5069,52658,224,10407,53C John Rice Av,2014-01-26 00:00:00,2
T5070,12314,J1,13373,Y2 Currie St,2014-02-09 00:00:00,3
T5071,11314,H30C,18492,Zone C West Lakes Interchange,2014-02-23 00:00:00,6
T5072,52441,147,13857,19A Dashwood Rd,2013-12-08 00:00:00,1
T5073,58767,G21,15309,36 Black Rd,2013-10-13 00:00:00,1
T5074,12601,174,13354,D1 Currie St,2014-04-06 00:00:00,1
T5075,49689,B10,13233,1A George St,2013-09-29 00:00:00,1
T5076,37184,682,17969,Zone A Hallett Cove Shopping C,2013-11-24 00:00:00,2
T5077,17152,263,14212,14 Anzac Hwy,2013-10-27 00:00:00,2
T5078,16241,M44,11399,42A Smart Rd,2014-06-15 00:00:00,5
T5079,48231,376,17772,35 Island Dr,2013-07-21 00:00:00,1
T5080,27509,224F,11540,27 Main North Rd,2013-10-27 00:00:00,1
T5081,50589,H30C,12857,25 Morialta Rd,2013-10-20 00:00:00,5
T5082,64986,719,18486,W Grote St,2014-05-18 00:00:00,3
T5083,58085,C1G,13277,I2 North Tce,2013-10-13 00:00:00,2
T5084,50460,H30,12459,37 Graves St,2013-09-01 00:00:00,1
T5085,10811,H22,16401,5 The Parade,2014-03-16 00:00:00,1
T5086,7160,230,12660,11 Harrison Rd,2014-05-04 00:00:00,2
T5087,56991,300,12492,17A O G Rd,2013-09-15 00:00:00,12
T5088,3615,451,10153,69  Womma Rd,2014-01-12 00:00:00,1
T5089,58377,G10,14236,11 Goodwood Rd,2013-09-01 00:00:00,5
T5090,52493,202,11778,27 Hampstead Rd,2013-09-22 00:00:00,3
T5091,45127,147,13398,F1 Hutt St,2013-08-11 00:00:00,4
T5092,12193,235,11944,20 Churchill Rd,2013-11-03 00:00:00,1
T5093,45885,172,14096,9A Duthy St,2013-10-27 00:00:00,8
T5094,27983,248,13700,1 Anzac Hwy,2013-12-01 00:00:00,1
T5095,27593,225F,10824,43C Mcintyre Rd,2014-06-22 00:00:00,2
T5096,29933,722,14926,26 Main South Rd,2013-06-30 00:00:00,3
T5097,47154,230,11794,33 Addison Rd,2013-06-30 00:00:00,7
T5098,17262,830F,13506,I1 Pulteney St,2014-04-20 00:00:00,1
T5099,51609,W90,14573,20 Winston Av,2013-07-28 00:00:00,6
T5100,27275,222,13091,2 King William Rd,2014-03-23 00:00:00,1
T5101,15157,G10,12304,16 Prospect Rd,2014-02-02 00:00:00,2
T5102,63511,721,15830,52 Main South Rd,2014-05-04 00:00:00,1
T5103,319,452,18139,78C Peachey Rd,2013-10-13 00:00:00,6
T5104,36853,560P,10405,54 John Rice Av,2013-07-28 00:00:00,2
T5105,20131,506,11408,43S Smart Rd,2014-06-15 00:00:00,1
T5106,46938,200,14427,17A East Pky,2013-10-06 00:00:00,2
T5107,65029,720,14575,19 South Rd,2014-02-23 00:00:00,1
T5108,5800,H30S,16453,18 Henley Beach Rd,2014-06-08 00:00:00,3
T5109,12926,W90M,14735,25 Bradley Gr,2014-03-02 00:00:00,1
T5110,51294,M44,13361,W2 King William St,2013-06-30 00:00:00,8
T5111,10362,H21,16379,15 The Parade,2014-02-02 00:00:00,1
T5112,27710,228F,10205,67 Yorktown Rd,2013-09-01 00:00:00,1
T5113,15793,263,14248,14A Anzac Hwy,2014-01-26 00:00:00,1
T5114,31192,863,14814,37 Mount Barker Rd,2013-10-06 00:00:00,1
T5115,13930,147,13286,F1 North Tce,2014-05-25 00:00:00,5
T5116,9790,B10,13364,W3 Currie St,2014-06-08 00:00:00,5
T5117,36822,560,10431,53A Jarvis Rd,2014-06-08 00:00:00,6
T5118,27930,241,14513,18 Adelaide Tce,2013-08-25 00:00:00,1
T5119,33085,734,14982,31 Sturt Rd,2013-10-06 00:00:00,4
T5120,15751,263,13904,5A Anzac Hwy,2014-02-09 00:00:00,2
T5121,45561,168,14374,21 Gordon St,2013-06-30 00:00:00,1
T5122,48983,733,15333,33 Main South Rd,2013-07-28 00:00:00,10
T5123,12388,239,11913,29 Days Rd,2013-09-22 00:00:00,4
T5124,12679,235,13267,1 Frome Rd,2013-08-18 00:00:00,4
T5125,10168,118,12523,31 Tapleys Hill Rd,2014-04-06 00:00:00,4
T5126,17110,N254,13261,Z3 King William St,2014-01-19 00:00:00,5
T5127,18275,861,13352,V1 Currie St,2014-05-04 00:00:00,4
T5128,53392,502,11448,34A Walkleys Rd,2013-12-15 00:00:00,2
T5129,57300,600B,15106,Zone A Registry Rd Flinders Un,2013-11-24 00:00:00,1
T5130,12028,251,13700,1 Anzac Hwy,2014-06-15 00:00:00,2
T5131,28178,273,13032,3A Melbourne St,2013-12-08 00:00:00,1
T5132,44751,117,17483,36 Bartley Tce,2014-01-19 00:00:00,3
T5133,58115,C1T,13328,H1 Grenfell St,2013-10-06 00:00:00,3
T5134,11695,155,12546,18 Port Rd,2014-03-30 00:00:00,4
T5135,64404,681,15542,57H Cherub St,2014-06-08 00:00:00,4
T5136,36809,560,11293,36A Montague Rd,2013-10-20 00:00:00,3
T5137,64269,B10,13139,15 Magill Rd,2013-12-15 00:00:00,1
T5138,33847,117,11674,39 Church St,2013-09-22 00:00:00,1
T5139,12155,237,11662,24B Grand Junction Rd,2013-10-13 00:00:00,1
T5140,65380,721F,15687,44 Old South Rd,2014-04-20 00:00:00,5
T5141,50082,H20,12493,23A Newton Rd,2013-09-01 00:00:00,1
T5142,487,723F,15645,39B Regency Rd,2014-06-01 00:00:00,2
T5143,5591,653,12351,34 Frederick Rd,2014-05-04 00:00:00,5
T5144,29076,556,12070,28 Lower North East Rd,2013-08-25 00:00:00,1
T5145,220,749,16189,81 Commercial Rd,2013-12-15 00:00:00,1
T5146,15322,M44,13373,Y2 Currie St,2014-05-18 00:00:00,3
T5147,6037,190,14316,13C Grange Rd,2014-03-09 00:00:00,10
T5148,13497,232,12263,Zone F Arndale Interchange,2014-05-18 00:00:00,3
T5149,51594,W90,13283,S1 North Tce,2013-08-11 00:00:00,1
T5150,58543,G10B,14536,18 Goodwood Rd,2013-07-21 00:00:00,4
T5151,5899,300,14110,170 Cross Rd,2014-05-04 00:00:00,1
T5152,12022,251,16279,X2 King William St,2014-05-04 00:00:00,68
T5153,11529,245,14094,11  Marion Rd,2014-05-04 00:00:00,1
T5154,21252,263,14305,20 Anzac Hwy,2014-03-30 00:00:00,4
T5155,6045,190,13766,2 Unley Rd,2014-03-09 00:00:00,10
T5156,22310,745,17206,92 Grand Bvd,2014-06-15 00:00:00,1
T5157,6605,230,12481,14A Pym St,2014-05-18 00:00:00,2
T5158,50511,H30,13312,X1 Pulteney St,2013-10-27 00:00:00,5
T5159,50462,H30,13015,10  Portrush Rd,2013-08-11 00:00:00,2
T5160,49653,B10,12569,32A Frederick Rd,2013-10-06 00:00:00,1
T5161,275,400,10256,61 Midway Rd,2014-04-27 00:00:00,1
T5162,14543,H22,13348,E1 Currie St,2014-05-11 00:00:00,11
T5163,58156,C1T,12126,Zone D Paradise Interchange,2013-09-22 00:00:00,1
T5164,58917,M44,13280,R2 North Tce,2013-11-24 00:00:00,8
T5165,31241,864,14683,24 Crafers Ramp,2013-10-27 00:00:00,1
T5166,4440,271,12292,20 North East Rd,2013-07-07 00:00:00,3
T5167,12791,168,13549,R1 West Tce,2014-03-16 00:00:00,1
T5168,33916,117,12387,33C West Lakes Bvd,2013-09-01 00:00:00,3
T5169,16001,G10B,12378,15 Prospect Rd,2014-04-20 00:00:00,8
T5170,36379,411,10467,45A Burton Rd,2014-03-23 00:00:00,2
T5171,19782,300M,14897,29F Diagonal Rd,2014-06-29 00:00:00,1
T5172,8007,506,11125,62 Kelly Rd,2014-02-23 00:00:00,2
T5173,27477,224,12288,17 Main North Rd,2014-06-29 00:00:00,4
T5174,45877,172,18049,13 Tutt Ave,2013-09-22 00:00:00,10
T5175,13785,174,12687,16 Payneham Rd,2014-03-30 00:00:00,1
T5176,264,400,10329,56B Hogarth Rd,2013-10-27 00:00:00,1
T5177,22594,750,17672,114A Pridham Bvd,2014-05-04 00:00:00,2
T5178,52672,224,10335,55A Mofflin Rd,2014-06-15 00:00:00,1
T5179,18063,506,11112,39D Sleep Rd,2013-12-29 00:00:00,1
T5180,50233,H22,13346,U2 Grenfell St,2013-08-04 00:00:00,10
T5181,27171,203F,12075,22 Hampstead Rd,2013-06-30 00:00:00,3
T5182,10053,208,13546,Q1 King William St,2014-07-06 00:00:00,1
T5183,14544,H22,13329,H Grenfell St,2014-02-16 00:00:00,1
T5184,65353,721F,15129,30 Main South Rd,2014-03-09 00:00:00,2
T5185,13808,174,12778,13  Payneham Rd,2014-03-30 00:00:00,3
T5186,4192,271,12473,16 North East Rd,2014-01-12 00:00:00,2
T5187,13203,254X,11710,31 Grand Junction Rd,2014-03-09 00:00:00,2
T5188,16759,251,12818,11 Hawker St,2014-01-05 00:00:00,1
T5189,2170,415,10486,55 Saints Rd,2014-03-23 00:00:00,1
T5190,62999,H33,13364,W3 Currie St,2014-01-12 00:00:00,5
T5191,14066,271,12295,20 North East Rd,2014-04-06 00:00:00,5
T5192,63082,756,17079,93 Main Rd,2013-12-01 00:00:00,1
T5193,52454,157,13141,4 Port Rd,2013-11-24 00:00:00,1
T5194,27344,222,17380,33D Mawson Lakes Bvd,2014-06-01 00:00:00,1
T5195,3633,451,10101,73 Peachey Rd,2013-07-14 00:00:00,1
T5196,28054,248,13374,D1 King William St,2014-01-05 00:00:00,12
T5197,11202,147,13398,F1 Hutt St,2014-05-25 00:00:00,1
T5198,48783,721F,15895,55 Main South Rd,2013-10-06 00:00:00,13
T5199,17095,254,12716,14 Hawker St,2013-08-04 00:00:00,2
T5200,3032,G40M,10777,60A Bicentenial Dr,2013-09-08 00:00:00,1
T5201,6759,W91,18497,P1 Morphett Street,2014-02-02 00:00:00,1
T5202,5926,300,12311,20 Regency Rd,2014-04-13 00:00:00,3
T5203,28081,262,14763,31 Brighton Rd,2013-09-15 00:00:00,3
T5204,45413,167,13353,V2 Currie St,2013-09-29 00:00:00,3
T5205,16356,M44,14294,14 Marion Rd,2014-05-18 00:00:00,1
T5206,10568,208B,13470,T1 Victoria Sq,2014-06-15 00:00:00,2
T5207,323,452,17126,Zone D Munno Para Shopping Cen,2013-06-30 00:00:00,4
T5208,57052,300,12748,135 O G Rd,2013-11-03 00:00:00,1
T5209,49000,733,15903,56 Wheatsheaf Rd,2013-08-11 00:00:00,1
T5210,56977,300,12262,114 Regency Rd,2013-11-03 00:00:00,5
T5211,11326,H30S,13276,I3 North Tce,2014-06-15 00:00:00,4
T5212,20310,645,15148,37 Neath Av,2014-05-25 00:00:00,1
T5213,14092,271,12712,10 North East Rd,2014-03-23 00:00:00,1
T5214,50122,H20,16383,13 The Parade,2013-10-20 00:00:00,1
T5215,13072,190,13853,4 Unley Rd,2014-05-18 00:00:00,1
T5216,57029,300,14928,26 Main South Rd,2013-08-11 00:00:00,1
T5217,18038,506,11867,29C Sudholz Rd,2013-10-06 00:00:00,5
T5218,36375,411,10628,39A Jamison St,2014-06-29 00:00:00,1
T5219,50410,H30,13372,Y1 Currie St,2013-10-20 00:00:00,1
T5220,10618,235,13287,B1 Pulteney St,2014-03-23 00:00:00,2
T5221,17040,253X,16279,X2 King William St,2014-01-19 00:00:00,10
T5222,12723,253X,12213,Zone D Arndale Interchange,2014-03-23 00:00:00,29
T5223,1918,405,17936,49P Yalumba Dr,2014-03-16 00:00:00,3
T5224,20260,542,10832,68 Yatala Vale Rd,2014-04-06 00:00:00,1
T5225,10330,H20,13364,W3 Currie St,2014-06-01 00:00:00,5
T5226,33989,118,12694,28 Trimmer Pde,2014-01-19 00:00:00,3
T5227,36336,411,10526,Zone B Salisbury Interchange,2014-02-09 00:00:00,43
T5228,53323,451,17126,Zone D Munno Para Shopping Cen,2014-05-04 00:00:00,1
T5229,63488,721,14291,13 South Rd,2014-06-22 00:00:00,1
T5230,856,733,15960,52T Taylors Av,2014-01-12 00:00:00,2
T5231,10776,H22,16375,15A The Parade,2014-02-02 00:00:00,3
T5232,48297,500,11800,28 Sudholz Rd,2014-01-12 00:00:00,1
T5233,57020,300,14551,18C Springbank Rd,2013-07-21 00:00:00,3
T5234,47931,288,16335,32A Sportsmans Dr,2013-10-20 00:00:00,1
T5235,45167,150,12359,23 Port Rd,2013-07-28 00:00:00,3
T5236,31188,863,14683,24 Crafers Ramp,2013-12-08 00:00:00,3
T5237,6980,230,13002,5 Jeffcott St,2014-05-11 00:00:00,1
T5238,16843,252A,11817,28 Medika Bvd,2013-11-17 00:00:00,2
T5239,27329,222,12902,6 O Connell St,2013-09-15 00:00:00,1
T5240,51164,J2,13306,B2 Pulteney St,2013-11-24 00:00:00,4
T5241,50099,H20,13235,19A Penfold Rd,2013-12-29 00:00:00,1
T5242,52691,225,17435,49 / A Church St,2014-04-27 00:00:00,4
T5243,48400,502,16600,39 Bridge Rd,2013-10-13 00:00:00,4
T5244,12786,168,13821,8A Galway Av,2014-06-08 00:00:00,2
T5245,14272,178,12639,19 Montacute Rd,2014-06-08 00:00:00,3
T5246,53315,442,10224,Zone B Elizabeth City Centre,2013-09-01 00:00:00,8
T5247,10658,141,13395,10 Kensington Rd,2014-02-23 00:00:00,4
T5248,17282,263,14303,19 Anzac Hwy,2014-01-19 00:00:00,1
T5249,10527,208,11948,29B Sudholz Rd,2014-03-30 00:00:00,2
T5250,50544,H30,13175,8 Magill Rd,2013-12-08 00:00:00,1
T5251,16791,251,13700,1 Anzac Hwy,2013-07-14 00:00:00,1
T5252,7772,200,13932,6 King William Rd,2014-05-18 00:00:00,3
T5253,57110,300G,17523,Zone C Registry Rd Flinders Un,2013-08-18 00:00:00,6
T5254,12833,170,13764,2 George St,2014-04-06 00:00:00,3
T5255,13624,265,13992,8 Anzac Hwy,2014-03-30 00:00:00,2
T5256,27310,222,11584,26 Main North Rd,2013-12-29 00:00:00,1
T5257,65073,720H,14676,21 South Rd,2014-01-19 00:00:00,1
T5258,27754,228F,16288,V1 King William St,2013-07-28 00:00:00,4
T5259,36512,440,10102,77 Hamblynn Rd,2014-02-09 00:00:00,2
T5260,46648,190,14323,13D Grange Rd,2013-06-30 00:00:00,1
T5261,30393,734,17118,Zone A Old Reynella Interchang,2013-08-25 00:00:00,14
T5262,27632,228,10385,54 Main North Rd,2013-10-20 00:00:00,1
T5263,27167,203F,13700,1 Anzac Hwy,2013-08-11 00:00:00,5
T5264,59156,M44T,13281,G3 North Tce,2013-07-28 00:00:00,3
T5265,53110,273,12145,22 North East Rd,2013-07-28 00:00:00,2
T5266,27483,224,16291,U1 Victoria Sq,2014-03-02 00:00:00,6
T5267,14815,C2,12129,Zone C Paradise Interchange,2014-06-15 00:00:00,28
T5268,15688,G10,13078,2 King William Rd,2014-04-27 00:00:00,1
T5269,34378,144,13693,11  Portrush Rd,2013-07-21 00:00:00,1
T5270,36427,411U,10555,42A Kings Rd,2014-01-12 00:00:00,4
T5271,11681,155,12359,23 Port Rd,2014-02-02 00:00:00,1
T5272,5631,100,14045,19  Portrush Rd,2014-03-02 00:00:00,1
T5273,6504,190B,13933,6 Unley Rd,2014-05-04 00:00:00,1
T5274,49347,753H,16029,68 Beach Rd,2013-07-07 00:00:00,3
T5275,27656,228,10135,74 Hamblynn Rd,2014-01-19 00:00:00,1
T5276,34162,141,13345,E2 Currie St,2013-07-21 00:00:00,3
T5277,57263,600,15052,32A Coromandel Pde,2013-09-29 00:00:00,1
T5278,52723,228,12297,17 Main North Rd,2014-07-06 00:00:00,1
T5279,50534,H30,16444,25 Henley Beach Rd,2013-07-28 00:00:00,4
T5280,32859,208,11844,26 Folland Av,2013-10-13 00:00:00,2
T5281,14257,178,12582,26 Montacute Rd,2014-06-22 00:00:00,2
T5282,10293,H20,16393,9 The Parade,2014-06-22 00:00:00,11
T5283,929,401,17440,60 Waterloo Corner Rd,2013-11-03 00:00:00,3
T5284,57026,300,12973,24 Grange Rd,2013-09-01 00:00:00,2
T5285,48299,500,11144,38A Bridge Rd,2013-11-24 00:00:00,2
T5286,7425,503,11550,36 Nelson Rd,2014-02-16 00:00:00,1
T5287,6957,502,11524,33A Walkleys Rd,2014-06-08 00:00:00,1
T5288,50461,H30,12855,25A Morialta Rd,2013-12-01 00:00:00,1
T5289,27579,225,10635,47 Cross Keys Rd,2013-06-30 00:00:00,3
T5290,53748,560,10997,41 Kesters Rd,2013-11-03 00:00:00,2
T5291,48721,719,13453,D1 Grote St,2013-08-25 00:00:00,2
T5292,48419,502,10528,Zone H Salisbury Interchange,2013-07-28 00:00:00,8
T5293,9238,B10,13352,V1 Currie St,2014-04-06 00:00:00,32
T5294,9644,541,16621,57A Hancock Rd,2014-02-23 00:00:00,1
T5295,12764,168,13343,E3 Currie St,2014-06-08 00:00:00,1
T5296,27300,222,17380,33D Mawson Lakes Bvd,2014-02-16 00:00:00,7
T5297,64216,749,17100,84A Grand Bvd,2013-12-01 00:00:00,3
T5298,12885,W90,12721,13C Broad St,2014-02-09 00:00:00,2
T5299,57490,646,15204,38 Morphett Rd,2013-11-03 00:00:00,2
T5300,58532,G10A,12066,19 Prospect Rd,2013-08-11 00:00:00,8
T5301,18407,542X,11153,51 North East Rd,2014-07-06 00:00:00,16
T5302,28024,248,14680,27 Diagonal Rd,2013-08-18 00:00:00,1
T5303,46898,200,13768,2 King William Rd,2013-07-14 00:00:00,1
T5304,65023,720,13301,B1 King William St,2014-06-08 00:00:00,4
T5305,65502,202F,11552,30 Briens Rd,2013-12-08 00:00:00,8
T5306,9314,507,11768,32 North East Rd,2013-11-24 00:00:00,1
T5307,1338,190,13853,4 Unley Rd,2013-12-08 00:00:00,11
T5308,21004,C1,10945,50 Golden Grove Rd,2014-03-23 00:00:00,3
T5309,10656,141,13425,1 Kensington Rd,2014-05-11 00:00:00,1
T5310,45603,170,16659,23 Waite Rd,2013-10-13 00:00:00,10
T5311,13603,265,14160,13 Anzac Hwy,2014-04-27 00:00:00,2
T5312,7030,232,12788,8 Torrens Rd,2014-02-16 00:00:00,8
T5313,18212,248,14506,21 Hendrie St,2014-02-02 00:00:00,5
T5314,5642,100,12941,17  Grange Rd,2014-06-15 00:00:00,5
T5315,13737,174,12842,11 Payneham Rd,2014-05-18 00:00:00,2
T5316,1612,230,12484,15 Pym St,2013-12-15 00:00:00,2
T5317,27581,225,10635,47 Cross Keys Rd,2014-02-23 00:00:00,1
T5318,17410,838H,17888,Zone B Dutton Rd,2014-05-11 00:00:00,3
T5319,29628,720H,17969,Zone A Hallett Cove Shopping C,2013-11-10 00:00:00,4
T5320,45321,162,13531,8 Sir Donald Bradman Dr,2013-10-20 00:00:00,14
T5321,8367,288,13123,23 Valetta Rd,2014-05-11 00:00:00,2
T5322,5781,H30,12460,37 Graves St,2014-02-02 00:00:00,1
T5323,93,451,10016,76 President Av,2014-04-20 00:00:00,1
T5324,17162,263,14079,11 Anzac Hwy,2014-01-05 00:00:00,5
T5325,12582,174,13354,D1 Currie St,2014-06-22 00:00:00,1
T5326,51623,W90,14597,20C Daws Rd,2013-07-21 00:00:00,2
T5327,31049,861,13834,7 Glen Osmond Rd,2013-07-14 00:00:00,1
T5328,11252,H30,12328,34 Graves St,2014-03-16 00:00:00,2
T5329,13070,190,14390,15B Raglan Av,2014-03-16 00:00:00,1
T5330,27558,225,10775,44C Northbri Av,2014-04-13 00:00:00,2
T5331,20033,600,14999,27 Shepherds Hill Rd,2014-02-16 00:00:00,1
T5332,28658,442,10192,75 Turner Dr,2014-05-18 00:00:00,1
T5333,9723,B10,13214,2 North Tce,2014-06-29 00:00:00,2
T5334,5995,178F,12004,38 Coulls Rd,2014-03-30 00:00:00,13
T5335,46023,174,12501,20 Lower North East Rd,2013-07-07 00:00:00,1
T5336,12495,172,14036,9 Duthy St,2014-06-08 00:00:00,2
T5337,58192,C2,17189,Zone B Klemzig Interchange,2013-11-10 00:00:00,35
T5338,49648,B10,13354,D1 Currie St,2013-07-21 00:00:00,2
T5339,50503,H30,13276,I3 North Tce,2013-07-21 00:00:00,3
T5340,9355,H22,13335,9A  Holbrooks Rd,2014-01-26 00:00:00,2
T5341,46904,200,14188,13 Sussex Tce,2013-08-11 00:00:00,1
T5342,29082,557X,12070,28 Lower North East Rd,2013-08-11 00:00:00,3
T5343,50089,H20,13329,H Grenfell St,2013-11-10 00:00:00,8
T5344,29524,719,13901,5 Anzac Hwy,2013-09-08 00:00:00,2
T5345,5629,100,12472,220 Woodville Rd,2014-06-15 00:00:00,5
T5346,28013,248,14408,18 Bray St,2013-12-15 00:00:00,4
T5347,1646,230,12489,16 Pym St,2014-01-12 00:00:00,1
T5348,58216,C2,10945,50 Golden Grove Rd,2013-10-13 00:00:00,8
T5349,46381,178,12637,20 Montacute Rd,2013-12-15 00:00:00,3
T5350,53462,503,12097,Zone F Paradise Interchange,2013-12-22 00:00:00,9
T5351,14270,178,12812,12 Payneham Rd,2014-04-13 00:00:00,6
T5352,207,722F,15989,57A Doctors Rd,2014-04-27 00:00:00,4
T5353,2860,N3,15033,36 Cedar Av,2013-12-22 00:00:00,2
T5354,13217,171,14375,17 Albert St A,2014-05-11 00:00:00,3
T5355,9273,B10,13178,7 Magill Rd,2014-02-09 00:00:00,2
T5356,51186,J2,13559,10A Sir Donald Bradman Dr,2013-11-17 00:00:00,2
T5357,12999,178,12578,27 Montacute Rd,2014-06-08 00:00:00,2
T5358,10065,208,11925,29B Sudholz Rd,2014-05-18 00:00:00,3
T5359,50854,J1,13520,7 Sir Donald Bradman Dr,2013-09-01 00:00:00,1
T5360,49707,B10C,13158,12 Magill Rd,2013-07-14 00:00:00,4
T5361,14123,273,11937,28 North East Rd,2014-02-09 00:00:00,9
T5362,49673,B10,13330,G3 Grenfell St,2013-09-08 00:00:00,29
T5363,15126,G10,16282,C2 King William St,2014-04-20 00:00:00,10
T5364,51553,W90,14822,27 Bradley Gr,2014-01-12 00:00:00,5
T5365,27425,222,12902,6 O'Connell St,2014-04-20 00:00:00,1
T5366,27692,228F,10411,53 Main North Rd,2014-05-18 00:00:00,5
T5367,57063,300G,14972,Zone E Marion Interchange,2013-08-25 00:00:00,3
T5368,29576,720,14628,20 South Rd,2013-08-25 00:00:00,8
T5369,16778,250,12068,25A Liberty Gr,2013-06-30 00:00:00,2
T5370,12760,168,13886,11 Streeters Rd,2014-07-06 00:00:00,2
T5371,7518,286,13099,25 Valetta Rd,2014-03-16 00:00:00,4
T5372,61885,744,16100,55 Honeypot Rd,2013-11-24 00:00:00,1
T5373,19668,557,11428,46 Perseverance Rd,2014-03-23 00:00:00,5
T5374,27516,224F,12139,18 Main North Rd,2013-11-03 00:00:00,6
T5375,48288,500,10787,43D Bridge Rd,2013-07-07 00:00:00,2
T5376,15282,C1,10465,51 Main North Rd,2014-03-16 00:00:00,1
T5377,50540,H30,16453,18 Henley Beach Rd,2013-08-18 00:00:00,2
T5378,5930,300,13319,9  Portrush Rd,2014-03-23 00:00:00,6
T5379,50766,H31C,12804,20 Reid Av,2013-11-10 00:00:00,1
T5380,6553,195F,14331,14 Belair Rd,2014-04-27 00:00:00,2
T5381,11808,H33C,12803,21 Reid Av,2014-06-08 00:00:00,6
T5382,11648,150,12774,12 Port Rd,2014-03-02 00:00:00,7
T5383,62723,232,13058,4 Ward St,2013-12-15 00:00:00,1
T5384,15633,C1T,13339,F2 Grenfell St,2014-02-02 00:00:00,4
T5385,58040,C1G,11378,Zone E Tea Tree Plaza Intercha,2013-08-11 00:00:00,5
T5386,12771,168,13825,8B Galway Av,2014-02-23 00:00:00,2
T5387,36851,560P,10720,44B Bridge Rd,2013-09-29 00:00:00,1
T5388,7813,503,11925,29B Sudholz Rd,2014-03-09 00:00:00,12
T5389,10219,118,12747,23  Findon Rd,2014-05-18 00:00:00,1
T5390,973,734,15779,54 Sherriffs Rd,2014-05-18 00:00:00,3
T5391,17147,265,14041,10 Anzac Hwy,2013-11-24 00:00:00,5
T5392,10162,118,12236,33A Tapleys Hill Rd,2014-04-06 00:00:00,1
T5393,31127,861,13394,E1 Pulteney St,2013-08-18 00:00:00,1
T5394,17041,254X,16279,X2 King William St,2013-10-06 00:00:00,42
T5395,17379,502,10528,Zone H Salisbury Interchange,2013-07-28 00:00:00,9
T5396,564,361,11596,35N Grand Junction Rd,2013-12-01 00:00:00,1
T5397,44783,117,12616,30 Tapleys Hill Rd,2013-09-22 00:00:00,3
T5398,64738,683,15647,63 Cormorant Dr,2014-02-23 00:00:00,5
T5399,5929,300,14104,170 Cross Rd,2014-05-18 00:00:00,1
T5400,49621,B10,12988,26 Grange Rd,2013-09-29 00:00:00,3
T5401,17830,265,16289,E1 King William St,2013-10-27 00:00:00,1
T5402,50865,J1,13531,8 Sir Donald Bradman Dr,2013-08-11 00:00:00,2
T5403,16698,252,11922,26A Trafford St,2013-09-29 00:00:00,5
T5404,5923,300,15073,26B University Dr,2014-02-09 00:00:00,2
T5405,17250,820,13652,9 Greenhill Rd,2014-06-08 00:00:00,1
T5406,57329,601,15053,Zone B Flinders Medical Centre,2013-12-22 00:00:00,5
T5407,16363,M44,14389,16 Marion Rd,2014-06-29 00:00:00,1
T5408,20366,646,15230,40 Morphett Rd,2014-07-06 00:00:00,3
T5409,5803,H30S,13180,6 Magill Rd,2014-05-18 00:00:00,1
T5410,63466,720H,15003,35 Sturt Rd,2014-05-04 00:00:00,1
T5411,11101,241,17565,24 Oaklands Rd,2014-02-23 00:00:00,5
T5412,49649,B10,12933,16 Grange Rd,2013-07-21 00:00:00,4
T5413,11239,H30,12981,12 Coorara Av,2014-05-04 00:00:00,2
T5414,45904,172,13735,1 George St,2013-08-25 00:00:00,7
T5415,17148,263,14297,18 Anzac Hwy,2013-12-15 00:00:00,5
T5416,6071,190,14349,14A Edward St,2014-05-04 00:00:00,1
T5417,12067,251,12889,8 Hawker St,2014-05-11 00:00:00,6
T5418,5732,117,12806,21  Crittenden Rd,2014-03-16 00:00:00,1
T5419,14852,G10,16289,E1 King William St,2014-02-23 00:00:00,5
T5420,9714,B10,12940,17  Grange Rd,2014-04-13 00:00:00,3
T5421,20818,C1,11378,Zone E Tea Tree Plaza Intercha,2014-04-06 00:00:00,6
T5422,27089,202F,17909,34A Wright Rd,2013-12-08 00:00:00,1
T5423,48361,501,11182,33A Mawson Lakes Bvd,2013-07-14 00:00:00,1
T5424,7415,503,11859,32 Lyons Rd,2014-04-27 00:00:00,1
T5425,49662,B10,12789,30A Frederick Rd,2013-08-04 00:00:00,2
T5426,477,400,10370,58A Quadrant Av,2013-11-10 00:00:00,3
T5427,45847,172,13792,3 George St,2013-07-28 00:00:00,1
T5428,44897,141,13395,10 Kensington Rd,2013-12-15 00:00:00,12
T5429,7916,506,11814,30 North East Rd,2014-03-16 00:00:00,1
T5430,20380,646,15230,40 Morphett Rd,2014-04-06 00:00:00,2
T5431,50457,H30,13279,R1 North Tce,2013-09-08 00:00:00,4
T5432,12469,J8,12521,219 Woodville Rd,2014-01-26 00:00:00,2
T5433,42155,N3,15938,63A Peregrine Cr,2013-07-21 00:00:00,4
T5434,13669,265,15176,37 Seacombe Rd,2014-04-13 00:00:00,2
T5435,9661,541,11367,Zone F Tea Tree Plaza Intercha,2014-03-09 00:00:00,19
T5436,15721,263,13860,4 Anzac Hwy,2014-04-27 00:00:00,11
T5437,8771,200B,13715,1 King William Rd,2014-05-11 00:00:00,4
T5438,28027,248,14453,20 Hendrie St,2013-11-17 00:00:00,3
T5439,619,725,15700,46 Grant Rd,2014-01-19 00:00:00,2
T5440,15852,G21,13274,A2 King William Rd,2014-05-18 00:00:00,4
T5441,64563,B10,13127,16 Magill Rd,2013-12-01 00:00:00,4
T5442,28961,541X,11166,50 Hancock Rd,2013-12-22 00:00:00,1
T5443,14286,178,12654,17 Payneham Rd,2014-04-20 00:00:00,5
T5444,58370,G10,12563,12 Prospect Rd,2013-09-29 00:00:00,3
T5445,15144,G10,12662,10 Prospect Rd,2014-04-20 00:00:00,1
T5446,11500,241,14415,15 Towers Tce,2014-03-02 00:00:00,4
T5447,11241,H30,16419,6 Henley Beach Rd,2014-02-16 00:00:00,5
T5448,10052,208,12195,20A Muller Rd,2014-03-30 00:00:00,1
T5449,451,400,10344,56A Guerin Rd,2013-11-10 00:00:00,1
T5450,36429,411U,10624,39C Andrew Smith Dr,2013-09-01 00:00:00,20
T5451,11577,248,14963,Zone B Marion Interchange,2014-02-02 00:00:00,13
T5452,14557,H22C,16468,20 Penfold Rd,2014-03-16 00:00:00,1
T5453,20010,600,15118,28A Shepherds Hill Rd,2014-03-02 00:00:00,1
T5454,17854,861,13354,D1 Currie St,2014-06-08 00:00:00,10
T5455,56955,232,12660,11 Harrison Rd,2013-09-22 00:00:00,1
T5456,28121,265,14212,14 Anzac Hwy,2014-01-12 00:00:00,11
T5457,53696,556,11529,38 Grand Junction Rd,2013-12-29 00:00:00,1
T5458,9980,J1,13522,5C Sir Donald Bradman Dr,2014-02-16 00:00:00,2
T5459,17871,861,13370,D2 Pulteney St,2014-04-20 00:00:00,12
T5460,31231,864,14040,13 Glen Osmond Rd,2013-09-29 00:00:00,1
T5461,5919,300,16377,28 Seaview Rd,2014-04-27 00:00:00,2
T5462,45276,157,17774,36C Bower Rd,2013-11-03 00:00:00,1
T5463,29823,721F,14394,15 South Rd,2013-10-13 00:00:00,2
T5464,12591,174,13051,7 Payneham Rd,2014-03-02 00:00:00,1
T5465,45245,155,12425,21 Port Rd,2013-12-29 00:00:00,2
T5466,16060,G20,15311,39 Ridgeway Dr,2014-02-23 00:00:00,1
T5467,65004,720,14168,10 South Rd,2014-04-27 00:00:00,1
T5468,15017,G10B,12693,9 Prospect Rd,2014-04-06 00:00:00,1
T5469,45589,170,16657,22 Waite Rd,2013-09-08 00:00:00,10
T5470,10311,H20,16373,16A The Parade,2014-06-08 00:00:00,5
T5471,13015,178,12614,23A Montacute Rd,2014-02-16 00:00:00,2
T5472,48745,720,14192,10 South Rd,2013-08-11 00:00:00,4
T5473,15517,G10B,12378,15 Prospect Rd,2014-03-09 00:00:00,3
T5474,48387,501,17189,Zone B Klemzig Interchange,2013-11-17 00:00:00,4
T5475,11248,H30,12450,35 Graves St,2014-03-09 00:00:00,2
T5476,45303,157,12419,33 West Lakes Bvd,2013-12-22 00:00:00,1
T5477,816,725,18610,Temp Christopher Rd,2014-01-26 00:00:00,1
T5478,10689,142,13411,5 Kensington Rd,2014-01-26 00:00:00,3
T5479,436,723F,13461,X1 Grote St,2014-04-20 00:00:00,2
T5480,11203,147,13649,10 Greenhill Rd,2014-04-20 00:00:00,11
T5481,48399,502,11524,33A Walkleys Rd,2013-10-20 00:00:00,17
T5482,18007,208,12181,21 Muller Rd,2014-05-11 00:00:00,2
T5483,57038,300,12228,19 Regency Rd,2013-09-29 00:00:00,2
T5484,7755,200,14459,17B East Pky,2014-04-13 00:00:00,3
T5485,25652,SCH_NS,18076,School Urrbrae College Cross R,2013-09-08 00:00:00,20
T5486,57153,300M,14422,Zone D Moseley St,2013-11-03 00:00:00,8
T5487,65026,720,17971,54 Lander Av,2014-03-23 00:00:00,1
T5488,58913,M44,13374,D1 King William St,2013-11-17 00:00:00,60
T5489,17629,203,11095,58 Milne Rd,2014-06-01 00:00:00,1
T5490,27665,228,10125,74A Hamblynn Rd,2014-02-02 00:00:00,1
T5491,15952,G10,12930,5 O'Connell St,2014-06-29 00:00:00,1
T5492,9711,B10,12984,25 Grange Rd,2014-04-27 00:00:00,1
T5493,45904,172,13735,1 George St,2014-01-12 00:00:00,14
T5494,49174,747,16034,Zone G Colonnades Interchange,2013-07-07 00:00:00,18
T5495,14284,178,12628,21 Montacute Rd,2014-06-15 00:00:00,2
T5496,16215,G40M,17189,Zone B Klemzig Interchange,2014-05-25 00:00:00,2
T5497,14596,C1G,11378,Zone E Tea Tree Plaza Intercha,2014-02-23 00:00:00,6
T5498,11609,150,13094,4 Port Rd,2014-02-16 00:00:00,1
T5499,59014,M44,14133,11A  Marion Rd,2013-11-17 00:00:00,1
T5500,57306,600B,15093,30A Shepherds Hill Rd,2013-08-18 00:00:00,1
T5501,186,722F,15986,61 Elizabeth Rd,2014-04-06 00:00:00,1
T5502,46179,174,12654,17 Payneham Rd,2013-07-21 00:00:00,2
T5503,587,725,15769,50 Sherriffs Rd,2014-02-16 00:00:00,2
T5504,8384,288,13215,6 Ashley St,2014-03-30 00:00:00,4
T5505,45690,171,13536,Q1 Hutt St,2013-09-08 00:00:00,6
T5506,5989,178,12652,17 Payneham Rd,2014-03-23 00:00:00,3
T5507,44685,100,13571,8D  Marion Rd,2013-10-27 00:00:00,6
T5508,16902,254X,11621,39 Commercial Rd,2013-12-29 00:00:00,2
T5509,49239,749,16261,93 Commercial Rd,2013-09-15 00:00:00,3
T5510,14846,G10,12756,8 Prospect Rd,2014-05-04 00:00:00,5
T5511,14101,271,11618,35 North East Rd,2014-05-04 00:00:00,2
T5512,6543,195F,15048,Zone A Blackwood Interchange,2014-05-25 00:00:00,5
T5513,15712,263,14863,34 Dunrobin Rd,2014-02-09 00:00:00,2
T5514,14312,178,12628,21 Montacute Rd,2014-02-16 00:00:00,2
T5515,441,400,10278,58 Fairfield Rd,2013-08-04 00:00:00,1
T5516,6468,501,13351,D2 Currie St,2014-03-16 00:00:00,1
T5517,12867,W90,14573,20 Winston Av,2014-05-25 00:00:00,1
T5518,36807,560,10454,53 Jarvis Rd,2013-07-14 00:00:00,9
T5519,15887,G21F,15313,39 Ridgeway Dr,2014-03-30 00:00:00,1
T5520,46192,174,12728,14 Payneham Rd,2013-07-07 00:00:00,2
T5521,31345,864F,14778,36 Mt Barker Rd,2013-11-24 00:00:00,1
T5522,13762,174,12654,17 Payneham Rd,2014-02-16 00:00:00,5
T5523,18740,868,15109,39 Longwood Rd,2014-05-11 00:00:00,1
T5524,45326,162,13559,10A Sir Donald Bradman Dr,2013-09-15 00:00:00,1
T5525,63693,722,15049,Zone A Flinders Medical Centre,2014-02-09 00:00:00,1
T5526,2090,557,11891,32 Lower North East Rd,2013-10-27 00:00:00,1
T5527,44895,141,13525,18 Hallett Rd,2013-12-01 00:00:00,14
T5528,44855,118,12242,33A Tapleys Hill Rd,2013-12-01 00:00:00,1
T5529,50045,H20,12302,24A Darley Rd,2013-10-27 00:00:00,1
T5530,6748,W91,13900,7A Leah St,2014-05-11 00:00:00,1
T5531,3603,451,10121,71 Fordingbridge Rd,2014-03-30 00:00:00,5
T5532,50514,H30,13312,X1 Pulteney St,2013-11-03 00:00:00,4
T5533,50034,H20,16363,18 The Parade,2013-12-15 00:00:00,2
T5534,27330,222,17535,34L Main St,2014-05-18 00:00:00,4
T5535,50234,H22,13372,Y1 Currie St,2013-11-03 00:00:00,1
T5536,58489,G10,12490,13 Prospect Rd,2013-09-15 00:00:00,1
T5537,48840,722F,15744,47 Concord Dr,2013-09-01 00:00:00,2
T5538,18597,252,11587,Zone C Port Adelaide Interchan,2014-02-09 00:00:00,7
T5539,463,400,10309,67 Bolivar Rd,2013-09-22 00:00:00,3
T5540,49567,B10,13352,V1 Currie St,2013-09-22 00:00:00,19
T5541,5982,300H,12251,115 Regency Rd,2014-02-02 00:00:00,1
T5542,5916,300,14254,12 Belair Rd,2014-04-13 00:00:00,2
T5543,32863,208,16277,Z1 King William St,2013-10-06 00:00:00,2
T5544,11290,H30,17798,X1 Glover Av,2014-06-15 00:00:00,1
T5545,7045,232,12549,13 Harrison Rd,2014-04-06 00:00:00,1
T5546,2219,430,17296,62A Kinkaid Rd,2013-11-17 00:00:00,5
T5547,65524,721F,15053,Zone B Flinders Medical Centre,2014-04-27 00:00:00,7
T5548,8563,B10,13176,7 Magill Rd,2014-03-23 00:00:00,1
T5549,63801,230,12660,11 Harrison Rd,2013-12-29 00:00:00,1
T5550,11177,147,13585,4 Dulwich Av,2014-05-04 00:00:00,6
T5551,44880,140,13286,F1 North Tce,2013-11-24 00:00:00,18
T5552,36366,411,17530,Zone C Mawson Lakes Interchang,2014-06-15 00:00:00,3
T5553,9509,202F,18343,34E RM Williams Dr,2014-01-26 00:00:00,1
T5554,46115,174,13277,I2 North Tce,2014-01-05 00:00:00,4
T5555,51698,W91,13173,4 Payneham Rd,2013-11-10 00:00:00,2
T5556,11074,239,12906,6 Jeffcott St,2014-02-23 00:00:00,1
T5557,18954,253,12820,11 Hawker St,2014-02-23 00:00:00,2
T5558,44708,100,14151,179 Cross Rd,2013-09-15 00:00:00,9
T5559,18043,506,11347,Zone A Tea Tree Plaza Intercha,2013-06-30 00:00:00,36
T5560,64990,719,17942,6 South Rd,2013-12-01 00:00:00,1
T5561,50993,J1,13353,V2 Currie St,2014-01-05 00:00:00,17
T5562,14257,178,17345,33M Maryvale Rd,2014-03-02 00:00:00,3
T5563,46980,200,14653,19D Eliza Pl,2013-09-08 00:00:00,3
T5564,44694,100,14167,182 Cross Rd,2013-08-04 00:00:00,3
T5565,103,451,18126,74D President Ave,2013-11-10 00:00:00,5
T5566,11777,H33,12870,16 Marian Rd,2014-04-27 00:00:00,1
T5567,28629,442,18116,65A Ifould Rd,2013-10-13 00:00:00,1
T5568,47660,281,12773,10 Walkerville Tce,2013-09-08 00:00:00,3
T5569,6056,190,14468,25 Diagonal Rd,2014-04-20 00:00:00,1
T5570,9287,H20,16393,9 The Parade,2014-02-16 00:00:00,1
T5571,329,452,10058,Zone A Smithfield Interchange,2013-09-29 00:00:00,7
T5572,44789,117,12616,30 Tapleys Hill Rd,2013-08-18 00:00:00,1
T5573,29607,720H,14985,32 Sturt Rd,2013-09-15 00:00:00,1
T5574,27312,222,13019,4 O Connell St,2014-01-05 00:00:00,1
T5575,503,452,18168,79E Newton Bvd,2013-10-13 00:00:00,1
T5576,37092,681,15170,39 Brighton Rd,2013-08-11 00:00:00,2
T5577,889,733,15801,46B Investigator Dr,2013-12-08 00:00:00,1
T5578,45499,168,13821,8A Galway Av,2013-12-01 00:00:00,6
T5579,22426,740,16028,68 Beach Rd,2014-04-27 00:00:00,2
T5580,15042,G20,15413,50 Manning Dr,2014-04-20 00:00:00,1
T5581,6550,195F,13561,K1 Pulteney St,2014-06-01 00:00:00,1
T5582,18970,254,11710,31 Grand Junction Rd,2014-05-04 00:00:00,1
T5583,44842,118,11736,37 Commercial Rd,2014-01-19 00:00:00,42
T5584,11723,H32,13364,W3 Currie St,2014-06-29 00:00:00,7
T5585,50728,H31,13180,6 Magill Rd,2013-10-06 00:00:00,1
T5586,28551,441,10179,72 Yorktown Rd,2013-06-30 00:00:00,2
T5587,2220,430,10338,56 Christine Av,2013-09-29 00:00:00,1
T5588,967,403,10402,54 Waterloo Corner Rd,2013-06-30 00:00:00,2
T5589,64537,720H,17906,4A South Rd,2014-06-29 00:00:00,1
T5590,592,273,12008,29A Sudholz Rd,2013-10-27 00:00:00,2
T5591,49097,745,16137,72 Barcelona Rd,2013-10-13 00:00:00,5
T5592,27276,222,11861,22 Main North Rd,2014-06-15 00:00:00,1
T5593,48741,720,15483,50 Quailo Av,2013-08-04 00:00:00,1
T5594,15152,G10,12373,15 Prospect Rd,2014-06-15 00:00:00,4
T5595,890,733,15746,45 Pimpala Rd,2014-01-12 00:00:00,2
T5596,5441,320,15336,43 Black Rd,2014-06-01 00:00:00,19
T5597,8393,288,13292,U1 North Tce,2014-02-09 00:00:00,20
T5598,5920,300,13008,28 Grange Rd,2014-02-09 00:00:00,5
T5599,45593,170,13878,5 Duthy St,2013-10-13 00:00:00,4
T5600,7453,281,12773,10 Walkerville Tce,2014-06-01 00:00:00,10
T5601,46483,178,13436,T1 Hutt St,2013-08-18 00:00:00,2
T5602,680,401,10310,60 Waterloo Corner Rd,2013-10-20 00:00:00,1
T5603,7431,281,12644,13 Vale St,2014-06-29 00:00:00,14
T5604,50444,H30,16409,2 Henley Beach Rd,2013-07-07 00:00:00,2
T5605,45682,171,14372,18 Welbourne St,2013-09-01 00:00:00,3
T5606,7913,506,11230,64 Kelly Rd,2014-03-16 00:00:00,1
T5607,404,722F,15930,53A States Rd,2014-06-01 00:00:00,1
T5608,47082,200C,13538,I1 King William St,2013-12-29 00:00:00,1
T5609,46904,200,14505,17C East Pky,2013-12-08 00:00:00,2
T5610,50981,J1,13279,R1 North Tce,2013-12-22 00:00:00,1
T5611,18206,248,14963,Zone B Marion Interchange,2014-06-15 00:00:00,2
T5612,27459,224,12015,20 Main North Rd,2013-09-29 00:00:00,1
T5613,27561,225,10730,45 Clayson Rd,2014-01-05 00:00:00,1
T5614,44777,117,11840,36A Bartley Tce,2013-08-18 00:00:00,8
T5615,18255,251,12451,20 Torrens Rd,2014-05-04 00:00:00,1
T5616,15606,C1G,17189,Zone B Klemzig Interchange,2014-05-25 00:00:00,3
T5617,12002,251,12519,18 Torrens Rd,2014-06-22 00:00:00,1
T5618,8736,200B,14273,15 Sussex Tce,2014-06-22 00:00:00,2
T5619,13287,171A,13343,E3 Currie St,2014-04-20 00:00:00,8
T5620,7053,232,11587,Zone C Port Adelaide Interchan,2014-02-09 00:00:00,26
T5621,50666,H31,13248,22 Cheadle St,2013-11-24 00:00:00,2
T5622,18899,546X,11345,66 Kelly Rd,2014-01-26 00:00:00,3
T5623,6976,230,17921,36 Grand Junction Rd,2014-05-25 00:00:00,1
T5624,20602,600,15044,33A Main Rd,2014-02-09 00:00:00,2
T5625,49496,B10,13114,18 Magill Rd,2013-09-15 00:00:00,2
T5626,65036,720,14085,9 South Rd,2014-06-15 00:00:00,4
T5627,16292,M44,16667,Zone A Klemzig Interchange,2014-03-02 00:00:00,4
T5628,19112,300H,14741,22 Fiveash Dr,2014-06-29 00:00:00,1
T5629,16866,254X,11853,29 Hanson Rd,2013-12-01 00:00:00,11
T5630,12029,251,16279,X2 King William St,2014-02-02 00:00:00,21
T5631,28645,442,17315,84 Somerset Gr,2014-05-04 00:00:00,6
T5632,7406,503,13350,D3 Currie St,2014-03-09 00:00:00,17
T5633,15099,G10,12490,13 Prospect Rd,2014-06-01 00:00:00,6
T5634,36801,560,11083,38B Bridge Rd,2014-04-13 00:00:00,2
T5635,48201,350,11244,47 Fletcher Rd,2013-11-03 00:00:00,2
T5636,10037,204,12869,7 Walkerville Tce,2014-02-16 00:00:00,4
T5637,12933,W91,13492,S1 Morphett St,2014-02-02 00:00:00,1
T5638,9484,202,12828,8 Northcote Tce,2014-03-23 00:00:00,6
T5639,56842,231,16276,A3 King William Rd,2013-09-22 00:00:00,1
T5640,59000,M44,11179,48 Ladywood Rd,2013-11-10 00:00:00,6
T5641,10188,118,12670,24 Trimmer Pde,2014-06-08 00:00:00,1
T5642,51190,J2,17327,10 Airport Rd,2014-01-12 00:00:00,3
T5643,49649,B10,13004,27A Grange Rd,2013-08-25 00:00:00,1
T5644,9588,507,11814,30 North East Rd,2014-02-23 00:00:00,4
T5645,15360,491,18219,144 Adelaide Rd,2013-09-08 00:00:00,1
T5646,11238,H30,13283,S1 North Tce,2014-05-04 00:00:00,2
T5647,57045,300,15106,Zone A Registry Rd Flinders Un,2013-11-17 00:00:00,10
T5648,29083,557X,11588,40A Amber Rd,2013-08-25 00:00:00,2
T5649,16348,M44,14602,20 Marion Rd,2014-02-02 00:00:00,1
T5650,16673,251,12123,25 Liberty Av,2013-08-11 00:00:00,6
T5651,29700,721,14416,15 South Rd,2013-10-06 00:00:00,1
T5652,49948,G20,15291,38 Black Rd,2013-07-07 00:00:00,4
T5653,47030,200B,13803,3 King William Rd,2013-12-22 00:00:00,1
T5654,10310,H20,16394,8 The Parade,2014-03-09 00:00:00,3
T5655,268,400,10425,52A Downton Av,2013-11-10 00:00:00,1
T5656,6981,230,12549,13 Harrison Rd,2014-06-08 00:00:00,2
T5657,50833,H32,16461,12 Henley Beach Rd,2014-01-05 00:00:00,12
T5658,50095,H20,16400,6 The Parade,2013-07-14 00:00:00,1
T5659,47460,263,14248,14A Anzac Hwy,2013-09-22 00:00:00,4
T5660,46113,174,13060,7 Payneham Rd,2013-09-08 00:00:00,1
T5661,32712,T863,14838,39 Mount Barker Rd,2013-06-30 00:00:00,3
T5662,36356,411,10508,45C Burton Rd,2014-07-06 00:00:00,1
T5663,14800,C2,17952,78A Captain Robertson Av,2014-06-29 00:00:00,2
T5664,28621,442,10188,76 Blair Park Dr,2014-01-19 00:00:00,3
T5665,11675,150P,11565,Zone D Port Adelaide Interchan,2014-05-11 00:00:00,1
T5666,58537,G10A,13038,3 O Connell St,2014-01-05 00:00:00,2
T5667,36795,560,11234,37D Montague Rd,2014-06-22 00:00:00,1
T5668,48439,502,10902,43 Bridge Rd,2013-12-15 00:00:00,7
T5669,14938,600,15009,27 Shepherds Hill Rd,2014-05-04 00:00:00,1
T5670,34739,150,11033,51A Victoria Rd,2013-11-03 00:00:00,1
T5671,12103,157,13298,W2 North Tce,2014-01-26 00:00:00,1
T5672,49689,B10,13110,19 Magill Rd,2013-09-29 00:00:00,2
T5673,11573,248,13374,D1 King William St,2014-03-16 00:00:00,9
T5674,14143,273,13036,3A Melbourne St,2014-03-02 00:00:00,1
T5675,33842,117,18493,Zone A West Lakes Interchange,2013-07-14 00:00:00,3
T5676,63189,190,14406,17 Bray St,2014-01-19 00:00:00,1
T5677,17165,200,14692,20 Eliza Pl,2014-03-09 00:00:00,1
T5678,10612,235,12527,11 Churchill Rd,2014-03-09 00:00:00,1
T5679,48452,502,11330,35A Walkleys Rd,2013-08-11 00:00:00,8
T5680,56485,190,14032,8 Unley Rd,2013-08-18 00:00:00,7
T5681,5915,300,14937,27 Sturt Rd,2014-02-02 00:00:00,5
T5682,6589,230,12311,20 Regency Rd,2014-06-01 00:00:00,14
T5683,46299,178,12637,20 Montacute Rd,2013-09-29 00:00:00,1
T5684,52972,254,11587,Zone C Port Adelaide Interchan,2013-11-03 00:00:00,2
T5685,51553,W90,14705,23A Windsor Av,2014-01-05 00:00:00,4
T5686,15730,263,14508,26 Brighton Rd,2014-05-04 00:00:00,1
T5687,27331,222,12771,8 Main North Rd,2013-12-22 00:00:00,1
T5688,1396,190,13506,I1 Pulteney St,2013-12-22 00:00:00,3
T5689,53331,451,18127,74D President Ave,2014-04-20 00:00:00,2
T5690,53429,502,11143,38A Bridge Rd,2013-08-04 00:00:00,1
T5691,65171,733G,15695,43 Sir James Hardy Wy,2013-12-22 00:00:00,1
T5692,13795,174,13354,D1 Currie St,2014-03-23 00:00:00,4
T5693,1206,404,10562,45 Winzor St,2014-03-23 00:00:00,6
T5694,5870,300,14064,20  Cross Rd,2014-05-25 00:00:00,1
T5695,19205,864F,17180,64 Hutchinson St,2014-03-02 00:00:00,3
T5696,12960,W91,13492,S1 Morphett St,2014-05-25 00:00:00,1
T5697,46366,178,13108,5 Payneham Rd,2013-09-08 00:00:00,1
T5698,11734,H33,12807,19 Reid Av,2014-04-06 00:00:00,4
T5699,36493,440,10033,86 Maltarra Rd,2013-10-13 00:00:00,3
T5700,17163,265,14456,23 Moseley St,2013-12-08 00:00:00,2
T5701,1231,734,15910,65A Galloway Rd,2014-03-09 00:00:00,2
T5702,102,451,18136,78D Peachey Rd,2013-08-11 00:00:00,1
T5703,58233,G10,12441,14 Prospect Rd,2013-11-17 00:00:00,8
T5704,45709,171,13436,T1 Hutt St,2013-07-14 00:00:00,1
T5705,23648,100,13817,8K  Marion Rd,2013-11-24 00:00:00,4
T5706,58056,C1G,13277,I2 North Tce,2014-01-12 00:00:00,5
T5707,27850,229F,11545,27 Main North Rd,2014-03-23 00:00:00,1
T5708,13387,117,13364,W3 Currie St,2014-02-23 00:00:00,1
T5709,8772,200B,14238,14 Sussex Tce,2014-05-04 00:00:00,2
T5710,7152,196,14839,30 Hollywood Wy,2014-02-23 00:00:00,2
T5711,30532,740,16169,77 Commercial Rd,2013-11-24 00:00:00,6
T5712,5728,117,13372,Y1 Currie St,2014-04-06 00:00:00,11
T5713,48290,500,10735,44A Bridge Rd,2013-12-15 00:00:00,2
T5714,56954,232,12244,Zone C Arndale Interchange,2013-09-01 00:00:00,12
T5715,46093,174,12261,25 Lower North East Rd,2013-09-01 00:00:00,2
T5716,46403,178,12111,45 George St,2013-11-03 00:00:00,8
T5717,10548,208,17194,27 The Promenade,2014-02-09 00:00:00,1
T5718,5439,989,15321,40 Memford Wy,2014-06-01 00:00:00,1
T5719,6988,230,12434,17 Days Rd,2014-04-20 00:00:00,1
T5720,27658,228,10726,45 Main North Rd,2014-04-13 00:00:00,2
T5721,46033,174,12429,21 Lower North East Rd,2013-11-24 00:00:00,1
T5722,19533,502,10528,Zone H Salisbury Interchange,2014-03-09 00:00:00,1
T5723,53490,506,11132,49 Nelson Rd,2013-07-14 00:00:00,2
T5724,8365,288,13297,W1 North Tce,2014-04-27 00:00:00,82
T5725,16685,251,12840,10 Hawker St,2013-11-10 00:00:00,1
T5726,50819,H31C,13195,3A Magill Rd,2013-09-01 00:00:00,3
T5727,6561,196F,15062,41 Gorse Av,2014-01-26 00:00:00,1
T5728,27271,222,12465,14 Main North Rd,2013-09-01 00:00:00,5
T5729,13233,171,14342,21 Princes Rd,2014-05-04 00:00:00,2
T5730,48312,500,10995,40A Bridge Rd,2013-08-25 00:00:00,3
T5731,44787,117,12267,33E West Lakes Bvd,2013-09-08 00:00:00,2
T5732,48869,723F,16051,Zone C Noarlunga Centre Interc,2013-07-21 00:00:00,1
T5733,16674,252,11587,Zone C Port Adelaide Interchan,2013-09-22 00:00:00,6
T5734,13752,174,12750,13A Payneham Rd,2014-03-02 00:00:00,4
T5735,46370,178,12652,17 Payneham Rd,2013-11-17 00:00:00,2
T5736,9419,H22,13348,E1 Currie St,2014-06-15 00:00:00,16
T5737,65353,721F,16046,Zone G Noarlunga Centre Interc,2014-02-16 00:00:00,3
T5738,7084,281,12316,21 Fourth Av,2014-04-27 00:00:00,3
T5739,19152,861,13561,K1 Pulteney St,2014-05-11 00:00:00,1
T5740,22407,740,16128,73 Saltfleet St,2014-03-02 00:00:00,2
T5741,42120,N3,16610,40 Brighton Rd,2013-08-25 00:00:00,1
T5742,58324,G10,13091,2 King William Rd,2013-08-11 00:00:00,5
T5743,47662,281,12559,14A Ilford St,2013-09-29 00:00:00,1
T5744,56793,230,12311,20 Regency Rd,2013-07-28 00:00:00,2
T5745,14263,178,12302,24A Darley Rd,2014-02-23 00:00:00,2
T5746,57139,300H,12585,17  O G Rd,2013-12-08 00:00:00,3
T5747,58237,G10,11672,24 Prospect Rd,2013-08-11 00:00:00,6
T5748,36386,411,10470,43B Liberator Dr,2013-10-27 00:00:00,1
T5749,34716,150,13298,W2 North Tce,2013-10-20 00:00:00,1
T5750,6046,190,14408,18 Bray St,2014-04-06 00:00:00,4
T5751,48445,502,13277,I2 North Tce,2013-07-28 00:00:00,52
T5752,7554,232,13055,4 Jeffcott St,2014-06-08 00:00:00,2
T5753,10053,208,13036,3A Melbourne St,2014-03-23 00:00:00,3
T5754,14147,273,12347,19 North East Rd,2014-04-06 00:00:00,3
T5755,17250,820,14256,26B Rangeview Rd,2014-06-01 00:00:00,1
T5756,9139,503,11740,34D Valiant Rd,2014-01-12 00:00:00,4
T5757,14792,C2,13351,D2 Currie St,2014-07-06 00:00:00,22
T5758,12788,168,13354,D1 Currie St,2014-06-29 00:00:00,1
T5759,17794,852,17181,66 Hutchinson St,2014-03-30 00:00:00,2
T5760,51620,W90,13214,2 North Tce,2013-10-13 00:00:00,2
T5761,9799,B10C,12927,15 Grange Rd,2014-05-18 00:00:00,4
T5762,49245,749,17203,85 The Parade,2013-07-07 00:00:00,11
T5763,48742,720,14416,15 South Rd,2013-11-24 00:00:00,5
T5764,27505,224F,18395,Zone A Main Street,2014-06-08 00:00:00,2
T5765,27446,224,12171,18 Main North Rd,2014-02-16 00:00:00,2
T5766,36500,440,10094,78 Uley Rd,2013-09-01 00:00:00,2
T5767,44792,117,13336,T1 Grenfell St,2013-09-01 00:00:00,15
T5768,20050,600B,15297,38 Murrays Hill Rd,2014-03-16 00:00:00,2
T5769,50734,H31,16426,9 Henley Beach Rd,2013-09-08 00:00:00,3
T5770,64035,H33C,12799,22 Reid Av,2013-12-15 00:00:00,3
T5771,6592,230,12248,25 Torrens Rd,2014-06-01 00:00:00,1
T5772,50404,H30,16457,18 Henley Beach Rd,2014-01-12 00:00:00,1
T5773,58311,G10,12010,20 Prospect Rd,2013-09-08 00:00:00,2
T5774,27513,224F,16288,V1 King William St,2013-07-14 00:00:00,5
T5775,28411,400,10445,51A Downton Av,2013-11-24 00:00:00,7
T5776,65093,722,15812,49A States Rd,2014-04-27 00:00:00,2
T5777,51747,W91,13914,8 East Av,2014-01-19 00:00:00,1
T5778,6094,190,14424,21 Morphett Rd,2014-06-29 00:00:00,1
T5779,9812,B10X,12983,25 Grange Rd,2014-03-02 00:00:00,1
T5780,9254,B10,13364,W3 Currie St,2014-04-27 00:00:00,2
T5781,46852,200,14238,14 Sussex Tce,2013-11-03 00:00:00,3
T5782,21143,C1,10465,51 Main North Rd,2014-05-25 00:00:00,4
T5783,65358,721F,18486,W Grote St,2014-01-26 00:00:00,4
T5784,12992,178,12619,23 Montacute Rd,2014-02-09 00:00:00,2
T5785,29938,722,15768,48 States Rd,2013-11-03 00:00:00,1
T5786,27170,203F,11836,26 Hampstead Rd,2013-09-22 00:00:00,1
T5787,46874,200,14585,20 Boothby St,2013-09-29 00:00:00,15
T5788,10775,H22,13247,11 White Av,2014-06-15 00:00:00,6
T5789,47455,248F,14622,22A Hendrie St,2013-07-14 00:00:00,5
T5790,12412,239,13364,W3 Currie St,2013-12-22 00:00:00,1
T5791,1236,734,15872,61 Galloway Rd,2013-12-08 00:00:00,1
T5792,34687,150,11965,32 Port Rd,2014-01-19 00:00:00,1
T5793,6414,361,11697,28 Grand Junction Rd,2014-05-18 00:00:00,5
T5794,17660,502,10995,40A Bridge Rd,2013-09-29 00:00:00,1
T5795,15686,G10,14964,Zone A Marion Interchange,2014-04-13 00:00:00,14
T5796,948,401,10358,65 Kensington Wy,2013-08-04 00:00:00,1
T5797,10334,H20,13730,8G  Marion Rd,2014-06-29 00:00:00,13
T5798,45166,150,12254,25 Port Rd,2013-07-07 00:00:00,1
T5799,49689,B10,12626,32 Frederick Rd,2013-06-30 00:00:00,1
T5800,9351,H22,16399,6 The Parade,2014-06-29 00:00:00,2
T5801,20028,600,15267,37 Craiglee Dr,2014-05-11 00:00:00,1
T5802,30419,734,15713,44A Panalatinga Rd,2013-07-21 00:00:00,1
T5803,949,401,10371,56 Waterloo Corner Rd,2013-08-25 00:00:00,1
T5804,887,733,15643,39B Regency Rd,2014-02-23 00:00:00,2
T5805,12893,W90,12697,18 Turner St,2014-07-06 00:00:00,1
T5806,27069,202F,17621,34 Wright Rd,2014-01-19 00:00:00,2
T5807,13717,172,13941,7 Duthy St,2014-03-02 00:00:00,1
T5808,47035,200B,14741,22 Fiveash Dr,2013-12-01 00:00:00,4
T5809,16599,M44,14760,24 Marion Rd,2014-02-09 00:00:00,9
T5810,36793,560,11303,31 Montague Rd,2014-05-04 00:00:00,7
T5811,12398,237,13287,B1 Pulteney St,2013-10-20 00:00:00,1
T5812,47552,281,12845,8 Walkerville Tce,2013-10-20 00:00:00,1
T5813,22579,750,17693,96 Old Coach Rd,2014-03-23 00:00:00,1
T5814,8502,556,11483,40 Tolley Rd,2014-01-12 00:00:00,1
T5815,11045,238,11160,33B Mawson Lakes Bvd,2014-06-22 00:00:00,1
T5816,13256,171,13330,G3 Grenfell St,2014-04-27 00:00:00,56
T5817,9023,503,11797,34C Valiant Rd,2013-09-15 00:00:00,4
T5818,28149,271,11886,29 North East Rd,2013-10-13 00:00:00,7
T5819,58942,M44,13452,D2 Grote St,2013-10-06 00:00:00,5
T5820,15932,G30,16282,C2 King William St,2014-05-25 00:00:00,34
T5821,7875,506,11411,43A Wright Rd,2014-07-06 00:00:00,2
T5822,52659,224,10534,Zone I Salisbury Interchange,2013-09-22 00:00:00,1
T5823,59098,M44C,13829,3 Anzac Hwy,2013-08-04 00:00:00,7
T5824,1203,404,10620,39P Hemming St,2013-11-10 00:00:00,3
T5825,46158,174,13343,E3 Currie St,2013-11-03 00:00:00,4
T5826,12677,235,13341,T3 Grenfell St,2013-11-24 00:00:00,23
T5827,27345,222,12467,14 Main North Rd,2013-12-15 00:00:00,5
T5828,9711,B10,13029,21 St Bernards Rd,2014-02-09 00:00:00,3
T5829,48840,722F,15984,61 Elizabeth Rd,2013-09-01 00:00:00,1
T5830,52969,254,12719,14 Hawker St,2014-01-12 00:00:00,2
T5831,44886,141,13384,V1 Dequetteville Tce,2013-11-24 00:00:00,7
T5832,50412,H30,12975,13 Coorara Av,2013-09-08 00:00:00,1
T5833,27680,228,11947,21 Main North Rd,2014-02-23 00:00:00,2
T5834,1078,273,12690,11 North East Rd,2014-01-05 00:00:00,1
T5835,12894,W90,14966,29B Sturt Rd,2014-04-27 00:00:00,2
T5836,14853,G10,14393,14 Goodwood Rd,2014-04-06 00:00:00,2
T5837,10250,141,13379,14 Kensington Rd,2014-06-22 00:00:00,3
T5838,63540,721R,15053,Zone B Flinders Medical Centre,2014-03-23 00:00:00,1
T5839,8809,506,11437,41 Rutherford St,2014-05-18 00:00:00,9
T5840,1232,734,17229,52 Adams Rd,2014-06-29 00:00:00,1
T5841,10842,H22L,16390,10 The Parade,2014-06-22 00:00:00,3
T5842,57831,C1,10471,51 Main North Rd,2013-11-10 00:00:00,1
T5843,15829,265,14727,30 King George Av,2013-09-29 00:00:00,1
T5844,9745,B10,13195,3A Magill Rd,2014-05-04 00:00:00,1
T5845,46344,178,12106,Zone E Paradise Interchange,2014-01-19 00:00:00,7
T5846,1195,404,17438,41 Kings Rd,2013-10-27 00:00:00,6
T5847,27249,222,16288,V1 King William St,2014-04-27 00:00:00,4
T5848,27585,225,10751,44D Northbri Av,2013-06-30 00:00:00,1
T5849,49527,B10,12791,30A Frederick Rd,2013-09-22 00:00:00,3
T5850,50492,H30,16351,29D Military Rd,2013-07-28 00:00:00,4
T5851,46363,178,12572,28 Montacute Rd,2013-11-17 00:00:00,1
T5852,6918,502,10640,45C Buckingham Dr,2014-02-23 00:00:00,5
T5853,18241,251,11815,27A Medika Bvd,2014-03-23 00:00:00,1
T5854,44881,140,13299,C1 North Tce,2013-12-08 00:00:00,1
T5855,14674,G10,13091,2 King William Rd,2014-03-23 00:00:00,5
T5856,45557,168,14021,15 Mooringe Av,2013-08-25 00:00:00,1
T5857,46001,172,13432,H1 Wakefield St,2013-12-29 00:00:00,2
T5858,15083,G10,16288,V1 King William St,2014-04-20 00:00:00,3
T5859,45127,147,13796,18 Devereux Rd,2013-11-17 00:00:00,1
T5860,1641,230,11921,32 Addison Rd,2013-12-01 00:00:00,1
T5861,59052,M44,14360,15 Marion Rd,2013-10-20 00:00:00,1
T5862,52958,253,12841,10 Hawker St,2013-07-07 00:00:00,2
T5863,48854,722F,15930,53A States Rd,2013-10-13 00:00:00,2
T5864,9983,J1,16405,1 Henley Beach Rd,2014-03-23 00:00:00,1
T5865,27062,202F,13032,3A Melbourne St,2013-12-29 00:00:00,1
T5866,10257,141,13420,3 Kensington Rd,2014-06-29 00:00:00,4
T5867,10952,118,12684,26 Trimmer Pde,2014-03-16 00:00:00,1
T5868,12770,168,14061,16 Hoylake St,2014-06-15 00:00:00,1
T5869,10020,204,17399,24 Fosters Rd,2014-06-15 00:00:00,1
T5870,64349,B10,13000,27 Grange Rd,2014-01-12 00:00:00,1
T5871,50403,H30,12916,17 Arthur St,2013-09-29 00:00:00,1
T5872,15541,G10C,11955,21 Prospect Rd,2014-06-08 00:00:00,1
T5873,17425,839,15591,69/77 Wellington Rd,2014-06-15 00:00:00,6
T5874,27280,222,16275,Z2 King William St,2013-08-25 00:00:00,31
T5875,45177,150,12653,15 Port Rd,2013-09-01 00:00:00,1
T5876,7316,502,11800,28 Sudholz Rd,2014-06-29 00:00:00,5
T5877,44787,117,13287,B1 Pulteney St,2013-10-13 00:00:00,7
T5878,29519,719,13566,J1 West Tce,2013-10-27 00:00:00,1
T5879,57056,300,14688,21 Goodwood Rd,2013-08-11 00:00:00,1
T5880,28087,262,14305,20 Anzac Hwy,2013-07-28 00:00:00,3
T5881,65379,721F,15873,53 Main South Rd,2014-05-18 00:00:00,8
T5882,7060,232,12660,11 Harrison Rd,2014-04-06 00:00:00,1
T5883,16246,M44,14755,24 Marion Rd,2014-06-22 00:00:00,1
T5884,10478,J2,13306,B2 Pulteney St,2014-04-20 00:00:00,4
T5885,8378,288,13303,B2 North Tce,2014-06-08 00:00:00,2
T5886,36373,411,10452,43C Liberator Dr,2014-04-06 00:00:00,1
T5887,17720,208B,16287,V2 King William St,2014-03-30 00:00:00,1
T5888,18330,864F,13472,G1 Pulteney St,2014-07-06 00:00:00,8
T5889,329,452,10058,Zone A Smithfield Interchange,2014-07-06 00:00:00,4
T5890,58796,G21,15503,Zone C Aberfoyle Hub Centre In,2013-11-17 00:00:00,3
T5891,17289,265,14974,Zone D Marion Interchange,2013-09-08 00:00:00,6
T5892,13591,262,15067,36A Cedar Av,2014-06-29 00:00:00,1
T5893,48128,333,11558,42A Carlisle St,2013-08-25 00:00:00,1
T5894,13577,262,14763,31 Brighton Rd,2014-06-29 00:00:00,8
T5895,36805,560,10528,Zone H Salisbury Interchange,2013-11-10 00:00:00,34
T5896,48423,502,16600,39 Bridge Rd,2013-09-01 00:00:00,1
T5897,27632,228,10465,51 Main North Rd,2013-09-22 00:00:00,5
T5898,36309,411,10552,45D Burton Rd,2014-04-20 00:00:00,6
T5899,8655,545,11256,47 Mcintyre Rd,2013-12-01 00:00:00,1
T5900,27469,224,11354,31 Main North Rd,2013-11-10 00:00:00,3
T5901,19461,300,14468,25 Diagonal Rd,2014-03-09 00:00:00,1
T5902,10185,118,12143,33B Tapleys Hill Rd,2014-02-09 00:00:00,3
T5903,12088,157,12321,24 Port Rd,2014-04-06 00:00:00,4
T5904,46369,178,12722,15 Payneham Rd,2013-09-22 00:00:00,1
T5905,10010,203F,11895,25 Hampstead Rd,2014-03-30 00:00:00,4
T5906,50538,H30,13330,G3 Grenfell St,2013-12-22 00:00:00,8
T5907,1077,273,12647,12 North East Rd,2013-11-24 00:00:00,1
T5908,27251,222,16275,Z2 King William St,2013-09-22 00:00:00,23
T5909,6979,230,11921,32 Addison Rd,2014-07-06 00:00:00,1
T5910,8634,200,13473,G2 Victoria Sq,2014-07-06 00:00:00,4
T5911,63483,721,15577,40 Old South Rd,2014-01-12 00:00:00,1
T5912,29939,722,15795,49 States Rd,2013-08-11 00:00:00,1
T5913,18053,208N,16279,X2 King William St,2014-02-23 00:00:00,5
T5914,13126,254,16291,U1 Victoria Sq,2014-02-02 00:00:00,2
T5915,5724,117,13336,T1 Grenfell St,2014-05-04 00:00:00,8
T5916,1841,557,11920,31 Lower North East Rd,2014-01-05 00:00:00,1
T5917,27756,228F,10193,68 Yorktown Rd,2013-12-01 00:00:00,7
T5918,17831,861,13899,9 Glen Osmond Rd,2014-05-11 00:00:00,2
T5919,27165,203F,13452,D2 Grote St,2013-08-11 00:00:00,2
T5920,11814,J1,17761,14 Tapleys Hill Rd,2014-03-09 00:00:00,1
T5921,50153,H20C,16382,14 The Parade,2013-09-22 00:00:00,24
T5922,2189,415,10488,56 Goddard Dr,2014-01-05 00:00:00,1
T5923,28146,271,12000,26 North East Rd,2013-11-03 00:00:00,7
T5924,6368,300M,14422,Zone D Moseley St,2014-05-18 00:00:00,10
T5925,42092,N3,15938,63A Peregrine Cr,2013-08-04 00:00:00,9
T5926,58904,M44,16667,Zone A Klemzig Interchange,2013-10-20 00:00:00,3
T5927,59059,M44,11008,51 Ladywood Rd,2014-01-12 00:00:00,2
T5928,5900,300,12243,116 Regency Rd,2014-07-06 00:00:00,2
T5929,27327,222,12171,18 Main North Rd,2014-04-06 00:00:00,5
T5930,27318,222,13019,4 O Connell St,2013-06-30 00:00:00,11
T5931,57051,300,13386,147 Portrush Rd,2013-07-21 00:00:00,17
T5932,28554,441,10178,71 Yorktown Rd,2013-11-17 00:00:00,4
T5933,48853,722F,15333,33 Main South Rd,2013-09-01 00:00:00,5
T5934,58979,M44,13457,W2 Grote St,2013-10-27 00:00:00,4
T5935,47426,241,14410,15 Towers Tce,2014-01-05 00:00:00,1
T5936,52721,228,12467,14 Main North Rd,2013-12-08 00:00:00,3
T5937,13639,265,13457,W2 Grote St,2014-05-11 00:00:00,2
T5938,47547,281,12594,14 Harris Rd,2013-11-24 00:00:00,1
T5939,49589,B10,12925,12 Grange Rd,2013-08-04 00:00:00,2
T5940,8560,B10,13336,T1 Grenfell St,2014-06-22 00:00:00,1
T5941,63437,287,13292,U1 North Tce,2014-01-12 00:00:00,7
T5942,37036,681,14996,34A Sturt Rd,2013-09-01 00:00:00,1
T5943,49084,737,18565,45E Vaucluse Dr,2013-07-14 00:00:00,1
T5944,6933,502,10649,46B Smith St,2014-07-06 00:00:00,1
T5945,44770,117,12927,15 Grange Rd,2014-01-05 00:00:00,8
T5946,12403,237,11640,27 Grand Junction Rd,2013-09-08 00:00:00,1
T5947,580,725,15884,58 Brodie Rd,2013-12-01 00:00:00,4
T5948,12004,251,12568,17 Torrens Rd,2014-06-22 00:00:00,1
T5949,48218,361,11469,37 Helen Tce,2013-09-01 00:00:00,3
T5950,50530,H30,16377,28 Seaview Rd,2013-12-15 00:00:00,10
T5951,59034,M44,14295,14 Marion Rd,2013-08-25 00:00:00,8
T5952,44893,141,13399,9 Kensington Rd,2013-07-07 00:00:00,3
T5953,44965,142,13317,X1 Dequetteville Tce,2013-11-03 00:00:00,1
T5954,4306,741A,16082,71 Witton Rd,2013-07-28 00:00:00,4
T5955,65344,721F,15053,Zone B Flinders Medical Centre,2014-01-19 00:00:00,8
T5956,29612,720H,14416,15 South Rd,2013-09-22 00:00:00,3
T5957,31135,861,13742,2 Glen Osmond Rd,2013-08-11 00:00:00,4
T5958,50192,H21,16400,6 The Parade,2013-12-15 00:00:00,1
T5959,195,722F,15095,29 Main South Rd,2014-04-27 00:00:00,1
T5960,42275,N4,14841,28A Morphett Rd,2013-07-14 00:00:00,7
T5961,44816,118,12817,22  Crittenden Rd,2013-09-01 00:00:00,3
T5962,47526,281,13079,3 Hackney Rd,2013-09-01 00:00:00,2
T5963,6591,230,13078,2 King William Rd,2014-07-06 00:00:00,14
T5964,58930,M44,13457,W2 Grote St,2013-07-21 00:00:00,47
T5965,27532,224X,10232,Zone C Elizabeth Interchange,2013-11-24 00:00:00,21
T5966,19397,271,12084,24 North East Rd,2014-05-25 00:00:00,1
T5967,27859,229F,11337,33 Pratt Av,2013-07-21 00:00:00,1
T5968,620,725,15968,63 Elizabeth Rd,2014-03-23 00:00:00,1
T5969,36503,440,10157,70 Woodford Rd,2014-02-09 00:00:00,3
T5970,3050,G40M,17172,62A The Grove Wy,2013-08-04 00:00:00,3
T5971,20818,C1,13339,F2 Grenfell St,2014-06-29 00:00:00,76
T5972,10530,208,17194,27 The Promenade,2014-04-06 00:00:00,13
T5973,44713,100,12266,Zone A Arndale Interchange,2013-11-10 00:00:00,33
T5974,30416,734,15998,68C Roy Tce,2013-09-01 00:00:00,2
T5975,18020,506,11867,29C Sudholz Rd,2013-09-22 00:00:00,1
T5976,27295,222,17378,33C Mawson Lakes Bvd,2013-09-22 00:00:00,1
T5977,30736,749,16128,73 Saltfleet St,2013-10-13 00:00:00,2
T5978,6564,196F,14166,10 Belair Rd,2014-02-02 00:00:00,1
T5979,53478,506,11737,32 Wandana Av,2013-10-13 00:00:00,1
T5980,32847,208,11786,27E Sir Ross Smith Bvd,2013-12-15 00:00:00,1
T5981,11996,251,16279,X2 King William St,2014-06-29 00:00:00,4
T5982,5683,101,14258,13 Marion Rd,2014-03-02 00:00:00,1
T5983,30980,839,17181,66 Hutchinson St,2013-07-28 00:00:00,2
T5984,19281,556,11392,43B Smart Rd,2014-03-16 00:00:00,1
T5985,34724,150,11582,Zone A Port Adelaide Interchan,2013-11-03 00:00:00,3
T5986,4836,241,14958,30 Morphett Rd,2014-05-04 00:00:00,1
T5987,28159,273,11933,28 North East Rd,2013-09-29 00:00:00,3
T5988,6348,W90M,13909,8 East Av,2014-03-30 00:00:00,1
T5989,10869,H30,13175,8 Magill Rd,2014-03-09 00:00:00,4
T5990,9765,B10,12918,13 Grange Rd,2014-06-29 00:00:00,1
T5991,58314,G10,16281,X1 King William St,2013-10-06 00:00:00,32
T5992,45792,171,13330,G3 Grenfell St,2013-08-25 00:00:00,10
T5993,64312,B10,12943,18 Grange Rd,2014-01-12 00:00:00,1
T5994,46246,174,12652,17 Payneham Rd,2013-11-10 00:00:00,3
T5995,10599,209F,11895,25 Hampstead Rd,2014-03-30 00:00:00,1
T5996,7754,200,13977,7 King William Rd,2014-05-11 00:00:00,4
T5997,16200,G40,14536,18 Goodwood Rd,2014-05-25 00:00:00,1
T5998,59018,M44,13829,3 Anzac Hwy,2013-08-25 00:00:00,5
T5999,8706,200B,14691,20 Eliza Pl,2014-05-18 00:00:00,6
T6000,9712,B10,12959,21 Grange Rd,2014-07-06 00:00:00,3
T6001,36857,560P,10721,44B Bridge Rd,2013-11-24 00:00:00,1
T6002,325,452,17126,Zone D Munno Para Shopping Cen,2014-03-23 00:00:00,10
T6003,45494,168,13724,3 Richmond Rd,2014-01-12 00:00:00,6
T6004,16449,M44T,14522,19 Marion Rd,2014-04-20 00:00:00,1
T6005,9696,B10,12955,20 Grange Rd,2014-04-06 00:00:00,4
T6006,10196,118,12436,32 Tapleys Hill Rd,2014-02-23 00:00:00,3
T6007,28140,271,12054,25 North East Rd,2013-10-27 00:00:00,6
T6008,59064,M44,11399,42A Smart Rd,2013-08-11 00:00:00,1
T6009,56804,230,12483,15 Pym St,2013-09-01 00:00:00,2
T6010,9695,B10,12943,18 Grange Rd,2014-04-27 00:00:00,1
T6011,11234,H30,16351,29D Military Rd,2014-03-09 00:00:00,4
T6012,48739,720,14962,29B Sturt Rd,2013-10-13 00:00:00,3
T6013,50997,J1,13306,B2 Pulteney St,2013-12-08 00:00:00,4
T6014,48988,733,15710,43A Sir James Hardy Wy,2013-07-07 00:00:00,1
T6015,21164,C1,12129,Zone C Paradise Interchange,2014-03-02 00:00:00,118
T6016,14551,H22,13337,T2 Grenfell St,2014-03-02 00:00:00,4
T6017,12175,235,12968,5A Jeffcott St,2013-12-08 00:00:00,2
T6018,64395,681,17969,Zone A Hallett Cove Shopping C,2014-05-04 00:00:00,4
T6019,34367,144,14045,19  Portrush Rd,2013-11-03 00:00:00,1
T6020,17659,502,11330,35A Walkleys Rd,2013-09-15 00:00:00,1
T6021,5906,300,17749,214 Findon Rd,2014-04-27 00:00:00,3
T6022,7172,230,11655,38 Commercial Rd,2014-05-04 00:00:00,2
T6023,50447,H30,12851,26 Morialta Rd,2013-12-08 00:00:00,8
T6024,44812,118,12780,22A  Crittenden Rd,2013-10-06 00:00:00,7
T6025,8502,556,11447,41 Tolley Rd,2013-08-18 00:00:00,1
T6026,5923,300,12472,220 Woodville Rd,2014-06-01 00:00:00,10
T6027,27653,228,12536,13 Main North Rd,2014-06-01 00:00:00,1
T6028,45715,171,14375,17 Albert St A,2014-01-19 00:00:00,3
T6029,27710,228F,10465,51 Main North Rd,2013-07-28 00:00:00,5
T6030,11783,H33,16471,13 Henley Beach Rd,2014-05-18 00:00:00,2
T6031,45531,168,13353,V2 Currie St,2013-12-08 00:00:00,4
T6032,21012,C1,12129,Zone C Paradise Interchange,2014-06-01 00:00:00,22
T6033,12128,162,13522,5C Sir Donald Bradman Dr,2014-02-02 00:00:00,1
T6034,36392,411,10662,38C Shepherdson Rd,2014-03-30 00:00:00,1
T6035,12142,167,13706,1A Richmond Rd,2014-04-27 00:00:00,5
T6036,1301,273,12541,15 North East Rd,2013-06-30 00:00:00,1
T6037,20303,545,11408,43S Smart Rd,2014-04-20 00:00:00,1
T6038,49766,G10,16281,X1 King William St,2013-07-07 00:00:00,29
T6039,50407,H30,12106,Zone E Paradise Interchange,2013-12-29 00:00:00,2
T6040,59051,M44,14133,11A  Marion Rd,2013-10-20 00:00:00,7
T6041,22553,747,16117,71 Gawler St,2014-04-27 00:00:00,3
T6042,50132,H20,12310,24A Darley Rd,2013-08-04 00:00:00,2
T6043,47902,287,13292,U1 North Tce,2013-07-21 00:00:00,16
T6044,29024,543X,11036,52 Cronulla Dr,2013-10-13 00:00:00,6
T6045,17794,852,17180,64 Hutchinson St,2014-03-16 00:00:00,3
T6046,31210,863F,13583,P1 Pulteney St,2013-07-14 00:00:00,2
T6047,13308,172,13908,6 Duthy St,2014-04-06 00:00:00,7
T6048,47504,263,16589,5A Anzac Hwy,2013-08-04 00:00:00,2
T6049,18804,837,15221,82 Woodside Rd,2014-04-27 00:00:00,1
T6050,12461,J2,13306,B2 Pulteney St,2014-02-23 00:00:00,8
T6051,1241,734,14965,Zone C Marion Interchange,2013-12-01 00:00:00,35
T6052,6447,500,10678,46A Smith Rd,2014-05-25 00:00:00,3
T6053,53749,560,11041,40 Bridge Rd,2014-06-08 00:00:00,1
T6054,58622,G10C,12135,18 Prospect Rd,2013-11-24 00:00:00,2
T6055,48841,722F,15970,61A Elizabeth Rd,2013-11-03 00:00:00,4
T6056,50603,H30C,16418,6 Henley Beach Rd,2013-07-21 00:00:00,6
T6057,27268,222,11947,21 Main North Rd,2013-11-03 00:00:00,5
T6058,17455,204,12474,15 Galway Av,2013-10-20 00:00:00,1
T6059,48848,722F,16037,Zone A Colonnades Interchange,2013-10-27 00:00:00,37
T6060,28647,442,17311,82 Somerset Gr,2013-09-01 00:00:00,1
T6061,48323,500,10614,47B Park Tce,2014-01-19 00:00:00,3
T6062,50405,H30,12980,15 Shelley St,2014-01-19 00:00:00,2
T6063,28156,273,13275,1 Frome Rd,2013-09-15 00:00:00,5
T6064,27301,222,11355,31 Main North Rd,2013-11-10 00:00:00,4
T6065,14995,G10,14777,23 Fiveash Dr,2014-06-15 00:00:00,1
T6066,48498,591C,17609,72 Target Hill Rd,2013-12-15 00:00:00,1
T6067,12845,170,17526,T2 North Tce,2014-07-06 00:00:00,5
T6068,46334,178,12331,26 Gorge Rd,2013-11-17 00:00:00,1
T6069,6437,361,11349,Zone H Tea Tree Plaza Intercha,2014-06-08 00:00:00,15
T6070,15939,G40,13292,U1 North Tce,2014-01-26 00:00:00,7
T6071,2740,N3,15189,40 Brighton Rd,2013-12-22 00:00:00,1
T6072,16736,251,11820,29 Medika Bvd,2013-08-18 00:00:00,4
T6073,12350,J2,13609,12C Burbridge Rd,2014-04-20 00:00:00,2
T6074,11267,H30,16428,26 Seaview Rd,2014-02-16 00:00:00,2
T6075,47799,287,13147,5 Phillips St,2013-07-07 00:00:00,7
T6076,11724,H32,17798,X1 Glover Av,2014-02-16 00:00:00,2
T6077,31807,G40,14542,18 Goodwood Rd,2013-07-28 00:00:00,10
T6078,46278,177,12501,20 Lower North East Rd,2014-01-12 00:00:00,9
T6079,18852,545,11089,50 Mcintyre Rd,2014-07-06 00:00:00,1
T6080,64813,721,15751,48 Main South Rd,2014-01-12 00:00:00,2
T6081,14361,157,17770,30 West Lakes Bvd,2014-05-25 00:00:00,1
T6082,36363,411,10485,45B Burton Rd,2014-05-25 00:00:00,1
T6083,19299,556,11352,Zone G Tea Tree Plaza Intercha,2014-01-26 00:00:00,13
T6084,12956,W91,14789,23 Cashel St,2014-03-16 00:00:00,2
T6085,58490,G10,15053,Zone B Flinders Medical Centre,2013-10-13 00:00:00,3
T6086,16788,251,13465,B1 Grote St,2013-09-08 00:00:00,1
T6087,49543,B10,13111,19 Magill Rd,2013-08-04 00:00:00,1
T6088,4749,230,12318,22 Regency Rd,2013-12-22 00:00:00,2
T6089,17087,253,13261,Z3 King William St,2013-10-20 00:00:00,1
T6090,10829,H22L,13360,W1 Currie St,2014-02-02 00:00:00,18
T6091,65094,722,16025,56C Collins Pde,2014-02-23 00:00:00,1
T6092,36309,411,10479,43A Liberator Dr,2013-07-14 00:00:00,6
T6093,49910,G10B,11876,22 Prospect Rd,2013-06-30 00:00:00,1
T6094,15152,G10,12373,15 Prospect Rd,2014-04-27 00:00:00,2
T6095,48275,500,11448,34A Walkleys Rd,2013-10-13 00:00:00,21
T6096,34739,150,11582,Zone A Port Adelaide Interchan,2013-10-13 00:00:00,1
T6097,46094,174,12722,15 Payneham Rd,2013-10-13 00:00:00,1
T6098,58248,G10,12021,20 Prospect Rd,2013-09-08 00:00:00,15
T6099,5913,300,14403,Zone A Moseley St,2014-01-26 00:00:00,5
T6100,27318,222,13078,2 King William Rd,2013-07-21 00:00:00,7
T6101,65415,737,17121,Zone D Old Reynella Interchang,2014-05-18 00:00:00,1
T6102,6509,190B,16276,A3 King William Rd,2014-02-02 00:00:00,6
T6103,692,401,17862,63A Springbank Bvd,2014-01-26 00:00:00,3
T6104,12151,239,12212,Zone B Arndale Interchange,2013-08-04 00:00:00,2
T6105,6665,174,13277,I2 North Tce,2014-05-11 00:00:00,1
T6106,16873,254X,11587,Zone C Port Adelaide Interchan,2014-01-05 00:00:00,5
T6107,27562,225,10677,46A Frost Rd,2014-01-26 00:00:00,1
T6108,48341,501,11335,35A Walkleys Rd,2013-08-25 00:00:00,9
T6109,47068,200C,13274,A2 King William Rd,2013-10-13 00:00:00,7
T6110,16801,251,12716,14 Hawker St,2013-10-20 00:00:00,1
T6111,10273,141,13379,14 Kensington Rd,2014-02-09 00:00:00,2
T6112,10321,H20,16399,6 The Parade,2014-02-16 00:00:00,3
T6113,9257,B10,13208,3 North Tce,2014-02-02 00:00:00,1
T6114,5700,117,12692,27 Trimmer Pde,2014-05-11 00:00:00,9
T6115,51735,W91,13713,2 Greenhill Rd,2013-11-10 00:00:00,1
T6116,29742,721,15053,Zone B Flinders Medical Centre,2013-07-21 00:00:00,4
T6117,51727,W91,18495,F1 Morphett Street,2013-07-21 00:00:00,4
T6118,18336,864F,14868,47 Mount Barker Rd,2014-05-25 00:00:00,1
T6119,48920,733,15826,48 Bains Rd,2013-11-17 00:00:00,1
T6120,19401,271,12145,22 North East Rd,2014-05-11 00:00:00,2
T6121,49559,B10,13067,20 St Bernards Rd,2013-10-13 00:00:00,8
T6122,13962,287,13122,28 Marlborough St,2014-06-08 00:00:00,1
T6123,27594,225F,11871,22 Main North Rd,2014-03-09 00:00:00,2
T6124,27532,224X,10453,52 Commercial Rd,2014-03-02 00:00:00,1
T6125,13866,142,13278,I1 North Tce,2014-04-06 00:00:00,4
T6126,61797,241,17557,21 Daws Rd,2013-12-15 00:00:00,2
T6127,626,725,16039,Zone D Colonnades Interchange,2014-06-29 00:00:00,13
T6128,57035,300,12984,25 Grange Rd,2013-09-29 00:00:00,1
T6129,50052,H20,16417,5 Henley Beach Rd,2013-11-17 00:00:00,1
T6130,10301,H20,16369,17 The Parade,2014-05-18 00:00:00,3
T6131,6007,178S,12640,18 Montacute Rd,2014-05-25 00:00:00,2
T6132,50319,H22,16434,1 Bartels Rd,2014-01-12 00:00:00,2
T6133,88,451,10126,70A Easton Av,2014-07-06 00:00:00,1
T6134,51687,W91,14463,19 Winston Av,2013-08-18 00:00:00,1
T6135,51573,W90,18491,V Currie Street,2013-07-07 00:00:00,4
T6136,45891,172,13991,8 Duthy St,2013-09-29 00:00:00,9
T6137,10946,118,13344,U1 Grenfell St,2014-04-20 00:00:00,6
T6138,8712,200B,15071,31D Miller St,2014-04-20 00:00:00,1
T6139,10520,208,12720,10A Smith St,2014-03-02 00:00:00,2
T6140,58727,G20,15095,29 Main South Rd,2013-10-27 00:00:00,1
T6141,56519,190,13472,G1 Pulteney St,2013-10-27 00:00:00,1
T6142,12646,252,11862,29 Hanson Rd,2014-05-04 00:00:00,3
T6143,17963,N502,13339,F2 Grenfell St,2013-10-20 00:00:00,3
T6144,56819,230,12489,16 Pym St,2013-11-10 00:00:00,1
T6145,11276,H30,16419,6 Henley Beach Rd,2014-02-09 00:00:00,3
T6146,45207,150,12952,7 Port Rd,2013-08-04 00:00:00,6
T6147,12094,157,12425,21 Port Rd,2014-04-20 00:00:00,1
T6148,15577,G20,15233,32 Flagstaff Rd,2014-03-23 00:00:00,6
T6149,28674,442,10216,67 Shillabeer Rd,2013-08-25 00:00:00,2
T6150,45706,171,13536,Q1 Hutt St,2013-09-01 00:00:00,2
T6151,46407,178,13285,F2 North Tce,2013-11-10 00:00:00,1
T6152,28675,442,17308,80 Somerset Gr,2013-12-29 00:00:00,1
T6153,47459,263,14293,17 Anzac Hwy,2013-10-20 00:00:00,2
T6154,48471,528,11930,25A Fosters Rd,2013-10-20 00:00:00,2
T6155,62827,749,16261,93 Commercial Rd,2014-01-19 00:00:00,2
T6156,5409,645,14974,Zone D Marion Interchange,2014-03-16 00:00:00,25
T6157,12694,253,12568,17 Torrens Rd,2014-05-11 00:00:00,2
T6158,11328,H30S,13343,E3 Currie St,2014-03-23 00:00:00,7
T6159,56550,190,13708,1 Unley Rd,2013-08-18 00:00:00,7
T6160,58492,G10,12499,13 Prospect Rd,2013-11-10 00:00:00,1
T6161,4191,271,12347,19 North East Rd,2013-12-01 00:00:00,1
T6162,52822,239,13353,V2 Currie St,2013-07-28 00:00:00,1
T6163,14125,273,12347,19 North East Rd,2014-06-22 00:00:00,2
T6164,28559,441,10228,Zone A Elizabeth Interchange,2014-05-25 00:00:00,2
T6165,45206,150,12634,17 Port Rd,2013-12-01 00:00:00,1
T6166,58415,G10,12947,5 O Connell St,2014-01-12 00:00:00,1
T6167,15885,G21F,15331,42 Black Rd,2014-04-06 00:00:00,1
T6168,10523,208,13721,1 King William Rd,2014-04-06 00:00:00,3
T6169,36841,560A,17375,54B Haydown Rd,2013-07-14 00:00:00,2
T6170,47433,241,14370,14A Towers Tce,2013-12-08 00:00:00,2
T6171,18788,T863,13394,E1 Pulteney St,2014-05-25 00:00:00,14
T6172,52814,239,12696,9 Churchill Rd,2013-11-24 00:00:00,1
T6173,43189,734S,15456,53A Adams Rd,2013-08-04 00:00:00,11
T6174,14665,G10,16281,X1 King William St,2014-02-23 00:00:00,1
T6175,17344,837,15287,64N North Tce,2014-06-29 00:00:00,3
T6176,46042,174,13199,3 North Tce,2013-07-14 00:00:00,6
T6177,7028,232,12483,15 Pym St,2014-05-11 00:00:00,3
T6178,64298,B10,13287,B1 Pulteney St,2013-12-01 00:00:00,5
T6179,27339,222,12707,10 Main North Rd,2014-04-20 00:00:00,1
T6180,36365,411,10470,43B Liberator Dr,2014-05-11 00:00:00,3
T6181,7462,281,12766,10 Walkerville Tce,2014-02-23 00:00:00,5
T6182,5942,300G,15053,Zone B Flinders Medical Centre,2014-02-02 00:00:00,14
T6183,27499,224F,12947,5 O'Connell St,2014-03-16 00:00:00,2
T6184,6059,190,13509,R1 Pulteney St,2014-05-11 00:00:00,3
T6185,16022,743,16057,61 Majorca Rd,2013-09-22 00:00:00,1
T6186,12258,167,14018,14 Mooringe Av,2014-03-16 00:00:00,4
T6187,51613,W90,14925,28A Bradley Gr,2013-10-27 00:00:00,1
T6188,27329,222,12590,12 Main North Rd,2013-06-30 00:00:00,5
T6189,64781,721,16036,Zone B Colonnades Interchange,2014-07-06 00:00:00,1
T6190,14673,G10,12304,16 Prospect Rd,2014-04-06 00:00:00,1
T6191,11335,H30S,16357,29A Seaview Rd,2014-02-16 00:00:00,1
T6192,8771,200B,13660,L1 Peacock Rd,2014-05-11 00:00:00,1
T6193,34016,118,12438,32 Tapleys Hill Rd,2013-12-29 00:00:00,2
T6194,28130,265,16289,E1 King William St,2013-12-22 00:00:00,1
T6195,28118,265,15037,36 Cedar Av,2013-11-10 00:00:00,6
T6196,36360,411,17960,35B George St,2014-01-26 00:00:00,1
T6197,31629,C1,17980,61 The Grove Way,2013-07-07 00:00:00,12
T6198,7081,281,13276,I3 North Tce,2014-04-13 00:00:00,2
T6199,50168,H21,12921,16 / 16D Glynburn Rd,2013-09-29 00:00:00,4
T6200,15269,C1,13339,F2 Grenfell St,2014-04-06 00:00:00,21
T6201,12364,J2,13364,W3 Currie St,2014-04-27 00:00:00,10
T6202,56979,300,12521,219 Woodville Rd,2013-11-03 00:00:00,5
T6203,27317,222,12590,12 Main North Rd,2014-02-09 00:00:00,7
T6204,27172,203F,12399,16 Hampstead Rd,2013-12-22 00:00:00,2
T6205,9916,H33C,12990,11 Coorara Av,2014-04-06 00:00:00,1
T6206,11475,241,13566,J1 West Tce,2014-06-01 00:00:00,2
T6207,10666,141,13345,E2 Currie St,2014-06-29 00:00:00,45
T6208,15083,G10,12499,13 Prospect Rd,2014-02-02 00:00:00,4
T6209,27183,204,12630,13 North East Rd,2013-12-01 00:00:00,5
T6210,106,451,10126,70A Easton Av,2014-05-11 00:00:00,1
T6211,46373,178,12628,21 Montacute Rd,2013-11-10 00:00:00,1
T6212,57021,300,12265,113 Regency Rd,2013-10-06 00:00:00,3
T6213,32719,T863,13348,E1 Currie St,2013-08-25 00:00:00,45
T6214,50732,H31,13367,B2 Currie St,2013-10-13 00:00:00,2
T6215,47807,287,13099,25 Valetta Rd,2013-09-08 00:00:00,1
T6216,16017,G20,13938,6 Goodwood Rd,2014-04-06 00:00:00,1
T6217,8380,288,13099,25 Valetta Rd,2014-06-08 00:00:00,8
T6218,46205,174,13354,D1 Currie St,2013-12-01 00:00:00,7
T6219,31199,863,13394,E1 Pulteney St,2013-11-24 00:00:00,7
T6220,12406,239,11913,29 Days Rd,2013-09-15 00:00:00,1
T6221,34649,150,12471,20 Port Rd,2014-01-05 00:00:00,3
T6222,58647,G20,13846,4 Goodwood Rd,2013-07-21 00:00:00,2
T6223,58934,M44,13361,W2 King William St,2013-09-29 00:00:00,2
T6224,51117,J2,17327,10 Airport Rd,2013-07-14 00:00:00,2
T6225,20023,600,14964,Zone A Marion Interchange,2014-05-18 00:00:00,35
T6226,58344,G10,14964,Zone A Marion Interchange,2013-12-22 00:00:00,18
T6227,12704,253X,16279,X2 King William St,2014-03-16 00:00:00,3
T6228,56778,230,12660,11 Harrison Rd,2013-09-22 00:00:00,29
T6229,50439,H30,13190,4 Magill Rd,2013-09-22 00:00:00,1
T6230,15445,263,13928,6 Anzac Hwy,2014-04-27 00:00:00,7
T6231,7044,232,12545,13 Harrison Rd,2014-06-15 00:00:00,2
T6232,33887,117,12928,12 Grange Rd,2014-01-12 00:00:00,1
T6233,56897,232,12012,31 Torrens Rd,2013-10-06 00:00:00,3
T6234,64695,682,15571,57 Young St,2014-03-16 00:00:00,1
T6235,5909,300,12301,20 O G Rd,2014-03-16 00:00:00,2
T6236,48410,502,11335,35A Walkleys Rd,2013-08-25 00:00:00,10
T6237,8879,506,11619,35 Wandana Av,2013-09-01 00:00:00,11
T6238,58470,G10,14333,13 Goodwood Rd,2014-01-05 00:00:00,1
T6239,51629,W90,18495,F1 Morphett Street,2013-08-04 00:00:00,3
T6240,49455,B10,13158,12 Magill Rd,2013-08-04 00:00:00,1
T6241,36346,411,10552,45D Burton Rd,2014-03-09 00:00:00,6
T6242,6631,174,12735,14 Payneham Rd,2014-05-11 00:00:00,1
T6243,58935,M44,13285,F2 North Tce,2013-12-01 00:00:00,1
T6244,16755,251,12068,25A Liberty Gr,2013-12-15 00:00:00,1
T6245,51537,W90,14240,14 Winston Av,2013-10-27 00:00:00,2
T6246,47921,288,13164,5B West Thebarton Rd,2013-07-28 00:00:00,4
T6247,12084,157,12711,14 Port Rd,2014-06-08 00:00:00,8
T6248,14531,H22,16393,9 The Parade,2014-04-20 00:00:00,13
T6249,65054,720,14416,15 South Rd,2014-02-09 00:00:00,1
T6250,16951,254X,11724,30A Hanson Rd,2013-07-28 00:00:00,2
T6251,13755,174,12169,25A Darley Rd,2014-04-13 00:00:00,1
T6252,28626,442,10190,75 Turner Dr,2014-05-04 00:00:00,7
T6253,36797,560,11319,35 Montague Rd,2014-01-05 00:00:00,2
T6254,10315,H20,13383,8A  Marion Rd,2014-03-02 00:00:00,5
T6255,11756,H33,13057,9  Portrush Rd,2014-02-16 00:00:00,4
T6256,19461,300,12726,23  Findon Rd,2014-05-04 00:00:00,1
T6257,27448,224,10265,60 Philip Hwy,2014-06-29 00:00:00,1
T6258,14103,271,13171,2 Frome Rd,2014-05-18 00:00:00,1
T6259,10862,H30,17340,31 Stradbroke Rd,2014-04-27 00:00:00,2
T6260,10159,117,12272,33E West Lakes Bvd,2014-06-29 00:00:00,1
T6261,50530,H30,17337,29 Stradbroke Rd,2013-06-30 00:00:00,1
T6262,27690,228F,12098,19 Main North Rd,2014-04-20 00:00:00,4
T6263,46289,177,16290,U2 Victoria Sq,2013-08-25 00:00:00,20
T6264,50406,H30,13287,B1 Pulteney St,2013-11-10 00:00:00,1
T6265,14399,167,14413,Zone C Moseley St,2014-05-18 00:00:00,1
T6266,6004,178S,13103,5 Payneham Rd,2014-05-18 00:00:00,3
T6267,27429,224,12947,5 O Connell St,2014-01-05 00:00:00,1
T6268,17563,502,10625,47A Park Tce,2013-08-18 00:00:00,1
T6269,27506,224F,10772,37 Salisbury Hwy,2013-09-15 00:00:00,3
T6270,10313,H20,13364,W3 Currie St,2014-04-06 00:00:00,8
T6271,11525,245,14327,16A Ferry Av,2014-05-25 00:00:00,2
T6272,1838,557,11594,37A Valley Rd,2014-01-12 00:00:00,1
T6273,45450,167C,13364,W3 Currie St,2013-12-29 00:00:00,2
T6274,455,400,10291,66 Bolivar Rd,2013-07-28 00:00:00,3
T6275,15695,G10,13492,S1 Morphett St,2014-05-25 00:00:00,2
T6276,27495,224F,10761,37 Salisbury Hwy,2014-02-16 00:00:00,1
T6277,16257,M44,14963,Zone B Marion Interchange,2014-04-27 00:00:00,89
T6278,10996,235,12341,14 Churchill Rd,2014-06-01 00:00:00,1
T6279,6963,502,10639,45C Buckingham Dr,2014-02-16 00:00:00,2
T6280,12898,W90,12407,27A Mcshane St,2014-06-15 00:00:00,1
T6281,27309,222,12409,15 Main North Rd,2013-12-29 00:00:00,1
T6282,44849,118,12922,14 Grange Rd,2013-07-21 00:00:00,1
T6283,4201,271,11503,40 Reservoir Rd,2013-09-01 00:00:00,1
T6284,3200,245,13274,A2 King William Rd,2014-06-01 00:00:00,4
T6285,9867,H30S,12979,15 Shelley St,2014-03-30 00:00:00,1
T6286,53730,557,12106,Zone E Paradise Interchange,2013-10-13 00:00:00,1
T6287,50299,H22,16423,8 Henley Beach Rd,2013-09-01 00:00:00,9
T6288,10331,H20,13367,B2 Currie St,2014-05-25 00:00:00,3
T6289,11636,150,12797,12 Port Rd,2014-05-25 00:00:00,1
T6290,50308,H22,16385,12 The Parade,2013-12-22 00:00:00,2
T6291,36824,560,11276,45 Reservoir Rd,2014-03-16 00:00:00,4
T6292,65150,733,15403,35 Bluehills Rd,2014-05-04 00:00:00,2
T6293,50656,H31,13015,10  Portrush Rd,2013-08-11 00:00:00,9
T6294,13447,141,13382,13 Kensington Rd,2014-04-20 00:00:00,1
T6295,7362,502,10807,43C Bridge Rd,2014-05-18 00:00:00,1
T6296,45501,168,13731,4 Richmond Rd,2013-09-22 00:00:00,3
T6297,27310,222,12771,8 Main North Rd,2013-08-18 00:00:00,1
T6298,45704,171,14354,16A Maitland St,2014-01-05 00:00:00,4
T6299,14854,G10,13492,S1 Morphett St,2014-02-16 00:00:00,1
T6300,2176,415,10559,64A Target Hill Rd,2013-10-27 00:00:00,9
T6301,45410,167,13306,B2 Pulteney St,2014-01-12 00:00:00,2
T6302,48496,591C,16685,78 Green Valley Dr,2013-11-03 00:00:00,1
T6303,18968,254,11729,30A Hanson Rd,2014-04-20 00:00:00,1
T6304,58246,G10,13846,4 Goodwood Rd,2013-07-21 00:00:00,8
T6305,58350,G10,17738,Zone B Registry Rd Flinders Un,2013-07-21 00:00:00,18
T6306,16644,M44X,17360,60 Surrey Farm Dr,2014-03-16 00:00:00,2
T6307,11775,H33,13178,7 Magill Rd,2014-06-29 00:00:00,1
T6308,53155,400,10225,Zone C Elizabeth City Centre,2014-06-22 00:00:00,2
T6309,50329,H22,16476,22B Lexington Rd,2014-01-12 00:00:00,1
T6310,3616,451,10128,70A Easton Av,2014-04-06 00:00:00,11
T6311,4185,271,12398,18 North East Rd,2014-01-12 00:00:00,2
T6312,50455,H30,12893,23 Moules Rd,2013-12-15 00:00:00,1
T6313,48382,501,13351,D2 Currie St,2013-07-21 00:00:00,9
T6314,57019,300,14531,25B Diagonal Rd,2013-07-14 00:00:00,1
T6315,11278,H30,12106,Zone E Paradise Interchange,2014-06-29 00:00:00,18
T6316,53181,401,10340,58 Waterloo Corner Rd,2014-05-18 00:00:00,1
T6317,201,722F,16085,56A Collins Rd,2014-03-09 00:00:00,1
T6318,12476,J8,12562,218 Findon Rd,2014-03-30 00:00:00,1
T6319,28749,494,18265,172 Hillier Rd,2013-10-20 00:00:00,4
T6320,9569,203,11836,26 Hampstead Rd,2014-03-16 00:00:00,1
T6321,57040,300,17109,14C Harbour Town,2013-11-10 00:00:00,1
T6322,47789,287,13129,29A Marlborough St,2013-07-07 00:00:00,5
T6323,17083,253,13261,Z3 King William St,2013-07-07 00:00:00,2
T6324,31241,864,14683,24 Crafers Ramp,2013-09-29 00:00:00,6
T6325,16430,209F,12138,21 Hampstead Rd,2013-08-11 00:00:00,4
T6326,13789,174,12603,18 / 18C Lower North East Rd,2014-04-13 00:00:00,5
T6327,9688,B10,12983,25 Grange Rd,2014-03-02 00:00:00,5
T6328,64109,281,12096,Zone I Paradise Interchange,2013-12-29 00:00:00,6
T6329,36824,560,10649,46B Smith St,2014-03-16 00:00:00,1
T6330,63462,720H,16286,D2 King William St,2014-02-23 00:00:00,3
T6331,1204,404,17935,49P Yalumba Dr,2013-09-01 00:00:00,2
T6332,58323,G10,16275,Z2 King William St,2013-10-20 00:00:00,34
T6333,63618,190,14088,9 Unley Rd,2013-12-29 00:00:00,1
T6334,15110,G10,13846,4 Goodwood Rd,2014-06-01 00:00:00,1
T6335,28686,442,17124,Zone B Munno Para Shopping Cen,2014-01-19 00:00:00,1
T6336,27134,203,17492,44 Roopena St,2013-09-15 00:00:00,1
T6337,64265,312,18492,Zone C West Lakes Interchange,2014-01-12 00:00:00,1
T6338,56656,195F,14254,12 Belair Rd,2013-09-22 00:00:00,10
T6339,5723,117,18493,Zone A West Lakes Interchange,2014-02-09 00:00:00,21
T6340,9252,B10,13181,6 Magill Rd,2014-02-02 00:00:00,17
T6341,58012,C1,11351,Zone B Tea Tree Plaza Intercha,2013-09-15 00:00:00,14
T6342,10324,H20,16418,6 Henley Beach Rd,2014-07-06 00:00:00,5
T6343,45684,171,13808,5 Fullarton Rd,2013-12-22 00:00:00,1
T6344,57050,300,13386,147 Portrush Rd,2013-08-04 00:00:00,2
T6345,27597,225F,10534,Zone I Salisbury Interchange,2013-07-14 00:00:00,18
T6346,17964,N502,13348,E1 Currie St,2013-10-06 00:00:00,1
T6347,34155,141,13345,E2 Currie St,2013-11-10 00:00:00,1
T6348,2436,430,10540,52 Ponton St,2014-03-16 00:00:00,4
T6349,5935,300,13131,143 Portrush Rd,2014-06-08 00:00:00,2
T6350,50555,H30,13330,G3 Grenfell St,2014-01-19 00:00:00,20
T6351,64334,B10,13287,B1 Pulteney St,2013-12-15 00:00:00,5
T6352,51122,J2,16406,2 Henley Beach Rd,2013-07-28 00:00:00,4
T6353,50455,H30,12855,25A Morialta Rd,2013-10-13 00:00:00,1
T6354,56993,300,12748,135 O G Rd,2013-07-14 00:00:00,1
T6355,9799,B10C,12918,13 Grange Rd,2014-06-01 00:00:00,9
T6356,9261,B10,13330,G3 Grenfell St,2014-06-29 00:00:00,2
T6357,16692,250,13069,5 Hill St,2013-08-25 00:00:00,4
T6358,467,400,10378,55A John Rice Av,2013-12-08 00:00:00,1
T6359,15708,263,14382,23 Brighton Rd,2014-05-25 00:00:00,1
T6360,47920,288,13218,7 Ashley St,2013-10-27 00:00:00,11
T6361,47520,263,14478,25 Brighton Rd,2013-09-01 00:00:00,3
T6362,56507,190,16276,A3 King William Rd,2013-08-04 00:00:00,6
T6363,53258,440,10057,81C Main North Rd,2013-08-18 00:00:00,1
T6364,12932,W91,14708,22 Cashel St,2014-07-06 00:00:00,3
T6365,58789,G21,13460,W3 Grote St,2013-09-01 00:00:00,1
T6366,46510,178S,13361,W2 King William St,2013-08-25 00:00:00,1
T6367,58957,M44,13459,B2 Grote St,2013-09-01 00:00:00,1
T6368,65150,733,16040,Zone F Colonnades Interchange,2013-12-22 00:00:00,1
T6369,50180,H21,12418,24 Newton Rd,2013-08-25 00:00:00,3
T6370,28018,248,13566,J1 West Tce,2013-08-25 00:00:00,3
T6371,46420,178,12775,13  Payneham Rd,2014-01-12 00:00:00,1
T6372,28561,441,10151,76 Hanson Rd,2013-11-24 00:00:00,8
T6373,64340,B10,13029,21 St Bernards Rd,2013-12-01 00:00:00,2
T6374,11455,150,10986,54 Victoria Rd,2014-03-23 00:00:00,1
T6375,27187,208,11802,28 Sudholz Rd,2013-11-24 00:00:00,1
T6376,44894,141,13399,9 Kensington Rd,2013-09-22 00:00:00,18
T6377,3610,451,10128,70A Easton Av,2013-11-03 00:00:00,32
T6378,15342,M44,14713,23 Marion Rd,2014-04-06 00:00:00,1
T6379,65364,721F,16008,62 Beach Rd,2014-07-06 00:00:00,6
T6380,11971,248,16579,2 Sir Edwin Smith Av,2014-05-18 00:00:00,1
T6381,46241,174,12691,16 Payneham Rd,2013-08-04 00:00:00,2
T6382,45246,155,13536,Q1 Hutt St,2013-12-22 00:00:00,2
T6383,10914,117,12602,30 Tapleys Hill Rd,2014-03-09 00:00:00,3
T6384,5473,157,12387,33C West Lakes Bvd,2014-01-05 00:00:00,8
T6385,44991,142,13312,X1 Pulteney St,2013-10-06 00:00:00,4
T6386,13344,W91C,13824,6 Leader St,2014-02-23 00:00:00,1
T6387,27748,228F,10890,39 Main North Rd,2013-08-11 00:00:00,2
T6388,36955,580,12650,22B St Bernards Rd,2013-11-10 00:00:00,13
T6389,9152,503,11855,32 Lyons Rd,2013-11-03 00:00:00,1
T6390,28558,441,10183,73 Yorktown Rd,2013-09-01 00:00:00,5
T6391,47915,288,13229,11 Ashley St,2013-08-04 00:00:00,6
T6392,51548,W90,12785,13 Sixth Av,2013-11-03 00:00:00,2
T6393,50835,H32,16406,2 Henley Beach Rd,2013-11-10 00:00:00,13
T6394,58483,G10,14143,9 Goodwood Rd,2013-07-28 00:00:00,3
T6395,27409,222,11771,24 Main North Rd,2014-01-19 00:00:00,3
T6396,20275,543,11126,48 Far View Cr,2014-06-15 00:00:00,1
T6397,17266,262,14079,11 Anzac Hwy,2013-09-08 00:00:00,1
T6398,11254,H30,16409,2 Henley Beach Rd,2014-06-22 00:00:00,4
T6399,100,451,17373,74G President Av,2014-02-09 00:00:00,5
T6400,27863,229F,13474,VS3 Victoria Sq,2013-12-01 00:00:00,2
T6401,27749,228F,10711,45 Main North Rd,2014-02-23 00:00:00,1
T6402,14308,178,13214,2 North Tce,2014-06-01 00:00:00,1
T6403,18542,251,12865,9 Hawker St,2014-02-02 00:00:00,1
T6404,44891,141,13424,2 Kensington Rd,2013-09-01 00:00:00,15
T6405,58990,M44,14259,13 Marion Rd,2013-09-22 00:00:00,1
T6406,1680,231,12318,22 Regency Rd,2013-12-29 00:00:00,1
T6407,13602,265,14957,35B Jetty Rd,2014-06-29 00:00:00,3
T6408,14985,G10,12723,9 Prospect Rd,2014-03-09 00:00:00,1
T6409,50124,H20,13627,8E  Marion Rd,2013-11-17 00:00:00,9
T6410,952,401,10371,56 Waterloo Corner Rd,2013-10-27 00:00:00,2
T6411,15091,G10,13091,2 King William Rd,2014-04-06 00:00:00,4
T6412,32703,T840,13338,F3 Grenfell St,2013-07-07 00:00:00,16
T6413,58798,G21,14878,25 Ayliffes Rd,2013-07-28 00:00:00,2
T6414,46405,178,13277,I2 North Tce,2013-06-30 00:00:00,1
T6415,9238,B10,13111,19 Magill Rd,2014-02-02 00:00:00,6
T6416,56766,230,12545,13 Harrison Rd,2013-09-08 00:00:00,1
T6417,53181,401,10310,60 Waterloo Corner Rd,2014-06-15 00:00:00,1
T6418,4196,271,11572,36 Grand Junction Rd,2013-11-17 00:00:00,1
T6419,27703,228F,10103,77 Hamblynn Rd,2013-08-18 00:00:00,2
T6420,27102,203,11386,35 Bridge Rd,2013-09-08 00:00:00,2
T6421,16667,251,13050,5A Hill St,2013-07-21 00:00:00,1
T6422,15502,G10B,12135,18 Prospect Rd,2014-02-02 00:00:00,4
T6423,11563,248,13781,2 Anzac Hwy,2014-03-16 00:00:00,1
T6424,56940,232,11655,38 Commercial Rd,2013-09-29 00:00:00,3
T6425,18629,253,12597,16 Torrens Rd,2014-06-01 00:00:00,1
T6426,6123,171,13484,S1 Hutt St,2014-02-23 00:00:00,1
T6427,62989,H33,12803,21 Reid Av,2014-01-19 00:00:00,14
T6428,59040,M44,14210,12 Marion Rd,2013-12-08 00:00:00,3
T6429,10312,H20,13235,19A Penfold Rd,2014-05-11 00:00:00,2
T6430,33912,117,12939,18  Crittenden Rd,2013-08-25 00:00:00,1
T6431,48324,500,11446,34A Walkleys Rd,2013-07-21 00:00:00,1
T6432,14860,G10,12021,20 Prospect Rd,2014-05-04 00:00:00,26
T6433,65352,721F,16046,Zone G Noarlunga Centre Interc,2013-12-01 00:00:00,20
T6434,7781,503,11351,Zone B Tea Tree Plaza Intercha,2014-04-27 00:00:00,8
T6435,689,401,10340,58 Waterloo Corner Rd,2014-03-09 00:00:00,2
T6436,46056,174,12945,9 Payneham Rd,2013-10-06 00:00:00,3
T6437,5802,H30S,13343,E3 Currie St,2014-06-22 00:00:00,8
T6438,36350,411,17513,47B Winzor St,2013-09-08 00:00:00,3
T6439,48352,501,16667,Zone A Klemzig Interchange,2013-08-25 00:00:00,4
T6440,9495,202F,12430,16 Hampstead Rd,2014-06-29 00:00:00,4
T6441,8898,506,11287,65 Kelly Rd,2013-07-28 00:00:00,10
T6442,14284,178,12458,31 Maryvale Rd,2014-06-29 00:00:00,1
T6443,45370,167,13874,9  Marion Rd,2013-11-17 00:00:00,2
T6444,18320,864,13975,11 Glen Osmond Rd,2014-02-02 00:00:00,3
T6445,56990,300,14045,19  Portrush Rd,2013-10-13 00:00:00,5
T6446,9265,B10,13142,14 Magill Rd,2014-06-01 00:00:00,1
T6447,50219,H22,16427,19 Penfold Rd,2013-10-06 00:00:00,1
T6448,47518,263,17880,29 Morphett Rd,2014-01-12 00:00:00,2
T6449,8382,288,13303,B2 North Tce,2014-02-09 00:00:00,4
T6450,4419,271,11814,30 North East Rd,2013-08-18 00:00:00,1
T6451,10869,H30,16351,29D Military Rd,2014-06-29 00:00:00,3
T6452,182,722F,15874,52 States Rd,2014-04-20 00:00:00,3
T6453,12450,235,13086,3 Jeffcott St,2013-08-11 00:00:00,2
T6454,56732,230,16287,V2 King William St,2013-11-03 00:00:00,1
T6455,28066,248F,13465,B1 Grote St,2013-08-25 00:00:00,1
T6456,44711,100,14156,181 Cross Rd,2013-10-06 00:00:00,1
T6457,50049,H20,13327,R1 Grenfell St,2013-10-27 00:00:00,1
T6458,15152,G10,12433,14 Prospect Rd,2014-02-16 00:00:00,1
T6459,10337,H20,13354,D1 Currie St,2014-01-26 00:00:00,5
T6460,4204,271,12064,25 North East Rd,2014-01-05 00:00:00,2
T6461,63480,720H,14970,Zone F Marion Interchange,2014-05-11 00:00:00,8
T6462,10329,H20,14173,13A Stonehouse Av,2014-03-02 00:00:00,1
T6463,9870,H30S,12979,15 Shelley St,2014-04-06 00:00:00,2
T6464,27336,222,13078,2 King William Rd,2014-02-09 00:00:00,8
T6465,57186,300U,14422,Zone D Moseley St,2013-12-08 00:00:00,15
T6466,1218,404,17935,49P Yalumba Dr,2014-05-04 00:00:00,3
T6467,15952,G10,13757,2 Goodwood Rd,2014-05-25 00:00:00,1
T6468,5873,300,13314,146 Portrush Rd,2014-03-16 00:00:00,4
T6469,29852,721F,13457,W2 Grote St,2013-07-07 00:00:00,5
T6470,11754,H33,16450,17 Henley Beach Rd,2014-04-13 00:00:00,2
T6471,15660,G10,13551,C1 Sturt St,2014-04-20 00:00:00,1
T6472,58273,G10,13003,4 O Connell St,2013-11-10 00:00:00,1
T6473,30890,830F,14528,57 Onkaparinga Valley Rd,2013-08-25 00:00:00,1
T6474,58313,G10,14143,9 Goodwood Rd,2013-12-15 00:00:00,7
T6475,48293,500,10276,59 Philip Hwy,2013-12-22 00:00:00,4
T6476,14562,H22C,16363,18 The Parade,2014-05-04 00:00:00,1
T6477,47920,288,13097,24 Valetta Rd,2013-09-15 00:00:00,7
T6478,51341,M44X,10899,57 Richardson Dr,2013-07-07 00:00:00,5
T6479,47684,281,13294,D North Tce,2013-09-15 00:00:00,12
T6480,59068,M44,10862,59 Avalon Dr,2013-10-27 00:00:00,3
T6481,45735,171,13330,G3 Grenfell St,2013-10-06 00:00:00,2
T6482,59127,M44G,13277,I2 North Tce,2013-09-01 00:00:00,6
T6483,28992,541X,13328,H1 Grenfell St,2013-08-18 00:00:00,1
T6484,58255,G10,12623,11 Prospect Rd,2013-07-21 00:00:00,6
T6485,58575,G10B,12204,17 Prospect Rd,2013-12-01 00:00:00,5
T6486,32702,T840,13561,K1 Pulteney St,2013-08-04 00:00:00,6
T6487,53236,411,10679,38B Shepherdson Rd,2013-09-15 00:00:00,1
T6488,5925,300,14554,18D Springbank Rd,2014-04-06 00:00:00,3
T6489,49543,B10,13161,11 Magill Rd,2013-08-18 00:00:00,4
T6490,57038,300,14101,169 Cross Rd,2013-11-10 00:00:00,1
T6491,58301,G10,12930,5 O Connell St,2014-01-12 00:00:00,1
T6492,45175,150,11708,37 Commercial Rd,2013-08-25 00:00:00,2
T6493,23389,741,18682,Zone B Seaford Interchange,2014-05-25 00:00:00,1
T6494,46232,174,12691,16 Payneham Rd,2013-12-15 00:00:00,1
T6495,10279,B12,18492,Zone C West Lakes Interchange,2014-04-27 00:00:00,2
T6496,11044,238,11888,21 Churchill Rd,2014-06-01 00:00:00,1
T6497,64751,719,14776,23 South Rd,2014-03-02 00:00:00,4
T6498,8647,200,14230,14 Sussex Tce,2014-05-18 00:00:00,1
T6499,53001,263,14041,10 Anzac Hwy,2013-07-28 00:00:00,1
T6500,11756,H33,13312,X1 Pulteney St,2014-07-06 00:00:00,51
T6501,4188,271,12146,22 North East Rd,2013-08-25 00:00:00,1
T6502,46401,178,12637,20 Montacute Rd,2014-01-12 00:00:00,1
T6503,12001,251,13069,5 Hill St,2014-04-06 00:00:00,2
T6504,6966,502,12129,Zone C Paradise Interchange,2014-03-23 00:00:00,18
T6505,10813,H22,16419,6 Henley Beach Rd,2014-01-26 00:00:00,3
T6506,27324,222,17536,Zone B Mawson Central Intercha,2013-08-25 00:00:00,21
T6507,52985,254,13049,3 O Connell St,2014-01-05 00:00:00,2
T6508,7351,502,11800,28 Sudholz Rd,2014-06-15 00:00:00,9
T6509,44900,141,13605,20 Hallett Rd,2013-12-22 00:00:00,2
T6510,46478,178,12654,17 Payneham Rd,2013-09-29 00:00:00,2
T6511,57089,300G,14995,27 Main South Rd,2013-12-29 00:00:00,1
T6512,12991,178,12114,36 Gorge Rd,2014-04-20 00:00:00,1
T6513,16764,252,12498,19 Torrens Rd,2013-09-22 00:00:00,5
T6514,63686,722,15905,53 States Rd,2014-01-26 00:00:00,1
T6515,48297,500,11335,35A Walkleys Rd,2014-01-05 00:00:00,5
T6516,53155,400,17898,53 Commercial Rd,2013-10-20 00:00:00,2
T6517,5906,300,14422,Zone D Moseley St,2014-02-02 00:00:00,18
T6518,65046,720,13498,1 Sir Donald Bradman Dr,2014-05-11 00:00:00,3
T6519,63685,722,13910,6 South Rd,2013-12-01 00:00:00,1
T6520,829,725,15771,51 Sherriffs Rd,2013-12-01 00:00:00,7
T6521,56655,195F,14770,27 Upper Sturt Rd,2013-11-03 00:00:00,2
T6522,46004,172,13548,J1 Hutt St,2013-07-28 00:00:00,2
T6523,47630,281,12713,12 Walkerville Tce,2013-10-06 00:00:00,1
T6524,958,401,10509,50 / C Ann St,2013-07-14 00:00:00,1
T6525,36803,560,17375,54B Haydown Rd,2014-03-30 00:00:00,13
T6526,44836,118,12919,13 Grange Rd,2013-09-01 00:00:00,1
T6527,45229,150B,13297,W1 North Tce,2013-09-08 00:00:00,26
T6528,10079,541X,11367,Zone F Tea Tree Plaza Intercha,2013-06-30 00:00:00,14
T6529,50437,H30,12855,25A Morialta Rd,2014-01-05 00:00:00,1
T6530,15728,263,14355,22 Brighton Rd,2014-05-04 00:00:00,1
T6531,57016,300,14741,22 Fiveash Dr,2013-09-01 00:00:00,1
T6532,46179,174,13310,Y1 Pulteney St,2013-12-01 00:00:00,3
T6533,13621,265,15179,38 Seacombe Rd,2014-05-04 00:00:00,2
T6534,22604,750,16999,116 Pridham Bvd,2014-03-16 00:00:00,1
T6535,36824,560,10701,45 Bridge Rd,2014-05-04 00:00:00,1
T6536,47587,281,12900,6 Park Rd,2013-10-13 00:00:00,1
T6537,11770,H33,13312,X1 Pulteney St,2014-06-15 00:00:00,40
T6538,15314,M44,12126,Zone D Paradise Interchange,2014-04-13 00:00:00,5
T6539,13618,265,14160,13 Anzac Hwy,2014-04-13 00:00:00,1
T6540,10762,144,13550,8  Portrush Rd,2014-04-27 00:00:00,2
T6541,47782,287,13122,28 Marlborough St,2013-10-27 00:00:00,14
T6542,45882,172,18049,13 Tutt Ave,2013-08-18 00:00:00,6
T6543,59033,M44,13292,U1 North Tce,2013-12-01 00:00:00,2
T6544,58306,G10,14333,13 Goodwood Rd,2014-01-19 00:00:00,4
T6545,59061,M44,16588,Y1 Grote St,2013-08-11 00:00:00,4
T6546,560,361,11735,34 Grand Junction Rd,2014-01-05 00:00:00,2
T6547,18112,235,12554,10 Churchill Rd,2014-03-02 00:00:00,2
T6548,16599,M44,13928,6 Anzac Hwy,2014-04-13 00:00:00,1
T6549,57881,C1,10790,Zone A Golden Grove Village In,2013-07-21 00:00:00,9
T6550,50994,J1,13776,15A Military Rd,2014-01-12 00:00:00,1
T6551,9630,541,10971,55 Hancock Rd,2014-03-30 00:00:00,3
T6552,46167,174,12096,Zone I Paradise Interchange,2013-08-18 00:00:00,2
T6553,27527,224F,17536,Zone B Mawson Central Intercha,2013-07-21 00:00:00,1
T6554,29012,542X,11201,48 North East Rd,2013-09-29 00:00:00,4
T6555,5928,300,12252,116 Regency Rd,2014-03-23 00:00:00,1
T6556,15869,G21,15412,49 Hub Dr,2014-06-22 00:00:00,1
T6557,27785,229,11222,37C Montague Rd,2014-03-02 00:00:00,2
T6558,58377,G10,12253,17 Prospect Rd,2013-09-22 00:00:00,1
T6559,27479,224,12714,10 Main North Rd,2013-08-25 00:00:00,1
T6560,6576,196F,13439,G2 Wakefield St,2014-02-02 00:00:00,1
T6561,64758,720H,16274,A1 King William Rd,2013-12-22 00:00:00,2
T6562,48843,722F,15095,29 Main South Rd,2013-11-24 00:00:00,1
T6563,50189,H21,16396,7 The Parade,2013-09-15 00:00:00,1
T6564,49958,G20,15331,42 Black Rd,2013-07-07 00:00:00,2
T6565,47575,281,13280,R2 North Tce,2013-09-15 00:00:00,1
T6566,12773,168,14061,16 Hoylake St,2014-03-02 00:00:00,2
T6567,29936,722,16021,55A States Rd,2013-09-08 00:00:00,4
T6568,27757,228F,10471,51 Main North Rd,2013-11-24 00:00:00,1
T6569,30059,722X,16274,A1 King William Rd,2013-11-17 00:00:00,13
T6570,46378,178,12945,9 Payneham Rd,2013-07-28 00:00:00,5
T6571,50395,H30,13360,W1 Currie St,2013-08-18 00:00:00,7
T6572,27850,229F,11136,39B Robert Cr,2013-08-25 00:00:00,4
T6573,951,401,17857,63 Springbank Bvd,2013-09-22 00:00:00,1
T6574,27689,228F,10103,77 Hamblynn Rd,2014-03-16 00:00:00,5
T6575,31343,864F,13348,E1 Currie St,2013-11-24 00:00:00,33
T6576,11998,251,12213,Zone D Arndale Interchange,2014-06-15 00:00:00,28
T6577,50919,J1,13539,6B Sir Donald Bradman Dr,2013-12-22 00:00:00,1
T6578,6882,501,11222,37C Montague Rd,2014-05-11 00:00:00,2
T6579,11244,H30,16442,11 Henley Beach Rd,2014-05-25 00:00:00,2
T6580,50985,J1,13528,7 Sir Donald Bradman Dr,2013-11-24 00:00:00,2
T6581,27702,228F,11803,23 Main North Rd,2013-08-04 00:00:00,2
T6582,50816,H31C,13015,10  Portrush Rd,2013-09-01 00:00:00,5
T6583,64329,B10,13276,I3 North Tce,2013-12-29 00:00:00,7
T6584,7015,232,12788,8 Torrens Rd,2014-02-23 00:00:00,9
T6585,30868,820S,13629,13A Greenhill Rd,2013-06-30 00:00:00,1
T6586,14488,H20,14047,10A  Marion Rd,2014-05-18 00:00:00,1
T6587,64563,B10,13181,6 Magill Rd,2013-12-22 00:00:00,1
T6588,15813,265,15169,35 Seacombe Rd,2013-09-15 00:00:00,1
T6589,10587,209F,12230,18A Regency Rd,2014-07-06 00:00:00,1
T6590,50554,H30,16444,25 Henley Beach Rd,2013-09-29 00:00:00,1
T6591,15879,G21,15503,Zone C Aberfoyle Hub Centre In,2014-05-11 00:00:00,26
T6592,3632,451,10058,Zone A Smithfield Interchange,2013-08-11 00:00:00,1
T6593,12536,157,12455,21 Port Rd,2013-10-27 00:00:00,2
T6594,50657,H31,12996,10A Coorara Av,2013-10-20 00:00:00,2
T6595,17233,202,13453,D1 Grote St,2014-05-11 00:00:00,1
T6596,17725,208N,16287,V2 King William St,2014-06-22 00:00:00,4
T6597,51131,J2,13608,12C Burbridge Rd,2013-12-29 00:00:00,3
T6598,56434,190,14349,14A Edward St,2013-09-15 00:00:00,1
T6599,12861,J8,13528,7 Sir Donald Bradman Dr,2014-07-06 00:00:00,1
T6600,8642,200,13932,6 King William Rd,2014-03-16 00:00:00,4
T6601,15156,G10,13019,4 O'Connell St,2014-05-25 00:00:00,2
T6602,45378,167,13279,R1 North Tce,2013-12-01 00:00:00,1
T6603,48444,502,10604,47C Park Tce,2013-12-08 00:00:00,2
T6604,51000,J1,17327,10 Airport Rd,2013-09-01 00:00:00,8
T6605,58779,G21,15275,34 Flagstaff Rd,2013-08-11 00:00:00,1
T6606,48343,501,11213,38 Montague Rd,2014-01-19 00:00:00,3
T6607,8393,288,13085,16 Hartley Rd,2014-06-29 00:00:00,2
T6608,45088,147,13655,14 Devereux Rd,2013-09-08 00:00:00,3
T6609,19696,557,11486,44 Perseverance Rd,2014-06-01 00:00:00,1
T6610,13301,172,13908,6 Duthy St,2014-04-13 00:00:00,4
T6611,7012,232,12608,12 Harrison Rd,2014-06-22 00:00:00,10
T6612,53115,273,12422,17 North East Rd,2013-12-29 00:00:00,1
T6613,50434,H30,13184,5 Magill Rd,2013-12-01 00:00:00,7
T6614,47578,281,12766,10 Walkerville Tce,2013-09-01 00:00:00,1
T6615,9558,202F,11894,25 Hampstead Rd,2014-03-16 00:00:00,1
T6616,53460,503,11925,29B Sudholz Rd,2013-11-17 00:00:00,1
T6617,20042,600B,15057,30B Shepherds Hill Rd,2014-04-20 00:00:00,1
T6618,50946,J1,13530,6 Sir Donald Bradman Dr,2013-11-17 00:00:00,5
T6619,50533,H30,12898,21 Moules Rd,2013-12-01 00:00:00,1
T6620,25602,SCH_EW,11045,52 Military Rd,2013-11-03 00:00:00,44
T6621,10209,118,13352,V1 Currie St,2014-04-27 00:00:00,51
T6622,7502,286,13090,17 Hartley Rd,2014-03-09 00:00:00,6
T6623,27857,229F,12288,17 Main North Rd,2013-10-06 00:00:00,14
T6624,45030,144,13494,7 Grant Av,2013-10-27 00:00:00,7
T6625,11713,157,13286,F1 North Tce,2014-04-06 00:00:00,4
T6626,27199,208,17195,27 The Promenade,2013-08-25 00:00:00,2
T6627,65034,720,14970,Zone F Marion Interchange,2014-03-09 00:00:00,13
T6628,13760,174,13173,4 Payneham Rd,2014-03-16 00:00:00,1
T6629,12404,237,13341,T3 Grenfell St,2013-12-22 00:00:00,3
T6630,11985,248F,16589,5A Anzac Hwy,2014-03-09 00:00:00,1
T6631,45786,171,13810,5 Fullarton Rd,2013-08-18 00:00:00,1
T6632,58280,G10,14779,23 Fiveash Dr,2014-01-19 00:00:00,2
T6633,51754,W91,13287,B1 Pulteney St,2013-07-21 00:00:00,1
T6634,11491,241,17563,22B Oaklands Rd,2014-05-18 00:00:00,1
T6635,46077,174,12879,10 Payneham Rd,2013-08-11 00:00:00,1
T6636,48264,480,18362,School Fremont Elizabeth City,2013-10-27 00:00:00,24
T6637,47933,288,13081,15 Hartley Rd,2013-10-27 00:00:00,1
T6638,455,400,10291,66 Bolivar Rd,2013-09-08 00:00:00,1
T6639,50476,H30,17722,28 Stradbroke Rd,2013-07-14 00:00:00,2
T6640,88,451,10023,77 Curtis Rd,2014-05-25 00:00:00,2
T6641,11773,H33,16450,17 Henley Beach Rd,2014-06-22 00:00:00,1
T6642,45563,168,13373,Y2 Currie St,2013-08-18 00:00:00,13
T6643,15148,G10,12902,6 O'Connell St,2014-07-06 00:00:00,1
T6644,7860,506,12097,Zone F Paradise Interchange,2014-03-23 00:00:00,29
T6645,45284,157,12666,16 Port Rd,2013-10-06 00:00:00,2
T6646,38894,224,16288,V1 King William St,2014-05-04 00:00:00,5
T6647,12814,170,13548,J1 Hutt St,2014-03-16 00:00:00,4
T6648,27309,222,12467,14 Main North Rd,2013-11-10 00:00:00,1
T6649,30520,740,16023,66 Beach Rd,2013-06-30 00:00:00,1
T6650,18191,241,13374,D1 King William St,2014-07-06 00:00:00,6
T6651,64969,719,14494,17 South Rd,2013-12-08 00:00:00,2
T6652,17084,254,12540,18 Torrens Rd,2013-12-22 00:00:00,1
T6653,11668,150B,13292,U1 North Tce,2014-02-02 00:00:00,12
T6654,34723,150,16660,44 Fletcher Rd,2014-01-12 00:00:00,1
T6655,50526,H30,17339,30 Stradbroke Rd,2013-11-17 00:00:00,13
T6656,10865,H30,13194,3A Magill Rd,2014-06-29 00:00:00,1
T6657,11631,150,11324,46 Fletcher Rd,2014-05-25 00:00:00,3
T6658,53341,451,10231,Zone B Elizabeth Interchange,2014-06-08 00:00:00,11
T6659,11121,144,13521,3 Grant Av,2014-02-16 00:00:00,1
T6660,49585,B10,13330,G3 Grenfell St,2013-08-25 00:00:00,5
T6661,48461,502X,10998,40A Bridge Rd,2013-11-10 00:00:00,4
T6662,45378,167,13728,3A Richmond Rd,2013-09-15 00:00:00,2
T6663,31039,861,16624,5 Glen Osmond Rd,2013-07-14 00:00:00,10
T6664,1047,273,12531,15 North East Rd,2013-12-29 00:00:00,1
T6665,45012,142,13367,B2 Currie St,2014-01-19 00:00:00,5
T6666,48447,502,10625,47A Park Tce,2013-11-24 00:00:00,1
T6667,975,734,15529,55 Young St,2014-04-20 00:00:00,2
T6668,56654,195F,14849,31 Sun Valley Dr,2013-11-17 00:00:00,1
T6669,103,451,10016,76 President Av,2014-04-13 00:00:00,3
T6670,32426,J7,12472,220 Woodville Rd,2013-08-25 00:00:00,4
T6671,49589,B10,13194,3A Magill Rd,2013-11-17 00:00:00,1
T6672,64103,281,12644,13 Vale St,2013-12-01 00:00:00,10
T6673,45064,144,13308,B1 East Tce,2013-09-22 00:00:00,4
T6674,515,452,18213,79B Peachey Rd,2014-03-16 00:00:00,1
T6675,6520,190B,13439,G2 Wakefield St,2014-03-23 00:00:00,2
T6676,28626,442,10074,80M Warooka Cr,2013-10-20 00:00:00,1
T6677,9869,H30S,16444,25 Henley Beach Rd,2014-03-09 00:00:00,1
T6678,12018,251,12794,12 Hawker St,2014-06-15 00:00:00,1
T6679,17074,254,12716,14 Hawker St,2013-11-17 00:00:00,1
T6680,50657,H31,13181,6 Magill Rd,2013-06-30 00:00:00,6
T6681,36444,440,10032,86 Maltarra Rd,2014-03-02 00:00:00,5
T6682,9817,B11,13286,F1 North Tce,2014-05-04 00:00:00,9
T6683,48429,502,10995,40A Bridge Rd,2013-11-17 00:00:00,1
T6684,15576,G20,13556,Y1 Sturt St,2014-03-02 00:00:00,1
T6685,29904,721X,15855,52 Main South Rd,2013-11-24 00:00:00,1
T6686,20763,C1,10316,56 Main North Rd,2014-02-23 00:00:00,1
T6687,50029,H20,16409,2 Henley Beach Rd,2013-10-27 00:00:00,1
T6688,48329,500,17527,F Grenfell St,2013-07-14 00:00:00,49
T6689,28619,442,10188,76 Blair Park Dr,2013-09-29 00:00:00,2
T6690,50200,H22,13373,Y2 Currie St,2014-01-12 00:00:00,1
T6691,28171,273,11886,29 North East Rd,2013-07-28 00:00:00,2
T6692,63896,733,15492,37 Candy Rd,2014-03-16 00:00:00,1
T6693,11324,H30S,13312,X1 Pulteney St,2014-03-02 00:00:00,1
T6694,53755,560,11297,29 Montague Rd,2013-10-20 00:00:00,1
T6695,10309,H20,16409,2 Henley Beach Rd,2014-03-16 00:00:00,4
T6696,27333,222,12771,8 Main North Rd,2013-09-08 00:00:00,1
T6697,12017,251,12784,12 Hawker St,2014-05-18 00:00:00,4
T6698,11598,150,13280,R2 North Tce,2014-06-22 00:00:00,7
T6699,48914,733,14965,Zone C Marion Interchange,2013-09-22 00:00:00,5
T6700,44829,118,11655,38 Commercial Rd,2013-09-01 00:00:00,1
T6701,6568,196F,14766,25 Main Rd,2014-02-16 00:00:00,2
T6702,47430,241,14445,16 Brooks Tce,2013-07-07 00:00:00,4
T6703,15869,G21,15053,Zone B Flinders Medical Centre,2014-05-18 00:00:00,4
T6704,58330,G10,12132,18 Prospect Rd,2013-11-03 00:00:00,2
T6705,20813,C1,13277,I2 North Tce,2014-06-01 00:00:00,38
T6706,12866,W90,14921,28A Bradley Gr,2014-03-16 00:00:00,2
T6707,43191,734S,15763,49 Pimpala Rd,2013-09-15 00:00:00,1
T6708,28978,541X,10971,55 Hancock Rd,2013-09-29 00:00:00,2
T6709,44765,117,11674,39 Church St,2013-10-20 00:00:00,15
T6710,14213,174,12778,13  Payneham Rd,2014-03-30 00:00:00,4
T6711,49761,G10,16281,X1 King William St,2013-06-30 00:00:00,40
T6712,50441,H30,16458,14 Henley Beach Rd,2013-06-30 00:00:00,3
T6713,42056,N3,15033,36 Cedar Av,2013-08-25 00:00:00,40
T6714,15954,G10,15049,Zone A Flinders Medical Centre,2014-02-16 00:00:00,2
T6715,45563,168,13712,2 Richmond Rd,2013-10-13 00:00:00,1
T6716,19463,300G,14681,27 Diagonal Rd,2014-03-09 00:00:00,2
T6717,11632,150,12583,17 Port Rd,2014-02-09 00:00:00,1
T6718,45324,162,13624,13 Military Rd,2013-09-22 00:00:00,13
T6719,19761,591A,17464,Greenwith Hail and Ride,2014-03-16 00:00:00,2
T6720,47463,263,14764,31 Brighton Rd,2014-01-19 00:00:00,4
T6721,9290,H20,16383,13 The Parade,2014-02-16 00:00:00,1
T6722,27603,225F,17531,Zone B Mawson Interchange,2013-09-01 00:00:00,1
T6723,7443,281,13286,F1 North Tce,2014-04-20 00:00:00,10
T6724,197,722F,15452,37 Main South Rd,2014-02-16 00:00:00,2
T6725,10284,B12,13352,V1 Currie St,2014-04-06 00:00:00,20
T6726,451,400,10284,65 Bolivar Rd,2014-05-18 00:00:00,1
T6727,12402,235,13364,W3 Currie St,2013-12-01 00:00:00,4
T6728,31008,842F,14683,24 Crafers Ramp,2013-07-21 00:00:00,4
T6729,11572,248,14641,26A Diagonal Rd,2014-06-29 00:00:00,2
T6730,50395,H30,12106,Zone E Paradise Interchange,2013-12-29 00:00:00,8
T6731,65047,720,14970,Zone F Marion Interchange,2014-05-04 00:00:00,55
T6732,1210,404,10652,40 Lobelia Dr,2014-02-16 00:00:00,4
T6733,17155,265,14269,15 Anzac Hwy,2014-01-12 00:00:00,3
T6734,16307,M44,14760,24 Marion Rd,2014-04-27 00:00:00,2
T6735,8759,200B,13803,3 King William Rd,2014-06-15 00:00:00,1
T6736,9727,B10,13233,1A George St,2014-03-16 00:00:00,2
T6737,50954,J1,13508,5A Sir Donald Bradman Dr,2013-10-13 00:00:00,3
T6738,85,451,10120,71 Fordingbridge Rd,2014-04-27 00:00:00,4
T6739,7442,281,12127,25 Pellew St,2014-04-20 00:00:00,6
T6740,46209,174,13103,5 Payneham Rd,2013-11-03 00:00:00,1
T6741,31814,G40,10851,53 Golden Grove Rd,2013-07-28 00:00:00,2
T6742,50547,H30,13371,B1 Currie St,2013-07-21 00:00:00,2
T6743,5756,H30,13082,8A  Portrush Rd,2014-06-15 00:00:00,2
T6744,45761,171,13710,1 Glen Osmond Rd,2013-08-04 00:00:00,1
T6745,58051,C1G,13277,I2 North Tce,2013-11-10 00:00:00,9
T6746,58266,G10,13460,W3 Grote St,2013-10-06 00:00:00,2
T6747,11595,248,14813,28B Diagonal Rd,2014-03-30 00:00:00,2
T6748,58275,G10,14016,7 Goodwood Rd,2013-07-14 00:00:00,1
T6749,319,452,18151,74 Coventry Rd,2014-05-25 00:00:00,3
T6750,49171,747,17204,85 The Parade,2013-09-08 00:00:00,17
T6751,45766,171,13354,D1 Currie St,2013-12-01 00:00:00,2
T6752,45321,162,13563,12 Sir Donald Bradman Dr,2013-07-21 00:00:00,8
T6753,57045,300,12195,20A Muller Rd,2013-07-14 00:00:00,3
T6754,13333,172,13283,S1 North Tce,2014-03-30 00:00:00,15
T6755,50457,H30,13373,Y2 Currie St,2013-08-25 00:00:00,3
T6756,44809,118,12602,30 Tapleys Hill Rd,2013-10-06 00:00:00,4
T6757,12122,157X,13298,W2 North Tce,2014-07-06 00:00:00,2
T6758,7642,287,13225,8 Ashley St,2014-02-02 00:00:00,2
T6759,11755,H33,16419,6 Henley Beach Rd,2014-03-16 00:00:00,4
T6760,27062,202F,11559,30 Briens Rd,2013-11-10 00:00:00,1
T6761,12030,251,12596,16 Torrens Rd,2014-05-11 00:00:00,4
T6762,9020,503,11498,36 Nelson Rd,2013-08-11 00:00:00,2
T6763,57016,300,17109,14C Harbour Town,2013-09-22 00:00:00,2
T6764,12215,239,12527,11 Churchill Rd,2013-11-24 00:00:00,1
T6765,49380,775,15371,49C Perry Barr Rd,2014-03-16 00:00:00,7
T6766,18765,T840,14683,24 Crafers Ramp,2014-06-22 00:00:00,8
T6767,14487,H20,16386,12 The Parade,2014-05-25 00:00:00,1
T6768,47595,281,12219,22 Mclachlan Rd,2013-07-28 00:00:00,4
T6769,16755,251,12818,11 Hawker St,2013-11-10 00:00:00,5
T6770,57095,300G,17879,29 Morphett Rd,2013-10-20 00:00:00,1
T6771,16994,265,13814,3 Anzac Hwy,2014-01-05 00:00:00,2
T6772,11240,H30,16412,3 Henley Beach Rd,2014-02-16 00:00:00,5
T6773,22585,750,18681,Zone A Seaford Interchange,2014-04-06 00:00:00,38
T6774,12415,237,13171,2 Frome Rd,2013-08-25 00:00:00,3
T6775,9456,H30,16359,29 Seaview Rd,2014-04-27 00:00:00,1
T6776,19414,273,12680,11 North East Rd,2014-04-27 00:00:00,1
T6777,59065,M44,14569,20 Marion Rd,2013-11-17 00:00:00,3
T6778,16685,251,11815,27A Medika Bvd,2013-11-03 00:00:00,3
T6779,16668,251,12053,25A Liberty Gr,2014-01-12 00:00:00,2
T6780,16620,M44,13280,R2 North Tce,2014-03-09 00:00:00,1
T6781,20197,506H,12097,Zone F Paradise Interchange,2014-04-13 00:00:00,3
T6782,3638,451,18125,74C President Ave,2014-06-29 00:00:00,1
T6783,9254,B10,13174,8 Magill Rd,2014-03-02 00:00:00,7
T6784,270,400,10453,52 Commercial Rd,2014-01-12 00:00:00,1
T6785,12359,J2,13520,7 Sir Donald Bradman Dr,2014-03-30 00:00:00,1
T6786,63699,722,15337,33 Main South Rd,2013-12-15 00:00:00,1
T6787,12609,174,13277,I2 North Tce,2014-03-16 00:00:00,4
T6788,47627,281,13282,G2 North Tce,2013-10-13 00:00:00,5
T6789,27987,248,14419,19 Hendrie St,2013-07-14 00:00:00,3
T6790,50143,H20,16415,5 Henley Beach Rd,2013-12-29 00:00:00,1
T6791,2173,415,10477,56A Goddard Dr,2014-02-02 00:00:00,2
T6792,45508,168,13825,8B Galway Av,2013-08-04 00:00:00,1
T6793,28652,442,10092,91 Park Lake Bvd,2014-02-02 00:00:00,3
T6794,58972,M44,13292,U1 North Tce,2013-11-17 00:00:00,1
T6795,58248,G10,14882,25 Ayliffes Rd,2013-08-11 00:00:00,2
T6796,44886,141,13420,3 Kensington Rd,2013-12-01 00:00:00,8
T6797,8983,503,11445,39 Flockhart Av,2013-07-21 00:00:00,1
T6798,49179,747,16093,69A Murray Rd,2013-09-01 00:00:00,2
T6799,13716,172,13430,I1 Wakefield St,2014-05-25 00:00:00,1
T6800,12666,252,11817,28 Medika Bvd,2014-06-22 00:00:00,10
T6801,44773,117,12780,22A  Crittenden Rd,2013-08-11 00:00:00,5
T6802,12006,251,11820,29 Medika Bvd,2014-04-13 00:00:00,8
T6803,9180,507,17624,42 North East Rd,2013-12-22 00:00:00,2
T6804,63896,733,15896,49A Wheatsheaf Rd,2014-03-09 00:00:00,1
T6805,9246,B10,12964,29 Frederick Rd,2014-02-16 00:00:00,2
T6806,49455,B10,13279,R1 North Tce,2013-06-30 00:00:00,1
T6807,36309,411,10611,40P Andrew Smith Dr,2014-02-09 00:00:00,1
T6808,57020,300,14331,14 Belair Rd,2013-09-01 00:00:00,1
T6809,56474,190,13483,S1 Pulteney St,2013-10-27 00:00:00,6
T6810,57305,600B,15342,41 Murrays Hill Rd,2013-10-13 00:00:00,18
T6811,58986,M44,11002,52 Ladywood Rd,2013-09-01 00:00:00,4
T6812,15752,263,13457,W2 Grote St,2014-03-30 00:00:00,3
T6813,52458,157,12816,11 Port Rd,2013-08-11 00:00:00,1
T6814,9099,353,11565,Zone D Port Adelaide Interchan,2014-06-08 00:00:00,1
T6815,50836,H32,16467,22 Henley Beach Rd,2013-12-01 00:00:00,1
T6816,22568,747A,18682,Zone B Seaford Interchange,2014-05-18 00:00:00,2
T6817,50946,J1,13809,15A West Beach Rd,2013-12-08 00:00:00,2
T6818,52899,251,12820,11 Hawker St,2013-09-08 00:00:00,4
T6819,27632,228,10125,74A Hamblynn Rd,2014-03-09 00:00:00,2
T6820,12679,235,12859,7 Jeffcott St,2013-10-20 00:00:00,1
T6821,6544,195F,14774,27 Upper Sturt Rd,2014-03-02 00:00:00,1
T6822,56818,230,17921,36 Grand Junction Rd,2013-10-27 00:00:00,1
T6823,59098,M44C,13285,F2 North Tce,2013-12-15 00:00:00,1
T6824,452,400,10284,65 Bolivar Rd,2013-11-03 00:00:00,1
T6825,50612,H30S,16405,1 Henley Beach Rd,2014-01-05 00:00:00,1
T6826,13677,265,14496,24 Moseley St,2014-07-06 00:00:00,3
T6827,9363,H22,16388,11 The Parade,2014-03-09 00:00:00,1
T6828,6445,361,11349,Zone H Tea Tree Plaza Intercha,2014-04-06 00:00:00,2
T6829,30034,722F,16099,56 Penneys Hill Rd,2013-07-21 00:00:00,3
T6830,48360,501,17376,33B Mawson Lakes Bvd,2014-01-12 00:00:00,2
T6831,10245,140,13299,C1 North Tce,2014-04-20 00:00:00,1
T6832,46533,179,13445,U1 Wakefield St,2014-01-19 00:00:00,4
T6833,50705,H31,13175,8 Magill Rd,2013-08-18 00:00:00,1
T6834,58355,G10,14048,8 Goodwood Rd,2013-10-27 00:00:00,1
T6835,44706,100,12404,221 Woodville Rd,2013-09-22 00:00:00,5
T6836,1237,734,15757,47 Pimpala Rd,2014-02-02 00:00:00,3
T6837,13202,254X,11969,28 Hanson Rd,2014-05-04 00:00:00,27
T6838,21180,C1,11370,Zone C Tea Tree Plaza Intercha,2014-07-06 00:00:00,21
T6839,19170,861,13509,R1 Pulteney St,2014-03-02 00:00:00,1
T6840,31013,842F,17179,64 Hutchinson St,2013-07-07 00:00:00,12
T6841,8923,506,11605,35 Wandana Av,2014-03-09 00:00:00,1
T6842,15870,G21,14266,12 Goodwood Rd,2014-06-01 00:00:00,1
T6843,13219,171,13763,3 Glen Osmond Rd,2014-05-04 00:00:00,3
T6844,11545,245,14210,12 Marion Rd,2014-06-15 00:00:00,2
T6845,49558,B10,13066,9 South Rd,2013-10-20 00:00:00,1
T6846,27475,224,16679,49 / B Church St,2014-02-02 00:00:00,11
T6847,11275,H30,16347,30A Military Rd,2014-04-27 00:00:00,1
T6848,11534,245,13461,X1 Grote St,2014-04-13 00:00:00,1
T6849,45996,172,13279,R1 North Tce,2013-10-13 00:00:00,5
T6850,52675,224,10702,40 Salisbury Hwy,2013-09-22 00:00:00,1
T6851,8726,200B,14459,17B East Pky,2014-04-13 00:00:00,3
T6852,187,722F,18486,W Grote St,2014-06-15 00:00:00,4
T6853,16256,M44,10987,52 Ladywood Rd,2014-06-29 00:00:00,8
T6854,44728,100,12294,223 Woodville Rd,2013-06-30 00:00:00,2
T6855,6978,230,12012,31 Torrens Rd,2014-06-22 00:00:00,1
T6856,48846,722F,16025,56C Collins Pde,2013-07-07 00:00:00,2
T6857,14301,178,13440,T1 Wakefield St,2014-04-06 00:00:00,1
T6858,46470,178,12081,43 George St,2014-01-19 00:00:00,3
T6859,44970,142,13464,11 Tusmore Av,2013-11-10 00:00:00,2
T6860,14070,271,13310,Y1 Pulteney St,2014-07-06 00:00:00,4
T6861,853,733,15961,52T Taylors Av,2014-03-30 00:00:00,2
T6862,18085,235,12088,17 Churchill Rd,2014-03-23 00:00:00,3
T6863,15467,492,18298,130 Peacock Av,2014-02-09 00:00:00,1
T6864,3606,451,10142,70 Easton Av,2014-03-09 00:00:00,1
T6865,10597,209F,11123,50 Milne Rd,2014-03-16 00:00:00,1
T6866,48726,719,15049,Zone A Flinders Medical Centre,2013-09-15 00:00:00,10
T6867,11286,H30,16350,29D Military Rd,2014-06-15 00:00:00,2
T6868,58454,G10,13078,2 King William Rd,2013-10-27 00:00:00,2
T6869,36467,440,10149,73A Midway Rd,2014-06-29 00:00:00,2
T6870,21691,J7,14020,15 Mooringe Av,2013-11-10 00:00:00,1
T6871,12322,J1A,13364,W3 Currie St,2014-06-01 00:00:00,4
T6872,5796,H30S,16460,20 Henley Beach Rd,2014-04-06 00:00:00,1
T6873,5937,300C,12217,19 Regency Rd,2014-05-25 00:00:00,2
T6874,15446,263,14289,16 Anzac Hwy,2014-06-22 00:00:00,3
T6875,50622,H30S,16428,26 Seaview Rd,2013-07-07 00:00:00,1
T6876,469,400,10242,63 Kinkaid Rd,2013-11-17 00:00:00,2
T6877,49655,B10,12886,29A Frederick Rd,2013-09-29 00:00:00,4
T6878,31808,G40,11367,Zone F Tea Tree Plaza Intercha,2013-12-08 00:00:00,13
T6879,9265,B10,13175,8 Magill Rd,2014-03-23 00:00:00,1
T6880,5661,100,14152,179 Cross Rd,2014-04-27 00:00:00,5
T6881,2173,415,10565,61A Canterbury Dr,2014-02-02 00:00:00,2
T6882,18360,864F,13370,D2 Pulteney St,2014-06-29 00:00:00,43
T6883,11908,168,13822,8A Galway Av,2014-06-22 00:00:00,2
T6884,847,733,15824,47 Bains Rd,2014-04-27 00:00:00,2
T6885,27533,225,17860,34P Elder Smith Rd,2013-11-24 00:00:00,2
T6886,51086,J2,13531,8 Sir Donald Bradman Dr,2013-07-21 00:00:00,1
T6887,15778,263,14508,26 Brighton Rd,2014-02-09 00:00:00,1
T6888,16649,200,14964,Zone A Marion Interchange,2014-03-09 00:00:00,5
T6889,50323,H22,16418,6 Henley Beach Rd,2014-01-12 00:00:00,4
T6890,2963,441,10224,Zone B Elizabeth City Centre,2013-07-21 00:00:00,17
T6891,10720,142,13593,17 Glynburn Rd,2014-02-23 00:00:00,7
T6892,36480,440,10189,68 Woodford Rd,2014-05-25 00:00:00,1
T6893,28911,506,13365,C1 Currie St,2013-10-13 00:00:00,6
T6894,12659,252,12213,Zone D Arndale Interchange,2014-05-18 00:00:00,4
T6895,27317,222,11967,21 Main North Rd,2013-09-08 00:00:00,5
T6896,9710,B10,12960,29 Frederick Rd,2014-05-11 00:00:00,2
T6897,14182,273,12473,16 North East Rd,2014-06-15 00:00:00,10
T6898,13077,190,13799,3 Unley Rd,2014-03-09 00:00:00,2
T6899,7035,232,12263,Zone F Arndale Interchange,2014-03-09 00:00:00,25
T6900,28879,503,17486,34B Valiant Rd,2013-11-24 00:00:00,3
T6901,11328,H30S,13183,5 Magill Rd,2014-04-20 00:00:00,1
T6902,58908,M44,14042,10 Anzac Hwy,2013-11-03 00:00:00,2
T6903,58369,G10,14968,29D Sturt Rd,2013-09-29 00:00:00,4
T6904,12947,W91,13283,S1 North Tce,2014-06-29 00:00:00,3
T6905,49319,751W,16047,Zone B Noarlunga Centre Interc,2013-08-11 00:00:00,39
T6906,19422,273,12531,15 North East Rd,2014-04-20 00:00:00,1
T6907,53328,451,10101,73 Peachey Rd,2013-08-18 00:00:00,1
T6908,31292,864F,17914,49 Mount Barker Rd,2013-12-01 00:00:00,20
T6909,829,725,15771,51 Sherriffs Rd,2014-06-08 00:00:00,8
T6910,28554,441,17305,77C Jacaranda Dr,2014-07-06 00:00:00,2
T6911,47512,263,16589,5A Anzac Hwy,2013-12-08 00:00:00,1
T6912,48184,333L,11582,Zone A Port Adelaide Interchan,2014-01-05 00:00:00,3
T6913,27111,203,12087,22 Hampstead Rd,2013-08-04 00:00:00,2
T6914,36839,560,10572,48 Park Tce,2014-01-05 00:00:00,1
T6915,59022,M44,14713,23 Marion Rd,2014-01-05 00:00:00,4
T6916,59073,M44,10966,53 Ladywood Rd,2013-10-13 00:00:00,4
T6917,9730,B10,13354,D1 Currie St,2014-02-23 00:00:00,8
T6918,9427,H22,16395,8 The Parade,2014-03-30 00:00:00,3
T6919,27476,224,12015,20 Main North Rd,2014-05-04 00:00:00,1
T6920,15106,G10,13453,D1 Grote St,2014-04-13 00:00:00,4
T6921,44845,118,12523,31 Tapleys Hill Rd,2013-11-24 00:00:00,3
T6922,12122,157X,11926,35A Military Rd,2014-06-22 00:00:00,1
T6923,15504,G10B,12021,20 Prospect Rd,2014-03-09 00:00:00,3
T6924,18217,248,14133,11A  Marion Rd,2014-03-16 00:00:00,1
T6925,12178,235,12231,15 Churchill Rd,2013-11-03 00:00:00,5
T6926,29781,721,15337,33 Main South Rd,2013-10-27 00:00:00,1
T6927,50790,H31C,13178,7 Magill Rd,2013-11-17 00:00:00,1
T6928,56540,190,13894,5 Unley Rd,2013-08-18 00:00:00,2
T6929,1680,231,12476,15 South Rd,2014-01-12 00:00:00,1
T6930,44850,118,12939,18  Crittenden Rd,2013-10-13 00:00:00,1
T6931,52822,239,13353,V2 Currie St,2013-11-03 00:00:00,2
T6932,46021,174,13260,1 Botanic Rd,2013-07-28 00:00:00,1
T6933,27317,222,12902,6 O'Connell St,2014-05-18 00:00:00,5
T6934,27701,228F,17123,Zone A Munno Para Shopping Cen,2013-08-11 00:00:00,22
T6935,12899,W90,14429,18 Winston Av,2014-03-30 00:00:00,1
T6936,11070,239,12527,11 Churchill Rd,2014-06-01 00:00:00,4
T6937,44981,142,13501,13 Rochester St,2013-09-15 00:00:00,2
T6938,31087,861,13975,11 Glen Osmond Rd,2013-08-25 00:00:00,1
T6939,27024,202,11835,26 Hampstead Rd,2013-09-29 00:00:00,1
T6940,498,452,10062,Zone B Smithfield Interchange,2013-07-14 00:00:00,1
T6941,7039,232,12487,16 Pym St,2014-04-27 00:00:00,1
T6942,15178,G10,12930,5 O'Connell St,2014-05-04 00:00:00,1
T6943,27765,228F,10955,38 Main North Rd,2013-12-01 00:00:00,1
T6944,45187,150,11965,32 Port Rd,2013-08-11 00:00:00,3
T6945,58374,G10,13452,D2 Grote St,2013-12-08 00:00:00,17
T6946,30027,722F,15966,54A States Rd,2013-08-25 00:00:00,1
T6947,18488,241,14320,14 Towers Tce,2014-06-29 00:00:00,1
T6948,46888,200,13721,1 King William Rd,2013-11-03 00:00:00,2
T6949,11725,H32,16417,5 Henley Beach Rd,2014-01-26 00:00:00,1
T6950,31335,864F,14834,39 Mt Barker Rd,2014-01-05 00:00:00,2
T6951,4453,271,13345,E2 Currie St,2013-10-13 00:00:00,4
T6952,16679,251,12395,22 Torrens Rd,2013-10-27 00:00:00,2
T6953,1068,273,12292,20 North East Rd,2013-06-30 00:00:00,3
T6954,14791,C2,17612,74 Target Hill Rd,2014-05-04 00:00:00,13
T6955,10530,208,17399,24 Fosters Rd,2014-03-23 00:00:00,1
T6956,44682,100,14047,10A  Marion Rd,2013-09-01 00:00:00,1
T6957,5990,178,13281,G3 North Tce,2014-03-30 00:00:00,11
T6958,45382,167,13821,8A Galway Av,2013-09-08 00:00:00,2
T6959,8575,B10,12998,27 Grange Rd,2014-06-15 00:00:00,1
T6960,51022,J1,13306,B2 Pulteney St,2013-10-27 00:00:00,32
T6961,63521,721,15105,29 Main South Rd,2013-12-29 00:00:00,1
T6962,45988,172,13667,L2 Hutt Rd,2013-11-24 00:00:00,1
T6963,36920,565,17841,38A Henderson Av,2013-09-22 00:00:00,4
T6964,65202,B10,12537,32B Frederick Rd,2013-12-01 00:00:00,2
T6965,8901,506,11011,53 Murrell Rd,2014-01-12 00:00:00,1
T6966,18770,T840,13864,8 Glen Osmond Rd,2014-02-02 00:00:00,3
T6967,11256,H30,12916,17 Arthur St,2014-04-06 00:00:00,1
T6968,16827,251,16287,V2 King William St,2013-07-14 00:00:00,3
T6969,45197,150,13292,U1 North Tce,2013-09-08 00:00:00,15
T6970,10148,208,16277,Z1 King William St,2014-03-02 00:00:00,34
T6971,27257,222,11749,24 Main North Rd,2013-09-01 00:00:00,4
T6972,13157,254X,12125,25 Hanson Rd,2014-05-25 00:00:00,1
T6973,14842,G10,11875,22 Prospect Rd,2014-03-16 00:00:00,14
T6974,12387,238,12795,8 Churchill Rd,2013-07-21 00:00:00,6
T6975,16603,M44,14635,21 Marion Rd,2014-03-23 00:00:00,3
T6976,20821,C1,13339,F2 Grenfell St,2014-06-01 00:00:00,9
T6977,49595,B10,12973,24 Grange Rd,2013-11-17 00:00:00,2
T6978,10356,H20R,12954,21A St Bernards Rd,2014-04-13 00:00:00,1
T6979,8366,288,13153,22 Valetta Rd,2014-02-02 00:00:00,1
T6980,18493,241,17557,21 Daws Rd,2014-02-09 00:00:00,1
T6981,7879,506,17189,Zone B Klemzig Interchange,2014-05-25 00:00:00,1
T6982,46487,178,13361,W2 King William St,2014-01-19 00:00:00,10
T6983,18765,T840,15377,63 Adelaide Rd,2014-03-23 00:00:00,8
T6984,28558,441,10062,Zone B Smithfield Interchange,2014-03-23 00:00:00,5
T6985,48790,721F,15830,52 Main South Rd,2013-07-21 00:00:00,1
T6986,64982,719,14721,22 South Rd,2014-01-05 00:00:00,1
T6987,10655,141,13395,10 Kensington Rd,2014-03-09 00:00:00,4
T6988,63467,720H,16611,44 Ocean Bvd,2014-01-19 00:00:00,1
T6989,19450,300,16377,28 Seaview Rd,2014-06-08 00:00:00,2
T6990,27502,224F,11749,24 Main North Rd,2014-04-20 00:00:00,1
T6991,50164,H21,16382,14 The Parade,2013-10-13 00:00:00,1
T6992,48786,721F,14995,27 Main South Rd,2013-11-17 00:00:00,4
T6993,50576,H30,12975,13 Coorara Av,2013-09-22 00:00:00,2
T6994,3203,262,14844,33 Brighton Rd,2014-06-08 00:00:00,22
T6995,59015,M44,16290,U2 Victoria Sq,2013-12-22 00:00:00,1
T6996,21992,101,14949,28 Sturt Rd,2013-12-15 00:00:00,1
T6997,58437,G10,12902,6 O Connell St,2013-09-15 00:00:00,2
T6998,49708,B10C,13181,6 Magill Rd,2013-09-08 00:00:00,18
T6999,16623,M44,14522,19 Marion Rd,2014-06-22 00:00:00,1
T7000,589,273,11886,29 North East Rd,2013-06-30 00:00:00,4
T7001,10425,J1,17327,10 Airport Rd,2014-04-20 00:00:00,1
T7002,51138,J2,13371,B1 Currie St,2013-07-21 00:00:00,3
T7003,6197,172,16283,C3 King William St,2014-05-04 00:00:00,2
T7004,21220,C1G,12126,Zone D Paradise Interchange,2014-05-04 00:00:00,1
T7005,9420,H22,16365,17B The Parade,2014-04-13 00:00:00,1
T7006,15865,G21,15688,68 Reynell Rd,2014-01-26 00:00:00,1
T7007,4202,271,11482,41 Reservoir Rd,2014-01-05 00:00:00,2
T7008,3623,451,18122,74B East Parkway,2014-05-11 00:00:00,2
T7009,53169,400,10424,52A Downton Av,2013-09-29 00:00:00,1
T7010,45611,170,13988,8 Duthy St,2013-12-22 00:00:00,3
T7011,50131,H20,13146,19C Penfold Rd,2013-12-08 00:00:00,3
T7012,28969,541X,16621,57A Hancock Rd,2013-09-08 00:00:00,1
T7013,529,452,10231,Zone B Elizabeth Interchange,2013-09-08 00:00:00,18
T7014,27762,228F,12465,14 Main North Rd,2014-06-08 00:00:00,2
T7015,63470,720H,13600,2A South Rd,2013-12-29 00:00:00,1
T7016,15036,G20,15053,Zone B Flinders Medical Centre,2014-06-08 00:00:00,4
T7017,36295,411,17511,42 Kings Rd,2014-06-08 00:00:00,4
T7018,19444,300,14972,Zone E Marion Interchange,2014-02-23 00:00:00,8
T7019,31339,864F,13506,I1 Pulteney St,2014-01-19 00:00:00,2
T7020,50298,H22,16389,10 The Parade,2013-07-07 00:00:00,3
T7021,12134,162,13582,12A Burbridge Rd,2014-03-16 00:00:00,5
T7022,50142,H20,16418,6 Henley Beach Rd,2014-01-12 00:00:00,2
T7023,19362,557,11229,49 Perseverance Rd,2014-06-22 00:00:00,1
T7024,7428,281,12936,5 Park Rd,2014-02-09 00:00:00,1
T7025,53640,542,11367,Zone F Tea Tree Plaza Intercha,2014-01-05 00:00:00,4
T7026,58563,G10B,12021,20 Prospect Rd,2014-01-05 00:00:00,2
T7027,7359,502,11143,38A Bridge Rd,2014-03-02 00:00:00,4
T7028,11744,H33,12903,14 Gage St,2014-05-04 00:00:00,8
T7029,31301,864F,15153,54A Mount Barker Rd,2013-09-08 00:00:00,24
T7030,16344,M44,13946,7 Anzac Hwy,2014-04-13 00:00:00,1
T7031,58723,G20,15235,32 Flagstaff Rd,2013-09-22 00:00:00,1
T7032,22649,751,17074,96 Main Rd,2014-03-02 00:00:00,1
T7033,45085,147,13570,11 Stirling St,2014-01-12 00:00:00,3
T7034,49592,B10,12385,33C West Lakes Bvd,2013-11-10 00:00:00,1
T7035,51354,T721,15748,48 Main South Rd,2013-09-29 00:00:00,6
T7036,31257,864,15103,54 Mount Barker Rd,2013-07-07 00:00:00,2
T7037,7871,506,11239,64 Kelly Rd,2014-06-15 00:00:00,1
T7038,11372,144,13693,11  Portrush Rd,2014-02-02 00:00:00,2
T7039,51557,W90,14072,11 East Av,2013-08-25 00:00:00,4
T7040,12806,169,17941,6 Richmond Rd,2014-06-15 00:00:00,10
T7041,15152,G10,14433,15 Goodwood Rd,2014-06-08 00:00:00,1
T7042,50402,H30,13015,10  Portrush Rd,2014-01-19 00:00:00,2
T7043,8919,506,11011,53 Murrell Rd,2013-07-14 00:00:00,1
T7044,27500,224F,10300,57 Hogarth Rd,2013-08-11 00:00:00,2
T7045,44967,142,13547,15 Knightsbridge Rd,2013-12-29 00:00:00,2
T7046,31092,861,14040,13 Glen Osmond Rd,2013-10-27 00:00:00,1
T7047,11823,J1,13367,B2 Currie St,2014-05-25 00:00:00,1
T7048,14276,178,12735,14 Payneham Rd,2014-02-23 00:00:00,5
T7049,17804,860F,13867,8 Glen Osmond Rd,2014-04-20 00:00:00,1
T7050,31144,861,13472,G1 Pulteney St,2014-01-19 00:00:00,1
T7051,10398,J1,13371,B1 Currie St,2014-03-16 00:00:00,2
T7052,16883,254X,11747,35 Grand Junction Rd,2013-09-08 00:00:00,2
T7053,27346,222,12297,17 Main North Rd,2013-09-15 00:00:00,1
T7054,17852,861,14013,12 Glen Osmond Rd,2014-05-18 00:00:00,3
T7055,45281,157,12774,12 Port Rd,2013-12-29 00:00:00,6
T7056,53717,557,11874,33 Lower North East Rd,2013-07-14 00:00:00,1
T7057,36881,565,11211,37A Montague Rd,2013-12-22 00:00:00,1
T7058,48313,500,17189,Zone B Klemzig Interchange,2013-07-28 00:00:00,6
T7059,31198,863,13763,3 Glen Osmond Rd,2013-08-11 00:00:00,9
T7060,64519,682,15514,52B Ramrod Av,2014-06-08 00:00:00,2
T7061,6426,361,11650,35A Grand Junction Rd,2014-06-08 00:00:00,4
T7062,58822,G30,15120,30 Shepherds Hill Rd,2013-10-06 00:00:00,2
T7063,11102,241,14538,19 West St,2014-03-02 00:00:00,4
T7064,4416,271,11347,Zone A Tea Tree Plaza Intercha,2013-12-15 00:00:00,3
T7065,46851,200,13721,1 King William Rd,2013-12-08 00:00:00,1
T7066,62839,749,17099,84A Grand Bvd,2014-01-05 00:00:00,2
T7067,15170,G10,14741,22 Fiveash Dr,2014-03-30 00:00:00,1
T7068,27652,228,12590,12 Main North Rd,2014-05-04 00:00:00,1
T7069,34106,141,13424,2 Kensington Rd,2013-08-18 00:00:00,3
T7070,50985,J1,17327,10 Airport Rd,2014-01-12 00:00:00,1
T7071,32838,208,16279,X2 King William St,2013-09-29 00:00:00,19
T7072,53210,411,10624,39C Andrew Smith Dr,2014-03-09 00:00:00,2
T7073,27342,222,13078,2 King William Rd,2014-06-15 00:00:00,2
T7074,7499,286,13144,21 Valetta Rd,2014-01-26 00:00:00,1
T7075,59098,M44C,13829,3 Anzac Hwy,2014-01-05 00:00:00,5
T7076,45502,168,13728,3A Richmond Rd,2013-09-01 00:00:00,3
T7077,48206,350,11185,48 Fletcher Rd,2013-09-08 00:00:00,1
T7078,27610,225M,16651,34A University Bvd-,2014-01-05 00:00:00,1
T7079,6587,230,12660,11 Harrison Rd,2014-03-23 00:00:00,1
T7080,50436,H30,16413,4 Henley Beach Rd,2013-09-22 00:00:00,2
T7081,1034,273,12000,26 North East Rd,2013-07-14 00:00:00,1
T7082,19819,502,11448,34A Walkleys Rd,2014-02-09 00:00:00,1
T7083,15677,G10,12066,19 Prospect Rd,2014-05-04 00:00:00,2
T7084,16690,252,12411,21 Torrens Rd,2013-08-18 00:00:00,2
T7085,57026,300,14388,15 Belair Rd,2013-08-18 00:00:00,1
T7086,10323,H20,13924,9B  Marion Rd,2014-05-04 00:00:00,4
T7087,1481,741A,16258,91 Commercial Rd,2014-01-12 00:00:00,3
T7088,64763,720H,14998,35 Sturt Rd,2014-06-22 00:00:00,2
T7089,36844,560A,18359,Roma Mitchell Secondary Colleg,2014-02-23 00:00:00,102
T7090,64991,719,14535,18 South Rd,2014-02-02 00:00:00,2
T7091,14364,157,12425,21 Port Rd,2014-06-29 00:00:00,3
T7092,10324,H20,13354,D1 Currie St,2014-03-30 00:00:00,7
T7093,12348,J2,13364,W3 Currie St,2014-03-09 00:00:00,13
T7094,64332,B10,12969,22 Grange Rd,2013-12-15 00:00:00,10
T7095,50235,H22,16367,17A The Parade,2013-11-17 00:00:00,7
T7096,59025,M44,16290,U2 Victoria Sq,2014-01-19 00:00:00,1
T7097,15833,265,13457,W2 Grote St,2013-08-11 00:00:00,39
T7098,48736,720,15200,41 Brighton Rd,2013-07-21 00:00:00,1
T7099,50059,H20,13029,21 St Bernards Rd,2013-11-03 00:00:00,1
T7100,16728,251,12053,25A Liberty Gr,2013-12-29 00:00:00,1
T7101,45511,168,13724,3 Richmond Rd,2013-08-11 00:00:00,3
T7102,7527,286,13090,17 Hartley Rd,2014-05-25 00:00:00,1
T7103,27199,208,12647,12 North East Rd,2013-07-21 00:00:00,1
T7104,16556,820,13652,9 Greenhill Rd,2014-06-15 00:00:00,1
T7105,44692,100,14158,181 Cross Rd,2013-11-03 00:00:00,1
T7106,46478,178,13208,3 North Tce,2013-08-18 00:00:00,1
T7107,58128,C1T,13369,W1 Pulteney St,2013-11-10 00:00:00,5
T7108,13331,172,14226,13 Tutt Av,2014-03-16 00:00:00,2
T7109,4199,271,11769,32 North East Rd,2014-01-12 00:00:00,2
T7110,8367,288,13092,18 Hartley Rd,2014-01-26 00:00:00,3
T7111,57909,C1,17980,61 The Grove Way,2013-12-15 00:00:00,7
T7112,59146,M44T,13452,D2 Grote St,2013-11-03 00:00:00,2
T7113,57161,300M,14462,24P Pier St,2013-10-27 00:00:00,1
T7114,30447,734,15948,68A Gulfview Rd,2013-09-15 00:00:00,1
T7115,15612,C1G,13328,H1 Grenfell St,2014-03-02 00:00:00,5
T7116,58965,M44,13374,D1 King William St,2013-12-15 00:00:00,15
T7117,3145,441,10150,76 Hanson Rd,2013-09-29 00:00:00,3
T7118,36430,411U,10624,39C Andrew Smith Dr,2013-09-01 00:00:00,7
T7119,64710,682,17969,Zone A Hallett Cove Shopping C,2014-06-01 00:00:00,5
T7120,64643,281,13276,I3 North Tce,2013-12-01 00:00:00,2
T7121,3627,451,17372,74H President Av,2013-08-11 00:00:00,4
T7122,7072,232R,16279,X2 King William St,2014-07-06 00:00:00,33
T7123,57035,300,12397,18 O G Rd,2014-01-05 00:00:00,3
T7124,36807,560,17375,54B Haydown Rd,2013-06-30 00:00:00,6
T7125,63763,733,15676,42 Byards Rd,2013-12-01 00:00:00,1
T7126,51539,W90,14889,28 Bradley Gr,2013-09-22 00:00:00,1
T7127,875,733,14965,Zone C Marion Interchange,2014-04-13 00:00:00,63
T7128,28411,400,10239,64 Kinkaid Rd,2014-05-11 00:00:00,1
T7129,11471,241,13457,W2 Grote St,2014-04-06 00:00:00,24
T7130,27711,228F,10118,75 Hamblynn Rd,2013-11-03 00:00:00,1
T7131,34752,150B,16591,T1 North Tce,2013-08-11 00:00:00,3
T7132,44807,118,12918,13 Grange Rd,2013-08-04 00:00:00,13
T7133,45302,157,12741,14 Port Rd,2013-06-30 00:00:00,1
T7134,15164,G10,11876,22 Prospect Rd,2014-02-16 00:00:00,2
T7135,14131,273,12541,15 North East Rd,2014-02-16 00:00:00,2
T7136,11813,J1,13485,5 South Rd,2014-06-08 00:00:00,3
T7137,8997,503,11347,Zone A Tea Tree Plaza Intercha,2013-11-17 00:00:00,2
T7138,57042,300,16353,29C Seaview Rd,2013-10-27 00:00:00,3
T7139,15122,G10,13757,2 Goodwood Rd,2014-01-26 00:00:00,2
T7140,14187,174,13208,3 North Tce,2014-04-20 00:00:00,1
T7141,51126,J2,13530,6 Sir Donald Bradman Dr,2013-11-17 00:00:00,3
T7142,10594,209F,12930,5 O'Connell St,2014-03-09 00:00:00,1
T7143,46523,178S,13433,R1 Wakefield St,2013-12-08 00:00:00,3
T7144,5922,300,12210,21 North East Rd,2014-02-23 00:00:00,2
T7145,46358,178,17346,33M Maryvale Rd,2013-08-25 00:00:00,1
T7146,31198,863,13742,2 Glen Osmond Rd,2013-10-20 00:00:00,1
T7147,11723,H32,16419,6 Henley Beach Rd,2014-02-09 00:00:00,3
T7148,19430,273,12215,21 North East Rd,2014-02-02 00:00:00,1
T7149,15112,G10,13274,A2 King William Rd,2014-04-13 00:00:00,4
T7150,6871,501,18396,Zone C Main Street,2014-02-09 00:00:00,3
T7151,10304,H20,13953,9C  Marion Rd,2014-05-18 00:00:00,4
T7152,20152,506,11178,63 Kelly Rd,2014-04-06 00:00:00,2
T7153,11812,J1,13513,5B Sir Donald Bradman Dr,2014-03-30 00:00:00,6
T7154,13690,271,13055,4 Jeffcott St,2014-06-15 00:00:00,1
T7155,51705,W91,12779,13 Sixth Av,2013-08-11 00:00:00,3
T7156,10802,H22,16434,1 Bartels Rd,2014-07-06 00:00:00,3
T7157,935,401,17855,62A Springbank Bvd,2013-12-01 00:00:00,1
T7158,7516,286,13153,22 Valetta Rd,2014-06-15 00:00:00,6
T7159,36820,560,11294,36A Montague Rd,2014-03-30 00:00:00,1
T7160,46202,174,12775,13  Payneham Rd,2013-06-30 00:00:00,12
T7161,56921,232,12263,Zone F Arndale Interchange,2013-11-10 00:00:00,6
T7162,36357,411,17281,43D Liberator Dr,2014-04-27 00:00:00,2
T7163,53383,502,11448,34A Walkleys Rd,2013-09-08 00:00:00,1
T7164,11802,H33C,13015,10  Portrush Rd,2014-02-16 00:00:00,1
T7165,62968,288,13088,17 Hartley Rd,2013-12-01 00:00:00,1
T7166,22539,747,16194,81 Quadrant Tce,2014-04-27 00:00:00,3
T7167,11288,H30,16446,15 Henley Beach Rd,2014-03-23 00:00:00,2
T7168,36861,560P,17374,54B Haydown Rd,2013-10-06 00:00:00,12
T7169,49533,B10,13169,10 Magill Rd,2013-09-01 00:00:00,5
T7170,14158,273,13330,G3 Grenfell St,2014-03-02 00:00:00,17
T7171,19323,556,11517,39 Grand Junction Rd,2014-05-18 00:00:00,2
T7172,2176,415,10551,59 Saints Rd,2013-10-13 00:00:00,1
T7173,56971,232R,16291,U1 Victoria Sq,2013-11-10 00:00:00,9
T7174,27272,222,16288,V1 King William St,2014-01-26 00:00:00,5
T7175,13722,172,13441,G1 Wakefield St,2014-02-16 00:00:00,9
T7176,301,452,18149,73 Heytesbury Rd,2013-07-07 00:00:00,1
T7177,36793,560,10528,Zone H Salisbury Interchange,2014-02-02 00:00:00,33
T7178,21148,C1,12129,Zone C Paradise Interchange,2014-04-20 00:00:00,15
T7179,42211,N3X,18434,Temp Murray Tce,2013-10-06 00:00:00,4
T7180,50437,H30,12459,37 Graves St,2013-08-25 00:00:00,2
T7181,9747,B10,13189,7 South Rd,2014-05-11 00:00:00,1
T7182,45566,168,13496,H1 West Tce,2013-11-03 00:00:00,3
T7183,12393,238,11888,21 Churchill Rd,2013-09-01 00:00:00,1
T7184,46522,178S,13361,W2 King William St,2013-07-14 00:00:00,9
T7185,27693,228F,11135,34 Main North Rd,2013-07-21 00:00:00,4
T7186,28992,541X,13339,F2 Grenfell St,2013-09-22 00:00:00,4
T7187,17944,542,10921,60 Hamilton Rd,2014-05-04 00:00:00,2
T7188,17160,263,14041,10 Anzac Hwy,2013-12-08 00:00:00,4
T7189,30864,820,13436,T1 Hutt St,2013-09-15 00:00:00,2
T7190,9923,H33C,12809,19 Reid Av,2014-06-01 00:00:00,1
T7191,50138,H20,14179,14 Stonehouse Av,2013-10-27 00:00:00,1
T7192,15125,G10,12378,15 Prospect Rd,2014-02-16 00:00:00,1
T7193,34242,142,13399,9 Kensington Rd,2013-07-21 00:00:00,1
T7194,56808,230,12192,26 Torrens Rd,2013-07-14 00:00:00,1
T7195,5423,157,11243,47 Military Rd,2013-09-15 00:00:00,1
T7196,51127,J2,13691,13A Military Rd,2013-11-24 00:00:00,3
T7197,27344,222,11236,33 Main North Rd,2014-03-30 00:00:00,1
T7198,13411,118,12833,22 Crittenden Rd,2014-02-09 00:00:00,1
T7199,36824,560,11401,42A Smart Rd,2013-12-08 00:00:00,5
T7200,63001,H33,12809,19 Reid Av,2014-01-05 00:00:00,5
T7201,496,452,18154,77 Whitington Rd,2013-12-22 00:00:00,5
T7202,46220,174,12654,17 Payneham Rd,2013-07-28 00:00:00,5
T7203,36359,411,10724,36C Oleander Dr,2014-02-23 00:00:00,1
T7204,49767,G10,14517,17 Goodwood Rd,2013-06-30 00:00:00,5
T7205,27465,224,16291,U1 Victoria Sq,2013-12-22 00:00:00,2
T7206,31360,865,13779,4 Glen Osmond Rd,2013-08-11 00:00:00,1
T7207,57913,C1,16598,61A The Grove Wy,2013-10-13 00:00:00,2
T7208,57054,300,14288,13 Belair Rd,2013-10-13 00:00:00,4
T7209,53388,502,16667,Zone A Klemzig Interchange,2013-09-08 00:00:00,6
T7210,19869,502,10528,Zone H Salisbury Interchange,2014-03-23 00:00:00,5
T7211,64776,721,16046,Zone G Noarlunga Centre Interc,2014-06-29 00:00:00,8
T7212,17743,235,13287,B1 Pulteney St,2014-03-02 00:00:00,7
T7213,10208,118,12683,26 Trimmer Pde,2014-05-11 00:00:00,2
T7214,58892,M44,16667,Zone A Klemzig Interchange,2013-08-18 00:00:00,3
T7215,50576,H30,18492,Zone C West Lakes Interchange,2013-09-08 00:00:00,1
T7216,19404,271,12473,16 North East Rd,2014-03-23 00:00:00,1
T7217,49283,749A,17675,117 Rowley Rd,2013-10-27 00:00:00,1
T7218,44750,115,13336,T1 Grenfell St,2014-01-05 00:00:00,1
T7219,12033,251,12596,16 Torrens Rd,2014-03-02 00:00:00,4
T7220,28646,442,17429,90 Park Lake Bvd,2014-05-04 00:00:00,1
T7221,58737,G20,14200,10 Goodwood Rd,2013-11-24 00:00:00,5
T7222,46166,174,12891,10 Payneham Rd,2013-07-07 00:00:00,2
T7223,3600,451,10014,76 President Av,2013-09-08 00:00:00,1
T7224,27463,224,12015,20 Main North Rd,2013-09-08 00:00:00,2
T7225,45032,144,13494,7 Grant Av,2013-10-27 00:00:00,7
T7226,45376,167,14010,13 Mooringe Av,2013-08-04 00:00:00,6
T7227,46486,178,13361,W2 King William St,2013-07-14 00:00:00,18
T7228,36366,411,10459,45 Burton Rd,2013-07-28 00:00:00,5
T7229,45675,171,13779,4 Glen Osmond Rd,2013-12-29 00:00:00,1
T7230,12681,237,13341,T3 Grenfell St,2013-09-22 00:00:00,7
T7231,12199,239,12457,12 Churchill Rd,2014-01-05 00:00:00,2
T7232,16247,M44,14824,26 Township Rd,2014-02-02 00:00:00,4
T7233,58695,G20,15505,Zone A Aberfoyle Hub Centre In,2013-08-18 00:00:00,5
T7234,58600,G10B,12204,17 Prospect Rd,2013-12-22 00:00:00,2
T7235,19444,300,17544,18B Springbank Rd,2014-03-02 00:00:00,2
T7236,51103,J2,16406,2 Henley Beach Rd,2013-12-29 00:00:00,3
T7237,15885,G21F,14378,14 Goodwood Rd,2014-03-16 00:00:00,4
T7238,45560,168,13496,H1 West Tce,2013-12-22 00:00:00,2
T7239,33933,118,12918,13 Grange Rd,2013-11-17 00:00:00,1
T7240,32839,208,12217,19 Regency Rd,2013-11-24 00:00:00,1
T7241,8942,506,17189,Zone B Klemzig Interchange,2013-06-30 00:00:00,1
T7242,9177,507,11501,37 North East Rd,2013-07-07 00:00:00,1
T7243,29521,719,14031,8 South Rd,2013-08-18 00:00:00,1
T7244,11308,H30,13287,B1 Pulteney St,2014-05-04 00:00:00,13
T7245,45227,150B,13391,V1 Hutt St,2013-09-01 00:00:00,1
T7246,29839,721F,15882,54 Main South Rd,2013-11-03 00:00:00,3
T7247,894,733,15746,45 Pimpala Rd,2014-03-02 00:00:00,2
T7248,58342,G10,12304,16 Prospect Rd,2013-10-20 00:00:00,3
T7249,5626,100,13045,206 Holbrooks Rd,2014-03-30 00:00:00,4
T7250,13011,178,12173,34 Gorge Rd,2014-06-22 00:00:00,2
T7251,30907,835,17914,49 Mount Barker Rd,2013-06-30 00:00:00,7
T7252,7354,502,10658,45B Buckingham Dr,2014-03-02 00:00:00,4
T7253,50364,H22L,16397,7 The Parade,2013-10-20 00:00:00,18
T7254,64900,B10,13189,7 South Rd,2013-12-01 00:00:00,1
T7255,9700,B10,13142,14 Magill Rd,2014-02-02 00:00:00,3
T7256,31371,866,14780,36 Mount Barker Rd,2013-07-14 00:00:00,3
T7257,45467,168,13728,3A Richmond Rd,2013-12-01 00:00:00,4
T7258,11631,150,11914,33 Port Rd,2014-04-27 00:00:00,1
T7259,10299,H20,12209,25 Darley Rd,2014-04-27 00:00:00,1
T7260,27324,222,11545,27 Main North Rd,2014-06-29 00:00:00,1
T7261,51618,W90,14597,20C Daws Rd,2013-10-27 00:00:00,7
T7262,46304,178,12691,16 Payneham Rd,2013-08-04 00:00:00,3
T7263,36454,440,10184,68 Woodford Rd,2013-07-28 00:00:00,1
T7264,50708,H31,13330,G3 Grenfell St,2013-09-01 00:00:00,2
T7265,27344,222,12467,14 Main North Rd,2014-05-25 00:00:00,1
T7266,64756,720H,14493,17 South Rd,2014-05-11 00:00:00,1
T7267,57927,C1,17980,61 The Grove Way,2014-01-26 00:00:00,1
T7268,20465,541,11367,Zone F Tea Tree Plaza Intercha,2014-02-16 00:00:00,5
T7269,5927,300,14098,167 Cross Rd,2014-03-23 00:00:00,8
T7270,51016,J1,13966,17 Military Rd,2013-08-18 00:00:00,1
T7271,14184,174,12652,17 Payneham Rd,2014-06-08 00:00:00,2
T7272,64775,721,13301,B1 King William St,2014-06-29 00:00:00,2
T7273,64307,B10,13371,B1 Currie St,2014-01-12 00:00:00,1
T7274,44726,100,13586,8D  Marion Rd,2013-12-29 00:00:00,1
T7275,27628,226F,11685,25 Main North Rd,2014-01-26 00:00:00,4
T7276,13343,W91C,14666,21A Cashel St,2014-04-27 00:00:00,1
T7277,50922,J1,13539,6B Sir Donald Bradman Dr,2013-12-22 00:00:00,1
T7278,28087,262,14616,28 Brighton Rd,2013-09-22 00:00:00,59
T7279,50764,H31C,12803,21 Reid Av,2013-09-01 00:00:00,1
T7280,48342,501,11335,35A Walkleys Rd,2013-09-29 00:00:00,9
T7281,56784,230,12861,7 Jeffcott St,2013-08-18 00:00:00,4
T7282,10316,H20,16420,7 Henley Beach Rd,2014-04-20 00:00:00,5
T7283,49713,B10C,12452,33 Frederick Rd,2013-06-30 00:00:00,1
T7284,50056,H20,16369,17 The Parade,2013-06-30 00:00:00,4
T7285,8920,506,11657,34 Wandana Av,2014-05-25 00:00:00,2
T7286,65301,721,13970,7 South Rd,2014-02-23 00:00:00,3
T7287,17839,861,13864,8 Glen Osmond Rd,2014-02-02 00:00:00,14
T7288,9464,200C,13591,K1 King William St,2014-03-02 00:00:00,7
T7289,9808,B10C,13178,7 Magill Rd,2014-03-02 00:00:00,11
T7290,49655,B10,13004,27A Grange Rd,2013-07-14 00:00:00,4
T7291,12788,168,13306,B2 Pulteney St,2014-03-09 00:00:00,1
T7292,4189,271,12215,21 North East Rd,2013-10-13 00:00:00,10
T7293,34282,142,13345,E2 Currie St,2013-08-04 00:00:00,1
T7294,50353,H22C,16436,1 Bartels Rd,2013-10-13 00:00:00,1
T7295,14231,177,12735,14 Payneham Rd,2014-07-06 00:00:00,4
T7296,48370,501,13277,I2 North Tce,2013-07-07 00:00:00,5
T7297,36298,411,10694,38A Shepherdson Rd,2013-11-24 00:00:00,1
T7298,36295,411,10681,38B Shepherdson Rd,2013-08-11 00:00:00,1
T7299,45259,157,11858,36A First Av,2013-07-21 00:00:00,4
T7300,45565,168,13566,J1 West Tce,2013-12-15 00:00:00,1
T7301,48383,501,13339,F2 Grenfell St,2013-09-08 00:00:00,79
T7302,56866,232,12767,9 Torrens Rd,2013-09-15 00:00:00,1
T7303,46440,178,12654,17 Payneham Rd,2013-11-17 00:00:00,1
T7304,45127,147,13299,C1 North Tce,2013-06-30 00:00:00,1
T7305,51549,W90,14366,16 Winston Av,2013-09-29 00:00:00,2
T7306,22665,751,17072,97 Main Rd,2014-05-04 00:00:00,4
T7307,27577,225,11172,39A Kesters Rd,2014-04-27 00:00:00,1
T7308,34350,144,13751,12  Portrush Rd,2013-08-04 00:00:00,2
T7309,28046,248,14963,Zone B Marion Interchange,2013-12-15 00:00:00,2
T7310,50305,H22,13329,H Grenfell St,2013-08-18 00:00:00,7
T7311,58926,M44,12129,Zone C Paradise Interchange,2013-10-27 00:00:00,12
T7312,10630,235,11987,19 Churchill Rd,2014-06-01 00:00:00,5
T7313,45579,169,13717,2A Richmond Rd,2013-07-14 00:00:00,8
T7314,59059,M44,14684,22 Marion Rd,2013-07-28 00:00:00,5
T7315,45558,168,13373,Y2 Currie St,2014-01-19 00:00:00,4
T7316,50655,H31,13190,4 Magill Rd,2013-08-25 00:00:00,1
T7317,5800,H30S,18492,Zone C West Lakes Interchange,2014-05-11 00:00:00,2
T7318,11488,241,14571,19A West St,2014-03-23 00:00:00,2
T7319,44752,117,12933,16 Grange Rd,2013-08-18 00:00:00,3
T7320,51121,J2,17978,8A Sir Donald Bradman Dr,2013-08-18 00:00:00,7
T7321,50559,H30,13360,W1 Currie St,2013-09-08 00:00:00,1
T7322,15430,263,17880,29 Morphett Rd,2014-01-26 00:00:00,1
T7323,44839,118,13372,Y1 Currie St,2013-11-17 00:00:00,2
T7324,17323,835,14470,59 Onkaparinga Valley Rd,2014-02-23 00:00:00,7
T7325,11233,H30,13337,T2 Grenfell St,2014-06-08 00:00:00,1
T7326,18130,239,12212,Zone B Arndale Interchange,2014-05-25 00:00:00,1
T7327,14265,178,12582,26 Montacute Rd,2014-05-11 00:00:00,1
T7328,5879,300,16352,29C Seaview Rd,2014-04-13 00:00:00,1
T7329,56648,195,14437,16 Belair Rd,2013-09-29 00:00:00,4
T7330,63684,722,15095,29 Main South Rd,2013-12-15 00:00:00,2
T7331,47921,288,13215,6 Ashley St,2013-09-01 00:00:00,3
T7332,44697,100,14047,10A  Marion Rd,2013-09-15 00:00:00,4
T7333,27479,224,10431,53A Jarvis Rd,2014-05-11 00:00:00,1
T7334,18215,248,14094,11  Marion Rd,2014-03-02 00:00:00,1
T7335,53914,749,16988,111 The Esplanade,2013-08-18 00:00:00,1
T7336,50914,J1,13520,7 Sir Donald Bradman Dr,2013-09-01 00:00:00,1
T7337,14171,273,12096,Zone I Paradise Interchange,2014-04-13 00:00:00,12
T7338,22743,747,16256,91 Grand Bvd,2014-06-22 00:00:00,16
T7339,12710,253X,11969,28 Hanson Rd,2014-06-01 00:00:00,10
T7340,853,733,15337,33 Main South Rd,2014-06-15 00:00:00,6
T7341,5876,300,13087,8A Portrush Rd,2014-05-11 00:00:00,1
T7342,49671,B10,13354,D1 Currie St,2013-09-22 00:00:00,2
T7343,456,400,10319,62A Diment Rd,2013-08-04 00:00:00,24
T7344,10240,140,13716,11  Portrush Rd,2014-07-06 00:00:00,1
T7345,13133,254,13452,D2 Grote St,2014-03-23 00:00:00,4
T7346,57618,694,15048,Zone A Blackwood Interchange,2013-10-06 00:00:00,2
T7347,8362,288,13147,5 Phillips St,2014-05-18 00:00:00,1
T7348,27243,222,13003,4 O Connell St,2013-11-17 00:00:00,1
T7349,45334,167,13815,8 Galway Av,2014-01-12 00:00:00,2
T7350,50737,H31,13201,27A North St,2013-10-06 00:00:00,1
T7351,56489,190,13483,S1 Pulteney St,2013-11-17 00:00:00,1
T7352,27533,225,17866,43 Mcintyre Rd,2013-12-08 00:00:00,5
T7353,465,400,10387,55 John Rice Av,2013-10-06 00:00:00,4
T7354,52714,228,10096,78 Uley Rd,2013-10-27 00:00:00,1
T7355,14104,271,12000,26 North East Rd,2014-03-30 00:00:00,9
T7356,16352,M44,14389,16 Marion Rd,2014-05-04 00:00:00,1
T7357,1222,734,17230,51 Adams Rd,2014-03-16 00:00:00,2
T7358,58040,C1G,11378,Zone E Tea Tree Plaza Intercha,2014-01-12 00:00:00,2
T7359,29231,640,14964,Zone A Marion Interchange,2013-11-17 00:00:00,23
T7360,9629,541,11377,43E Smart Rd,2014-03-02 00:00:00,3
T7361,53327,451,17126,Zone D Munno Para Shopping Cen,2014-06-01 00:00:00,1
T7362,13328,172,14215,12 Harrow Tce,2014-05-11 00:00:00,2
T7363,58362,G10,14278,12 Goodwood Rd,2013-08-18 00:00:00,7
T7364,46078,174,12429,21 Lower North East Rd,2014-01-05 00:00:00,3
T7365,3191,202F,17909,34A Wright Rd,2014-06-01 00:00:00,1
T7366,50118,H20,13456,8B  Marion Rd,2013-12-01 00:00:00,7
T7367,18410,542X,11367,Zone F Tea Tree Plaza Intercha,2014-06-29 00:00:00,12
T7368,56931,232,11756,34A Newcastle St,2013-11-17 00:00:00,2
T7369,50439,H30,13283,S1 North Tce,2013-12-08 00:00:00,2
T7370,58916,M44,14258,13 Marion Rd,2013-09-29 00:00:00,1
T7371,27772,228X,10103,77 Hamblynn Rd,2014-06-22 00:00:00,6
T7372,36375,411,10452,43C Liberator Dr,2014-05-25 00:00:00,1
T7373,5935,300,14515,18 Belair Rd,2014-04-20 00:00:00,1
T7374,31362,865,13975,11 Glen Osmond Rd,2013-09-15 00:00:00,13
T7375,12996,178,12582,26 Montacute Rd,2014-03-23 00:00:00,1
T7376,1232,734,15994,68C Roy Tce,2014-03-23 00:00:00,1
T7377,50509,H30,13343,E3 Currie St,2013-09-08 00:00:00,6
T7378,8586,B10,13121,17 Magill Rd,2014-02-09 00:00:00,2
T7379,12965,W91,13364,W3 Currie St,2014-05-04 00:00:00,8
T7380,62991,H33,12769,27 Maple Av,2013-12-08 00:00:00,8
T7381,12835,170,16659,23 Waite Rd,2014-02-23 00:00:00,1
T7382,64322,B10,13029,21 St Bernards Rd,2014-01-19 00:00:00,2
T7383,50438,H30,12916,17 Arthur St,2013-10-13 00:00:00,16
T7384,48886,733,15925,62 Flaxmill Rd,2013-08-11 00:00:00,1
T7385,847,733,15931,53A States Rd,2014-01-12 00:00:00,1
T7386,19462,300,14982,31 Sturt Rd,2014-02-09 00:00:00,2
T7387,199,722F,14291,13 South Rd,2013-12-08 00:00:00,1
T7388,15536,G10C,12693,9 Prospect Rd,2014-07-06 00:00:00,3
T7389,48199,350,12155,34B Frederick Rd,2013-12-15 00:00:00,1
T7390,1157,734,15891,64 Galloway Rd,2013-12-22 00:00:00,3
T7391,48892,733,15821,46D Investigator Dr,2013-08-18 00:00:00,2
T7392,31639,C1,10563,60 The Grove Wy,2013-06-30 00:00:00,1
T7393,10316,H20,14243,15D Morphett Rd,2014-06-08 00:00:00,3
T7394,203,722F,18486,W Grote St,2014-01-26 00:00:00,4
T7395,50068,H20,13372,Y1 Currie St,2013-09-15 00:00:00,3
T7396,48777,721,15049,Zone A Flinders Medical Centre,2013-10-20 00:00:00,7
T7397,44935,141,13367,B2 Currie St,2013-08-25 00:00:00,13
T7398,46474,178,12329,26A Gorge Rd,2013-09-29 00:00:00,1
T7399,27474,224,17961,34U Salisbury Hwy,2013-12-22 00:00:00,2
T7400,27595,225F,11967,21 Main North Rd,2013-07-14 00:00:00,6
T7401,10828,H22L,16393,9 The Parade,2014-06-15 00:00:00,4
T7402,17688,208,12551,14 Galway Av,2014-02-16 00:00:00,2
T7403,30435,734,15770,50 Sherriffs Rd,2013-09-08 00:00:00,1
T7404,47641,281,13294,D North Tce,2013-07-14 00:00:00,4
T7405,50942,J1,14231,18B Patawalonga Frontage,2013-09-08 00:00:00,1
T7406,14651,G10,13460,W3 Grote St,2014-04-13 00:00:00,4
T7407,16228,M44,14569,20 Marion Rd,2014-04-20 00:00:00,7
T7408,56598,190B,16276,A3 King William Rd,2013-08-18 00:00:00,12
T7409,11232,H30,13199,3 North Tce,2014-04-06 00:00:00,1
T7410,8370,288,13227,9 Ashley St,2014-03-16 00:00:00,14
T7411,5748,H30,16459,19 Henley Beach Rd,2014-01-26 00:00:00,1
T7412,44850,118,12747,23  Findon Rd,2013-12-01 00:00:00,16
T7413,20754,C1,10790,Zone A Golden Grove Village In,2014-04-06 00:00:00,22
T7414,56937,232,12961,5A Jeffcott St,2013-10-27 00:00:00,2
T7415,881,733,15732,44 Sir James Hardy Wy,2013-12-08 00:00:00,1
T7416,505,452,18150,74 Coventry Rd,2013-07-07 00:00:00,1
T7417,50537,H30,16461,12 Henley Beach Rd,2013-12-08 00:00:00,10
T7418,59158,M44T,14888,28 Finniss St,2013-12-08 00:00:00,2
T7419,11139,144,13294,D North Tce,2014-03-23 00:00:00,9
T7420,50069,H20,16372,16B The Parade,2013-11-03 00:00:00,5
T7421,50086,H20,16390,10 The Parade,2013-11-24 00:00:00,2
T7422,57026,300,12217,19 Regency Rd,2013-11-24 00:00:00,3
T7423,45489,168,13773,6 Grove Av,2013-07-07 00:00:00,1
T7424,15614,C1G,13277,I2 North Tce,2014-03-23 00:00:00,7
T7425,22519,745,16090,69A Murray Rd,2014-06-15 00:00:00,1
T7426,9152,503,12097,Zone F Paradise Interchange,2014-01-05 00:00:00,29
T7427,11811,J1,13520,7 Sir Donald Bradman Dr,2014-05-25 00:00:00,6
T7428,58025,C1,17172,62A The Grove Wy,2013-12-29 00:00:00,1
T7429,11744,H33,13373,Y2 Currie St,2014-03-02 00:00:00,1
T7430,47021,200,14498,17C East Pky,2013-12-08 00:00:00,2
T7431,51698,W91,13345,E2 Currie St,2013-12-15 00:00:00,4
T7432,15384,M44,14635,21 Marion Rd,2014-04-20 00:00:00,1
T7433,15660,G10,13551,C1 Sturt St,2014-04-27 00:00:00,1
T7434,57838,C1,10939,50 Golden Grove Rd,2013-07-28 00:00:00,4
T7435,18683,254,12395,22 Torrens Rd,2014-06-08 00:00:00,1
T7436,52495,202,11835,26 Hampstead Rd,2013-08-04 00:00:00,3
T7437,15470,492W,18221,145 Adelaide Rd,2014-01-26 00:00:00,2
T7438,10311,H20,16386,12 The Parade,2014-03-30 00:00:00,1
T7439,5482,157,13292,U1 North Tce,2013-12-29 00:00:00,4
T7440,12116,157X,12272,33E West Lakes Bvd,2014-04-13 00:00:00,2
T7441,49137,745A,16246,89 Grand Bvd,2013-10-20 00:00:00,1
T7442,29608,720H,13498,1 Sir Donald Bradman Dr,2013-09-29 00:00:00,1
T7443,44810,118,11565,Zone D Port Adelaide Interchan,2013-12-29 00:00:00,4
T7444,2432,430,10549,59 Saints Rd,2013-10-13 00:00:00,1
T7445,17334,837,18642,Zone A Mt Barker Dumas St,2014-06-08 00:00:00,3
T7446,20880,545,11051,51 Mcintyre Rd,2014-03-16 00:00:00,1
T7447,47034,200B,14692,20 Eliza Pl,2013-08-18 00:00:00,3
T7448,8781,200C,13715,1 King William Rd,2014-03-02 00:00:00,1
T7449,22436,740A,16170,77 Commercial Rd,2014-05-18 00:00:00,1
T7450,11780,H33,13373,Y2 Currie St,2014-02-02 00:00:00,3
T7451,47570,281,12096,Zone I Paradise Interchange,2013-11-17 00:00:00,1
T7452,9245,B10,12973,24 Grange Rd,2014-02-16 00:00:00,3
T7453,27479,224,12901,6 O Connell St,2014-01-12 00:00:00,1
T7454,19093,300,12521,219 Woodville Rd,2014-06-22 00:00:00,1
T7455,47431,241,17562,22A Oaklands Rd,2013-12-29 00:00:00,1
T7456,64366,681,14982,31 Sturt Rd,2014-01-05 00:00:00,1
T7457,13020,178,12639,19 Montacute Rd,2014-05-18 00:00:00,2
T7458,45462,168,14066,17 St Andrews Cr,2013-09-08 00:00:00,1
T7459,19424,273,12613,13 North East Rd,2014-05-04 00:00:00,1
T7460,17064,254,11714,32 Grand Junction Rd,2013-12-15 00:00:00,1
T7461,16810,251,16291,U1 Victoria Sq,2013-10-06 00:00:00,1
T7462,10622,235,11890,21 Churchill Rd,2014-03-02 00:00:00,3
T7463,59173,N202,12680,11 North East Rd,2013-11-10 00:00:00,1
T7464,17314,263,13954,7 Anzac Hwy,2013-08-11 00:00:00,1
T7465,27528,224F,17375,54B Haydown Rd,2013-12-15 00:00:00,9
T7466,45495,168,14211,21 Pine Av,2013-08-11 00:00:00,5
T7467,50149,H20,13325,I1 Grenfell St,2013-10-27 00:00:00,3
T7468,50664,H31,13283,S1 North Tce,2013-08-04 00:00:00,5
T7469,18331,864F,14856,46 Mount Barker Rd,2014-05-11 00:00:00,2
T7470,56443,190,14400,15C Raglan Av,2013-11-24 00:00:00,1
T7471,11122,144,13280,R2 North Tce,2014-04-13 00:00:00,19
T7472,28731,493,18223,147 Fifth St,2014-05-18 00:00:00,5
T7473,13203,254X,11720,33 Grand Junction Rd,2014-04-20 00:00:00,5
T7474,5908,300,12234,17B Regency Rd,2014-03-30 00:00:00,1
T7475,52731,228,10185,69 Yorktown Rd,2014-03-30 00:00:00,1
T7476,57557,646,15123,35 Morphett Rd,2013-12-01 00:00:00,1
T7477,12859,J8,12663,216 Findon Rd,2014-03-09 00:00:00,1
T7478,45683,171,13484,S1 Hutt St,2013-11-10 00:00:00,2
T7479,404,722F,15875,52 States Rd,2014-01-19 00:00:00,2
T7480,15672,G10,14236,11 Goodwood Rd,2014-04-06 00:00:00,1
T7481,50785,H31C,12848,17 Glynburn Rd,2013-08-11 00:00:00,1
T7482,64308,B10,13161,11 Magill Rd,2013-12-01 00:00:00,2
T7483,27656,228,10264,59 Midway Rd,2013-07-07 00:00:00,1
T7484,10536,208,12154,21 Karoomba Av,2014-02-02 00:00:00,2
T7485,9263,B10,12933,16 Grange Rd,2014-03-16 00:00:00,2
T7486,15346,M44,14295,14 Marion Rd,2014-06-15 00:00:00,3
T7487,28143,271,13168,2 Frome Rd,2013-09-01 00:00:00,2
T7488,9476,202,16277,Z1 King William St,2014-06-08 00:00:00,17
T7489,65059,720,15439,48 Quailo Av,2014-06-01 00:00:00,2
T7490,57057,300C,12212,Zone B Arndale Interchange,2013-09-08 00:00:00,1
T7491,28875,503,11465,38A Helen Tce,2013-07-21 00:00:00,7
T7492,29602,720H,13503,1 Sir Donald Bradman Dr,2013-09-15 00:00:00,2
T7493,27475,224,10301,57 Hogarth Rd,2013-07-07 00:00:00,1
T7494,36335,411,10552,45D Burton Rd,2013-09-22 00:00:00,1
T7495,56502,190,14481,23 Cliff St,2013-11-17 00:00:00,1
T7496,8378,288,13153,22 Valetta Rd,2014-05-11 00:00:00,1
T7497,1814,556,11544,38 Valley Rd,2014-01-12 00:00:00,1
T7498,31011,842F,13354,D1 Currie St,2014-01-19 00:00:00,13
T7499,19476,300G,12190,20A Muller Rd,2014-02-09 00:00:00,3
T7500,45396,167,13819,8 Galway Av,2013-10-06 00:00:00,1
T7501,45177,150,12254,25 Port Rd,2013-10-13 00:00:00,1
T7502,49454,B10,13000,27 Grange Rd,2013-09-08 00:00:00,2
T7503,58693,G20,14878,25 Ayliffes Rd,2014-01-05 00:00:00,1
T7504,58337,G10,11875,22 Prospect Rd,2013-10-20 00:00:00,1
T7505,50362,H22L,13360,W1 Currie St,2013-10-20 00:00:00,28
T7506,11052,239,11890,21 Churchill Rd,2014-06-22 00:00:00,5
T7507,6325,J2,13485,5 South Rd,2014-03-16 00:00:00,1
T7508,10735,142,13553,16 Glynburn Rd,2014-03-09 00:00:00,1
T7509,50229,H22,16390,10 The Parade,2013-11-10 00:00:00,1
T7510,10940,118,11822,35B Old Port Rd,2014-04-20 00:00:00,1
T7511,2311,557,11187,50 Perseverance Rd,2013-10-27 00:00:00,1
T7512,47515,263,14796,32 Brighton Rd,2013-12-01 00:00:00,1
T7513,12339,J2,16406,2 Henley Beach Rd,2014-04-27 00:00:00,7
T7514,16725,251,11960,26 Trafford St,2013-09-22 00:00:00,3
T7515,9791,B10,13165,10 Magill Rd,2014-06-15 00:00:00,1
T7516,17612,208,17191,26A  Navigator Dr,2014-06-22 00:00:00,1
T7517,49429,885,14916,42 Mount Barker Rd,2014-05-11 00:00:00,15
T7518,14442,168,13821,8A Galway Av,2014-04-27 00:00:00,2
T7519,19152,861,13348,E1 Currie St,2014-06-01 00:00:00,9
T7520,13915,147,13579,5 Dulwich Av,2014-05-04 00:00:00,1
T7521,18487,241,16289,E1 King William St,2014-01-26 00:00:00,1
T7522,11220,147,13308,B1 East Tce,2014-06-15 00:00:00,2
T7523,29823,721F,15451,37 Main South Rd,2013-11-10 00:00:00,2
T7524,18906,548,17613,74 Target Hill Rd,2014-02-09 00:00:00,1
T7525,27790,229,11279,35A Quinlivan Rd,2014-02-09 00:00:00,1
T7526,58864,M44,14295,14 Marion Rd,2014-01-12 00:00:00,1
T7527,49487,B10,12969,22 Grange Rd,2013-08-25 00:00:00,1
T7528,15138,G10,13274,A2 King William Rd,2014-05-18 00:00:00,19
T7529,8770,506,11265,65 Kelly Rd,2013-06-30 00:00:00,1
T7530,6918,502,10902,43 Bridge Rd,2014-05-04 00:00:00,3
T7531,7362,502,11330,35A Walkleys Rd,2014-03-02 00:00:00,3
T7532,3145,441,17917,77F Uley Rd,2013-07-21 00:00:00,2
T7533,27269,222,11160,33B Mawson Lakes Bvd,2014-03-16 00:00:00,2
T7534,7526,286,13227,9 Ashley St,2014-06-15 00:00:00,5
T7535,58249,G10,14050,8 Goodwood Rd,2013-10-27 00:00:00,3
T7536,20305,C2,17334,80 Golden Grove Rd,2013-06-30 00:00:00,1
T7537,56707,230,12660,11 Harrison Rd,2013-11-17 00:00:00,4
T7538,28662,442,10062,Zone B Smithfield Interchange,2013-08-11 00:00:00,3
T7539,2167,415,10488,56 Goddard Dr,2013-12-01 00:00:00,3
T7540,11257,H30,16405,1 Henley Beach Rd,2014-01-26 00:00:00,2
T7541,10559,208B,12647,12 North East Rd,2014-04-06 00:00:00,1
T7542,9268,B10,13178,7 Magill Rd,2014-02-16 00:00:00,3
T7543,15524,G10B,12274,16 Prospect Rd,2014-06-08 00:00:00,4
T7544,47016,200,15053,Zone B Flinders Medical Centre,2013-09-08 00:00:00,10
T7545,27504,224F,12015,20 Main North Rd,2014-02-16 00:00:00,1
T7546,13386,117,18493,Zone A West Lakes Interchange,2014-06-01 00:00:00,7
T7547,58025,C1,10790,Zone A Golden Grove Village In,2013-10-06 00:00:00,2
T7548,52561,208,12551,14 Galway Av,2013-11-24 00:00:00,1
T7549,12334,J2,13396,4 South Rd,2014-05-04 00:00:00,7
T7550,10253,141,13379,14 Kensington Rd,2014-04-27 00:00:00,5
T7551,49703,B10C,13139,15 Magill Rd,2013-10-20 00:00:00,8
T7552,12225,167,13815,8 Galway Av,2014-04-06 00:00:00,6
T7553,50571,H30,16424,8 Henley Beach Rd,2013-06-30 00:00:00,2
T7554,45568,168,14021,15 Mooringe Av,2014-01-19 00:00:00,2
T7555,17307,265,14403,Zone A Moseley St,2013-12-01 00:00:00,2
T7556,18040,506,11556,37 Pauls Dr,2013-08-18 00:00:00,2
T7557,47533,281,12560,14A Ilford St,2013-11-03 00:00:00,3
T7558,49539,B10,13352,V1 Currie St,2013-11-10 00:00:00,28
T7559,456,400,10478,51 Commercial Rd,2014-04-06 00:00:00,1
T7560,6243,J1,13841,16 Military Rd,2014-02-16 00:00:00,7
T7561,50456,H30,13184,5 Magill Rd,2013-12-29 00:00:00,1
T7562,36835,560,10625,47A Park Tce,2013-09-29 00:00:00,2
T7563,37208,682,15446,54 Heysen Dr,2013-11-10 00:00:00,1
T7564,5598,625,12331,26 Gorge Rd,2014-05-18 00:00:00,6
T7565,50141,H20,16394,8 The Parade,2013-07-21 00:00:00,2
T7566,190,722F,15862,51 States Rd,2014-01-12 00:00:00,1
T7567,57046,300,15106,Zone A Registry Rd Flinders Un,2013-11-03 00:00:00,18
T7568,64333,B10,12955,20 Grange Rd,2014-01-12 00:00:00,1
T7569,506,452,18168,79E Newton Bvd,2014-06-01 00:00:00,3
T7570,10639,235,13364,W3 Currie St,2014-04-06 00:00:00,2
T7571,27532,224X,10432,53A Jarvis Rd,2013-08-18 00:00:00,1
T7572,15135,G10,14601,19 Goodwood Rd,2014-06-01 00:00:00,1
T7573,17627,203,11359,38 Winara Dr,2014-06-01 00:00:00,1
T7574,36385,411,10446,44C Burton Rd,2013-10-06 00:00:00,4
T7575,27692,228F,10760,44 Main North Rd,2014-04-06 00:00:00,3
T7576,29831,721F,14909,25B Main South Rd,2013-09-08 00:00:00,4
T7577,9713,B10,13114,18 Magill Rd,2014-02-16 00:00:00,7
T7578,29588,720,14937,27 Sturt Rd,2013-09-01 00:00:00,2
T7579,28607,441,17306,77C Jacaranda Dr,2014-02-02 00:00:00,2
T7580,868,733,16051,Zone C Noarlunga Centre Interc,2014-03-02 00:00:00,3
T7581,56932,232,12549,13 Harrison Rd,2013-10-13 00:00:00,3
T7582,10937,118,12918,13 Grange Rd,2014-06-08 00:00:00,1
T7583,58986,M44,13281,G3 North Tce,2013-09-08 00:00:00,27
T7584,15874,G21,15013,27 Main South Rd,2014-02-23 00:00:00,2
T7585,14166,273,12396,18 North East Rd,2014-04-20 00:00:00,1
T7586,28945,541X,11380,43D Smart Rd,2013-12-01 00:00:00,32
T7587,17659,502,12097,Zone F Paradise Interchange,2013-12-08 00:00:00,1
T7588,19649,864,17889,Zone A Dutton Rd,2014-05-11 00:00:00,1
T7589,10078,541X,11173,50 Hancock Rd,2013-10-27 00:00:00,1
T7590,591,273,12347,19 North East Rd,2013-11-24 00:00:00,4
T7591,13509,232,16279,X2 King William St,2014-04-20 00:00:00,37
T7592,27497,224F,10740,38 Salisbury Hwy,2013-09-01 00:00:00,6
T7593,9776,B10,13190,4 Magill Rd,2014-02-09 00:00:00,2
T7594,12114,157X,18493,Zone A West Lakes Interchange,2014-04-27 00:00:00,18
T7595,9254,B10,13174,8 Magill Rd,2014-06-22 00:00:00,1
T7596,57549,646,15123,35 Morphett Rd,2013-09-22 00:00:00,8
T7597,44730,100K,14170,183 Cross Rd,2013-09-08 00:00:00,10
T7598,44987,142,13312,X1 Pulteney St,2013-06-30 00:00:00,9
T7599,7825,542,11039,54 Elizabeth St,2013-10-20 00:00:00,1
T7600,50123,H20,16366,17A The Parade,2013-11-03 00:00:00,4
T7601,27638,228,10586,48A Main North Rd,2013-10-06 00:00:00,2
T7602,27247,222,12901,6 O Connell St,2013-08-18 00:00:00,2
T7603,14989,G10,14431,15 Goodwood Rd,2014-06-15 00:00:00,1
T7604,18367,864F,14051,14 Adelaide Crafers Hwy,2014-02-23 00:00:00,13
T7605,49884,G10A,12564,12 Prospect Rd,2013-07-07 00:00:00,5
T7606,8973,506X,11424,43 Wright Rd,2014-06-15 00:00:00,14
T7607,48250,472,10726,45 Main North Rd,2013-07-28 00:00:00,24
T7608,56534,190,13972,7 Unley Rd,2013-09-22 00:00:00,1
T7609,12814,170,13422,F2 King William St,2014-03-23 00:00:00,12
T7610,15793,263,14082,11 Anzac Hwy,2014-04-06 00:00:00,1
T7611,36303,411,10526,Zone B Salisbury Interchange,2013-07-28 00:00:00,15
T7612,32706,T842,15115,80 Woodside Rd,2013-12-15 00:00:00,7
T7613,46091,174,12652,17 Payneham Rd,2013-08-25 00:00:00,1
T7614,27314,222,11182,33A Mawson Lakes Bvd,2014-04-27 00:00:00,1
T7615,20014,600,15042,Zone C Blackwood Interchange,2014-03-30 00:00:00,3
T7616,13544,281,12796,9 Walkerville Tce,2014-02-16 00:00:00,1
T7617,30155,725,17120,Zone C Old Reynella Interchang,2013-07-07 00:00:00,19
T7618,4848,743,16152,51D Brodie Rd,2013-10-20 00:00:00,5
T7619,50946,J1,17110,Zone B Harbour Town,2013-10-27 00:00:00,7
T7620,48978,733,15819,46D Investigator Dr,2013-09-08 00:00:00,1
T7621,50584,H30,13360,W1 Currie St,2013-12-29 00:00:00,5
T7622,14124,273,13310,Y1 Pulteney St,2014-01-26 00:00:00,9
T7623,64325,B10,13165,10 Magill Rd,2013-12-29 00:00:00,1
T7624,16770,250,13452,D2 Grote St,2013-07-28 00:00:00,9
T7625,5429,157,12880,8 Port Rd,2013-06-30 00:00:00,1
T7626,59134,M44T,14888,28 Finniss St,2013-11-10 00:00:00,1
T7627,27176,204,12474,15 Galway Av,2013-10-20 00:00:00,4
T7628,57041,300,13887,15 Portrush Rd,2013-08-11 00:00:00,1
T7629,53396,502,10626,47A Park Tce,2013-09-29 00:00:00,3
T7630,52783,235,13364,W3 Currie St,2013-09-22 00:00:00,1
T7631,50543,H30,16377,28 Seaview Rd,2013-12-22 00:00:00,2
T7632,50087,H20,16418,6 Henley Beach Rd,2013-09-15 00:00:00,2
T7633,63687,722,13775,2 Anzac Hwy,2014-04-20 00:00:00,1
T7634,45265,157,17782,40M Military Rd,2013-09-29 00:00:00,1
T7635,17202,200C,16579,2 Sir Edwin Smith Av,2014-04-06 00:00:00,1
T7636,5683,101,12940,17  Grange Rd,2014-03-02 00:00:00,12
T7637,31344,864F,13370,D2 Pulteney St,2013-10-06 00:00:00,40
T7638,53480,506,11113,39D Sleep Rd,2013-11-17 00:00:00,1
T7639,8882,506,11590,36 Grand Junction Rd,2013-08-25 00:00:00,1
T7640,50068,H20,13618,8E  Marion Rd,2013-12-22 00:00:00,1
T7641,2093,557,12022,29 Lower North East Rd,2013-07-14 00:00:00,5
T7642,56985,300,14605,26 Diagonal Rd,2013-08-11 00:00:00,2
T7643,56778,230,11742,34A Grand Junction Rd,2013-08-25 00:00:00,8
T7644,48345,501,11448,34A Walkleys Rd,2014-01-12 00:00:00,2
T7645,11755,H33,13360,W1 Currie St,2014-05-04 00:00:00,30
T7646,12954,W91,13283,S1 North Tce,2014-02-23 00:00:00,3
T7647,47790,287,13151,5A West Thebarton Rd,2013-09-01 00:00:00,1
T7648,58350,G10,14200,10 Goodwood Rd,2013-10-06 00:00:00,1
T7649,8567,B10,13343,E3 Currie St,2014-02-02 00:00:00,1
T7650,28134,265G,16589,5A Anzac Hwy,2013-10-27 00:00:00,1
T7651,27340,222,12409,15 Main North Rd,2013-09-08 00:00:00,2
T7652,17651,502,10995,40A Bridge Rd,2013-10-13 00:00:00,1
T7653,36850,560P,11241,37 Muriel Dr,2013-07-21 00:00:00,1
T7654,31298,864F,18422,55 Mt Barker Road,2014-01-12 00:00:00,5
T7655,22534,745A,16168,76A  Corrimal Av,2014-06-22 00:00:00,1
T7656,14304,178,13438,S1 Wakefield St,2014-04-27 00:00:00,2
T7657,30160,725,15701,45A Grant Rd,2013-08-04 00:00:00,1
T7658,12887,W90,13345,E2 Currie St,2014-03-16 00:00:00,10
T7659,16947,254,16279,X2 King William St,2014-01-19 00:00:00,23
T7660,56544,190,13509,R1 Pulteney St,2013-10-06 00:00:00,2
T7661,59053,M44,13374,D1 King William St,2013-12-08 00:00:00,54
T7662,10143,208,16579,2 Sir Edwin Smith Av,2014-03-02 00:00:00,1
T7663,50329,H22,16401,5 The Parade,2013-10-06 00:00:00,1
T7664,56985,300,12747,23  Findon Rd,2013-10-13 00:00:00,5
T7665,11330,H30S,16454,19 Henley Beach Rd,2014-04-27 00:00:00,1
T7666,64282,B10,13372,Y1 Currie St,2013-12-08 00:00:00,4
T7667,10342,H20,16418,6 Henley Beach Rd,2014-05-04 00:00:00,3
T7668,17160,263,14379,23 Brighton Rd,2014-01-05 00:00:00,1
T7669,47094,200C,13538,I1 King William St,2013-12-15 00:00:00,2
T7670,12309,J1,13508,5A Sir Donald Bradman Dr,2014-04-06 00:00:00,1
T7671,27119,203,11262,46 Fairfax Rd,2013-09-22 00:00:00,1
T7672,44864,140,16395,8 The Parade,2013-08-11 00:00:00,9
T7673,47188,230,16291,U1 Victoria Sq,2013-07-07 00:00:00,7
T7674,46616,190,13765,2 Unley Rd,2013-07-07 00:00:00,1
T7675,5893,300,12620,17A  O G Rd,2014-06-29 00:00:00,3
T7676,27415,222,12947,5 O'Connell St,2014-03-02 00:00:00,4
T7677,17049,254X,11714,32 Grand Junction Rd,2014-01-19 00:00:00,3
T7678,57904,C1,12129,Zone C Paradise Interchange,2013-07-21 00:00:00,6
T7679,64986,719,16286,D2 King William St,2014-06-15 00:00:00,24
T7680,405,722F,15013,27 Main South Rd,2013-12-15 00:00:00,1
T7681,48844,722F,16025,56C Collins Pde,2013-11-17 00:00:00,3
T7682,14182,273,13052,3 Melbourne St,2014-04-27 00:00:00,1
T7683,12378,239,13353,V2 Currie St,2014-01-12 00:00:00,15
T7684,9689,B10,13243,3 George St,2014-02-02 00:00:00,1
T7685,50549,H30,13276,I3 North Tce,2013-07-14 00:00:00,4
T7686,45496,168,14078,18 St Andrews Cr,2013-11-03 00:00:00,2
T7687,46994,200,13715,1 King William Rd,2013-09-01 00:00:00,1
T7688,31325,864F,15195,56 Mount Barker Rd,2013-09-01 00:00:00,3
T7689,18857,545,11005,52 The Golden Wy,2014-04-20 00:00:00,1
T7690,44813,118,12436,32 Tapleys Hill Rd,2014-01-19 00:00:00,5
T7691,56804,230,11794,33 Addison Rd,2013-08-11 00:00:00,1
T7692,523,452,18166,79G Coventry Rd,2013-11-24 00:00:00,1
T7693,56991,300,13804,13  Portrush Rd,2013-10-06 00:00:00,1
T7694,49539,B10,13111,19 Magill Rd,2013-10-27 00:00:00,8
T7695,36856,560P,10701,45 Bridge Rd,2013-07-21 00:00:00,3
T7696,57054,300,12190,20A Muller Rd,2013-10-20 00:00:00,1
T7697,5916,300,14806,28B Diagonal Rd,2014-05-18 00:00:00,1
T7698,36321,411,10464,45 Burton Rd,2013-11-10 00:00:00,2
T7699,12907,W90,13345,E2 Currie St,2014-06-22 00:00:00,21
T7700,46343,178,12080,43 George St,2013-07-14 00:00:00,2
T7701,51292,M44,13277,I2 North Tce,2013-07-07 00:00:00,8
T7702,16293,M44,14888,28 Finniss St,2014-06-01 00:00:00,1
T7703,468,400,16679,49 / B Church St,2014-04-20 00:00:00,15
T7704,48748,720,13498,1 Sir Donald Bradman Dr,2013-08-04 00:00:00,4
T7705,50097,H20,13499,8C  Marion Rd,2013-10-13 00:00:00,2
T7706,11236,H30,13195,3A Magill Rd,2014-06-01 00:00:00,3
T7707,14796,C2,10605,77 Golden Grove Rd,2014-03-23 00:00:00,9
T7708,12885,W90,12697,18 Turner St,2014-05-25 00:00:00,1
T7709,14658,G10,12010,20 Prospect Rd,2014-01-26 00:00:00,1
T7710,14839,C2X,17390,76 Golden Grove Rd,2014-04-06 00:00:00,21
T7711,56694,196F,14331,14 Belair Rd,2013-10-27 00:00:00,3
T7712,49287,749G,16032,69 Beach Rd,2013-06-30 00:00:00,2
T7713,59000,M44,11237,46 Ladywood Rd,2013-12-08 00:00:00,6
T7714,14115,273,12295,20 North East Rd,2014-02-16 00:00:00,3
T7715,47565,281,12505,15A Wilpena Av,2013-10-06 00:00:00,1
T7716,36833,560,10274,59 Philip Hwy,2013-09-01 00:00:00,4
T7717,862,733,15802,46B Investigator Rd,2014-05-18 00:00:00,1
T7718,45258,157,11363,45D Military Rd,2013-07-07 00:00:00,1
T7719,48301,500,11448,34A Walkleys Rd,2013-07-28 00:00:00,1
T7720,5920,300,17110,Zone B Harbour Town,2014-06-15 00:00:00,1
T7721,45036,144,14001,18  Portrush Rd,2013-07-07 00:00:00,1
T7722,10100,208,11948,29B Sudholz Rd,2014-03-09 00:00:00,1
T7723,12872,W90,14967,29C Sturt Rd,2014-04-13 00:00:00,3
T7724,22542,747,16125,69 Liguria Cr,2014-04-27 00:00:00,1
T7725,15672,G10,16281,X1 King William St,2014-03-02 00:00:00,4
T7726,7791,503,11801,34C Valiant Rd,2014-05-25 00:00:00,8
T7727,57885,C1,10232,Zone C Elizabeth Interchange,2013-11-03 00:00:00,7
T7728,62702,232,12545,13 Harrison Rd,2014-01-12 00:00:00,1
T7729,27495,224F,10796,36 Salisbury Hwy,2014-06-15 00:00:00,4
T7730,6978,230,17921,36 Grand Junction Rd,2014-05-11 00:00:00,1
T7731,65520,721F,14630,20 South Rd,2014-02-16 00:00:00,1
T7732,11762,H33,16447,16 Henley Beach Rd,2014-05-25 00:00:00,1
T7733,33925,117,12438,32 Tapleys Hill Rd,2013-10-27 00:00:00,1
T7734,30977,839,17518,70/78 Wellington Rd,2013-08-18 00:00:00,7
T7735,28128,265,16289,E1 King William St,2013-08-11 00:00:00,7
T7736,27120,203,12322,17 Hampstead Rd,2013-09-22 00:00:00,1
T7737,10871,H30,18492,Zone C West Lakes Interchange,2014-02-02 00:00:00,1
T7738,20368,646,14963,Zone B Marion Interchange,2014-02-09 00:00:00,2
T7739,13069,190,14254,12 Belair Rd,2014-06-22 00:00:00,1
T7740,678,401,10447,52 Waterloo Corner Rd,2014-03-16 00:00:00,1
T7741,64758,720H,14776,23 South Rd,2014-04-27 00:00:00,1
T7742,14669,G10,13890,5 Goodwood Rd,2014-05-25 00:00:00,1
T7743,10336,H20,13670,8F  Marion Rd,2014-03-30 00:00:00,1
T7744,2350,559,11613,41 Lower North East Rd,2013-12-01 00:00:00,1
T7745,19634,864,13354,D1 Currie St,2014-04-27 00:00:00,4
T7746,9260,B10,13352,V1 Currie St,2014-03-30 00:00:00,14
T7747,44842,118,12242,33A Tapleys Hill Rd,2013-12-22 00:00:00,2
T7748,17123,262,14041,10 Anzac Hwy,2013-12-01 00:00:00,2
T7749,50661,H31,16409,2 Henley Beach Rd,2013-10-06 00:00:00,1
T7750,10315,H20,12650,22B St Bernards Rd,2014-03-23 00:00:00,6
T7751,59076,M44,11399,42A Smart Rd,2013-09-08 00:00:00,6
T7752,5917,300,13596,23C Seaview Rd,2014-05-25 00:00:00,2
T7753,200,722F,16049,Zone F Noarlunga Centre Interc,2014-07-06 00:00:00,4
T7754,15530,G10C,12135,18 Prospect Rd,2014-06-15 00:00:00,10
T7755,459,400,10514,Zone F Salisbury Interchange,2014-01-05 00:00:00,10
T7756,50645,H30S,16355,29B Seaview Rd,2013-10-13 00:00:00,3
T7757,9744,B10,13110,19 Magill Rd,2014-04-27 00:00:00,1
T7758,28071,248F,14613,24B Morphett Rd,2013-09-29 00:00:00,1
T7759,50734,H31,13201,27A North St,2013-09-15 00:00:00,1
T7760,58574,G10B,11672,24 Prospect Rd,2013-12-15 00:00:00,3
T7761,58955,M44,13452,D2 Grote St,2013-12-22 00:00:00,2
T7762,5926,300,13015,10  Portrush Rd,2014-06-15 00:00:00,5
T7763,48986,733,15449,35B Bluehills Rd,2013-10-20 00:00:00,2
T7764,27704,228F,10264,59 Midway Rd,2013-09-01 00:00:00,1
T7765,47926,288,16300,30A Trimmer Pde,2013-08-18 00:00:00,1
T7766,27162,203F,11231,47A Nelson Rd,2014-01-19 00:00:00,3
T7767,57211,548,10564,76 Golden Grove Rd,2013-08-04 00:00:00,1
T7768,29613,720H,15400,46A Aroona Rd,2013-08-25 00:00:00,1
T7769,17772,840X,17889,Zone A Dutton Rd,2014-03-30 00:00:00,110
T7770,12750,168,13353,V2 Currie St,2014-03-30 00:00:00,20
T7771,53491,506,11605,35 Wandana Av,2013-12-15 00:00:00,2
T7772,13142,254X,11722,33 Grand Junction Rd,2014-05-11 00:00:00,1
T7773,50486,H30,18492,Zone C West Lakes Interchange,2013-10-27 00:00:00,3
T7774,42067,N3,15938,63A Peregrine Cr,2013-08-18 00:00:00,8
T7775,62870,749,16024,67 Beach Rd,2014-01-12 00:00:00,1
T7776,10985,141,13605,20 Hallett Rd,2014-05-04 00:00:00,1
T7777,36307,411,10552,45D Burton Rd,2013-10-27 00:00:00,1
T7778,64884,B10,13352,V1 Currie St,2014-01-05 00:00:00,2
T7779,50074,H20,16365,17B The Parade,2013-10-06 00:00:00,3
T7780,45789,171,14367,18 Welbourne St,2013-10-20 00:00:00,2
T7781,58989,M44,14351,15 Marion Rd,2013-07-21 00:00:00,5
T7782,10849,H24,16365,17B The Parade,2014-01-26 00:00:00,6
T7783,50651,H31,13178,7 Magill Rd,2013-08-11 00:00:00,5
T7784,28630,442,10216,67 Shillabeer Rd,2013-09-08 00:00:00,1
T7785,44977,142,13679,19 Glynburn Rd,2013-07-14 00:00:00,1
T7786,52452,157,11883,35B Military Rd,2013-12-15 00:00:00,2
T7787,826,725,15725,48 The Strand,2014-01-05 00:00:00,1
T7788,51614,W90,14819,27 Bradley Gr,2013-09-29 00:00:00,1
T7789,58490,G10,13846,4 Goodwood Rd,2013-12-29 00:00:00,4
T7790,13294,172,13279,R1 North Tce,2014-05-25 00:00:00,1
T7791,46858,200,14188,13 Sussex Tce,2013-07-28 00:00:00,5
T7792,18158,239,12035,18 Churchill Rd,2014-05-04 00:00:00,1
T7793,6918,502,11802,28 Sudholz Rd,2014-03-16 00:00:00,6
T7794,6634,174,13343,E3 Currie St,2014-03-16 00:00:00,2
T7795,46318,178,12384,32 Maryvale Rd,2013-10-27 00:00:00,1
T7796,10649,141,13330,G3 Grenfell St,2014-05-11 00:00:00,24
T7797,30903,835,14528,57 Onkaparinga Valley Rd,2014-01-12 00:00:00,1
T7798,13705,172,13823,4 Duthy St,2014-05-18 00:00:00,5
T7799,51612,W90,18491,V Currie Street,2013-09-08 00:00:00,19
T7800,29566,720,16286,D2 King William St,2013-08-11 00:00:00,15
T7801,1828,557,11787,35 Lower North East Rd,2013-08-25 00:00:00,6
T7802,44763,117,12670,24 Trimmer Pde,2013-12-08 00:00:00,3
T7803,17373,502,11524,33A Walkleys Rd,2013-11-03 00:00:00,1
T7804,6946,502,10807,43C Bridge Rd,2014-05-25 00:00:00,1
T7805,479,400,10392,55A Deane St,2013-08-11 00:00:00,1
T7806,13932,147,13294,D North Tce,2014-02-23 00:00:00,5
T7807,30160,725,15722,48 The Strand,2013-11-10 00:00:00,1
T7808,10790,H22,16395,8 The Parade,2014-05-11 00:00:00,7
T7809,63787,230,12487,16 Pym St,2013-12-29 00:00:00,1
T7810,56978,300,14281,13 Belair Rd,2013-11-17 00:00:00,1
T7811,36905,565,16645,34B UNI SA Mawson Lakes,2013-07-28 00:00:00,2
T7812,13761,174,12760,13A Payneham Rd,2014-04-13 00:00:00,1
T7813,36372,411,10467,45A Burton Rd,2013-09-29 00:00:00,4
T7814,65483,747,16093,69A Murray Rd,2013-12-29 00:00:00,2
T7815,19801,361,11587,Zone C Port Adelaide Interchan,2014-04-27 00:00:00,1
T7816,46360,178,12639,19 Montacute Rd,2013-09-15 00:00:00,5
T7817,17414,838H,17888,Zone B Dutton Rd,2014-06-08 00:00:00,21
T7818,11082,239,11939,20 Churchill Rd,2014-06-01 00:00:00,1
T7819,58735,G20,15275,34 Flagstaff Rd,2014-01-05 00:00:00,6
T7820,10229,140,13288,145 Portrush Rd,2014-06-01 00:00:00,2
T7821,1340,190,14260,12 Belair Rd,2013-12-29 00:00:00,1
T7822,27434,224,12171,18 Main North Rd,2013-09-08 00:00:00,2
T7823,8835,556,11701,36A Valley Rd,2013-08-25 00:00:00,1
T7824,5762,H30,13360,W1 Currie St,2014-05-18 00:00:00,8
T7825,27603,225F,16281,X1 King William St,2013-08-18 00:00:00,24
T7826,14241,177,13277,I2 North Tce,2014-04-13 00:00:00,8
T7827,28420,404,17510,41P Kings Rd,2013-11-10 00:00:00,3
T7828,18027,506,12113,Zone B Paradise Interchange,2013-12-29 00:00:00,1
T7829,11556,248,14714,27A Diagonal Rd,2014-02-23 00:00:00,2
T7830,18068,506,12097,Zone F Paradise Interchange,2013-10-20 00:00:00,24
T7831,48464,502X,10902,43 Bridge Rd,2013-10-13 00:00:00,1
T7832,44913,141,13377,15 Kensington Rd,2014-01-05 00:00:00,1
T7833,63638,190,13441,G1 Wakefield St,2014-01-19 00:00:00,1
T7834,65027,720,14998,35 Sturt Rd,2013-12-08 00:00:00,2
T7835,27153,203F,11360,38 Winara Dr,2013-09-29 00:00:00,2
T7836,25816,101,13924,9B  Marion Rd,2013-07-28 00:00:00,1
T7837,11177,147,13672,5B Greenhill Rd,2014-03-09 00:00:00,2
T7838,17652,502,12097,Zone F Paradise Interchange,2013-07-07 00:00:00,9
T7839,10979,141,13379,14 Kensington Rd,2014-05-04 00:00:00,1
T7840,18674,254,12451,20 Torrens Rd,2014-06-01 00:00:00,3
T7841,1156,734,15548,56 Young St,2014-05-11 00:00:00,1
T7842,58976,M44,17526,T2 North Tce,2013-09-15 00:00:00,1
T7843,36374,411,17272,68 Burton Rd,2013-07-14 00:00:00,1
T7844,17576,502,10640,45C Buckingham Dr,2013-12-01 00:00:00,1
T7845,34641,150,11394,45 Fletcher Rd,2013-12-01 00:00:00,3
T7846,45210,150,13162,3 Port Rd,2013-11-24 00:00:00,1
T7847,50531,H30,13257,1 Botanic Rd,2013-06-30 00:00:00,3
T7848,56821,230,12765,9 Torrens Rd,2013-09-29 00:00:00,2
T7849,31308,864F,14683,24 Crafers Ramp,2013-12-01 00:00:00,44
T7850,9705,B10,13199,3 North Tce,2014-02-23 00:00:00,3
T7851,50575,H30,12911,19 Arthur St,2013-08-04 00:00:00,1
T7852,62726,232,13261,Z3 King William St,2013-12-01 00:00:00,13
T7853,19784,320,15503,Zone C Aberfoyle Hub Centre In,2014-02-02 00:00:00,1
T7854,18973,254,16279,X2 King William St,2014-02-09 00:00:00,7
T7855,16454,M44T,13351,D2 Currie St,2014-04-06 00:00:00,2
T7856,27506,224F,12405,15 Main North Rd,2014-05-18 00:00:00,1
T7857,30380,734,15448,53C Adams Rd,2013-10-13 00:00:00,3
T7858,14999,G10,13738,1 Goodwood Rd,2014-03-09 00:00:00,7
T7859,13382,117,11833,36A Bartley Tce,2014-05-11 00:00:00,2
T7860,29012,542X,11039,54 Elizabeth St,2013-06-30 00:00:00,3
T7861,50447,H30,16404,27 Seaview Rd,2013-11-17 00:00:00,3
T7862,65004,720,16286,D2 King William St,2014-03-30 00:00:00,23
T7863,22587,750,17665,113 Quinliven Rd,2014-03-02 00:00:00,1
T7864,20425,541,11346,47 Hancock Rd,2014-04-20 00:00:00,1
T7865,28366,300,13596,23C Seaview Rd,2013-06-30 00:00:00,1
T7866,4445,271,11514,40 Reservoir Rd,2013-07-07 00:00:00,1
T7867,27672,228,13003,4 O Connell St,2013-07-14 00:00:00,1
T7868,27182,204,13721,1 King William Rd,2013-07-28 00:00:00,2
T7869,11550,248,14927,29E Diagonal Rd,2014-06-08 00:00:00,1
T7870,27323,222,12590,12 Main North Rd,2014-01-26 00:00:00,3
T7871,16372,M44,13990,8 Anzac Hwy,2014-04-13 00:00:00,1
T7872,48392,501,13339,F2 Grenfell St,2013-06-30 00:00:00,1
T7873,51542,W90,12587,22 Langman Gr,2013-08-18 00:00:00,11
T7874,11471,241,13274,A2 King William Rd,2014-04-20 00:00:00,5
T7875,45609,170,13283,S1 North Tce,2013-07-14 00:00:00,1
T7876,11236,H30,16439,26 Seaview Rd,2014-04-20 00:00:00,2
T7877,10759,144,13303,B2 North Tce,2014-03-16 00:00:00,3
T7878,5900,300,16439,26 Seaview Rd,2014-05-11 00:00:00,2
T7879,5901,300,13288,145 Portrush Rd,2014-06-15 00:00:00,2
T7880,58885,M44,14432,17 Marion Rd,2013-10-20 00:00:00,1
T7881,63439,287,13102,25 Valetta Rd,2014-01-05 00:00:00,1
T7882,27403,222,11236,33 Main North Rd,2014-03-23 00:00:00,1
T7883,59701,886,15377,63 Adelaide Rd,2013-09-22 00:00:00,2
T7884,13463,230,16279,X2 King William St,2014-06-01 00:00:00,1
T7885,25441,415,10507,54 Fenden Rd,2014-06-29 00:00:00,1
T7886,58452,G10,13038,3 O Connell St,2014-01-05 00:00:00,2
T7887,58376,G10,16281,X1 King William St,2013-08-25 00:00:00,100
T7888,29517,719,13457,W2 Grote St,2013-11-24 00:00:00,8
T7889,14253,178,12011,38 Coulls Rd,2014-06-22 00:00:00,14
T7890,56546,190,14254,12 Belair Rd,2013-11-24 00:00:00,5
T7891,462,400,10293,64 Diment Rd,2014-05-18 00:00:00,5
T7892,30901,835,14791,52 Onkaparinga Valley Rd,2013-11-17 00:00:00,1
T7893,10866,H30,13178,7 Magill Rd,2014-06-29 00:00:00,6
T7894,28545,441,17303,77B California Av,2014-07-06 00:00:00,1
T7895,203,722F,15950,54 States Rd,2014-05-25 00:00:00,1
T7896,17296,263,14305,20 Anzac Hwy,2014-01-05 00:00:00,1
T7897,49687,B10,13354,D1 Currie St,2013-11-10 00:00:00,1
T7898,6056,190,14406,17 Bray St,2014-06-22 00:00:00,1
T7899,48980,733,15715,43B Sir James Hardy Wy,2013-08-11 00:00:00,1
T7900,27466,224,13091,2 King William Rd,2014-04-27 00:00:00,1
T7901,51628,W90,13812,4 Leader St,2013-11-10 00:00:00,3
T7902,27684,228,13049,3 O'Connell St,2014-03-23 00:00:00,1
T7903,46431,178,13300,Y2 King William St,2013-08-04 00:00:00,7
T7904,27458,224,12465,14 Main North Rd,2013-12-15 00:00:00,1
T7905,8726,200B,14030,9 Victoria Av,2014-05-18 00:00:00,2
T7906,39009,411,17860,34P Elder Smith Rd,2013-08-18 00:00:00,1
T7907,53371,452,10231,Zone B Elizabeth Interchange,2013-08-11 00:00:00,3
T7908,9266,B10,13000,27 Grange Rd,2014-03-09 00:00:00,1
T7909,57018,300,14982,31 Sturt Rd,2013-07-14 00:00:00,2
T7910,58323,G10,14433,15 Goodwood Rd,2013-12-01 00:00:00,1
T7911,6602,230,12660,11 Harrison Rd,2014-04-13 00:00:00,12
T7912,46074,174,12842,11 Payneham Rd,2013-12-08 00:00:00,1
T7913,11503,241,17565,24 Oaklands Rd,2014-06-01 00:00:00,1
T7914,11158,147,13574,10 Stirling St,2014-03-23 00:00:00,6
T7915,27874,241,13782,3 Everard Av,2013-10-27 00:00:00,4
T7916,27179,204,12551,14 Galway Av,2013-12-15 00:00:00,14
T7917,6751,W91,13341,T3 Grenfell St,2014-03-23 00:00:00,1
T7918,56493,190,14386,15A Raglan Av,2013-10-06 00:00:00,3
T7919,14657,G10,12658,10 Prospect Rd,2014-03-09 00:00:00,4
T7920,261,400,10239,64 Kinkaid Rd,2013-10-13 00:00:00,2
T7921,7507,286,13088,17 Hartley Rd,2014-05-25 00:00:00,6
T7922,37039,681,15419,47B Barramundi Dr,2013-11-17 00:00:00,1
T7923,18069,506,11809,30 North East Rd,2014-01-12 00:00:00,4
T7924,46061,174,12945,9 Payneham Rd,2013-12-15 00:00:00,10
T7925,32853,208,16279,X2 King William St,2013-11-17 00:00:00,50
T7926,45202,150,12389,23 Port Rd,2013-08-25 00:00:00,3
T7927,22389,751,17072,97 Main Rd,2014-05-11 00:00:00,1
T7928,51605,W90,13199,3 North Tce,2013-07-07 00:00:00,1
T7929,13112,254,13465,B1 Grote St,2014-07-06 00:00:00,1
T7930,7442,281,12096,Zone I Paradise Interchange,2014-02-16 00:00:00,4
T7931,29573,720,13752,3A South Rd,2013-09-22 00:00:00,2
T7932,49716,B10X,13033,10 South Rd,2013-11-10 00:00:00,4
T7933,45498,168,13724,3 Richmond Rd,2013-08-18 00:00:00,4
T7934,11321,H30S,16358,29 Seaview Rd,2014-05-04 00:00:00,3
T7935,58707,G20,13756,2 Goodwood Rd,2013-09-01 00:00:00,5
T7936,9971,541X,13365,C1 Currie St,2013-11-17 00:00:00,1
T7937,27704,228F,10999,37 Main North Rd,2013-07-07 00:00:00,1
T7938,585,725,18610,Temp Christopher Rd,2013-12-29 00:00:00,4
T7939,99,451,18133,78E Davoren Rd,2014-04-06 00:00:00,5
T7940,58684,G20,15505,Zone A Aberfoyle Hub Centre In,2013-12-29 00:00:00,4
T7941,63954,737,15628,48 Chandlers Hill Rd,2014-04-27 00:00:00,1
T7942,63527,721,16022,64A Alexander Kelly Dr,2014-01-12 00:00:00,1
T7943,50542,H30,13057,9  Portrush Rd,2013-12-15 00:00:00,1
T7944,53105,273,13354,D1 Currie St,2013-10-06 00:00:00,4
T7945,44802,118,12940,17  Grange Rd,2013-06-30 00:00:00,2
T7946,45933,172,13292,U1 North Tce,2013-10-06 00:00:00,1
T7947,32509,N864,13506,I1 Pulteney St,2014-01-26 00:00:00,1
T7948,16275,203,11352,Zone G Tea Tree Plaza Intercha,2013-11-24 00:00:00,35
T7949,50312,H22,16433,2 Bartels Rd,2013-12-08 00:00:00,2
T7950,53166,400,10307,63A Diment Rd,2013-12-01 00:00:00,1
T7951,1405,190,13636,O1 Unley Rd,2013-12-01 00:00:00,3
T7952,34016,118,12747,23  Findon Rd,2014-01-19 00:00:00,2
T7953,846,733,15562,38C Tripoli Rd,2014-05-18 00:00:00,1
T7954,14231,177,12778,13  Payneham Rd,2014-05-11 00:00:00,16
T7955,14098,271,12145,22 North East Rd,2014-02-02 00:00:00,3
T7956,49664,B10,13008,28 Grange Rd,2013-07-21 00:00:00,1
T7957,6726,178,12778,13  Payneham Rd,2014-04-27 00:00:00,1
T7958,50338,H22C,16402,5 The Parade,2013-10-20 00:00:00,1
T7959,18330,864F,13506,I1 Pulteney St,2014-04-13 00:00:00,1
T7960,12932,W91,14265,15 Winston Av,2014-05-11 00:00:00,5
T7961,32849,208,12647,12 North East Rd,2014-01-05 00:00:00,2
T7962,13814,174,13214,2 North Tce,2014-06-15 00:00:00,3
T7963,8733,200B,14273,15 Sussex Tce,2014-06-08 00:00:00,1
T7964,31262,864,13354,D1 Currie St,2013-12-29 00:00:00,2
T7965,6447,500,10613,47B Park Tce,2014-06-22 00:00:00,4
T7966,9769,B10,13243,3 George St,2014-05-18 00:00:00,1
T7967,8500,556,12022,29 Lower North East Rd,2013-11-10 00:00:00,1
T7968,27745,228F,10242,63 Kinkaid Rd,2013-12-22 00:00:00,1
T7969,36416,411,10550,45D Burton Rd,2013-12-22 00:00:00,1
T7970,18825,545,11399,42A Smart Rd,2014-03-23 00:00:00,1
T7971,17827,265,17113,23 Moseley St,2013-08-11 00:00:00,4
T7972,12275,J1,13330,G3 Grenfell St,2014-04-06 00:00:00,1
T7973,6284,J1A,13353,V2 Currie St,2014-04-20 00:00:00,2
T7974,56541,190,13472,G1 Pulteney St,2013-10-13 00:00:00,17
T7975,10842,H22L,16402,5 The Parade,2014-03-16 00:00:00,7
T7976,28658,442,18403,88 Main Tce,2014-05-11 00:00:00,2
T7977,7353,502,10808,43C Bridge Rd,2014-05-18 00:00:00,1
T7978,28420,404,10652,40 Lobelia Dr,2014-06-08 00:00:00,4
T7979,49560,B10,13287,B1 Pulteney St,2013-09-01 00:00:00,11
T7980,10052,208,13001,4 Melbourne St,2014-04-06 00:00:00,2
T7981,16879,254X,12213,Zone D Arndale Interchange,2013-09-15 00:00:00,64
T7982,58715,G20,15013,27 Main South Rd,2013-09-22 00:00:00,2
T7983,7062,232,12050,30 Torrens Rd,2014-06-01 00:00:00,1
T7984,17376,502,10570,48 Park Tce,2013-11-03 00:00:00,1
T7985,36861,560P,10721,44B Bridge Rd,2013-11-17 00:00:00,1
T7986,13752,174,12464,20A Lower North East Rd,2014-04-06 00:00:00,2
T7987,45198,150,13536,Q1 Hutt St,2014-01-19 00:00:00,4
T7988,28158,273,11933,28 North East Rd,2013-09-01 00:00:00,1
T7989,28606,441,10166,74 Campbell Rd,2014-02-16 00:00:00,1
T7990,6099,190,13894,5 Unley Rd,2014-07-06 00:00:00,1
T7991,5458,157,12653,15 Port Rd,2013-08-25 00:00:00,1
T7992,27161,203F,11093,58 Milne Rd,2013-10-20 00:00:00,2
T7993,50435,H30,12851,26 Morialta Rd,2013-07-21 00:00:00,4
T7994,44724,100,13586,8D  Marion Rd,2013-11-10 00:00:00,3
T7995,45085,147,13795,18 Devereux Rd,2013-11-10 00:00:00,10
T7996,8575,B10,13312,X1 Pulteney St,2014-06-29 00:00:00,2
T7997,56765,230,16291,U1 Victoria Sq,2013-09-08 00:00:00,3
T7998,13246,171,14300,22 Princes Rd,2014-04-20 00:00:00,8
T7999,50539,H30,16461,12 Henley Beach Rd,2013-08-25 00:00:00,5
T8000,56853,232,12487,16 Pym St,2013-10-20 00:00:00,1
T8001,7537,286,13182,13  Holbrooks Rd,2014-04-27 00:00:00,1
T8002,17569,502,10649,46B Smith St,2013-12-22 00:00:00,1
T8003,45175,150,12546,18 Port Rd,2013-10-20 00:00:00,2
T8004,12070,251,13459,B2 Grote St,2014-04-13 00:00:00,2
T8005,14672,G10,13455,W1 Grote St,2014-04-20 00:00:00,6
T8006,29010,542X,11201,48 North East Rd,2013-09-01 00:00:00,5
T8007,57987,C1,13328,H1 Grenfell St,2013-09-29 00:00:00,1
T8008,14481,B10,12959,21 Grange Rd,2014-07-06 00:00:00,1
T8009,20189,506,12097,Zone F Paradise Interchange,2014-03-30 00:00:00,5
T8010,3611,451,18122,74B East Parkway,2014-02-23 00:00:00,4
T8011,44845,118,12065,33C Tapleys Hill Rd,2013-10-27 00:00:00,2
T8012,30443,734,15848,58 Baden Tce,2013-10-27 00:00:00,1
T8013,56939,232,12191,26 Torrens Rd,2013-08-18 00:00:00,2
T8014,481,400,10514,Zone F Salisbury Interchange,2014-06-01 00:00:00,5
T8015,45035,144,13519,3 Grant Av,2013-11-17 00:00:00,7
T8016,6451,500,13277,I2 North Tce,2014-04-06 00:00:00,40
T8017,51004,J1,13393,4 South Rd,2013-09-08 00:00:00,2
T8018,49236,749,16032,69 Beach Rd,2013-08-25 00:00:00,5
T8019,8400,288,13081,15 Hartley Rd,2014-03-30 00:00:00,1
T8020,132,452,10231,Zone B Elizabeth Interchange,2013-08-18 00:00:00,6
T8021,5710,117,17484,36 Bartley Tce,2014-02-16 00:00:00,1
T8022,36515,440,10228,Zone A Elizabeth Interchange,2013-09-15 00:00:00,6
T8023,57045,300,14437,16 Belair Rd,2013-11-24 00:00:00,1
T8024,46087,174,13051,7 Payneham Rd,2013-11-24 00:00:00,4
T8025,63074,754,17027,129 The Esplanade,2013-12-29 00:00:00,1
T8026,56655,195F,14905,33 Rosella Av,2013-09-01 00:00:00,1
T8027,6442,361,11754,36A Grand Junction Rd,2014-06-01 00:00:00,1
T8028,65031,720,18486,W Grote St,2014-05-18 00:00:00,21
T8029,34225,142,13384,V1 Dequetteville Tce,2013-10-27 00:00:00,1
T8030,8998,503,11583,35B Grand Junction Rd,2013-07-21 00:00:00,1
T8031,10039,204,16580,2 Sir Edwin Smith Av,2014-06-08 00:00:00,3
T8032,590,273,11886,29 North East Rd,2014-01-12 00:00:00,1
T8033,10838,H22L,13360,W1 Currie St,2014-03-23 00:00:00,26
T8034,2537,208,17191,26A  Navigator Dr,2013-08-25 00:00:00,1
T8035,10816,H22,13325,I1 Grenfell St,2014-02-09 00:00:00,5
T8036,63372,232,12163,27 Torrens Rd,2013-12-15 00:00:00,2
T8037,12296,J1,13364,W3 Currie St,2014-03-02 00:00:00,26
T8038,17904,541X,10865,59 Hancock Rd,2014-03-16 00:00:00,1
T8039,56796,230,11744,34A Grand Junction Rd,2013-11-10 00:00:00,2
T8040,36387,411,10550,45D Burton Rd,2013-11-17 00:00:00,6
T8041,27341,222,12590,12 Main North Rd,2014-06-22 00:00:00,3
T8042,51132,J2,17109,14C Harbour Town,2013-12-15 00:00:00,2
T8043,58764,G21,13554,X1 Sturt St,2013-11-24 00:00:00,1
T8044,315,452,18168,79E Newton Bvd,2014-05-18 00:00:00,3
T8045,16240,M44,13365,C1 Currie St,2014-04-20 00:00:00,2
T8046,50401,H30,16467,22 Henley Beach Rd,2013-11-03 00:00:00,1
T8047,7042,232,11708,37 Commercial Rd,2014-03-09 00:00:00,3
T8048,5881,300,13022,29 Grange Rd,2014-04-20 00:00:00,1
T8049,59002,M44,11142,49 Ladywood Rd,2013-11-10 00:00:00,1
T8050,45514,168,13343,E3 Currie St,2013-10-06 00:00:00,1
T8051,27924,241,14571,19A West St,2013-07-14 00:00:00,1
T8052,7048,232,12244,Zone C Arndale Interchange,2014-03-16 00:00:00,15
T8053,36305,411,10737,36B Oleander Dr,2013-09-08 00:00:00,1
T8054,6020,179,12879,10 Payneham Rd,2014-03-09 00:00:00,2
T8055,10342,H20,13499,8C  Marion Rd,2014-02-16 00:00:00,2
T8056,48763,720H,17969,Zone A Hallett Cove Shopping C,2013-06-30 00:00:00,2
T8057,11157,147,13580,12 Northumberland St,2014-05-11 00:00:00,1
T8058,45337,167,13931,9B  Marion Rd,2013-12-01 00:00:00,1
T8059,46394,178,12637,20 Montacute Rd,2013-09-01 00:00:00,5
T8060,21254,G22,15505,Zone A Aberfoyle Hub Centre In,2014-03-16 00:00:00,10
T8061,13982,287,13099,25 Valetta Rd,2014-06-01 00:00:00,2
T8062,6108,190,14224,11 Belair Rd,2014-06-29 00:00:00,2
T8063,12180,237,11890,21 Churchill Rd,2013-07-21 00:00:00,4
T8064,46369,178,12566,29 Montacute Rd,2013-10-06 00:00:00,1
T8065,52970,254,11810,29A Hanson Rd,2013-08-25 00:00:00,3
T8066,45944,172,13279,R1 North Tce,2013-12-22 00:00:00,2
T8067,30043,722F,13901,5 Anzac Hwy,2013-07-21 00:00:00,1
T8068,63003,H33,16453,18 Henley Beach Rd,2014-01-12 00:00:00,1
T8069,12193,235,11890,21 Churchill Rd,2013-07-21 00:00:00,5
T8070,63885,733,15759,46 Investigator Dr,2014-06-01 00:00:00,2
T8071,13256,171,13479,H1 Hutt St,2014-06-01 00:00:00,1
T8072,13768,174,13366,W4 Currie St,2014-02-02 00:00:00,1
T8073,10204,118,12683,26 Trimmer Pde,2014-02-09 00:00:00,1
T8074,18384,542X,11081,53 Elizabeth St,2014-05-04 00:00:00,32
T8075,98,451,10231,Zone B Elizabeth Interchange,2014-06-22 00:00:00,3
T8076,4811,H20,16363,18 The Parade,2013-12-22 00:00:00,2
T8077,256,400,10397,55A Deane St,2013-10-27 00:00:00,3
T8078,59133,M44T,13277,I2 North Tce,2013-08-18 00:00:00,5
T8079,27957,245,14242,15 South Tce,2013-07-21 00:00:00,1
T8080,51549,W90,12270,30 Victor Rd,2013-06-30 00:00:00,1
T8081,30729,749,16983,108 Port Rd,2013-09-22 00:00:00,1
T8082,19391,271,12561,14 North East Rd,2014-03-30 00:00:00,1
T8083,9857,H30C,16420,7 Henley Beach Rd,2014-03-23 00:00:00,2
T8084,28974,541X,11388,43C Smart Rd,2013-12-01 00:00:00,2
T8085,10294,H20,13499,8C  Marion Rd,2014-06-15 00:00:00,6
T8086,53320,451,18125,74C President Ave,2014-06-15 00:00:00,1
T8087,57029,300,14894,25A Main South Rd,2013-10-20 00:00:00,2
T8088,50486,H30,12981,12 Coorara Av,2014-01-12 00:00:00,1
T8089,9497,202F,11506,31 Briens Rd,2014-04-13 00:00:00,5
T8090,59047,M44,13280,R2 North Tce,2013-10-20 00:00:00,11
T8091,47826,287,13298,W2 North Tce,2013-09-08 00:00:00,3
T8092,8843,506,11132,49 Nelson Rd,2014-04-20 00:00:00,1
T8093,27322,222,11283,32 Main North Rd,2013-10-06 00:00:00,2
T8094,36812,560,17263,55A Philip Hwy,2013-09-01 00:00:00,1
T8095,49617,B10,13343,E3 Currie St,2013-07-28 00:00:00,4
T8096,5674,100P,12839,21  Crittenden Rd,2014-06-22 00:00:00,9
T8097,16674,252,11715,32 Grand Junction Rd,2013-08-18 00:00:00,1
T8098,5743,H30,16455,14 Henley Beach Rd,2014-03-02 00:00:00,1
T8099,48289,500,10678,46A Smith Rd,2013-08-04 00:00:00,1
T8100,50356,H22L,13337,T2 Grenfell St,2013-12-29 00:00:00,4
T8101,48142,333B,11581,42D Hart St,2013-10-20 00:00:00,1
T8102,6005,178S,12609,24 Montacute Rd,2014-06-01 00:00:00,1
T8103,6731,178,12106,Zone E Paradise Interchange,2014-04-27 00:00:00,2
T8104,36797,560,10237,64B Playford Bvd,2013-11-24 00:00:00,1
T8105,58372,G10,12010,20 Prospect Rd,2013-07-14 00:00:00,2
T8106,2526,208,12424,16 Galway Av,2014-01-19 00:00:00,2
T8107,4830,208,11995,25 Fosters Rd,2014-02-23 00:00:00,1
T8108,29050,546,13326,H2 Grenfell St,2013-07-21 00:00:00,19
T8109,19164,861,13561,K1 Pulteney St,2014-06-01 00:00:00,1
T8110,59042,M44,14471,18 Marion Rd,2013-09-29 00:00:00,5
T8111,53170,400,10390,57A Parallel Av,2013-10-13 00:00:00,1
T8112,46520,178S,12654,17 Payneham Rd,2014-01-12 00:00:00,2
T8113,58590,G10B,12564,12 Prospect Rd,2013-11-24 00:00:00,3
T8114,13205,262,14473,25 Brighton Rd,2014-04-27 00:00:00,3
T8115,9829,H30,16417,5 Henley Beach Rd,2014-01-26 00:00:00,2
T8116,50620,H30S,16444,25 Henley Beach Rd,2013-09-29 00:00:00,1
T8117,12406,239,12089,17 Churchill Rd,2013-10-20 00:00:00,3
T8118,20787,C1,13365,C1 Currie St,2014-03-02 00:00:00,30
T8119,50134,H20,12819,21C St Bernards Rd,2013-07-28 00:00:00,1
T8120,16659,252,11960,26 Trafford St,2013-12-29 00:00:00,2
T8121,44885,141,13416,4 Kensington Rd,2013-10-20 00:00:00,2
T8122,44899,141,13395,10 Kensington Rd,2013-10-06 00:00:00,13
T8123,27874,241,14415,15 Towers Tce,2013-09-22 00:00:00,12
T8124,10476,J2,17327,10 Airport Rd,2014-06-29 00:00:00,4
T8125,51683,W91,13345,E2 Currie St,2013-09-29 00:00:00,3
T8126,10011,203F,11449,33 Bridge Rd,2014-05-18 00:00:00,1
T8127,10196,118,12923,14 Grange Rd,2014-04-20 00:00:00,1
T8128,16905,254X,11655,38 Commercial Rd,2013-12-22 00:00:00,3
T8129,45124,147,13479,H1 Hutt St,2013-10-13 00:00:00,3
T8130,30548,740,17203,85 The Parade,2013-07-07 00:00:00,1
T8131,8928,506,11075,60 Kelly Rd,2014-06-15 00:00:00,1
T8132,27985,248,17879,29 Morphett Rd,2013-10-27 00:00:00,3
T8133,46511,178S,13361,W2 King William St,2013-09-29 00:00:00,1
T8134,11702,155,12774,12 Port Rd,2014-04-13 00:00:00,1
T8135,50636,H30S,13343,E3 Currie St,2013-11-03 00:00:00,23
T8136,58305,G10,12633,11 Prospect Rd,2013-07-14 00:00:00,3
T8137,46182,174,12603,18 / 18C Lower North East Rd,2013-07-21 00:00:00,2
T8138,51709,W91,18491,V Currie Street,2013-07-07 00:00:00,7
T8139,58448,G10,12441,14 Prospect Rd,2013-08-04 00:00:00,2
T8140,46455,178,12717,15 Payneham Rd,2013-06-30 00:00:00,1
T8141,58415,G10,12378,15 Prospect Rd,2013-09-08 00:00:00,2
T8142,11913,168,14010,13 Mooringe Av,2014-02-16 00:00:00,1
T8143,50127,H20,14292,17 Anzac Hwy,2013-09-08 00:00:00,4
T8144,14650,G10,13091,2 King William Rd,2014-04-20 00:00:00,18
T8145,13130,254,13453,D1 Grote St,2014-06-01 00:00:00,1
T8146,16643,M44X,10944,54 Ladywood Rd,2014-01-26 00:00:00,8
T8147,50236,H22,16419,6 Henley Beach Rd,2013-11-17 00:00:00,3
T8148,14850,G10,14777,23 Fiveash Dr,2014-06-29 00:00:00,2
T8149,7899,506,11265,65 Kelly Rd,2014-03-23 00:00:00,1
T8150,49560,B10,13029,21 St Bernards Rd,2013-08-04 00:00:00,2
T8151,46008,172,13283,S1 North Tce,2013-11-10 00:00:00,7
T8152,58989,M44,14635,21 Marion Rd,2013-10-13 00:00:00,5
T8153,16653,200,13917,6 King William Rd,2014-02-23 00:00:00,1
T8154,27528,224F,10740,38 Salisbury Hwy,2013-12-01 00:00:00,4
T8155,28562,441,10191,68 Yorktown Rd,2014-04-13 00:00:00,1
T8156,53720,557,11968,30 Lower North East Rd,2013-08-18 00:00:00,1
T8157,45382,167,14000,10  Marion Rd,2013-07-28 00:00:00,2
T8158,27050,202F,11778,27 Hampstead Rd,2013-12-01 00:00:00,1
T8159,27709,228F,10058,Zone A Smithfield Interchange,2014-02-02 00:00:00,9
T8160,48884,733,15920,50T Taylors Av,2013-10-13 00:00:00,4
T8161,13806,174,13159,4 Payneham Rd,2014-02-02 00:00:00,2
T8162,14976,G10,12021,20 Prospect Rd,2014-03-16 00:00:00,3
T8163,36316,411,10491,45B Burton Rd,2013-08-11 00:00:00,1
T8164,49465,B10,13172,9 Magill Rd,2013-11-17 00:00:00,2
T8165,15718,263,14079,11 Anzac Hwy,2014-01-26 00:00:00,1
T8166,58456,G10,13455,W1 Grote St,2013-08-25 00:00:00,1
T8167,17290,263,14246,14A Anzac Hwy,2013-09-01 00:00:00,2
T8168,12197,167,14058,17 St Andrews Cr,2014-06-29 00:00:00,1
T8169,23469,750,17679,123 Dover St,2014-06-29 00:00:00,1
T8170,29845,721F,14493,17 South Rd,2013-11-17 00:00:00,1
T8171,58851,M44,10987,52 Ladywood Rd,2013-10-20 00:00:00,8
T8172,22625,750A,18681,Zone A Seaford Interchange,2014-03-02 00:00:00,9
T8173,12870,W90,14072,11 East Av,2014-05-04 00:00:00,5
T8174,10198,118,12976,7 Manton St,2014-03-09 00:00:00,1
T8175,50074,H20,14082,11 Anzac Hwy,2013-10-20 00:00:00,4
T8176,45500,168,13825,8B Galway Av,2013-08-04 00:00:00,3
T8177,20759,C1,13351,D2 Currie St,2014-01-26 00:00:00,39
T8178,19115,300H,14468,25 Diagonal Rd,2014-04-20 00:00:00,2
T8179,65049,720,14970,Zone F Marion Interchange,2014-03-09 00:00:00,7
T8180,16233,M44,14569,20 Marion Rd,2014-04-20 00:00:00,4
T8181,9738,B10,13371,B1 Currie St,2014-05-18 00:00:00,8
T8182,5791,H30C,16420,7 Henley Beach Rd,2014-02-02 00:00:00,1
T8183,53173,400,10370,58A Quadrant Av,2014-01-05 00:00:00,1
T8184,27763,228F,16281,X1 King William St,2014-03-30 00:00:00,35
T8185,59189,196,15040,44 Watahuna Av,2013-11-03 00:00:00,1
T8186,47307,232,11949,32 Torrens Rd,2013-06-30 00:00:00,3
T8187,50955,J1,14302,20 Adelphi Tce,2013-09-29 00:00:00,1
T8188,9244,B10,13154,13 Magill Rd,2014-03-23 00:00:00,14
T8189,27479,224,10813,35 Salisbury Hwy,2013-10-20 00:00:00,1
T8190,267,400,10264,59 Midway Rd,2014-03-30 00:00:00,1
T8191,46201,174,12838,11 Payneham Rd,2013-11-10 00:00:00,1
T8192,17925,541X,13365,C1 Currie St,2014-03-16 00:00:00,22
T8193,7159,230,12481,14A Pym St,2014-04-27 00:00:00,1
T8194,36303,411,10472,45A Burton Rd,2013-07-07 00:00:00,1
T8195,63896,733,15958,53T Taylors Av,2014-01-19 00:00:00,1
T8196,16711,251A,11884,27 Trafford St,2013-08-25 00:00:00,1
T8197,15812,263,14974,Zone D Marion Interchange,2014-03-30 00:00:00,6
T8198,37038,681,15398,49 Barramundi Dr,2013-08-11 00:00:00,1
T8199,17949,542,10828,67 Yatala Vale Rd,2014-07-06 00:00:00,1
T8200,36795,560,10494,50 / A John St,2014-06-01 00:00:00,3
T8201,14273,178,12691,16 Payneham Rd,2014-04-06 00:00:00,5
T8202,44738,100P,13618,8E  Marion Rd,2013-09-08 00:00:00,1
T8203,16252,M44,14133,11A  Marion Rd,2014-05-25 00:00:00,3
T8204,30028,722F,16061,55B States Rd,2013-09-01 00:00:00,4
T8205,36870,565,17837,37B Henderson Av,2014-07-06 00:00:00,3
T8206,28677,442,10062,Zone B Smithfield Interchange,2013-08-18 00:00:00,4
T8207,7435,281,12220,22 Mclachlan Rd,2014-07-06 00:00:00,1
T8208,65094,722,15795,49 States Rd,2014-03-16 00:00:00,1
T8209,56859,232,12826,7A Torrens Rd,2013-09-08 00:00:00,1
T8210,27554,225,18396,Zone C Main Street,2014-03-23 00:00:00,2
T8211,9948,541,11367,Zone F Tea Tree Plaza Intercha,2013-07-07 00:00:00,2
T8212,48292,500,11800,28 Sudholz Rd,2013-12-01 00:00:00,2
T8213,44902,141,13605,20 Hallett Rd,2013-06-30 00:00:00,9
T8214,32678,T722,15577,40 Old South Rd,2013-10-06 00:00:00,16
T8215,16241,M44,13341,T3 Grenfell St,2014-06-29 00:00:00,24
T8216,31327,864F,14887,44 Mt Barker Rd,2013-11-10 00:00:00,2
T8217,30144,725,15770,50 Sherriffs Rd,2013-09-15 00:00:00,2
T8218,58748,G21,15503,Zone C Aberfoyle Hub Centre In,2013-08-18 00:00:00,2
T8219,17409,838H,15497,74 Alexandrina Rd,2014-05-25 00:00:00,3
T8220,20735,646,15230,40 Morphett Rd,2014-03-23 00:00:00,4
T8221,7352,502,10514,Zone F Salisbury Interchange,2014-06-08 00:00:00,1
T8222,49576,B10,13312,X1 Pulteney St,2013-09-29 00:00:00,3
T8223,51548,W90,14968,29D Sturt Rd,2013-12-15 00:00:00,1
T8224,36405,411,10393,67 Burton Rd,2013-08-25 00:00:00,2
T8225,59005,M44,13465,B1 Grote St,2013-09-08 00:00:00,4
T8226,45680,171,14354,16A Maitland St,2013-12-15 00:00:00,1
T8227,27174,203F,13700,1 Anzac Hwy,2013-12-29 00:00:00,1
T8228,6424,361,11587,Zone C Port Adelaide Interchan,2014-06-29 00:00:00,1
T8229,5474,981,17169,School Brighton Rd / Elgar Rd,2014-03-09 00:00:00,90
T8230,11167,147,13585,4 Dulwich Av,2014-05-11 00:00:00,9
T8231,44782,117,12806,21  Crittenden Rd,2013-12-01 00:00:00,1
T8232,12901,W90,14889,28 Bradley Gr,2014-03-23 00:00:00,3
T8233,5626,100,12839,21  Crittenden Rd,2014-06-15 00:00:00,1
T8234,15117,G10,12021,20 Prospect Rd,2014-04-13 00:00:00,1
T8235,2166,415,10477,56A Goddard Dr,2014-01-26 00:00:00,3
T8236,5719,117,12415,33 West Lakes Bvd,2014-02-16 00:00:00,7
T8237,50445,H30,16380,28 Seaview Rd,2013-12-15 00:00:00,9
T8238,51587,W90,14597,20C Daws Rd,2013-09-29 00:00:00,1
T8239,49539,B10,13120,8 South Rd,2013-08-11 00:00:00,7
T8240,15009,G10B,11876,22 Prospect Rd,2014-03-09 00:00:00,2
T8241,449,400,10343,61A Whites Rd,2013-11-03 00:00:00,4
T8242,10442,J1A,17327,10 Airport Rd,2014-03-23 00:00:00,10
T8243,4840,743,16118,51 Honeypot Rd,2013-07-21 00:00:00,5
T8244,2100,557,11148,52 North East Rd,2013-10-06 00:00:00,1
T8245,48436,502,17189,Zone B Klemzig Interchange,2013-11-10 00:00:00,4
T8246,57043,300,14437,16 Belair Rd,2013-10-13 00:00:00,1
T8247,12667,252,11817,28 Medika Bvd,2014-06-22 00:00:00,3
T8248,50526,H30,16330,32C Sportsmans Dr,2013-08-04 00:00:00,5
T8249,32847,208,11844,26 Folland Av,2013-08-11 00:00:00,2
T8250,21008,C1,17589,61A The Grove Wy,2014-04-27 00:00:00,1
T8251,50969,J1,13393,4 South Rd,2014-01-12 00:00:00,1
T8252,2894,N4,14841,28A Morphett Rd,2013-12-29 00:00:00,1
T8253,5972,300G,15117,26D University Dr,2014-01-26 00:00:00,1
T8254,10478,J2,13306,B2 Pulteney St,2014-01-26 00:00:00,3
T8255,45091,147,13655,14 Devereux Rd,2013-09-15 00:00:00,4
T8256,11202,147,13282,G2 North Tce,2014-02-09 00:00:00,31
T8257,50034,H20,13360,W1 Currie St,2013-10-06 00:00:00,1
T8258,16605,M44,12129,Zone C Paradise Interchange,2014-03-23 00:00:00,21
T8259,47534,281,12845,8 Walkerville Tce,2013-08-25 00:00:00,3
T8260,29702,721,15895,55 Main South Rd,2013-09-08 00:00:00,2
T8261,56475,190,14383,15 Raglan Av,2013-07-28 00:00:00,2
T8262,2529,208,12096,Zone I Paradise Interchange,2013-12-22 00:00:00,2
T8263,7895,506,11412,44 Nelson Rd,2014-03-23 00:00:00,1
T8264,51531,W90,14072,11 East Av,2013-07-21 00:00:00,1
T8265,46371,178,12619,23 Montacute Rd,2013-08-04 00:00:00,2
T8266,46380,178,12615,23A Montacute Rd,2013-10-06 00:00:00,1
T8267,50579,H30,13178,7 Magill Rd,2013-09-22 00:00:00,1
T8268,49530,B10,13178,7 Magill Rd,2013-09-08 00:00:00,6
T8269,9154,376,12165,35 Corcoran Dr,2014-03-02 00:00:00,2
T8270,27463,224,11460,29 Main North Rd,2013-12-01 00:00:00,1
T8271,10795,H22,16453,18 Henley Beach Rd,2014-06-15 00:00:00,4
T8272,58592,G10B,11796,23 Prospect Rd,2013-12-08 00:00:00,1
T8273,5743,H30,16431,10 Henley Beach Rd,2014-04-13 00:00:00,1
T8274,56404,190,13766,2 Unley Rd,2013-09-08 00:00:00,2
T8275,48765,720H,14535,18 South Rd,2013-08-25 00:00:00,1
T8276,7505,286,13090,17 Hartley Rd,2014-03-30 00:00:00,6
T8277,49287,749G,17679,123 Dover St,2013-08-25 00:00:00,2
T8278,48295,500,12129,Zone C Paradise Interchange,2013-10-13 00:00:00,9
T8279,7313,502,10645,46B Smith St,2014-02-16 00:00:00,3
T8280,46525,178S,12604,25 Montacute Rd,2013-11-10 00:00:00,1
T8281,58655,G20,13274,A2 King William Rd,2013-10-27 00:00:00,1
T8282,27315,222,11355,31 Main North Rd,2014-03-02 00:00:00,4
T8283,15898,G22,15275,34 Flagstaff Rd,2014-04-13 00:00:00,15
T8284,17087,253,12125,25 Hanson Rd,2013-10-27 00:00:00,1
T8285,5908,300,13217,144 Portrush Rd,2014-02-23 00:00:00,1
T8286,50170,H21,16382,14 The Parade,2013-12-29 00:00:00,1
T8287,7893,506,16607,56 Murrell Rd,2014-03-02 00:00:00,1
T8288,15441,263,14298,18 Anzac Hwy,2014-03-02 00:00:00,1
T8289,49242,749,16190,81 Commercial Rd,2013-09-01 00:00:00,1
T8290,17479,204,18196,25C The Strand,2013-10-13 00:00:00,2
T8291,7027,232,12320,18 Days Rd,2014-02-02 00:00:00,4
T8292,27304,222,11355,31 Main North Rd,2013-10-20 00:00:00,2
T8293,11278,H30,13373,Y2 Currie St,2014-06-08 00:00:00,2
T8294,56771,230,12608,12 Harrison Rd,2013-09-08 00:00:00,6
T8295,63488,721,14345,14 South Rd,2014-02-02 00:00:00,1
T8296,28552,441,17301,77A Zurich Rd,2014-06-08 00:00:00,1
T8297,50335,H22C,16395,8 The Parade,2013-12-22 00:00:00,1
T8298,452,400,10242,63 Kinkaid Rd,2013-10-27 00:00:00,1
T8299,65342,721F,14416,15 South Rd,2014-01-26 00:00:00,1
T8300,65147,733,15826,48 Bains Rd,2014-06-22 00:00:00,1
T8301,5898,300,14605,26 Diagonal Rd,2014-02-16 00:00:00,3
T8302,1597,196F,14686,23 Main Rd,2013-12-08 00:00:00,5
T8303,58436,G10,12135,18 Prospect Rd,2013-07-28 00:00:00,1
T8304,50138,H20,13730,8G  Marion Rd,2014-01-19 00:00:00,1
T8305,16413,202,13470,T1 Victoria Sq,2013-11-03 00:00:00,2
T8306,27084,202F,12149,21 Hampstead Rd,2013-07-21 00:00:00,4
T8307,27301,222,12902,6 O'Connell St,2014-03-30 00:00:00,8
T8308,13577,262,14794,32 Brighton Rd,2014-06-08 00:00:00,2
T8309,58737,G20,15395,47A Sunnymeade Dr,2013-12-01 00:00:00,6
T8310,7474,281,12900,6 Park Rd,2014-06-29 00:00:00,2
T8311,47582,281,12869,7 Walkerville Tce,2013-10-20 00:00:00,3
T8312,8912,506,11287,65 Kelly Rd,2014-05-25 00:00:00,3
T8313,48354,501,11524,33A Walkleys Rd,2013-09-01 00:00:00,1
T8314,13797,174,13051,7 Payneham Rd,2014-02-09 00:00:00,9
T8315,63700,722,15827,50 States Rd,2014-02-02 00:00:00,1
T8316,28595,441,10151,76 Hanson Rd,2013-08-18 00:00:00,1
T8317,12899,W90,14463,19 Winston Av,2014-05-25 00:00:00,1
T8318,27304,222,11871,22 Main North Rd,2013-07-14 00:00:00,2
T8319,28622,442,10214,66 Yorktown Rd,2014-06-08 00:00:00,1
T8320,25502,430,10241,63 Kinkaid Rd,2014-07-06 00:00:00,1
T8321,9554,202F,11713,28 Hampstead Rd,2014-04-27 00:00:00,2
T8322,6851,501,13339,F2 Grenfell St,2014-05-04 00:00:00,36
T8323,29903,721X,16286,D2 King William St,2013-06-30 00:00:00,151
T8324,58590,G10B,12066,19 Prospect Rd,2013-12-01 00:00:00,1
T8325,2096,557,11157,50 North East Rd,2013-11-24 00:00:00,2
T8326,16309,M44,14351,15 Marion Rd,2014-05-04 00:00:00,1
T8327,15676,G10,12658,10 Prospect Rd,2014-06-01 00:00:00,4
T8328,36825,560,11297,29 Montague Rd,2013-07-07 00:00:00,1
T8329,46982,200,14026,9 Victoria Av,2013-11-17 00:00:00,1
T8330,6059,190,13583,P1 Pulteney St,2014-05-04 00:00:00,7
T8331,6421,361,11401,42A Smart Rd,2014-05-04 00:00:00,4
T8332,502,452,18138,78C Peachey Rd,2013-12-29 00:00:00,4
T8333,5866,273,12680,11 North East Rd,2014-07-06 00:00:00,3
T8334,57295,600B,15163,34A Coromandel Pde,2013-11-24 00:00:00,3
T8335,28964,541X,11361,46 Smart Rd,2013-10-06 00:00:00,1
T8336,64214,749,16047,Zone B Noarlunga Centre Interc,2014-02-16 00:00:00,1
T8337,11614,150,12471,20 Port Rd,2014-03-02 00:00:00,15
T8338,2979,H20,16390,10 The Parade,2013-12-29 00:00:00,1
T8339,12258,167,13815,8 Galway Av,2014-02-16 00:00:00,2
T8340,27561,225,10503,49 Church St,2014-03-02 00:00:00,1
T8341,20249,542,17485,63 Katarama Rd,2014-02-23 00:00:00,1
T8342,52721,228,16274,A1 King William Rd,2014-07-06 00:00:00,1
T8343,12421,237,12445,12 Churchill Rd,2013-11-10 00:00:00,2
T8344,6618,174,13310,Y1 Pulteney St,2014-03-23 00:00:00,2
T8345,12057,251,13069,5 Hill St,2014-02-02 00:00:00,3
T8346,58248,G10,12564,12 Prospect Rd,2013-08-04 00:00:00,5
T8347,51165,J2,13364,W3 Currie St,2013-11-17 00:00:00,2
T8348,50942,J1,16406,2 Henley Beach Rd,2013-08-04 00:00:00,2
T8349,12135,162,13609,12C Burbridge Rd,2014-04-13 00:00:00,1
T8350,1315,273,13275,1 Frome Rd,2013-07-21 00:00:00,4
T8351,27100,202F,12994,4 Melbourne St,2013-12-08 00:00:00,1
T8352,45208,150,12298,25 Port Rd,2013-06-30 00:00:00,1
T8353,63456,720H,17118,Zone A Old Reynella Interchang,2014-03-09 00:00:00,72
T8354,9256,B10,13114,18 Magill Rd,2014-05-25 00:00:00,10
T8355,6062,190,14481,23 Cliff St,2014-06-08 00:00:00,1
T8356,48951,733,15802,46B Investigator Rd,2013-09-22 00:00:00,1
T8357,58255,G10,14458,16 Goodwood Rd,2013-09-29 00:00:00,2
T8358,29576,720,14291,13 South Rd,2013-07-28 00:00:00,1
T8359,2079,557,12106,Zone E Paradise Interchange,2013-10-06 00:00:00,11
T8360,46873,200,14030,9 Victoria Av,2013-11-10 00:00:00,1
T8361,20452,541,10885,58 Hancock Rd,2014-04-27 00:00:00,1
T8362,13764,174,13330,G3 Grenfell St,2014-01-26 00:00:00,2
T8363,19856,502,10889,43 Bridge Rd,2014-01-26 00:00:00,1
T8364,53901,749,17099,84A Grand Bvd,2013-08-18 00:00:00,1
T8365,36363,411,10417,44A Burton Rd,2013-10-13 00:00:00,3
T8366,5779,H30,12916,17 Arthur St,2014-06-01 00:00:00,2
T8367,46187,174,12323,23 Lower North East Rd,2013-09-22 00:00:00,3
T8368,45266,157,11858,36A First Av,2013-07-28 00:00:00,2
T8369,9570,203,13032,3A Melbourne St,2014-05-11 00:00:00,1
T8370,50446,H30,13346,U2 Grenfell St,2013-12-15 00:00:00,56
T8371,11666,150B,13292,U1 North Tce,2014-06-15 00:00:00,18
T8372,63703,722,15333,33 Main South Rd,2014-01-12 00:00:00,5
T8373,58190,C2,17189,Zone B Klemzig Interchange,2013-11-17 00:00:00,6
T8374,21208,C1,10465,51 Main North Rd,2014-03-02 00:00:00,12
T8375,6471,190,13766,2 Unley Rd,2014-04-27 00:00:00,3
T8376,58344,G10,12723,9 Prospect Rd,2013-08-11 00:00:00,1
T8377,57014,300,17110,Zone B Harbour Town,2013-07-21 00:00:00,1
T8378,51729,W91,13820,5 Leader St,2013-10-27 00:00:00,1
T8379,11455,150,12144,27 Port Rd,2014-06-01 00:00:00,1
T8380,11799,H33C,16461,12 Henley Beach Rd,2014-04-27 00:00:00,5
T8381,42343,N4,14841,28A Morphett Rd,2013-09-22 00:00:00,1
T8382,27546,225,17968,33E Augustine St,2014-04-27 00:00:00,1
T8383,16725,251,12840,10 Hawker St,2013-09-29 00:00:00,3
T8384,49433,887,15205,56 Mount Barker Rd,2013-08-18 00:00:00,11
T8385,16602,M44,13923,6 Anzac Hwy,2014-06-15 00:00:00,1
T8386,686,401,17277,71 Bolivar Rd,2014-04-20 00:00:00,1
T8387,15004,G10B,13038,3 O'Connell St,2014-05-11 00:00:00,2
T8388,19768,591C,10788,Zone D Golden Grove Village In,2014-06-08 00:00:00,14
T8389,46191,174,13173,4 Payneham Rd,2013-12-08 00:00:00,1
T8390,9040,507,11618,35 North East Rd,2014-05-25 00:00:00,8
T8391,18963,254,11720,33 Grand Junction Rd,2014-06-08 00:00:00,1
T8392,3647,451,10058,Zone A Smithfield Interchange,2014-05-04 00:00:00,1
T8393,57847,C1,12126,Zone D Paradise Interchange,2014-01-12 00:00:00,8
T8394,27995,248,14562,25B Bells Rd,2013-06-30 00:00:00,3
T8395,45494,168,14187,23 Shannon Av,2013-10-27 00:00:00,2
T8396,9305,507,11401,42A Smart Rd,2013-12-08 00:00:00,3
T8397,50615,H30S,16415,5 Henley Beach Rd,2013-11-03 00:00:00,3
T8398,12207,238,12035,18 Churchill Rd,2013-07-21 00:00:00,1
T8399,58014,C1,10945,50 Golden Grove Rd,2013-09-22 00:00:00,5
T8400,46163,174,13330,G3 Grenfell St,2013-12-22 00:00:00,1
T8401,63848,287,13164,5B West Thebarton Rd,2013-12-01 00:00:00,1
T8402,27756,228F,13049,3 O'Connell St,2014-03-09 00:00:00,2
T8403,36446,440,10012,88 Noora Cr,2014-05-25 00:00:00,2
T8404,44875,140,18201,3 Rundle St,2013-12-08 00:00:00,3
T8405,15739,263,14298,18 Anzac Hwy,2014-03-16 00:00:00,2
T8406,51009,J1,13341,T3 Grenfell St,2013-09-15 00:00:00,27
T8407,50946,J1,16405,1 Henley Beach Rd,2013-12-08 00:00:00,1
T8408,44708,100,12839,21  Crittenden Rd,2013-10-27 00:00:00,1
T8409,49498,B10,13344,U1 Grenfell St,2013-08-11 00:00:00,1
T8410,11164,147,13286,F1 North Tce,2014-05-18 00:00:00,7
T8411,12884,W90,14864,27A Bradley Gr,2014-05-04 00:00:00,2
T8412,32692,T840,14040,13 Glen Osmond Rd,2013-12-15 00:00:00,13
T8413,11645,150,12206,26 Port Rd,2014-05-25 00:00:00,1
T8414,27920,241,14513,18 Adelaide Tce,2014-01-12 00:00:00,4
T8415,10786,H22,16384,13 The Parade,2014-05-04 00:00:00,1
T8416,27484,224,11354,31 Main North Rd,2014-03-23 00:00:00,1
T8417,18895,546,13342,F1 Grenfell St,2014-03-16 00:00:00,121
T8418,1591,196F,14908,33 Rosella Av,2013-12-08 00:00:00,2
T8419,7030,232,12608,12 Harrison Rd,2014-02-09 00:00:00,6
T8420,6070,190,13078,2 King William Rd,2014-06-22 00:00:00,4
T8421,10411,J1,17978,8A Sir Donald Bradman Dr,2014-05-18 00:00:00,2
T8422,15869,G21,15319,40 Memford Wy,2014-02-16 00:00:00,2
T8423,50351,H22C,16395,8 The Parade,2013-11-24 00:00:00,1
T8424,50120,H20,13348,E1 Currie St,2014-01-12 00:00:00,18
T8425,12247,167,14020,15 Mooringe Av,2014-03-16 00:00:00,3
T8426,10339,H20,14243,15D Morphett Rd,2014-04-06 00:00:00,2
T8427,58627,G10C,12798,7 Prospect Rd,2013-07-14 00:00:00,2
T8428,49414,879,18101,School Heathfield High School,2014-06-22 00:00:00,320
T8429,50126,H20,14292,17 Anzac Hwy,2013-07-14 00:00:00,2
T8430,57500,646,15204,38 Morphett Rd,2013-11-24 00:00:00,1
T8431,50554,H30,12892,23 Moules Rd,2013-09-22 00:00:00,1
T8432,50308,H22,16480,22D Lexington Rd,2013-12-01 00:00:00,3
T8433,16779,251,13261,Z3 King William St,2013-12-29 00:00:00,5
T8434,13615,265,14118,12 Anzac Hwy,2014-05-11 00:00:00,1
T8435,27494,224F,11967,21 Main North Rd,2013-06-30 00:00:00,4
T8436,57268,600,15073,26B University Dr,2013-12-01 00:00:00,4
T8437,15164,G10,12066,19 Prospect Rd,2014-06-08 00:00:00,3
T8438,48306,500,10784,43D Bridge Rd,2013-07-07 00:00:00,1
T8439,36854,560P,11227,37C Montague Rd,2013-10-27 00:00:00,4
T8440,31198,863,13867,8 Glen Osmond Rd,2013-11-10 00:00:00,8
T8441,14366,157,17767,27 West Lakes Bvd,2014-02-09 00:00:00,3
T8442,5930,300,14064,20  Cross Rd,2014-05-25 00:00:00,2
T8443,36313,411,17284,44 Liberator Dr,2013-11-03 00:00:00,3
T8444,27804,229,11080,39E Williamson Rd,2013-12-01 00:00:00,2
T8445,47843,287,13216,6 Ashley St,2013-10-06 00:00:00,1
T8446,9984,J1,13522,5C Sir Donald Bradman Dr,2014-06-08 00:00:00,5
T8447,13792,174,12299,24 Lower North East Rd,2014-03-30 00:00:00,4
T8448,50362,H22L,16390,10 The Parade,2014-01-19 00:00:00,9
T8449,15933,G40,14126,9 Goodwood Rd,2014-03-23 00:00:00,3
T8450,31166,861,13354,D1 Currie St,2013-09-08 00:00:00,3
T8451,10055,208,12217,19 Regency Rd,2014-03-30 00:00:00,3
T8452,65301,721,13301,B1 King William St,2014-01-12 00:00:00,16
T8453,11998,251,13050,5A Hill St,2014-04-06 00:00:00,1
T8454,10544,208,11830,27C Sir Ross Smith Bvd,2014-01-26 00:00:00,4
T8455,47714,287,13223,8 Ashley St,2013-10-20 00:00:00,2
T8456,21242,C1T,13277,I2 North Tce,2014-02-02 00:00:00,27
T8457,16017,G20,14753,22 Fiveash Dr,2014-06-08 00:00:00,1
T8458,64276,B10,13279,R1 North Tce,2014-01-19 00:00:00,2
T8459,51126,J2,16406,2 Henley Beach Rd,2014-01-19 00:00:00,6
T8460,29990,722,15861,51 States Rd,2013-07-07 00:00:00,1
T8461,46986,200,13473,G2 Victoria Sq,2013-12-15 00:00:00,9
T8462,64131,681,15419,47B Barramundi Dr,2014-03-16 00:00:00,2
T8463,36305,411,17957,35 Belfree Dr,2013-07-28 00:00:00,3
T8464,22511,745,16196,78 Patapinda Rd,2014-05-11 00:00:00,1
T8465,1165,403,10514,Zone F Salisbury Interchange,2013-11-17 00:00:00,1
T8466,17927,541X,11395,43B Smart Rd,2014-04-06 00:00:00,1
T8467,8709,506,11437,41 Rutherford St,2014-01-19 00:00:00,1
T8468,5930,300,13609,12C Burbridge Rd,2014-06-15 00:00:00,5
T8469,56901,232,12012,31 Torrens Rd,2013-10-13 00:00:00,1
T8470,12977,W91C,13492,S1 Morphett St,2014-06-29 00:00:00,2
T8471,8576,B10,13174,8 Magill Rd,2014-03-09 00:00:00,4
T8472,31097,861,13758,3 Glen Osmond Rd,2013-09-01 00:00:00,1
T8473,56944,232,12968,5A Jeffcott St,2013-10-27 00:00:00,1
T8474,5701,117,11565,Zone D Port Adelaide Interchan,2014-03-09 00:00:00,2
T8475,27705,228F,11803,23 Main North Rd,2014-01-05 00:00:00,1
T8476,18467,543X,11174,47 Hazel Gr,2014-02-23 00:00:00,4
T8477,27863,229F,11338,35 Quinlivan Rd,2013-06-30 00:00:00,4
T8478,15713,263,17880,29 Morphett Rd,2014-05-04 00:00:00,7
T8479,49474,B10,13344,U1 Grenfell St,2013-08-18 00:00:00,4
T8480,46235,174,12735,14 Payneham Rd,2013-12-22 00:00:00,1
T8481,58715,G20,15269,34 Flagstaff Rd,2013-12-01 00:00:00,2
T8482,59045,M44,13277,I2 North Tce,2013-12-22 00:00:00,8
T8483,7020,232,11863,33A Newcastle St,2014-01-26 00:00:00,2
T8484,22230,506,11556,37 Pauls Dr,2013-10-13 00:00:00,1
T8485,57105,300G,14605,26 Diagonal Rd,2014-01-05 00:00:00,1
T8486,51754,W91,13287,B1 Pulteney St,2013-09-29 00:00:00,4
T8487,12872,W90,13429,U1 Morphett St,2014-01-26 00:00:00,1
T8488,15536,G10C,13274,A2 King William Rd,2014-06-08 00:00:00,1
T8489,8988,503,11948,29B Sudholz Rd,2013-12-15 00:00:00,1
T8490,10230,140,16399,6 The Parade,2014-07-06 00:00:00,7
T8491,46073,174,12879,10 Payneham Rd,2013-09-08 00:00:00,8
T8492,27693,228F,10239,64 Kinkaid Rd,2013-07-07 00:00:00,1
T8493,6604,230,12502,14 Harrison Rd,2014-06-15 00:00:00,2
T8494,23502,751,18681,Zone A Seaford Interchange,2014-03-30 00:00:00,2
T8495,56795,230,12660,11 Harrison Rd,2013-09-29 00:00:00,2
T8496,27272,222,11160,33B Mawson Lakes Bvd,2014-02-09 00:00:00,1
T8497,6119,171,13745,2 Glen Osmond Rd,2014-05-11 00:00:00,1
T8498,58508,G10,13838,4 Goodwood Rd,2013-10-13 00:00:00,1
T8499,57976,C1,12129,Zone C Paradise Interchange,2014-01-12 00:00:00,16
T8500,6067,190,14359,14D Edward St,2014-06-22 00:00:00,1
T8501,50618,H30S,16431,10 Henley Beach Rd,2013-07-21 00:00:00,1
T8502,13261,171,13810,5 Fullarton Rd,2014-06-01 00:00:00,4
T8503,17726,208N,16277,Z1 King William St,2014-05-04 00:00:00,2
T8504,5865,273,12146,22 North East Rd,2014-06-29 00:00:00,4
T8505,52753,229,17271,42B Kimba Rd,2014-01-05 00:00:00,1
T8506,27297,222,17380,33D Mawson Lakes Bvd,2014-05-18 00:00:00,13
T8507,8890,506,11011,53 Murrell Rd,2013-10-06 00:00:00,1
T8508,43192,734S,17247,55B Heath St,2013-09-29 00:00:00,1
T8509,12291,J1,13533,6A Sir Donald Bradman Dr,2014-06-22 00:00:00,5
T8510,30999,840F,14672,24A Crafers Park N Ride,2013-11-17 00:00:00,1
T8511,7628,287,13124,28 Marlborough St,2014-02-23 00:00:00,1
T8512,5839,H33C,13199,3 North Tce,2014-03-23 00:00:00,1
T8513,52718,228,11871,22 Main North Rd,2014-02-02 00:00:00,1
T8514,58316,G10,16288,V1 King William St,2013-10-06 00:00:00,1
T8515,481,400,10307,63A Diment Rd,2014-05-25 00:00:00,3
T8516,50459,H30,13364,W3 Currie St,2013-09-29 00:00:00,4
T8517,63758,733,18611,Temp Kenneth Rd,2013-12-08 00:00:00,4
T8518,29589,720,14937,27 Sturt Rd,2013-07-28 00:00:00,2
T8519,13220,171,14372,18 Welbourne St,2014-06-01 00:00:00,2
T8520,45769,171,13354,D1 Currie St,2013-11-17 00:00:00,7
T8521,29073,556,11920,31 Lower North East Rd,2013-11-03 00:00:00,10
T8522,27874,241,13833,5 Tennyson St,2013-09-01 00:00:00,16
T8523,16226,M44,13277,I2 North Tce,2014-02-02 00:00:00,12
T8524,62852,749,16199,82 Commercial Rd,2014-02-09 00:00:00,1
T8525,18152,235,12457,12 Churchill Rd,2014-03-09 00:00:00,1
T8526,7172,230,11754,36A Grand Junction Rd,2014-06-01 00:00:00,2
T8527,65059,720,15474,49 Quailo Av,2014-04-06 00:00:00,2
T8528,48846,722F,15984,61 Elizabeth Rd,2013-08-04 00:00:00,1
T8529,6981,230,12312,19 Regency Rd,2014-06-15 00:00:00,2
T8530,58257,G10,14882,25 Ayliffes Rd,2013-10-20 00:00:00,4
T8531,14488,H20,12965,21A St Bernards Rd,2014-06-15 00:00:00,2
T8532,16047,G20,13455,W1 Grote St,2014-06-08 00:00:00,11
T8533,27884,241,14449,16 Brooks Tce,2013-08-18 00:00:00,4
T8534,45674,171,14276,23 Princes Rd,2013-12-01 00:00:00,3
T8535,1049,273,12109,23 North East Rd,2013-09-29 00:00:00,1
T8536,27707,228F,10239,64 Kinkaid Rd,2013-12-22 00:00:00,1
T8537,58234,G10,16289,E1 King William St,2013-11-17 00:00:00,4
T8538,1194,734,15949,68A Gulfview Rd,2014-02-23 00:00:00,1
T8539,47782,287,13144,21 Valetta Rd,2013-09-15 00:00:00,6
T8540,28093,262,14707,30 Brighton Rd,2013-07-21 00:00:00,3
T8541,64356,B10,13241,2 George St,2014-01-05 00:00:00,1
T8542,17900,541G,17381,60 Bicentenial Dr,2014-05-11 00:00:00,4
T8543,63184,190,14260,12 Belair Rd,2013-12-22 00:00:00,2
T8544,56861,232,11621,39 Commercial Rd,2013-08-25 00:00:00,2
T8545,53083,271,13354,D1 Currie St,2013-11-17 00:00:00,1
T8546,31306,864F,14872,40 Mount Barker Rd,2013-09-15 00:00:00,11
T8547,47591,281,12505,15A Wilpena Av,2013-09-01 00:00:00,1
T8548,48841,722F,16071,56B Collins Pde,2013-11-24 00:00:00,1
T8549,49724,B11,13067,20 St Bernards Rd,2013-08-25 00:00:00,7
T8550,59002,M44,13992,8 Anzac Hwy,2013-09-29 00:00:00,2
T8551,49236,749,16213,84 Commercial Rd,2013-11-24 00:00:00,1
T8552,9458,H30,18492,Zone C West Lakes Interchange,2014-02-16 00:00:00,10
T8553,47788,287,13097,24 Valetta Rd,2013-07-28 00:00:00,4
T8554,11850,157,18493,Zone A West Lakes Interchange,2014-05-18 00:00:00,2
T8555,16643,M44X,18491,V Currie Street,2014-05-11 00:00:00,1
T8556,31045,861,13779,4 Glen Osmond Rd,2013-07-28 00:00:00,3
T8557,16377,M44,13814,3 Anzac Hwy,2014-05-04 00:00:00,1
T8558,18729,868,14780,36 Mount Barker Rd,2014-03-02 00:00:00,26
T8559,49569,B10,13241,2 George St,2013-09-15 00:00:00,1
T8560,64764,720H,15571,57 Young St,2014-06-15 00:00:00,3
T8561,4199,271,11886,29 North East Rd,2013-12-08 00:00:00,2
T8562,33847,117,17483,36 Bartley Tce,2013-11-10 00:00:00,1
T8563,13530,281,12766,10 Walkerville Tce,2014-01-26 00:00:00,2
T8564,48354,501,17532,Zone A Mawson Interchange,2013-07-21 00:00:00,8
T8565,12084,157,12431,28 West Lakes Bvd,2014-03-16 00:00:00,3
T8566,50445,H30,16463,12 Henley Beach Rd,2013-11-24 00:00:00,2
T8567,14505,H20,12742,22 St Bernards Rd,2014-01-26 00:00:00,1
T8568,11334,H30S,16431,10 Henley Beach Rd,2014-06-15 00:00:00,1
T8569,1529,745,17211,94 Grand Bvd,2013-12-22 00:00:00,2
T8570,9563,203,13064,2A Melbourne St,2014-01-26 00:00:00,1
T8571,2833,N4,16052,Zone E Noarlunga Centre Interc,2013-12-22 00:00:00,2
T8572,57024,300,13851,14  Portrush Rd,2013-07-28 00:00:00,1
T8573,53402,502,11227,37C Montague Rd,2013-07-07 00:00:00,2
T8574,51137,J2,17327,10 Airport Rd,2013-10-13 00:00:00,22
T8575,49767,G10,11875,22 Prospect Rd,2013-07-07 00:00:00,1
T8576,10054,208,11795,27E Sir Ross Smith Av,2014-06-29 00:00:00,2
T8577,50979,J1,13306,B2 Pulteney St,2013-08-18 00:00:00,3
T8578,12207,238,12339,14 Churchill Rd,2013-08-25 00:00:00,9
T8579,16456,M44T,13328,H1 Grenfell St,2014-04-13 00:00:00,1
T8580,10196,118,12436,32 Tapleys Hill Rd,2014-05-11 00:00:00,1
T8581,17370,502,10645,46B Smith St,2013-12-22 00:00:00,1
T8582,53047,265,14695,30 King George Av,2013-12-29 00:00:00,1
T8583,10317,H20,12096,Zone I Paradise Interchange,2014-07-06 00:00:00,2
T8584,64977,719,14493,17 South Rd,2014-02-02 00:00:00,1
T8585,58838,M44,11378,Zone E Tea Tree Plaza Intercha,2013-09-08 00:00:00,16
T8586,45205,150,11149,49 Carnarvon Tce,2013-08-25 00:00:00,1
T8587,56614,190B,13978,7 Unley Rd,2013-07-21 00:00:00,7
T8588,50050,H20,13360,W1 Currie St,2013-10-27 00:00:00,7
T8589,699,401,10383,66 Burton Rd,2013-12-22 00:00:00,1
T8590,11376,144,14045,19  Portrush Rd,2014-02-23 00:00:00,3
T8591,14523,H22,16420,7 Henley Beach Rd,2014-04-27 00:00:00,2
T8592,57387,645,15232,41 Davenport Tce,2013-08-04 00:00:00,5
T8593,19307,556,12020,29 Lower North East Rd,2014-02-16 00:00:00,5
T8594,50768,H31C,13195,3A Magill Rd,2013-08-11 00:00:00,1
T8595,11474,241,13782,3 Everard Av,2014-06-15 00:00:00,4
T8596,53480,506,12113,Zone B Paradise Interchange,2014-01-19 00:00:00,2
T8597,18650,254,12411,21 Torrens Rd,2014-06-08 00:00:00,1
T8598,3040,G40,17172,62A The Grove Wy,2013-09-08 00:00:00,4
T8599,48380,501,11802,28 Sudholz Rd,2013-12-29 00:00:00,5
T8600,50612,H30S,16450,17 Henley Beach Rd,2014-01-12 00:00:00,1
T8601,8854,506,11470,39 Pauls Dr,2014-02-02 00:00:00,1
T8602,16422,209F,13049,3 O Connell St,2013-09-08 00:00:00,2
T8603,58064,C1G,13277,I2 North Tce,2013-09-08 00:00:00,2
T8604,57332,601,15073,26B University Dr,2013-10-20 00:00:00,6
T8605,50073,H20,16372,16B The Parade,2013-08-18 00:00:00,3
T8606,14046,B10,13352,V1 Currie St,2014-06-22 00:00:00,6
T8607,9716,541X,10908,57 Hancock Rd,2013-09-08 00:00:00,3
T8608,19375,265W,13650,Z1 Anzac Hwy,2014-05-11 00:00:00,1
T8609,49271,749,16034,Zone G Colonnades Interchange,2013-07-28 00:00:00,21
T8610,15761,263,14269,15 Anzac Hwy,2014-05-18 00:00:00,2
T8611,32416,J7,14488,23 Morphett Rd,2013-07-14 00:00:00,7
T8612,58728,G20,15382,48A Sunnymeade Dr,2013-11-24 00:00:00,9
T8613,48894,733,15897,49A Wheatsheaf Rd,2013-08-25 00:00:00,2
T8614,11491,241,17900,4A Beauchamp St,2014-02-23 00:00:00,1
T8615,45412,167,13364,W3 Currie St,2013-10-20 00:00:00,1
T8616,6541,195,13894,5 Unley Rd,2014-02-23 00:00:00,4
T8617,50110,H20,12418,24 Newton Rd,2013-07-28 00:00:00,4
T8618,48439,502,13277,I2 North Tce,2014-01-12 00:00:00,12
T8619,12339,J2,13520,7 Sir Donald Bradman Dr,2014-03-16 00:00:00,4
T8620,15887,G21F,13460,W3 Grote St,2014-05-11 00:00:00,2
T8621,13410,118,12236,33A Tapleys Hill Rd,2014-05-18 00:00:00,3
T8622,690,401,10340,58 Waterloo Corner Rd,2014-05-25 00:00:00,2
T8623,58303,G10,14048,8 Goodwood Rd,2013-07-28 00:00:00,4
T8624,6024,179,13445,U1 Wakefield St,2014-02-09 00:00:00,2
T8625,14287,178,13051,7 Payneham Rd,2014-03-30 00:00:00,4
T8626,903,733,15337,33 Main South Rd,2014-04-06 00:00:00,8
T8627,27484,224,12015,20 Main North Rd,2013-09-08 00:00:00,1
T8628,36913,565,17836,37B Henderson Av,2014-05-18 00:00:00,2
T8629,64399,681,15376,49B Capella Dr,2014-05-04 00:00:00,1
T8630,13233,171,13845,6 Fullarton Rd,2014-05-11 00:00:00,2
T8631,13607,265,15155,36 Morphett Rd,2014-02-16 00:00:00,1
T8632,48843,722F,16085,56A Collins Rd,2013-11-10 00:00:00,2
T8633,1199,404,10503,49 Church St,2014-02-02 00:00:00,1
T8634,9906,H33C,12803,21 Reid Av,2014-04-20 00:00:00,4
T8635,36824,560,10604,47C Park Tce,2013-08-25 00:00:00,2
T8636,295,452,10231,Zone B Elizabeth Interchange,2013-10-20 00:00:00,2
T8637,14290,178,12566,29 Montacute Rd,2014-02-16 00:00:00,1
T8638,15136,G10,14805,23A Fiveash Dr,2014-05-04 00:00:00,1
T8639,56394,190,14157,10 Belair Rd,2013-10-27 00:00:00,1
T8640,47467,263,14382,23 Brighton Rd,2013-06-30 00:00:00,7
T8641,5684,101,13924,9B  Marion Rd,2014-04-13 00:00:00,2
T8642,53062,271,12146,22 North East Rd,2013-09-22 00:00:00,2
T8643,46306,178,17346,33M Maryvale Rd,2013-07-21 00:00:00,2
T8644,4437,271,12647,12 North East Rd,2013-12-01 00:00:00,4
T8645,52990,254,13261,Z3 King William St,2013-07-14 00:00:00,3
T8646,13387,117,13344,U1 Grenfell St,2014-03-02 00:00:00,2
T8647,58363,G10,14542,18 Goodwood Rd,2014-01-19 00:00:00,1
T8648,50561,H30,13181,6 Magill Rd,2014-01-05 00:00:00,1
T8649,13960,287,13223,8 Ashley St,2014-06-01 00:00:00,2
T8650,8657,545,11409,44 Wright Rd,2013-11-24 00:00:00,2
T8651,48985,733,15533,38B Tripoli Rd,2013-09-08 00:00:00,1
T8652,8885,506,11265,65 Kelly Rd,2014-07-06 00:00:00,1
T8653,57013,300,13754,12  Portrush Rd,2013-10-13 00:00:00,1
T8654,17595,203,11253,46A Baldock Rd,2014-03-16 00:00:00,1
T8655,11605,150,11655,38 Commercial Rd,2014-02-16 00:00:00,2
T8656,20766,C1,10465,51 Main North Rd,2014-05-25 00:00:00,2
T8657,58273,G10,12662,10 Prospect Rd,2013-09-29 00:00:00,1
T8658,56866,232,12481,14A Pym St,2013-08-11 00:00:00,1
T8659,16232,M44,13829,3 Anzac Hwy,2014-06-29 00:00:00,4
T8660,16450,M44T,13277,I2 North Tce,2014-05-18 00:00:00,1
T8661,9612,528,17191,26A  Navigator Dr,2014-03-09 00:00:00,1
T8662,12878,W90,12503,25 Sycamore Tce,2014-03-02 00:00:00,4
T8663,34764,150P,11329,46 Fletcher Rd,2013-12-08 00:00:00,2
T8664,27429,224,10288,58 Philip Hwy,2013-10-20 00:00:00,1
T8665,47579,281,12796,9 Walkerville Tce,2013-09-15 00:00:00,1
T8666,27118,203,12087,22 Hampstead Rd,2013-09-29 00:00:00,1
T8667,50601,H30C,16418,6 Henley Beach Rd,2013-08-11 00:00:00,1
T8668,14270,178,12760,13A Payneham Rd,2014-06-15 00:00:00,1
T8669,6065,190,14254,12 Belair Rd,2014-04-06 00:00:00,6
T8670,14166,273,13310,Y1 Pulteney St,2014-06-01 00:00:00,41
T8671,14227,177,12501,20 Lower North East Rd,2014-05-25 00:00:00,6
T8672,52670,224,16281,X1 King William St,2014-02-02 00:00:00,2
T8673,52525,203,12087,22 Hampstead Rd,2013-07-28 00:00:00,2
T8674,12034,251,11960,26 Trafford St,2014-05-25 00:00:00,10
T8675,56827,230,11754,36A Grand Junction Rd,2013-09-15 00:00:00,1
T8676,53605,541,11367,Zone F Tea Tree Plaza Intercha,2013-12-22 00:00:00,4
T8677,36824,560,10995,40A Bridge Rd,2013-07-21 00:00:00,2
T8678,15133,G10,16281,X1 King William St,2014-02-02 00:00:00,85
T8679,14982,G10,13888,5 Goodwood Rd,2014-04-20 00:00:00,1
T8680,57289,600,15042,Zone C Blackwood Interchange,2013-12-08 00:00:00,12
T8681,48886,733,15540,38B Tripoli Rd,2013-09-15 00:00:00,2
T8682,22517,745,16141,70 Liguria Cr,2014-04-06 00:00:00,1
T8683,15693,G10,16281,X1 King William St,2014-02-09 00:00:00,4
T8684,63084,T721,15013,27 Main South Rd,2014-03-30 00:00:00,4
T8685,5638,100,12472,220 Woodville Rd,2014-05-04 00:00:00,4
T8686,8840,506,11591,36 Grand Junction Rd,2014-04-27 00:00:00,6
T8687,20336,645,15112,36 Neath Av,2014-02-16 00:00:00,1
T8688,6542,195,13441,G1 Wakefield St,2014-01-26 00:00:00,3
T8689,10861,H30,16454,19 Henley Beach Rd,2014-03-30 00:00:00,2
T8690,6682,178,12605,25 Montacute Rd,2014-04-13 00:00:00,2
T8691,17661,502,13277,I2 North Tce,2013-09-29 00:00:00,1
T8692,49527,B10,13174,8 Magill Rd,2013-06-30 00:00:00,2
T8693,15393,492,18297,129 Cheek Av,2013-12-01 00:00:00,7
T8694,3650,451,10142,70 Easton Av,2014-01-12 00:00:00,1
T8695,46241,174,13021,8 Payneham Rd,2013-12-08 00:00:00,3
T8696,63247,T722,14817,24A South Rd,2014-01-12 00:00:00,2
T8697,11802,H33C,13181,6 Magill Rd,2014-06-15 00:00:00,4
T8698,1161,734,15965,68B Roy Tce,2014-06-29 00:00:00,1
T8699,15838,G20F,14878,25 Ayliffes Rd,2014-04-20 00:00:00,1
T8700,9413,H22,13348,E1 Currie St,2014-01-26 00:00:00,6
T8701,65084,722,16025,56C Collins Pde,2014-03-09 00:00:00,1
T8702,13261,171,13330,G3 Grenfell St,2014-06-29 00:00:00,39
T8703,6317,J2,13691,13A Military Rd,2014-03-09 00:00:00,1
T8704,11915,168,14381,21 Gordon St,2014-05-11 00:00:00,6
T8705,10543,208,17194,27 The Promenade,2014-06-08 00:00:00,1
T8706,402,722F,16037,Zone A Colonnades Interchange,2014-01-05 00:00:00,29
T8707,48285,500,10570,48 Park Tce,2013-07-21 00:00:00,1
T8708,13612,265,17215,39B Seacombe Rd,2014-06-08 00:00:00,1
T8709,14997,G10,15049,Zone A Flinders Medical Centre,2014-03-16 00:00:00,1
T8710,13638,265,14974,Zone D Marion Interchange,2014-01-26 00:00:00,21
T8711,27704,228F,10617,48 Main North Rd,2013-09-15 00:00:00,1
T8712,6897,501,12097,Zone F Paradise Interchange,2014-05-11 00:00:00,3
T8713,50138,H20,13235,19A Penfold Rd,2013-11-17 00:00:00,1
T8714,45239,155,12410,32A West Lakes Bvd,2013-08-04 00:00:00,2
T8715,57030,300,14898,29B Morphett Rd,2013-11-10 00:00:00,1
T8716,9766,B10,13364,W3 Currie St,2014-06-29 00:00:00,7
T8717,15719,263,16276,A3 King William Rd,2014-03-09 00:00:00,2
T8718,18364,864F,13354,D1 Currie St,2014-03-02 00:00:00,27
T8719,27744,228F,12599,12 Main North Rd,2013-12-22 00:00:00,1
T8720,49368,770,15914,53 States Rd,2014-03-30 00:00:00,12
T8721,65038,720,17971,54 Lander Av,2013-12-29 00:00:00,1
T8722,29574,720,14937,27 Sturt Rd,2013-07-07 00:00:00,3
T8723,57326,601,14949,28 Sturt Rd,2013-09-22 00:00:00,1
T8724,46467,178,11984,39 Lower Athelstone Rd,2013-10-20 00:00:00,6
T8725,58480,G10,13784,3 Goodwood Rd,2013-07-14 00:00:00,1
T8726,58725,G20,15404,49 Manning Dr,2013-09-22 00:00:00,4
T8727,1267,737,15657,42A Malbeck Dr,2014-04-06 00:00:00,1
T8728,17429,839,18190,81 Hurling Dr,2014-06-22 00:00:00,1
T8729,16577,M44,14635,21 Marion Rd,2014-03-16 00:00:00,4
T8730,58618,G10C,11955,21 Prospect Rd,2013-08-04 00:00:00,20
T8731,48802,721F,17119,Zone B Old Reynella Interchang,2013-09-15 00:00:00,17
T8732,4439,271,12541,15 North East Rd,2013-10-27 00:00:00,1
T8733,44698,100,13456,8B  Marion Rd,2013-09-22 00:00:00,1
T8734,51708,W91,18495,F1 Morphett Street,2013-10-20 00:00:00,1
T8735,63933,734,14965,Zone C Marion Interchange,2014-06-08 00:00:00,1
T8736,36822,560,10649,46B Smith St,2013-11-10 00:00:00,1
T8737,12719,253X,16279,X2 King William St,2014-06-22 00:00:00,2
T8738,62836,749,16111,72 Witton Rd,2014-01-26 00:00:00,3
T8739,11868,167,13728,3A Richmond Rd,2014-05-04 00:00:00,1
T8740,45174,150,11193,48 Fletcher Rd,2013-09-15 00:00:00,2
T8741,27746,228F,11682,25 Main North Rd,2013-11-03 00:00:00,4
T8742,49419,881,14856,46 Mount Barker Rd,2014-05-18 00:00:00,23
T8743,16910,254,11708,37 Commercial Rd,2013-08-11 00:00:00,1
T8744,27637,228,10135,74 Hamblynn Rd,2014-01-05 00:00:00,3
T8745,16275,203,13001,4 Melbourne St,2013-09-01 00:00:00,2
T8746,7054,232,13091,2 King William Rd,2014-07-06 00:00:00,7
T8747,31371,866,14769,34G Braeside Rd,2013-08-25 00:00:00,34
T8748,27277,222,12814,7 Main North Rd,2013-10-27 00:00:00,3
T8749,324,452,10231,Zone B Elizabeth Interchange,2013-08-04 00:00:00,1
T8750,27268,222,11160,33B Mawson Lakes Bvd,2014-01-12 00:00:00,1
T8751,58755,G21,13274,A2 King William Rd,2013-09-22 00:00:00,3
T8752,27409,222,11871,22 Main North Rd,2013-09-01 00:00:00,3
T8753,11175,147,13570,11 Stirling St,2014-03-16 00:00:00,2
T8754,11730,H33,12874,15 Marian Rd,2014-05-18 00:00:00,1
T8755,27438,224,10761,37 Salisbury Hwy,2013-11-17 00:00:00,1
T8756,27497,224F,10811,35 Salisbury Hwy,2013-08-11 00:00:00,1
T8757,32840,208,12217,19 Regency Rd,2013-12-01 00:00:00,2
T8758,56959,232,12660,11 Harrison Rd,2013-11-10 00:00:00,1
T8759,36384,411,17272,68 Burton Rd,2013-12-01 00:00:00,2
T8760,46965,200,14964,Zone A Marion Interchange,2013-10-13 00:00:00,3
T8761,15825,265,14298,18 Anzac Hwy,2013-09-22 00:00:00,1
T8762,50246,H22,16373,16A The Parade,2014-01-12 00:00:00,2
T8763,11979,248F,14094,11  Marion Rd,2014-06-29 00:00:00,2
T8764,674,401,10515,51 Waterloo Corner Rd,2014-05-25 00:00:00,5
T8765,36817,560,11294,36A Montague Rd,2014-05-11 00:00:00,5
T8766,63113,H33,16415,5 Henley Beach Rd,2013-12-29 00:00:00,7
T8767,57048,300,12775,13  Payneham Rd,2013-10-27 00:00:00,2
T8768,62706,232,12545,13 Harrison Rd,2014-01-12 00:00:00,1
T8769,52726,228,10465,51 Main North Rd,2014-02-09 00:00:00,1
T8770,50937,J1,16406,2 Henley Beach Rd,2013-07-28 00:00:00,25
T8771,50161,H21,16382,14 The Parade,2013-10-20 00:00:00,15
T8772,27713,228F,11135,34 Main North Rd,2013-08-18 00:00:00,2
T8773,31328,864F,13472,G1 Pulteney St,2013-07-07 00:00:00,1
T8774,11309,H30,16423,8 Henley Beach Rd,2014-02-23 00:00:00,2
T8775,14299,178,16290,U2 Victoria Sq,2014-03-09 00:00:00,16
T8776,12657,252,12818,11 Hawker St,2014-04-20 00:00:00,1
T8777,141,721X,15830,52 Main South Rd,2014-02-09 00:00:00,2
T8778,16780,252,13091,2 King William Rd,2013-09-08 00:00:00,2
T8779,15365,491,18216,142 Murray St,2013-09-15 00:00:00,3
T8780,49522,B10,13239,1A George St,2013-07-14 00:00:00,1
T8781,46264,174,12691,16 Payneham Rd,2013-10-13 00:00:00,1
T8782,46015,172,16283,C3 King William St,2013-09-01 00:00:00,26
T8783,15432,263,14153,13 Anzac Hwy,2014-02-02 00:00:00,1
T8784,36922,565,17821,42 Beovich Rd,2014-02-16 00:00:00,2
T8785,59063,M44,14133,11A  Marion Rd,2013-11-24 00:00:00,3
T8786,45457,168,13913,11A Streeters Rd,2014-01-19 00:00:00,1
T8787,20787,C1,11378,Zone E Tea Tree Plaza Intercha,2014-03-30 00:00:00,16
T8788,50340,H22C,16397,7 The Parade,2013-09-29 00:00:00,5
T8789,9065,507,11793,31 North East Rd,2014-05-11 00:00:00,1
T8790,6730,178,12635,20 Montacute Rd,2014-06-01 00:00:00,1
T8791,52668,224,10503,49 Church St,2014-03-09 00:00:00,3
T8792,46212,174,13257,1 Botanic Rd,2013-08-11 00:00:00,1
T8793,64094,281,13286,F1 North Tce,2013-12-01 00:00:00,24
T8794,7124,190,13894,5 Unley Rd,2014-06-08 00:00:00,1
T8795,49666,B10,13008,28 Grange Rd,2013-11-24 00:00:00,4
T8796,6594,230,11731,34 Grand Junction Rd,2014-06-22 00:00:00,9
T8797,13577,262,14616,28 Brighton Rd,2014-06-15 00:00:00,2
T8798,47544,281,12096,Zone I Paradise Interchange,2013-10-13 00:00:00,3
T8799,53556,541,11368,45 Smart Rd,2013-08-04 00:00:00,1
T8800,12888,W90,13075,6 Harrow Rd,2014-06-08 00:00:00,6
T8801,29748,721,14494,17 South Rd,2013-09-29 00:00:00,1
T8802,9261,B10,12983,25 Grange Rd,2014-06-15 00:00:00,5
T8803,51554,W90,14598,20D Daws Rd,2013-12-08 00:00:00,1
T8804,16260,M44,13280,R2 North Tce,2014-04-20 00:00:00,6
T8805,27523,224F,10440,52A Porter St,2013-09-22 00:00:00,1
T8806,48757,720,14630,20 South Rd,2013-11-03 00:00:00,7
T8807,50832,H32,16423,8 Henley Beach Rd,2013-07-21 00:00:00,20
T8808,52918,251,16279,X2 King William St,2014-01-19 00:00:00,11
T8809,29587,720,14970,Zone F Marion Interchange,2013-08-25 00:00:00,8
T8810,29831,721F,14894,25A Main South Rd,2013-11-03 00:00:00,1
T8811,48737,720,17969,Zone A Hallett Cove Shopping C,2013-07-28 00:00:00,21
T8812,64350,B10,12973,24 Grange Rd,2013-12-08 00:00:00,5
T8813,58473,G10,14048,8 Goodwood Rd,2013-10-27 00:00:00,1
T8814,5751,H30,16458,14 Henley Beach Rd,2014-04-13 00:00:00,1
T8815,56925,232,12608,12 Harrison Rd,2013-10-13 00:00:00,8
T8816,58864,M44,14471,18 Marion Rd,2013-10-13 00:00:00,1
T8817,15707,263,16589,5A Anzac Hwy,2014-02-09 00:00:00,1
T8818,58713,G20,15269,34 Flagstaff Rd,2013-12-15 00:00:00,2
T8819,9159,503,11855,32 Lyons Rd,2014-01-05 00:00:00,2
T8820,15485,G10,11796,23 Prospect Rd,2014-03-23 00:00:00,6
T8821,27550,225,10940,40A Kesters Rd,2014-01-12 00:00:00,1
T8822,58237,G10,14805,23A Fiveash Dr,2013-12-08 00:00:00,1
T8823,10736,142,13312,X1 Pulteney St,2014-04-13 00:00:00,13
T8824,13443,141,13408,6 Kensington Rd,2014-05-11 00:00:00,3
T8825,58593,G10B,11955,21 Prospect Rd,2014-01-05 00:00:00,1
T8826,19395,271,13310,Y1 Pulteney St,2014-05-25 00:00:00,1
T8827,8769,506,11605,35 Wandana Av,2013-10-06 00:00:00,3
T8828,45265,157,12583,17 Port Rd,2013-08-11 00:00:00,2
T8829,18654,254,11776,30 Hanson Rd,2014-02-02 00:00:00,2
T8830,58950,M44,14963,Zone B Marion Interchange,2013-12-08 00:00:00,8
T8831,28141,271,12647,12 North East Rd,2013-12-29 00:00:00,3
T8832,13745,174,12760,13A Payneham Rd,2014-06-08 00:00:00,2
T8833,28751,494,18244,161 Main South Road,2013-09-22 00:00:00,1
T8834,58210,C2,10790,Zone A Golden Grove Village In,2013-07-21 00:00:00,7
T8835,32420,J7,13924,9B  Marion Rd,2013-09-29 00:00:00,2
T8836,50738,H31,13312,X1 Pulteney St,2013-09-08 00:00:00,29
T8837,57101,300G,14972,Zone E Marion Interchange,2013-09-15 00:00:00,3
T8838,12938,W91,12863,11 Sixth Av,2014-02-23 00:00:00,5
T8839,53733,557,11246,47 North East Rd,2014-01-12 00:00:00,1
T8840,14296,178,12570,28 Montacute Rd,2014-02-23 00:00:00,1
T8841,14069,271,12084,24 North East Rd,2014-04-27 00:00:00,3
T8842,18338,864F,18422,55 Mt Barker Road,2014-04-27 00:00:00,3
T8843,5649,100,12940,17  Grange Rd,2014-02-16 00:00:00,1
T8844,16301,M44,13364,W3 Currie St,2014-02-23 00:00:00,1
T8845,45320,162,13732,13C Cambridge Av,2013-07-07 00:00:00,1
T8846,36879,565,17837,37B Henderson Av,2013-08-04 00:00:00,2
T8847,15143,G10,13838,4 Goodwood Rd,2014-02-23 00:00:00,1
T8848,4422,271,12435,17 North East Rd,2013-10-06 00:00:00,2
T8849,10362,H21,17786,16B Glynburn Rd,2014-02-23 00:00:00,2
T8850,50452,H30,12895,22 Moules Rd,2013-07-21 00:00:00,2
T8851,10082,541X,13339,F2 Grenfell St,2013-07-07 00:00:00,17
T8852,16355,M44,13781,2 Anzac Hwy,2014-04-06 00:00:00,1
T8853,51095,J2,16405,1 Henley Beach Rd,2013-07-14 00:00:00,2
T8854,46472,178,13300,Y2 King William St,2013-10-27 00:00:00,9
T8855,65045,720,15571,57 Young St,2014-02-23 00:00:00,7
T8856,834,725,15879,58 Brodie Rd,2014-02-16 00:00:00,1
T8857,17876,861,13864,8 Glen Osmond Rd,2014-04-06 00:00:00,12
T8858,19408,273,11867,29C Sudholz Rd,2014-05-18 00:00:00,2
T8859,45503,168,13714,2 Richmond Rd,2013-09-22 00:00:00,1
T8860,57868,C1,17189,Zone B Klemzig Interchange,2013-10-13 00:00:00,12
T8861,10318,H20,14292,17 Anzac Hwy,2014-06-08 00:00:00,1
T8862,51734,W91,13820,5 Leader St,2013-10-27 00:00:00,1
T8863,19145,861,13834,7 Glen Osmond Rd,2014-04-20 00:00:00,1
T8864,50613,H30S,13276,I3 North Tce,2013-07-28 00:00:00,1
T8865,15895,G21X,14928,26 Main South Rd,2014-04-13 00:00:00,1
T8866,65258,719,14717,22 South Rd,2014-03-30 00:00:00,2
T8867,13624,265,16289,E1 King William St,2014-03-16 00:00:00,7
T8868,13178,254X,16287,V2 King William St,2014-02-02 00:00:00,6
T8869,49143,745A,18017,66 David Witton Dr,2013-09-15 00:00:00,2
T8870,8892,506,11399,42A Smart Rd,2013-07-28 00:00:00,1
T8871,65369,721F,18486,W Grote St,2014-07-06 00:00:00,6
T8872,13156,254X,12025,27 Hanson Rd,2014-06-15 00:00:00,3
T8873,10318,H20,14313,21A Anzac Hwy,2014-01-26 00:00:00,2
T8874,15488,G10,12633,11 Prospect Rd,2014-05-18 00:00:00,1
T8875,36398,411,10526,Zone B Salisbury Interchange,2013-10-27 00:00:00,33
T8876,11472,241,17557,21 Daws Rd,2014-03-23 00:00:00,5
T8877,34501,147,13585,4 Dulwich Av,2013-10-06 00:00:00,1
T8878,14289,178,12340,25 Gorge Rd,2014-05-18 00:00:00,1
T8879,9091,350,12385,33C West Lakes Bvd,2014-04-13 00:00:00,3
T8880,50099,H20,13354,D1 Currie St,2013-08-04 00:00:00,2
T8881,8671,545,10793,Zone B Golden Grove Village In,2013-09-01 00:00:00,5
T8882,56738,230,11748,35 Grand Junction Rd,2013-10-06 00:00:00,1
T8883,51024,J1A,16412,3 Henley Beach Rd,2013-09-29 00:00:00,1
T8884,11308,H30,12985,12 Coorara Av,2014-04-06 00:00:00,1
T8885,5754,H30,13082,8A  Portrush Rd,2014-04-20 00:00:00,1
T8886,25678,SCH_NS,16281,X1 King William St,2013-08-25 00:00:00,3
T8887,6592,230,12545,13 Harrison Rd,2014-04-06 00:00:00,3
T8888,27854,229F,12047,20 Main North Rd,2014-02-16 00:00:00,6
T8889,23248,C1,13328,H1 Grenfell St,2013-06-30 00:00:00,1
T8890,7449,281,13257,1 Botanic Rd,2014-03-16 00:00:00,1
T8891,12958,W91,14754,22A Cashel St,2014-05-11 00:00:00,1
T8892,63108,T721X,16036,Zone B Colonnades Interchange,2014-05-18 00:00:00,1
T8893,14305,178,13159,4 Payneham Rd,2014-03-16 00:00:00,1
T8894,36817,560,10649,46B Smith St,2014-01-12 00:00:00,1
T8895,6451,500,10227,Zone E Elizabeth City Centre,2014-01-26 00:00:00,1
T8896,4441,271,13330,G3 Grenfell St,2013-09-29 00:00:00,8
T8897,14136,273,12146,22 North East Rd,2014-02-23 00:00:00,13
T8898,36346,411,10499,50 / B Ann St,2013-10-27 00:00:00,1
T8899,50070,H20,16369,17 The Parade,2013-09-15 00:00:00,3
T8900,29685,721,14291,13 South Rd,2013-08-18 00:00:00,1
T8901,7476,281,13294,D North Tce,2014-05-04 00:00:00,16
T8902,17143,265,14313,21A Anzac Hwy,2014-01-19 00:00:00,1
T8903,63911,734,15091,37 Brighton Rd,2014-04-20 00:00:00,1
T8904,18496,241,14972,Zone E Marion Interchange,2014-04-20 00:00:00,7
T8905,7461,281,13294,D North Tce,2014-05-04 00:00:00,15
T8906,61897,744,16072,59 Glynville Dr,2013-10-20 00:00:00,1
T8907,8814,556,11766,36 Lower North East Rd,2013-10-27 00:00:00,5
T8908,27338,222,13078,2 King William Rd,2013-07-14 00:00:00,10
T8909,9281,H20,16393,9 The Parade,2014-06-29 00:00:00,3
T8910,59026,M44,14259,13 Marion Rd,2014-01-05 00:00:00,6
T8911,12084,157,12546,18 Port Rd,2014-02-09 00:00:00,1
T8912,11647,150,12797,12 Port Rd,2014-04-13 00:00:00,1
T8913,5855,J1,13539,6B Sir Donald Bradman Dr,2014-06-22 00:00:00,1
T8914,59113,M44G,17189,Zone B Klemzig Interchange,2013-10-13 00:00:00,1
T8915,3623,451,17373,74G President Av,2014-01-26 00:00:00,1
T8916,18352,864F,13348,E1 Currie St,2014-05-04 00:00:00,107
T8917,20086,645,15143,37 Neath Av,2014-05-25 00:00:00,3
T8918,44851,118,11961,34A Old Port Rd,2013-07-28 00:00:00,1
T8919,12262,167,13734,5 Richmond Rd,2014-04-06 00:00:00,1
T8920,47661,281,13303,B2 North Tce,2013-06-30 00:00:00,1
T8921,31227,864,17889,Zone A Dutton Rd,2013-12-15 00:00:00,6
T8922,48736,720,13996,7 South Rd,2013-08-18 00:00:00,4
T8923,9747,B10,13364,W3 Currie St,2014-05-11 00:00:00,5
T8924,45554,168,14021,15 Mooringe Av,2013-09-22 00:00:00,1
T8925,27322,222,11871,22 Main North Rd,2013-09-29 00:00:00,1
T8926,31809,G40,11025,47 Golden Grove Rd,2013-08-04 00:00:00,3
T8927,14771,C1T,13328,H1 Grenfell St,2014-03-09 00:00:00,6
T8928,50532,H30,16441,24 Henley Beach Rd,2013-09-08 00:00:00,1
T8929,64912,B10,18492,Zone C West Lakes Interchange,2013-12-15 00:00:00,3
T8930,27923,241,17563,22B Oaklands Rd,2013-12-08 00:00:00,1
T8931,64700,682,15456,53A Adams Rd,2014-04-27 00:00:00,1
T8932,18349,864F,14873,45 Mount Barker Rd,2014-03-23 00:00:00,2
T8933,5429,157,12471,20 Port Rd,2013-10-06 00:00:00,1
T8934,1522,744,16039,Zone D Colonnades Interchange,2014-05-04 00:00:00,4
T8935,44900,141,13404,7 Kensington Rd,2013-09-01 00:00:00,7
T8936,15001,G10,12623,11 Prospect Rd,2014-05-25 00:00:00,1
T8937,5673,100P,13383,8A  Marion Rd,2014-06-15 00:00:00,7
T8938,27102,203,11713,28 Hampstead Rd,2014-01-19 00:00:00,1
T8939,16863,254X,11722,33 Grand Junction Rd,2013-08-11 00:00:00,7
T8940,13717,172,13878,5 Duthy St,2014-02-02 00:00:00,1
T8941,13656,265,14634,27 Whyte St,2014-04-20 00:00:00,1
T8942,59692,251,13069,5 Hill St,2013-11-03 00:00:00,1
T8943,58739,G20,15382,48A Sunnymeade Dr,2013-09-01 00:00:00,3
T8944,58950,M44,13928,6 Anzac Hwy,2013-10-06 00:00:00,2
T8945,15716,263,14023,9 Anzac Hwy,2014-04-13 00:00:00,2
T8946,17618,208,11889,25B Fosters Rd,2014-02-09 00:00:00,1
T8947,58465,G10,13890,5 Goodwood Rd,2013-11-17 00:00:00,3
T8948,14091,271,12109,23 North East Rd,2014-04-13 00:00:00,1
T8949,63686,722,16049,Zone F Noarlunga Centre Interc,2014-05-11 00:00:00,1
T8950,15743,M44,11274,45 Reservoir Rd,2014-04-06 00:00:00,1
T8951,46629,190,13509,R1 Pulteney St,2013-07-07 00:00:00,1
T8952,10871,H30,12800,27 Stradbroke Rd,2014-05-04 00:00:00,1
T8953,10981,141,13279,R1 North Tce,2014-04-13 00:00:00,7
T8954,223,749,16999,116 Pridham Bvd,2014-01-26 00:00:00,1
T8955,65023,720,14261,12 South Rd,2013-12-15 00:00:00,1
T8956,46465,178,12640,18 Montacute Rd,2013-09-08 00:00:00,2
T8957,11229,H30,16428,26 Seaview Rd,2014-03-02 00:00:00,8
T8958,14180,273,12146,22 North East Rd,2014-06-22 00:00:00,6
T8959,218,749,16174,78 Commercial Rd,2013-12-01 00:00:00,1
T8960,4193,271,12787,9 Northcote Tce,2013-08-25 00:00:00,1
T8961,8772,200B,14053,10 Victoria Av,2014-06-22 00:00:00,2
T8962,50224,H22,13364,W3 Currie St,2013-10-06 00:00:00,1
T8963,663,400,10346,60A Quadrant Av,2013-08-11 00:00:00,1
T8964,45124,147,13308,B1 East Tce,2013-06-30 00:00:00,1
T8965,30421,734,15949,68A Gulfview Rd,2013-09-08 00:00:00,5
T8966,65011,720,13476,A1 Sir Donald Bradman Dr,2014-06-29 00:00:00,1
T8967,44807,118,11823,35B Old Port Rd,2013-07-07 00:00:00,3
T8968,27126,203,13459,B2 Grote St,2013-09-29 00:00:00,1
T8969,30165,725,17120,Zone C Old Reynella Interchang,2013-10-27 00:00:00,7
T8970,7879,506,13365,C1 Currie St,2014-05-25 00:00:00,10
T8971,59081,M44,17526,T2 North Tce,2013-08-25 00:00:00,31
T8972,49290,750,17675,117 Rowley Rd,2013-09-22 00:00:00,6
T8973,15460,G10,13003,4 O'Connell St,2014-06-01 00:00:00,1
T8974,45177,150,10924,56 Victoria Rd,2013-11-10 00:00:00,1
T8975,27756,228F,12714,10 Main North Rd,2013-10-27 00:00:00,3
T8976,52547,208,12613,13 North East Rd,2013-10-20 00:00:00,1
T8977,5549,171,13779,4 Glen Osmond Rd,2014-05-11 00:00:00,1
T8978,47477,263,14290,16 Anzac Hwy,2013-09-15 00:00:00,1
T8979,974,734,15945,67A Gulfview Rd,2014-03-16 00:00:00,5
T8980,10403,J1,13809,15A West Beach Rd,2014-03-30 00:00:00,1
T8981,48218,361,11640,27 Grand Junction Rd,2013-08-04 00:00:00,2
T8982,48197,350,11655,38 Commercial Rd,2013-12-08 00:00:00,1
T8983,53341,451,10223,Zone A Elizabeth City Centre,2014-06-22 00:00:00,17
T8984,31048,861,13802,6 Glen Osmond Rd,2013-12-01 00:00:00,13
T8985,30389,734,17244,59 Young St,2013-10-27 00:00:00,2
T8986,36365,411,17514,38 Shepherdson Rd,2014-03-30 00:00:00,2
T8987,20774,C1,10222,Zone D Elizabeth City Centre,2014-01-26 00:00:00,3
T8988,27320,222,12947,5 O'Connell St,2014-05-25 00:00:00,8
T8989,1198,404,17507,39 Morgan St,2013-07-21 00:00:00,1
T8990,36456,440,10135,74 Hamblynn Rd,2014-05-18 00:00:00,10
T8991,18202,248,13928,6 Anzac Hwy,2014-05-18 00:00:00,1
T8992,47611,281,12505,15A Wilpena Av,2013-10-06 00:00:00,1
T8993,57040,300,13656,13 Ingerson St,2013-09-22 00:00:00,4
T8994,50335,H22C,16369,17 The Parade,2013-12-29 00:00:00,1
T8995,57898,C1,10237,64B Playford Bvd,2013-12-01 00:00:00,5
T8996,44848,118,17190,35A Old Port Rd,2014-01-19 00:00:00,3
T8997,8754,200B,14387,17 East Pky,2014-03-23 00:00:00,1
T8998,57139,300H,12238,17A Regency Rd,2013-09-01 00:00:00,7
T8999,22478,741A,17203,85 The Parade,2014-02-23 00:00:00,7
T9000,50445,H30,16424,8 Henley Beach Rd,2013-08-25 00:00:00,1
T9001,2233,430,16679,49 / B Church St,2013-07-07 00:00:00,3
T9002,16255,M44,11276,45 Reservoir Rd,2014-06-08 00:00:00,1
T9003,51622,W90,14054,11 East Av,2013-11-03 00:00:00,1
T9004,15307,M44,11399,42A Smart Rd,2014-03-23 00:00:00,2
T9005,59025,M44,14635,21 Marion Rd,2013-10-20 00:00:00,9
T9006,64248,281,11974,28 Brecon St,2014-01-19 00:00:00,1
T9007,27614,225M,17480,40 Kesters Rd,2013-12-01 00:00:00,3
T9008,29688,721,17120,Zone C Old Reynella Interchang,2013-08-04 00:00:00,2
T9009,47066,200C,13473,G2 Victoria Sq,2013-11-24 00:00:00,1
T9010,155,722,14995,27 Main South Rd,2014-06-15 00:00:00,3
T9011,11295,H30,13354,D1 Currie St,2014-03-02 00:00:00,2
T9012,52620,222,11791,23 Main North Rd,2013-11-24 00:00:00,2
T9013,50533,H30,12460,37 Graves St,2013-09-22 00:00:00,1
T9014,9268,B10,13154,13 Magill Rd,2014-04-27 00:00:00,11
T9015,660,400,10514,Zone F Salisbury Interchange,2014-06-29 00:00:00,2
T9016,45185,150,11655,38 Commercial Rd,2013-09-22 00:00:00,1
T9017,15547,G10C,12623,11 Prospect Rd,2014-04-06 00:00:00,9
T9018,63504,721,15687,44 Old South Rd,2014-01-26 00:00:00,1
T9019,631,725,15884,58 Brodie Rd,2014-01-12 00:00:00,1
T9020,27514,224F,10441,52A Porter St,2013-08-04 00:00:00,1
T9021,13656,265,15068,36B Edwards St,2014-04-27 00:00:00,2
T9022,14432,168,14020,15 Mooringe Av,2014-05-11 00:00:00,2
T9023,18026,506,11040,59 Kelly Rd,2013-07-28 00:00:00,1
T9024,48833,722F,15095,29 Main South Rd,2013-10-06 00:00:00,2
T9025,63593,H33C,13184,5 Magill Rd,2014-01-12 00:00:00,1
T9026,7576,281,13018,4 Park Rd,2014-02-16 00:00:00,3
T9027,25560,SCHONE,11347,Zone A Tea Tree Plaza Intercha,2013-11-03 00:00:00,19
T9028,27773,228X,10135,74 Hamblynn Rd,2014-06-29 00:00:00,4
T9029,19112,300H,13017,28A Grange Rd,2014-05-11 00:00:00,1
T9030,45395,167,14222,22 Shannon Av,2013-11-17 00:00:00,1
T9031,45497,168,13734,5 Richmond Rd,2013-08-18 00:00:00,8
T9032,51661,W91,13818,5 Leader St,2013-12-29 00:00:00,1
T9033,56550,190,13766,2 Unley Rd,2013-08-11 00:00:00,3
T9034,51771,W91C,14072,11 East Av,2013-07-07 00:00:00,2
T9035,27595,225F,11176,39A Kesters Rd,2013-07-07 00:00:00,1
T9036,15176,G10,14835,23B Fiveash Dr,2014-02-23 00:00:00,4
T9037,45153,150,12546,18 Port Rd,2013-12-22 00:00:00,1
T9038,65368,721F,15952,57 Main South Rd,2013-12-08 00:00:00,1
T9039,13144,254X,11742,34A Grand Junction Rd,2014-04-27 00:00:00,11
T9040,15085,G10,13838,4 Goodwood Rd,2014-05-11 00:00:00,5
T9041,33066,734,17118,Zone A Old Reynella Interchang,2013-08-11 00:00:00,6
T9042,58211,C2,10945,50 Golden Grove Rd,2014-01-12 00:00:00,5
T9043,32707,T842,18363,64A Cameron Rd,2013-10-20 00:00:00,27
T9044,4601,118,11565,Zone D Port Adelaide Interchan,2013-12-22 00:00:00,2
T9045,14285,178,13080,6 Payneham Rd,2014-04-13 00:00:00,1
T9046,30853,820,13644,11 Greenhill Rd,2013-10-13 00:00:00,1
T9047,22449,741,18682,Zone B Seaford Interchange,2014-06-15 00:00:00,1
T9048,47946,288,13297,W1 North Tce,2013-11-17 00:00:00,70
T9049,4196,271,12613,13 North East Rd,2013-08-25 00:00:00,7
T9050,22424,740,18682,Zone B Seaford Interchange,2014-04-27 00:00:00,2
T9051,1668,743,16039,Zone D Colonnades Interchange,2014-06-29 00:00:00,3
T9052,27551,225,10800,44A Northbri Av,2013-08-25 00:00:00,1
T9053,48719,719,14221,11 South Rd,2013-10-27 00:00:00,1
T9054,27947,241A,14320,14 Towers Tce,2013-08-04 00:00:00,1
T9055,64999,719,14296,13 South Rd,2014-06-15 00:00:00,3
T9056,58830,G30,13551,C1 Sturt St,2014-01-19 00:00:00,1
T9057,9461,H30,16406,2 Henley Beach Rd,2014-02-09 00:00:00,2
T9058,12494,171A,13343,E3 Currie St,2014-04-13 00:00:00,6
T9059,11992,251,12519,18 Torrens Rd,2014-06-29 00:00:00,3
T9060,6094,190,13766,2 Unley Rd,2014-05-04 00:00:00,1
T9061,14844,G10,16275,Z2 King William St,2014-06-08 00:00:00,11
T9062,52661,224,12297,17 Main North Rd,2013-07-14 00:00:00,3
T9063,58255,G10,14805,23A Fiveash Dr,2013-11-10 00:00:00,2
T9064,20096,645,15143,37 Neath Av,2014-02-02 00:00:00,3
T9065,12763,168,13353,V2 Currie St,2014-03-30 00:00:00,18
T9066,45085,147,13795,18 Devereux Rd,2013-12-29 00:00:00,2
T9067,50737,H31,12995,10A Coorara Av,2013-10-20 00:00:00,1
T9068,11761,H33,12975,13 Coorara Av,2014-06-08 00:00:00,2
T9069,46363,178,12584,26 Montacute Rd,2013-09-29 00:00:00,9
T9070,13187,254X,11731,34 Grand Junction Rd,2014-03-30 00:00:00,12
T9071,6997,230,16287,V2 King William St,2014-04-06 00:00:00,9
T9072,27505,224F,16275,Z2 King William St,2014-02-09 00:00:00,4
T9073,58287,G10,12947,5 O Connell St,2013-12-15 00:00:00,1
T9074,14257,178,13285,F2 North Tce,2014-03-16 00:00:00,12
T9075,9257,B10,12847,30 Frederick Rd,2014-05-25 00:00:00,1
T9076,36833,560,11297,29 Montague Rd,2013-10-20 00:00:00,1
T9077,50728,H31,16450,17 Henley Beach Rd,2013-09-15 00:00:00,5
T9078,13023,178,12619,23 Montacute Rd,2014-05-18 00:00:00,3
T9079,15441,263,14565,27 Brighton Rd,2014-04-27 00:00:00,1
T9080,47720,287,13227,9 Ashley St,2013-10-20 00:00:00,1
T9081,27331,222,12771,8 Main North Rd,2014-04-06 00:00:00,3
T9082,46914,200,13768,2 King William Rd,2013-09-22 00:00:00,2
T9083,17416,839,18191,82 Hurling Dr,2014-04-13 00:00:00,6
T9084,49664,B10,12677,31A Frederick Rd,2013-09-15 00:00:00,2
T9085,16604,M44,13364,W3 Currie St,2014-02-02 00:00:00,8
T9086,50458,H30,12878,24 Glen Stuart Rd,2013-08-25 00:00:00,87
T9087,28657,442,10161,78 Blair Park Dr,2014-04-06 00:00:00,1
T9088,59001,M44,14094,11  Marion Rd,2013-11-17 00:00:00,1
T9089,50328,H22,16394,8 The Parade,2013-07-28 00:00:00,3
T9090,52847,241,14982,31 Sturt Rd,2013-11-10 00:00:00,1
T9091,21223,C1G,13328,H1 Grenfell St,2014-06-29 00:00:00,15
T9092,11622,150,12425,21 Port Rd,2014-05-18 00:00:00,17
T9093,13058,190,13894,5 Unley Rd,2014-06-08 00:00:00,3
T9094,9917,H33C,12990,11 Coorara Av,2014-02-16 00:00:00,1
T9095,16252,M44,14432,17 Marion Rd,2014-03-23 00:00:00,4
T9096,15567,G20,15253,33 Flagstaff Rd,2014-07-06 00:00:00,1
T9097,8299,545,11005,52 The Golden Wy,2013-12-29 00:00:00,2
T9098,17769,840X,15377,63 Adelaide Rd,2014-04-20 00:00:00,7
T9099,3618,451,10142,70 Easton Av,2014-02-02 00:00:00,1
T9100,10552,208B,16277,Z1 King William St,2014-02-02 00:00:00,2
T9101,10032,204,12195,20A Muller Rd,2014-04-06 00:00:00,1
T9102,65046,720,14817,24A South Rd,2014-01-26 00:00:00,1
T9103,16592,M44,14602,20 Marion Rd,2014-07-06 00:00:00,1
T9104,8591,B10,13110,19 Magill Rd,2014-05-18 00:00:00,1
T9105,11218,147,13282,G2 North Tce,2014-06-22 00:00:00,10
T9106,10924,117,11833,36A Bartley Tce,2014-06-08 00:00:00,3
T9107,9729,B10,12928,12 Grange Rd,2014-02-16 00:00:00,2
T9108,18040,506,11556,37 Pauls Dr,2013-12-08 00:00:00,2
T9109,5904,300,12276,111 Regency Rd,2014-03-30 00:00:00,8
T9110,27383,222,17377,33C Mawson Lakes Bvd,2014-05-04 00:00:00,1
T9111,58193,C2,11378,Zone E Tea Tree Plaza Intercha,2013-11-10 00:00:00,24
T9112,13545,281,12594,14 Harris Rd,2014-06-08 00:00:00,3
T9113,9248,B10,13324,X1 West Tce,2014-05-25 00:00:00,1
T9114,27703,228F,10543,49 Main North Rd,2013-07-21 00:00:00,1
T9115,12823,170,13878,5 Duthy St,2014-06-08 00:00:00,1
T9116,46188,174,13076,6 Payneham Rd,2014-01-05 00:00:00,1
T9117,57051,300,12353,19 O G Rd,2013-11-03 00:00:00,1
T9118,47448,241,14194,11 Chitral Tce,2013-09-01 00:00:00,1
T9119,10053,208,11800,28 Sudholz Rd,2014-06-15 00:00:00,5
T9120,4175,361,11646,25A Grand Junction Rd,2013-11-03 00:00:00,6
T9121,28957,541X,11388,43C Smart Rd,2013-08-04 00:00:00,6
T9122,44966,142,13501,13 Rochester St,2014-01-12 00:00:00,2
T9123,22312,745,16137,72 Barcelona Rd,2014-03-23 00:00:00,1
T9124,57949,C1,17171,62A The Grove Wy,2013-07-14 00:00:00,10
T9125,56983,300,14972,Zone E Marion Interchange,2013-08-18 00:00:00,8
T9126,6709,178,13051,7 Payneham Rd,2014-01-26 00:00:00,3
T9127,44753,117,12415,33 West Lakes Bvd,2013-09-15 00:00:00,1
T9128,58315,G10,16281,X1 King William St,2013-11-24 00:00:00,58
T9129,3643,451,10128,70A Easton Av,2013-12-01 00:00:00,2
T9130,45533,168,13733,4 Richmond Rd,2013-12-22 00:00:00,1
T9131,11077,239,12212,Zone B Arndale Interchange,2014-04-06 00:00:00,8
T9132,18214,248,16589,5A Anzac Hwy,2014-04-20 00:00:00,1
T9133,10768,H22,16434,1 Bartels Rd,2014-02-02 00:00:00,5
T9134,64382,681,14996,34A Sturt Rd,2014-06-22 00:00:00,1
T9135,9237,B10,13089,25 Vine St,2014-01-26 00:00:00,3
T9136,64841,722,15931,53A States Rd,2014-07-06 00:00:00,2
T9137,27707,228F,10246,62 Midway Rd,2013-12-22 00:00:00,1
T9138,50167,H21,12815,18 Glynburn Rd,2014-01-05 00:00:00,2
T9139,58360,G10,16275,Z2 King William St,2013-12-29 00:00:00,17
T9140,47810,287,13112,27 Marlborough St,2013-09-01 00:00:00,1
T9141,64787,721,16022,64A Alexander Kelly Dr,2014-06-08 00:00:00,2
T9142,18559,251,12567,17 Torrens Rd,2014-06-22 00:00:00,1
T9143,322,452,18139,78C Peachey Rd,2014-04-20 00:00:00,1
T9144,22508,745,16246,89 Grand Bvd,2014-05-04 00:00:00,3
T9145,59163,M44X,10906,56 Richardson Dr,2013-10-13 00:00:00,1
T9146,56515,190,13799,3 Unley Rd,2013-09-01 00:00:00,5
T9147,11577,248,13829,3 Anzac Hwy,2014-05-04 00:00:00,4
T9148,29517,719,14087,9 South Rd,2013-07-28 00:00:00,3
T9149,10168,118,11961,34A Old Port Rd,2014-02-02 00:00:00,1
T9150,57972,C1,11351,Zone B Tea Tree Plaza Intercha,2013-12-08 00:00:00,18
T9151,13206,262,13928,6 Anzac Hwy,2014-02-09 00:00:00,11
T9152,50413,H30,13279,R1 North Tce,2013-10-13 00:00:00,3
T9153,59017,M44,11401,42A Smart Rd,2013-08-18 00:00:00,2
T9154,12133,162,13513,5B Sir Donald Bradman Dr,2014-06-29 00:00:00,15
T9155,189,722F,16049,Zone F Noarlunga Centre Interc,2014-03-30 00:00:00,7
T9156,10385,H21,13308,B1 East Tce,2014-06-29 00:00:00,1
T9157,15733,263,16588,Y1 Grote St,2014-03-16 00:00:00,3
T9158,258,400,10239,64 Kinkaid Rd,2013-11-10 00:00:00,2
T9159,11480,241,14386,15A Raglan Av,2014-02-16 00:00:00,1
T9160,8915,506,11410,44 Wright Rd,2014-05-25 00:00:00,1
T9161,10844,H23,13402,8 Kensington Rd,2014-04-06 00:00:00,2
T9162,14975,G10,14919,26 Shepherds Hill Rd,2014-03-16 00:00:00,2
T9163,16248,M44,10791,Zone E Golden Grove Village In,2014-02-23 00:00:00,15
T9164,52655,224,10232,Zone C Elizabeth Interchange,2013-09-29 00:00:00,1
T9165,10570,208B,12773,10 Walkerville Tce,2014-03-23 00:00:00,1
T9166,9201,507,11347,Zone A Tea Tree Plaza Intercha,2013-09-01 00:00:00,20
T9167,45588,170,13764,2 George St,2013-12-01 00:00:00,2
T9168,17338,837,17180,64 Hutchinson St,2014-03-16 00:00:00,71
T9169,14573,C1,13206,2 Hackney Rd,2014-04-13 00:00:00,1
T9170,18023,506,11078,61 Kelly Rd,2013-09-15 00:00:00,3
T9171,13629,265,14675,29 King George Av,2014-06-01 00:00:00,1
T9172,36445,440,10140,73 Midway Rd,2013-07-21 00:00:00,1
T9173,106,451,18126,74D President Ave,2014-03-16 00:00:00,3
T9174,15093,G10,14878,25 Ayliffes Rd,2014-06-22 00:00:00,2
T9175,15839,G20F,15311,39 Ridgeway Dr,2014-03-02 00:00:00,8
T9176,30185,725,15702,46 Grant Rd,2013-09-01 00:00:00,1
T9177,59108,M44G,14760,24 Marion Rd,2013-12-22 00:00:00,4
T9178,11240,H30,13184,5 Magill Rd,2014-02-02 00:00:00,2
T9179,65529,721F,14628,20 South Rd,2014-06-15 00:00:00,2
T9180,19913,506,11347,Zone A Tea Tree Plaza Intercha,2014-03-16 00:00:00,1
T9181,15841,G20F,14995,27 Main South Rd,2014-02-16 00:00:00,7
T9182,51757,W91C,14150,12 Winston Av,2013-12-22 00:00:00,1
T9183,27093,202F,12399,16 Hampstead Rd,2013-11-03 00:00:00,1
T9184,10733,142,13330,G3 Grenfell St,2014-03-02 00:00:00,50
T9185,31005,842F,14040,13 Glen Osmond Rd,2013-08-11 00:00:00,5
T9186,50157,H20R,12887,21B St Bernards Rd,2013-11-10 00:00:00,8
T9187,14277,178,12336,26 Gorge Rd,2014-06-22 00:00:00,2
T9188,27663,228,11355,31 Main North Rd,2013-12-15 00:00:00,1
T9189,65069,720H,17242,58 Young St,2014-01-19 00:00:00,1
T9190,15392,M44C,11370,Zone C Tea Tree Plaza Intercha,2014-02-16 00:00:00,6
T9191,48797,721F,16022,64A Alexander Kelly Dr,2013-07-07 00:00:00,8
T9192,48902,733,15897,49A Wheatsheaf Rd,2013-07-14 00:00:00,1
T9193,9785,B10,12933,16 Grange Rd,2014-04-06 00:00:00,1
T9194,50728,H31,16420,7 Henley Beach Rd,2013-10-20 00:00:00,6
T9195,56619,190B,13179,1 King William Rd,2013-07-14 00:00:00,2
T9196,5984,178,13300,Y2 King William St,2014-06-15 00:00:00,22
T9197,57039,300,14967,29C Sturt Rd,2013-08-04 00:00:00,2
T9198,63733,725,17120,Zone C Old Reynella Interchang,2014-01-05 00:00:00,7
T9199,58340,G10,14048,8 Goodwood Rd,2013-08-04 00:00:00,2
T9200,64369,681,15419,47B Barramundi Dr,2014-05-18 00:00:00,2
T9201,50157,H20R,16373,16A The Parade,2013-12-01 00:00:00,5
T9202,47691,281,12360,19 Fourth Av,2013-10-20 00:00:00,1
T9203,5713,117,12602,30 Tapleys Hill Rd,2014-02-09 00:00:00,1
T9204,15483,G10,12662,10 Prospect Rd,2014-02-09 00:00:00,1
T9205,31192,863,14906,41 Mount Barker Rd,2013-07-07 00:00:00,2
T9206,447,400,16679,49 / B Church St,2014-04-13 00:00:00,8
T9207,50620,H30S,13087,8A Portrush Rd,2013-11-03 00:00:00,1
T9208,44711,100,14104,170 Cross Rd,2013-10-20 00:00:00,1
T9209,50093,H20,16387,11 The Parade,2013-09-29 00:00:00,1
T9210,58806,G21,15233,32 Flagstaff Rd,2013-10-20 00:00:00,1
T9211,7860,506,11011,53 Murrell Rd,2014-02-23 00:00:00,2
T9212,31221,864,15153,54A Mount Barker Rd,2013-12-15 00:00:00,8
T9213,12177,239,11804,22 Churchill Rd,2013-11-03 00:00:00,1
T9214,27556,225,10996,41 Kesters Rd,2013-08-18 00:00:00,1
T9215,12272,167C,13353,V2 Currie St,2014-06-15 00:00:00,16
T9216,14303,178,12879,10 Payneham Rd,2014-02-02 00:00:00,1
T9217,27555,225,10697,46 Frost Rd,2013-12-29 00:00:00,1
T9218,17035,254X,11806,29A Hanson Rd,2014-01-12 00:00:00,2
T9219,9495,202F,11559,30 Briens Rd,2014-01-26 00:00:00,4
T9220,27512,224F,10478,51 Commercial Rd,2014-06-29 00:00:00,2
T9221,16697,251,13078,2 King William Rd,2013-11-24 00:00:00,4
T9222,48754,720,14252,12 South Rd,2013-10-06 00:00:00,1
T9223,58406,G10,15053,Zone B Flinders Medical Centre,2013-12-22 00:00:00,2
T9224,58338,G10,14964,Zone A Marion Interchange,2013-09-01 00:00:00,15
T9225,10141,208,17827,27A Fosters Rd,2014-02-09 00:00:00,5
T9226,10847,H23,16392,9 The Parade,2014-05-04 00:00:00,1
T9227,28157,273,12096,Zone I Paradise Interchange,2013-11-10 00:00:00,1
T9228,8891,506,11619,35 Wandana Av,2014-05-25 00:00:00,1
T9229,46996,200,13715,1 King William Rd,2013-09-22 00:00:00,1
T9230,47443,241,14320,14 Towers Tce,2013-08-25 00:00:00,1
T9231,47943,288,13155,22 Valetta Rd,2013-10-06 00:00:00,3
T9232,16381,M44,13206,2 Hackney Rd,2014-02-16 00:00:00,1
T9233,45175,150,12935,7 Port Rd,2013-12-15 00:00:00,4
T9234,9510,202F,11778,27 Hampstead Rd,2014-06-08 00:00:00,2
T9235,29756,721,16046,Zone G Noarlunga Centre Interc,2013-07-14 00:00:00,2
T9236,11861,157,12199,33F West Lakes Bvd,2014-05-11 00:00:00,1
T9237,1157,734,15218,42 Brighton Rd,2014-07-06 00:00:00,1
T9238,17099,254,12383,22 Torrens Rd,2013-10-20 00:00:00,1
T9239,13751,174,12261,25 Lower North East Rd,2014-02-02 00:00:00,2
T9240,28870,503,13365,C1 Currie St,2013-07-14 00:00:00,8
T9241,27674,228,11791,23 Main North Rd,2013-10-06 00:00:00,1
T9242,59152,M44T,14131,11A  Marion Rd,2013-07-28 00:00:00,1
T9243,14652,G10,16281,X1 King William St,2014-06-15 00:00:00,4
T9244,5522,928,12106,Zone E Paradise Interchange,2014-06-29 00:00:00,10
T9245,14156,273,13062,2A Melbourne St,2014-04-06 00:00:00,1
T9246,223,749,16213,84 Commercial Rd,2013-12-22 00:00:00,1
T9247,64883,B10,12452,33 Frederick Rd,2013-12-08 00:00:00,1
T9248,16885,254X,11754,36A Grand Junction Rd,2013-12-01 00:00:00,2
T9249,10055,208,11844,26 Folland Av,2014-01-26 00:00:00,2
T9250,11255,H30,12979,15 Shelley St,2014-04-27 00:00:00,3
T9251,49173,747,16172,76B River Rd,2013-10-06 00:00:00,3
T9252,30914,837,15181,81 Woodside Rd,2013-08-04 00:00:00,1
T9253,63474,720H,14221,11 South Rd,2013-12-15 00:00:00,2
T9254,62866,749,16015,65 Beach Rd,2013-12-08 00:00:00,2
T9255,45905,172,14215,12 Harrow Tce,2013-09-22 00:00:00,1
T9256,16017,G20,13455,W1 Grote St,2014-02-02 00:00:00,2
T9257,11970,248,14718,27A Diagonal Rd,2014-05-18 00:00:00,1
T9258,9057,507,11537,36 North East Rd,2014-07-06 00:00:00,2
T9259,34040,118,13047,6 Manton St,2013-11-17 00:00:00,1
T9260,50873,J1,13539,6B Sir Donald Bradman Dr,2013-09-01 00:00:00,1
T9261,27238,209F,11336,37 Dulkara Rd,2013-10-06 00:00:00,2
T9262,46380,178,12760,13A Payneham Rd,2013-07-28 00:00:00,2
T9263,11248,H30,16444,25 Henley Beach Rd,2014-05-11 00:00:00,4
T9264,50951,J1,13809,15A West Beach Rd,2013-08-11 00:00:00,1
T9265,27330,222,13474,VS3 Victoria Sq,2014-04-27 00:00:00,2
T9266,11158,147,13854,20 Dashwood Rd,2014-06-15 00:00:00,5
T9267,50201,H22,16372,16B The Parade,2013-10-27 00:00:00,1
T9268,12724,253X,13261,Z3 King William St,2014-05-11 00:00:00,7
T9269,57388,645,15066,35 Laurence St,2013-11-10 00:00:00,1
T9270,11717,H32,16476,22B Lexington Rd,2014-06-29 00:00:00,5
T9271,17163,265,15037,36 Cedar Av,2013-07-14 00:00:00,1
T9272,48797,721F,15723,46 Main South Rd,2013-09-01 00:00:00,1
T9273,46373,178,12760,13A Payneham Rd,2014-01-19 00:00:00,2
T9274,44971,142,13424,2 Kensington Rd,2013-08-04 00:00:00,6
T9275,14852,G10,14458,16 Goodwood Rd,2014-04-06 00:00:00,2
T9276,30187,725,15890,59 Brodie Rd,2013-06-30 00:00:00,1
T9277,13458,196,13858,4 Unley Rd,2014-05-11 00:00:00,1
T9278,51764,W91C,13818,5 Leader St,2013-07-21 00:00:00,8
T9279,11259,H30,13195,3A Magill Rd,2014-02-02 00:00:00,4
T9280,53212,411,10552,45D Burton Rd,2013-12-22 00:00:00,1
T9281,8390,288,13084,16 Hartley Rd,2014-01-26 00:00:00,3
T9282,45702,171,13484,S1 Hutt St,2013-09-15 00:00:00,1
T9283,27117,203,11095,58 Milne Rd,2013-10-27 00:00:00,1
T9284,58369,G10,14433,15 Goodwood Rd,2013-10-27 00:00:00,1
T9285,27706,228F,13078,2 King William Rd,2014-03-09 00:00:00,1
T9286,11778,H33,16429,9 Henley Beach Rd,2014-04-20 00:00:00,1
T9287,59089,M44C,12129,Zone C Paradise Interchange,2014-01-26 00:00:00,6
T9288,30147,725,15816,54 Acre Av,2013-08-18 00:00:00,2
T9289,13453,141,13525,18 Hallett Rd,2014-04-27 00:00:00,2
T9290,48245,470,17273,69 Bolivar Rd,2014-06-01 00:00:00,6
T9291,27755,228F,17982,2 King William Rd,2014-05-11 00:00:00,6
T9292,58466,G10,14687,21 Goodwood Rd,2013-10-06 00:00:00,5
T9293,11525,245,13829,3 Anzac Hwy,2014-06-01 00:00:00,2
T9294,49248,749,17663,112A QUINLIVEN Rd,2013-09-01 00:00:00,1
T9295,15356,491,18329,117 Osprey Pde,2014-04-06 00:00:00,1
T9296,58508,G10,13555,B1 Sturt St,2013-10-06 00:00:00,1
T9297,19733,559,11953,29G Brookvale Rd,2014-05-04 00:00:00,1
T9298,17558,203,11116,52 Milne Rd,2014-06-15 00:00:00,1
T9299,11297,H30,12911,19 Arthur St,2014-06-29 00:00:00,1
T9300,19898,506,11737,32 Wandana Av,2014-05-11 00:00:00,1
T9301,51072,J1A,13341,T3 Grenfell St,2013-08-25 00:00:00,9
T9302,2058,557,11263,46 North East Rd,2013-10-06 00:00:00,1
T9303,28083,262,14844,33 Brighton Rd,2013-10-13 00:00:00,9
T9304,44900,141,13424,2 Kensington Rd,2013-10-20 00:00:00,13
T9305,46888,200,13842,4 King William Rd,2013-07-14 00:00:00,1
T9306,31005,842F,15377,63 Adelaide Rd,2013-08-04 00:00:00,2
T9307,10011,203F,11656,29 Hampstead Rd,2014-03-30 00:00:00,4
T9308,10356,H20R,13364,W3 Currie St,2014-04-13 00:00:00,2
T9309,13304,172,13735,1 George St,2014-07-06 00:00:00,3
T9310,27255,222,13049,3 O'Connell St,2014-03-23 00:00:00,1
T9311,46050,174,12778,13  Payneham Rd,2013-11-10 00:00:00,9
T9312,5935,300,14466,17 Belair Rd,2014-01-26 00:00:00,1
T9313,6293,J1A,17327,10 Airport Rd,2014-06-15 00:00:00,3
T9314,584,725,15928,63 Peregrine Cr,2014-07-06 00:00:00,1
T9315,28622,442,18397,86 Springvale D,2013-10-20 00:00:00,1
T9316,3616,451,18125,74C President Ave,2014-03-09 00:00:00,5
T9317,65048,720,13687,3 South Rd,2014-06-01 00:00:00,1
T9318,44719,100,12516,219 Woodville Rd,2014-01-12 00:00:00,2
T9319,5650,100,12412,221 Woodville Rd,2014-06-15 00:00:00,3
T9320,12125,157X,13298,W2 North Tce,2014-06-08 00:00:00,1
T9321,16290,203,11835,26 Hampstead Rd,2013-07-14 00:00:00,1
T9322,48168,333B,11507,43B Military Rd,2013-07-28 00:00:00,2
T9323,48390,501,13365,C1 Currie St,2013-12-01 00:00:00,3
T9324,48198,350,12250,34A Frederick Rd,2013-09-22 00:00:00,2
T9325,34257,142,13402,8 Kensington Rd,2013-10-20 00:00:00,2
T9326,6969,M44,13457,W2 Grote St,2013-07-07 00:00:00,8
T9327,14254,178,12168,34 Gorge Rd,2014-06-29 00:00:00,2
T9328,15951,G10,13003,4 O'Connell St,2014-03-16 00:00:00,2
T9329,15521,G10B,11876,22 Prospect Rd,2014-04-06 00:00:00,5
T9330,49642,B10,13219,6 South Rd,2013-07-21 00:00:00,3
T9331,440,400,10225,Zone C Elizabeth City Centre,2014-02-23 00:00:00,3
T9332,27945,241A,13274,A2 King William Rd,2013-10-06 00:00:00,10
T9333,48379,501,13365,C1 Currie St,2013-10-06 00:00:00,2
T9334,65516,721F,14928,26 Main South Rd,2014-06-29 00:00:00,1
T9335,46473,178,13433,R1 Wakefield St,2013-10-13 00:00:00,6
T9336,31821,G40M,16290,U2 Victoria Sq,2013-09-01 00:00:00,3
T9337,18178,241,16588,Y1 Grote St,2014-06-08 00:00:00,1
T9338,53423,502,11802,28 Sudholz Rd,2013-09-29 00:00:00,2
T9339,20275,543,11068,50 Riverside Dr,2014-05-18 00:00:00,1
T9340,6909,502,10640,45C Buckingham Dr,2014-04-13 00:00:00,2
T9341,21206,C1,11370,Zone C Tea Tree Plaza Intercha,2014-07-06 00:00:00,51
T9342,8007,506,11112,39D Sleep Rd,2014-02-09 00:00:00,2
T9343,48318,500,10833,43B Bridge Rd,2013-11-17 00:00:00,1
T9344,48338,501,11800,28 Sudholz Rd,2013-09-22 00:00:00,22
T9345,50432,H30,12975,13 Coorara Av,2014-01-12 00:00:00,8
T9346,52720,228,10239,64 Kinkaid Rd,2014-04-20 00:00:00,1
T9347,22558,747,16192,80A Quadrant Tce,2014-05-18 00:00:00,1
T9348,2441,430,10225,Zone C Elizabeth City Centre,2013-07-21 00:00:00,4
T9349,12044,251,12451,20 Torrens Rd,2014-05-04 00:00:00,2
T9350,14639,G10,12274,16 Prospect Rd,2014-04-06 00:00:00,2
T9351,10339,H20,13788,8J  Marion Rd,2014-02-09 00:00:00,1
T9352,27963,245,13829,3 Anzac Hwy,2013-09-08 00:00:00,4
T9353,59014,M44,12129,Zone C Paradise Interchange,2013-09-15 00:00:00,77
T9354,7773,503,11550,36 Nelson Rd,2014-03-09 00:00:00,4
T9355,46389,178,12642,18 Montacute Rd,2013-08-11 00:00:00,2
T9356,6634,174,13330,G3 Grenfell St,2014-03-30 00:00:00,2
T9357,50818,H31C,12769,27 Maple Av,2013-08-25 00:00:00,10
T9358,36322,411,10630,39A Jamison St,2013-10-06 00:00:00,1
T9359,11226,150,12730,13 Port Rd,2014-03-16 00:00:00,6
T9360,12280,J1,17327,10 Airport Rd,2014-05-25 00:00:00,7
T9361,9847,H30,13346,U2 Grenfell St,2014-05-04 00:00:00,2
T9362,29689,721,15053,Zone B Flinders Medical Centre,2013-07-14 00:00:00,3
T9363,45772,171,14017,10 Fullarton Rd,2013-06-30 00:00:00,2
T9364,15485,G10,14006,7 Goodwood Rd,2014-03-16 00:00:00,4
T9365,14119,273,12347,19 North East Rd,2014-07-06 00:00:00,3
T9366,45558,168,14011,13 Mooringe Av,2013-08-04 00:00:00,1
T9367,17468,208,16579,2 Sir Edwin Smith Av,2013-07-14 00:00:00,3
T9368,44852,118,13287,B1 Pulteney St,2013-08-11 00:00:00,16
T9369,59050,M44,11399,42A Smart Rd,2013-08-25 00:00:00,4
T9370,8305,545,10905,56 Keithcote Farm Dr,2013-09-01 00:00:00,3
T9371,36316,411,10624,39C Andrew Smith Dr,2013-09-15 00:00:00,1
T9372,56979,300,13659,13 Ingerson St,2013-08-18 00:00:00,4
T9373,53910,749,16966,100 Old Coach Rd,2013-09-29 00:00:00,2
T9374,17924,541X,11114,51 Hancock Rd,2014-06-08 00:00:00,1
T9375,10856,H30,16411,4 Henley Beach Rd,2014-05-04 00:00:00,3
T9376,44720,100,13618,8E  Marion Rd,2014-01-19 00:00:00,1
T9377,7446,281,12078,26 Pitman Rd,2014-07-06 00:00:00,1
T9378,45329,162,13353,V2 Currie St,2013-09-22 00:00:00,41
T9379,50440,H30,16459,19 Henley Beach Rd,2013-06-30 00:00:00,1
T9380,17506,200C,13374,D1 King William St,2014-02-09 00:00:00,1
T9381,12772,168,14109,27T Tapleys Hill Rd,2014-04-27 00:00:00,1
T9382,9455,H30,16377,28 Seaview Rd,2014-04-06 00:00:00,1
T9383,12874,W90,12453,27 Mcshane St,2014-02-23 00:00:00,5
T9384,49562,B10,13154,13 Magill Rd,2013-08-11 00:00:00,2
T9385,949,401,10509,50 / C Ann St,2013-07-21 00:00:00,9
T9386,10788,H22,16419,6 Henley Beach Rd,2014-03-30 00:00:00,12
T9387,22228,506,11605,35 Wandana Av,2014-01-19 00:00:00,1
T9388,15538,G10C,12441,14 Prospect Rd,2014-04-06 00:00:00,5
T9389,18969,254,12719,14 Hawker St,2014-05-25 00:00:00,1
T9390,6939,502,13328,H1 Grenfell St,2014-07-06 00:00:00,4
T9391,9546,202F,12322,17 Hampstead Rd,2014-03-23 00:00:00,1
T9392,27251,222,13474,VS3 Victoria Sq,2014-01-12 00:00:00,1
T9393,62795,747,17203,85 The Parade,2013-12-08 00:00:00,2
T9394,49443,B10,13111,19 Magill Rd,2013-09-22 00:00:00,1
T9395,27190,208,12228,19 Regency Rd,2013-09-01 00:00:00,1
T9396,58872,M44,13292,U1 North Tce,2013-11-17 00:00:00,14
T9397,28093,262,13954,7 Anzac Hwy,2013-08-25 00:00:00,1
T9398,5538,622,13693,11  Portrush Rd,2014-06-01 00:00:00,36
T9399,8563,B10,13354,D1 Currie St,2014-02-23 00:00:00,1
T9400,1367,190,13853,4 Unley Rd,2013-12-15 00:00:00,12
T9401,50534,H30,13367,B2 Currie St,2013-07-21 00:00:00,1
T9402,16023,208,13001,4 Melbourne St,2014-02-09 00:00:00,1
T9403,16322,202,12017,23 Hampstead Rd,2013-12-29 00:00:00,4
T9404,50772,H31C,12874,15 Marian Rd,2013-09-08 00:00:00,2
T9405,48434,502,13328,H1 Grenfell St,2014-01-19 00:00:00,2
T9406,18968,254,12025,27 Hanson Rd,2014-04-27 00:00:00,1
T9407,13752,174,12368,22 Lower North East Rd,2014-02-09 00:00:00,7
T9408,5419,157,12513,19 Port Rd,2013-07-14 00:00:00,1
T9409,27428,224,10534,Zone I Salisbury Interchange,2013-08-25 00:00:00,46
T9410,48347,501,11213,38 Montague Rd,2013-09-29 00:00:00,2
T9411,50445,H30,13346,U2 Grenfell St,2013-07-14 00:00:00,40
T9412,3187,200B,13842,4 King William Rd,2014-06-29 00:00:00,1
T9413,51171,J2,13364,W3 Currie St,2013-09-01 00:00:00,2
T9414,15282,C1,10232,Zone C Elizabeth Interchange,2014-01-26 00:00:00,5
T9415,53304,442,10087,85 Craigmore Rd,2014-06-01 00:00:00,1
T9416,45328,162,13527,5C Sir Donald Bradman Dr,2013-10-06 00:00:00,2
T9417,51693,W91,13709,2 Greenhill Rd,2013-12-08 00:00:00,1
T9418,15961,G10,14457,16 Goodwood Rd,2014-02-09 00:00:00,1
T9419,5552,H20C,16405,1 Henley Beach Rd,2014-03-16 00:00:00,58
T9420,44713,100,13586,8D  Marion Rd,2013-08-25 00:00:00,2
T9421,14166,273,11948,29B Sudholz Rd,2014-05-25 00:00:00,1
T9422,48771,721,15748,48 Main South Rd,2013-11-03 00:00:00,2
T9423,22567,747A,16194,81 Quadrant Tce,2014-06-01 00:00:00,1
T9424,57021,300,17544,18B Springbank Rd,2013-09-15 00:00:00,4
T9425,9554,202F,11778,27 Hampstead Rd,2014-03-30 00:00:00,4
T9426,12640,252,12889,8 Hawker St,2014-03-30 00:00:00,2
T9427,461,400,10387,55 John Rice Av,2013-07-07 00:00:00,9
T9428,46476,178,12306,49A Silkes Rd,2013-06-30 00:00:00,4
T9429,30438,734,16028,68 Beach Rd,2013-11-03 00:00:00,1
T9430,27441,224,17380,33D Mawson Lakes Bvd,2014-05-11 00:00:00,5
T9431,51760,W91C,14666,21A Cashel St,2013-08-11 00:00:00,6
T9432,58822,G30,14835,23B Fiveash Dr,2013-11-24 00:00:00,9
T9433,65337,721F,18486,W Grote St,2013-12-15 00:00:00,5
T9434,48246,471,10296,58 Blackburn Rd,2014-05-04 00:00:00,10
T9435,58388,G10,13922,6 Goodwood Rd,2013-09-22 00:00:00,1
T9436,27524,224F,10717,39 Salisbury Hwy,2013-09-08 00:00:00,1
T9437,50345,H22C,16375,15A The Parade,2013-09-08 00:00:00,1
T9438,22518,745,16141,70 Liguria Cr,2014-02-23 00:00:00,1
T9439,13757,174,12622,18 / 18C Lower North East Rd,2014-01-26 00:00:00,1
T9440,6402,320,15359,45 Oakridge Rd,2014-06-01 00:00:00,1
T9441,19406,271,13330,G3 Grenfell St,2014-05-18 00:00:00,1
T9442,27054,202F,11335,35A Walkleys Rd,2013-07-07 00:00:00,3
T9443,10724,142,13330,G3 Grenfell St,2014-05-11 00:00:00,27
T9444,64410,681,14982,31 Sturt Rd,2013-12-01 00:00:00,1
T9445,45132,147,13294,D North Tce,2013-11-10 00:00:00,14
T9446,12885,W90,14240,14 Winston Av,2014-02-09 00:00:00,8
T9447,982,734,15769,50 Sherriffs Rd,2013-12-08 00:00:00,2
T9448,19593,506,11867,29C Sudholz Rd,2014-06-08 00:00:00,1
T9449,12531,172,13792,3 George St,2014-01-26 00:00:00,1
T9450,57048,300,13633,152 Portrush Rd,2013-12-15 00:00:00,1
T9451,36334,411,10737,36B Oleander Dr,2014-07-06 00:00:00,1
T9452,9243,B10,13354,D1 Currie St,2014-04-06 00:00:00,4
T9453,47786,287,13215,6 Ashley St,2013-09-29 00:00:00,2
T9454,50124,H20,16387,11 The Parade,2013-11-10 00:00:00,11
T9455,7518,286,13164,5B West Thebarton Rd,2014-03-09 00:00:00,1
T9456,57908,C1,10237,64B Playford Bvd,2013-07-21 00:00:00,3
T9457,49572,B10,13343,E3 Currie St,2013-06-30 00:00:00,1
T9458,50581,H30,16419,6 Henley Beach Rd,2013-09-15 00:00:00,2
T9459,10300,H20,13329,H Grenfell St,2014-06-01 00:00:00,17
T9460,27812,229,11460,29 Main North Rd,2013-10-13 00:00:00,24
T9461,5907,300,12212,Zone B Arndale Interchange,2014-03-09 00:00:00,11
T9462,28883,506,11372,44 Nelson Rd,2013-11-10 00:00:00,4
T9463,65344,721F,13775,2 Anzac Hwy,2013-12-01 00:00:00,1
T9464,1844,557,11766,36 Lower North East Rd,2013-07-28 00:00:00,1
T9465,2169,415,10525,58A Carlingford Dr,2013-12-08 00:00:00,1
T9466,57027,300,12281,108 Regency Rd,2013-11-17 00:00:00,2
T9467,4840,271,11618,35 North East Rd,2014-05-25 00:00:00,1
T9468,48895,733,14965,Zone C Marion Interchange,2013-08-25 00:00:00,45
T9469,13258,171,13810,5 Fullarton Rd,2014-04-20 00:00:00,1
T9470,19426,273,11886,29 North East Rd,2014-06-15 00:00:00,1
T9471,16576,M44,14826,26 Finniss St,2014-04-27 00:00:00,1
T9472,44920,141,13354,D1 Currie St,2013-12-08 00:00:00,6
T9473,58869,M44,14760,24 Marion Rd,2013-09-22 00:00:00,4
T9474,5924,300,12276,111 Regency Rd,2014-06-29 00:00:00,15
T9475,14641,G10,14877,24A Ayliffes Rd,2014-06-15 00:00:00,1
T9476,1309,273,12054,25 North East Rd,2013-07-28 00:00:00,1
T9477,56838,231,12406,16 South Rd,2013-11-10 00:00:00,2
T9478,58858,M44,13781,2 Anzac Hwy,2013-09-22 00:00:00,2
T9479,7545,286,13150,5A West Thebarton Rd,2014-07-06 00:00:00,1
T9480,63621,190,13766,2 Unley Rd,2013-12-01 00:00:00,2
T9481,12779,168,13279,R1 North Tce,2014-03-16 00:00:00,3
T9482,29746,721,13781,2 Anzac Hwy,2013-11-24 00:00:00,1
T9483,51228,M44,11049,50 Ladywood Rd,2013-06-30 00:00:00,1
T9484,44752,117,12937,18  Crittenden Rd,2013-09-15 00:00:00,3
T9485,49537,B10,13139,15 Magill Rd,2013-09-29 00:00:00,2
T9486,5469,157,16591,T1 North Tce,2013-07-07 00:00:00,1
T9487,65523,721F,15317,32 Main South Rd,2014-07-06 00:00:00,1
T9488,1270,737,15510,Zone B Aberfoyle Hub Centre In,2014-05-04 00:00:00,6
T9489,28019,248,13461,X1 Grote St,2013-11-10 00:00:00,1
T9490,12319,J1,13306,B2 Pulteney St,2014-06-01 00:00:00,19
T9491,15022,G10B,12441,14 Prospect Rd,2014-02-23 00:00:00,2
T9492,12242,167,13821,8A Galway Av,2014-01-26 00:00:00,1
T9493,18401,542X,11081,53 Elizabeth St,2014-03-09 00:00:00,1
T9494,514,452,10212,66 Woodford Rd,2013-09-08 00:00:00,1
T9495,19669,557,11588,40A Amber Rd,2014-04-20 00:00:00,1
T9496,58577,G10B,14536,18 Goodwood Rd,2013-11-03 00:00:00,1
T9497,27336,222,13019,4 O Connell St,2013-09-08 00:00:00,5
T9498,51561,W90,13345,E2 Currie St,2013-07-07 00:00:00,27
T9499,10314,H20,14181,14A Stonehouse Av,2014-02-02 00:00:00,6
T9500,27752,228F,13474,VS3 Victoria Sq,2014-05-18 00:00:00,2
T9501,57881,C1,10566,60 The Grove Wy,2013-09-01 00:00:00,5
T9502,21153,C1,10945,50 Golden Grove Rd,2014-05-11 00:00:00,4
T9503,52485,202,16279,X2 King William St,2013-10-20 00:00:00,3
T9504,36859,560P,10449,52 Brian St,2013-06-30 00:00:00,1
T9505,46542,179F,16290,U2 Victoria Sq,2013-07-21 00:00:00,31
T9506,19047,271,12473,16 North East Rd,2014-05-04 00:00:00,2
T9507,30939,838,15466,68E Exhibition Rd,2013-08-25 00:00:00,1
T9508,49513,B10,13169,10 Magill Rd,2013-09-15 00:00:00,1
T9509,2896,N4,17987,Hallett Cove,2014-01-19 00:00:00,1
T9510,19115,300H,12516,219 Woodville Rd,2014-06-08 00:00:00,1
T9511,8494,556,11544,38 Valley Rd,2013-08-25 00:00:00,5
T9512,44758,117,12839,21  Crittenden Rd,2013-08-11 00:00:00,5
T9513,27265,222,11354,31 Main North Rd,2013-12-15 00:00:00,1
T9514,45451,167C,13353,V2 Currie St,2013-09-01 00:00:00,15
T9515,48471,528,12154,21 Karoomba Av,2014-01-12 00:00:00,2
T9516,16591,M44,11274,45 Reservoir Rd,2014-05-18 00:00:00,2
T9517,56932,232,12481,14A Pym St,2013-09-22 00:00:00,3
T9518,15527,G10B,12204,17 Prospect Rd,2014-06-29 00:00:00,4
T9519,7462,281,12201,23 Mclachlan Rd,2014-06-22 00:00:00,1
T9520,5747,H30,16429,9 Henley Beach Rd,2014-05-11 00:00:00,1
T9521,5735,117,12933,16 Grange Rd,2014-01-26 00:00:00,3
T9522,33199,820,13338,F3 Grenfell St,2013-07-14 00:00:00,31
T9523,2434,430,17286,60 Highfield Dr,2013-12-15 00:00:00,1
T9524,56658,195F,14685,23 Main Rd,2013-09-01 00:00:00,10
T9525,48880,733,15826,48 Bains Rd,2013-07-21 00:00:00,1
T9526,50960,J1,16408,3 Henley Beach Rd,2014-01-12 00:00:00,3
T9527,16980,200,13969,7 King William Rd,2014-04-13 00:00:00,2
T9528,12425,239,13341,T3 Grenfell St,2014-01-19 00:00:00,2
T9529,5641,100,12833,22 Crittenden Rd,2014-03-16 00:00:00,1
T9530,14342,150,12768,13 Port Rd,2014-02-23 00:00:00,1
T9531,19306,556,11701,36A Valley Rd,2014-05-11 00:00:00,1
T9532,49277,749,16128,73 Saltfleet St,2013-11-03 00:00:00,2
T9533,5926,300,12521,219 Woodville Rd,2014-06-15 00:00:00,1
T9534,16659,252,12411,21 Torrens Rd,2013-09-22 00:00:00,1
T9535,65031,720,13503,1 Sir Donald Bradman Dr,2014-05-11 00:00:00,2
T9536,58254,G10,12658,10 Prospect Rd,2013-12-29 00:00:00,6
T9537,13228,171,13758,3 Glen Osmond Rd,2014-04-20 00:00:00,1
T9538,47958,288S,13226,10 Ashley St,2013-09-15 00:00:00,2
T9539,50495,H30,16406,2 Henley Beach Rd,2013-12-22 00:00:00,1
T9540,6688,178,12760,13A Payneham Rd,2014-05-18 00:00:00,1
T9541,9739,B10,13029,21 St Bernards Rd,2014-03-30 00:00:00,6
T9542,11153,147,13653,7 Stuart Rd,2014-04-13 00:00:00,7
T9543,5926,300,12521,219 Woodville Rd,2014-03-16 00:00:00,2
T9544,58822,G30,14542,18 Goodwood Rd,2014-01-19 00:00:00,7
T9545,28555,441,17300,76E Uley Rd,2013-07-28 00:00:00,2
T9546,29841,721F,16274,A1 King William Rd,2013-10-06 00:00:00,22
T9547,36291,411,10611,40P Andrew Smith Dr,2013-08-04 00:00:00,1
T9548,16877,254X,11969,28 Hanson Rd,2013-07-14 00:00:00,13
T9549,57140,300H,13270,145 Portrush Rd,2013-12-08 00:00:00,1
T9550,30904,835,12957,73 Main St,2013-11-10 00:00:00,7
T9551,5898,300,14955,29 Sturt Rd,2014-06-15 00:00:00,2
T9552,47459,263,14974,Zone D Marion Interchange,2014-01-05 00:00:00,1
T9553,11717,H32,16482,22E Military Rd,2014-04-13 00:00:00,6
T9554,57028,300,13630,152 Portrush Rd,2013-12-08 00:00:00,3
T9555,50618,H30S,16411,4 Henley Beach Rd,2013-11-24 00:00:00,1
T9556,10915,117,12413,32A West Lakes Bvd,2014-04-13 00:00:00,2
T9557,42218,N4,14479,17 Adelaide Tce,2013-07-07 00:00:00,31
T9558,49292,750,16981,107 Port Rd,2013-10-27 00:00:00,5
T9559,33980,118,12858,20  Crittenden Rd,2013-09-08 00:00:00,1
T9560,34687,150,12206,26 Port Rd,2013-07-21 00:00:00,2
T9561,9706,B10,13193,7 South Rd,2014-03-30 00:00:00,1
T9562,9259,B10,12983,25 Grange Rd,2014-04-27 00:00:00,4
T9563,6057,190,13483,S1 Pulteney St,2014-07-06 00:00:00,1
T9564,704,401,17279,72 Bolivar Rd,2014-06-22 00:00:00,2
T9565,50267,H22,16292,23 Military Rd,2013-11-17 00:00:00,1
T9566,64550,B10,13330,G3 Grenfell St,2013-12-08 00:00:00,13
T9567,57840,C1,10939,50 Golden Grove Rd,2013-10-13 00:00:00,8
T9568,1842,557,11352,Zone G Tea Tree Plaza Intercha,2013-11-10 00:00:00,6
T9569,50474,H30,12916,17 Arthur St,2013-07-07 00:00:00,1
T9570,64055,281,12096,Zone I Paradise Interchange,2014-01-12 00:00:00,1
T9571,9695,B10,13195,3A Magill Rd,2014-03-30 00:00:00,2
T9572,59077,M44,13457,W2 Grote St,2013-08-25 00:00:00,28
T9573,9139,503,11469,37 Helen Tce,2013-09-01 00:00:00,4
T9574,564,361,11735,34 Grand Junction Rd,2013-08-18 00:00:00,2
T9575,5654,100,12780,22A  Crittenden Rd,2014-03-16 00:00:00,1
T9576,3434,451,10111,72 Peachey Rd,2013-07-28 00:00:00,4
T9577,16679,251,12395,22 Torrens Rd,2013-07-14 00:00:00,2
T9578,200,722F,16000,60 Beach Rd,2014-05-11 00:00:00,1
T9579,4846,743,16115,53 Melsetter Rd,2013-09-29 00:00:00,1
T9580,48202,350,11565,Zone D Port Adelaide Interchan,2013-10-20 00:00:00,1
T9581,25435,404R,17507,39 Morgan St,2014-06-01 00:00:00,6
T9582,489,452,18166,79G Coventry Rd,2013-09-29 00:00:00,1
T9583,19620,861,13834,7 Glen Osmond Rd,2014-06-08 00:00:00,1
T9584,45554,168,13911,11A Streeters Rd,2013-08-11 00:00:00,2
T9585,45283,157,13536,Q1 Hutt St,2013-09-15 00:00:00,1
T9586,9575,203,11836,26 Hampstead Rd,2014-06-01 00:00:00,4
T9587,48328,500,11446,34A Walkleys Rd,2013-09-08 00:00:00,2
T9588,7662,287,16591,T1 North Tce,2014-04-20 00:00:00,1
T9589,27625,225X,13019,4 O'Connell St,2014-03-02 00:00:00,1
T9590,9276,B10,13161,11 Magill Rd,2014-06-22 00:00:00,1
T9591,12556,172,13279,R1 North Tce,2014-05-25 00:00:00,3
T9592,65013,720,14717,22 South Rd,2014-01-05 00:00:00,1
T9593,58356,G10,16275,Z2 King William St,2013-12-01 00:00:00,31
T9594,65258,719,14628,20 South Rd,2014-04-27 00:00:00,2
T9595,45163,150,11985,31 Port Rd,2013-12-08 00:00:00,4
T9596,45766,171,13576,K1 Hutt St,2013-10-13 00:00:00,1
T9597,10927,204,18196,25C The Strand,2014-01-05 00:00:00,7
T9598,31024,860F,15273,58 Mount Barker Rd,2013-09-15 00:00:00,1
T9599,13505,232,11904,33 Torrens Rd,2014-03-09 00:00:00,2
T9600,1603,196F,13725,1 Unley Rd,2014-01-12 00:00:00,1
T9601,50627,H30S,16408,3 Henley Beach Rd,2013-09-22 00:00:00,1
T9602,50201,H22,16388,11 The Parade,2013-11-24 00:00:00,1
T9603,27562,225,10933,40 Kesters Rd,2013-12-15 00:00:00,1
T9604,47656,281,12072,26 Pitman Rd,2013-11-10 00:00:00,1
T9605,53190,401,16679,49 / B Church St,2013-09-01 00:00:00,2
T9606,5630,100,13953,9C  Marion Rd,2014-06-15 00:00:00,2
T9607,37093,681,17523,Zone C Registry Rd Flinders Un,2013-08-25 00:00:00,76
T9608,58850,M44,13280,R2 North Tce,2013-08-04 00:00:00,2
T9609,10320,H20,14305,20 Anzac Hwy,2014-02-02 00:00:00,1
T9610,16223,M44,13277,I2 North Tce,2014-05-18 00:00:00,20
T9611,15044,G20,15235,32 Flagstaff Rd,2014-02-16 00:00:00,3
T9612,31253,864,15195,56 Mount Barker Rd,2013-09-15 00:00:00,12
T9613,15975,G10,14048,8 Goodwood Rd,2014-02-23 00:00:00,3
T9614,50589,H30C,17338,30 Stradbroke Rd,2013-09-22 00:00:00,4
T9615,27712,228F,11283,32 Main North Rd,2013-06-30 00:00:00,3
T9616,62772,286,13081,15 Hartley Rd,2014-01-05 00:00:00,2
T9617,49514,B10,13139,15 Magill Rd,2013-08-11 00:00:00,4
T9618,10317,H20,16363,18 The Parade,2014-06-29 00:00:00,20
T9619,64271,B10,13154,13 Magill Rd,2014-01-05 00:00:00,12
T9620,6590,230,16279,X2 King William St,2014-01-26 00:00:00,4
T9621,49682,B10,12971,23 Grange Rd,2013-09-22 00:00:00,2
T9622,16689,251,11815,27A Medika Bvd,2013-07-07 00:00:00,2
T9623,11316,H30C,13195,3A Magill Rd,2014-03-02 00:00:00,1
T9624,58533,G10A,13460,W3 Grote St,2013-08-11 00:00:00,1
T9625,5699,117,12780,22A  Crittenden Rd,2014-06-01 00:00:00,13
T9626,46071,174,12735,14 Payneham Rd,2013-08-04 00:00:00,1
T9627,4416,271,11572,36 Grand Junction Rd,2013-08-04 00:00:00,1
T9628,37228,682,15446,54 Heysen Dr,2013-09-29 00:00:00,1
T9629,11279,H30,13082,8A  Portrush Rd,2014-03-09 00:00:00,1
T9630,47781,287,13123,23 Valetta Rd,2013-08-25 00:00:00,5
T9631,58535,G10A,11796,23 Prospect Rd,2013-09-29 00:00:00,2
T9632,48772,721,15873,53 Main South Rd,2013-08-18 00:00:00,2
T9633,65182,734,15758,47A Pimpala Rd,2013-12-29 00:00:00,1
T9634,175,722F,15140,30 Main South Rd,2014-05-25 00:00:00,2
T9635,6153,171,13710,1 Glen Osmond Rd,2014-02-16 00:00:00,1
T9636,62841,749,16029,68 Beach Rd,2014-01-19 00:00:00,1
T9637,9255,B10,12988,26 Grange Rd,2014-07-06 00:00:00,3
T9638,56648,195,14908,33 Rosella Av,2013-11-24 00:00:00,6
T9639,10811,H22,16408,3 Henley Beach Rd,2014-02-02 00:00:00,2
T9640,50454,H30,16429,9 Henley Beach Rd,2013-11-03 00:00:00,4
T9641,45396,167,13341,T3 Grenfell St,2013-10-06 00:00:00,1
T9642,50138,H20,14381,21 Gordon St,2013-12-08 00:00:00,5
T9643,44751,117,11674,39 Church St,2014-01-12 00:00:00,1
T9644,16816,251,12245,Zone E Arndale Interchange,2013-12-08 00:00:00,8
T9645,5578,652,11507,43B Military Rd,2014-06-15 00:00:00,13
T9646,27521,224F,10453,52 Commercial Rd,2014-04-27 00:00:00,6
T9647,9451,H30,17340,31 Stradbroke Rd,2014-06-01 00:00:00,1
T9648,16394,M44,18491,V Currie Street,2014-04-06 00:00:00,5
T9649,6263,J1,13539,6B Sir Donald Bradman Dr,2014-05-25 00:00:00,3
T9650,58935,M44,16290,U2 Victoria Sq,2013-11-24 00:00:00,1
T9651,63724,725,16042,Zone H Noarlunga Centre Interc,2014-01-12 00:00:00,2
T9652,27334,222,11355,31 Main North Rd,2013-10-06 00:00:00,1
T9653,10874,W90M,14956,29A Sturt Rd,2014-06-29 00:00:00,1
T9654,15353,491,18328,116 Osprey Pde,2014-03-30 00:00:00,1
T9655,103,451,10023,77 Curtis Rd,2013-11-10 00:00:00,2
T9656,5898,300,12778,13  Payneham Rd,2014-04-27 00:00:00,7
T9657,65180,734,16020,66 Beach Rd,2014-05-18 00:00:00,1
T9658,17996,208,17193,26C The Promenade,2014-03-02 00:00:00,2
T9659,7646,287,13292,U1 North Tce,2014-06-15 00:00:00,8
T9660,20984,C1,12129,Zone C Paradise Interchange,2014-03-09 00:00:00,11
T9661,31326,864F,14673,25 Main St,2013-09-15 00:00:00,2
T9662,50443,H30,13373,Y2 Currie St,2013-11-24 00:00:00,4
T9663,6593,230,12191,26 Torrens Rd,2014-01-26 00:00:00,3
T9664,10064,208,12133,22 Rellum Rd,2014-03-02 00:00:00,2
T9665,7356,502,16600,39 Bridge Rd,2014-04-13 00:00:00,2
T9666,7101,190,14362,14D Edward St,2014-02-16 00:00:00,2
T9667,46076,174,13159,4 Payneham Rd,2013-10-06 00:00:00,1
T9668,17628,203,17820,42 Beovich Rd,2014-06-08 00:00:00,1
T9669,9249,B10,12971,23 Grange Rd,2014-02-02 00:00:00,15
T9670,10505,W90,14610,21 Beaumont St,2014-04-27 00:00:00,1
T9671,50872,J1,13539,6B Sir Donald Bradman Dr,2013-09-15 00:00:00,1
T9672,46003,172,17526,T2 North Tce,2013-10-13 00:00:00,10
T9673,14895,557,11968,30 Lower North East Rd,2014-05-25 00:00:00,1
T9674,9736,B10,13121,17 Magill Rd,2014-06-15 00:00:00,1
T9675,52735,228,12930,5 O'Connell St,2014-02-23 00:00:00,2
T9676,9551,202F,12875,7 Northcote Tce,2014-05-11 00:00:00,1
T9677,58882,M44,13300,Y2 King William St,2013-09-29 00:00:00,6
T9678,11557,248,14041,10 Anzac Hwy,2014-05-25 00:00:00,3
T9679,14316,178,12640,18 Montacute Rd,2014-03-02 00:00:00,1
T9680,52916,251,16279,X2 King William St,2013-11-10 00:00:00,13
T9681,28883,506,11258,46 Nelson Rd,2013-06-30 00:00:00,1
T9682,20933,645,14982,31 Sturt Rd,2014-05-04 00:00:00,2
T9683,29568,720,13970,7 South Rd,2013-11-17 00:00:00,8
T9684,11544,245,14802,28 Morphett Rd,2014-04-06 00:00:00,2
T9685,18572,251,11820,29 Medika Bvd,2014-04-06 00:00:00,1
T9686,64557,B10,13145,14 Magill Rd,2014-01-12 00:00:00,1
T9687,58947,M44,13954,7 Anzac Hwy,2013-07-28 00:00:00,2
T9688,62899,286,13093,18 Hartley Rd,2014-01-19 00:00:00,1
T9689,50189,H21,16387,11 The Parade,2013-09-01 00:00:00,2
T9690,12671,252,12123,25 Liberty Av,2014-02-02 00:00:00,4
T9691,13226,171,13758,3 Glen Osmond Rd,2014-03-02 00:00:00,7
T9692,48989,733,15901,55 Wheatsheaf Rd,2013-11-17 00:00:00,1
T9693,10699,142,13421,3 Kensington Rd,2014-06-22 00:00:00,2
T9694,44733,100P,14037,19  Portrush Rd,2013-12-01 00:00:00,4
T9695,10712,142,13399,9 Kensington Rd,2014-01-26 00:00:00,2
T9696,28662,442,10228,Zone A Elizabeth Interchange,2013-11-03 00:00:00,57
T9697,13381,G10,12378,15 Prospect Rd,2013-07-07 00:00:00,1
T9698,14164,273,13275,1 Frome Rd,2014-04-13 00:00:00,11
T9699,47576,281,12869,7 Walkerville Tce,2013-07-14 00:00:00,13
T9700,18124,239,11992,30 Days Rd,2014-04-27 00:00:00,1
T9701,18277,861,13834,7 Glen Osmond Rd,2014-05-18 00:00:00,2
T9702,27500,224F,17536,Zone B Mawson Central Intercha,2013-08-04 00:00:00,18
T9703,51761,W91C,18497,P1 Morphett Street,2013-08-11 00:00:00,3
T9704,17149,265,15178,37 Seacombe Rd,2013-11-24 00:00:00,3
T9705,16672,250,11810,29A Hanson Rd,2014-01-19 00:00:00,4
T9706,49582,B10,18492,Zone C West Lakes Interchange,2013-07-28 00:00:00,6
T9707,45496,168,14253,30 Tapleys Hill Rd,2013-08-25 00:00:00,4
T9708,2219,430,17287,59A Highfield Dr,2013-09-01 00:00:00,1
T9709,45524,168,13364,W3 Currie St,2013-11-17 00:00:00,2
T9710,254,400,10292,66 Bolivar Rd,2014-04-06 00:00:00,1
T9711,27493,224F,10232,Zone C Elizabeth Interchange,2013-10-06 00:00:00,7
T9712,15837,G20F,14333,13 Goodwood Rd,2014-03-23 00:00:00,6
T9713,6239,J1,13513,5B Sir Donald Bradman Dr,2014-02-09 00:00:00,2
T9714,52674,224,10335,55A Mofflin Rd,2014-03-02 00:00:00,2
T9715,27198,208,13546,Q1 King William St,2013-12-15 00:00:00,10
T9716,33921,117,13352,V1 Currie St,2013-09-15 00:00:00,12
T9717,19460,300,12228,19 Regency Rd,2014-05-04 00:00:00,4
T9718,37051,681,15437,50A Perry Barr Rd,2013-11-24 00:00:00,1
T9719,36397,411,17514,38 Shepherdson Rd,2014-06-29 00:00:00,7
T9720,50493,H30,13194,3A Magill Rd,2013-09-01 00:00:00,1
T9721,44885,141,13525,18 Hallett Rd,2013-09-29 00:00:00,1
T9722,1621,230,11731,34 Grand Junction Rd,2013-12-01 00:00:00,9
T9723,52770,235,12631,9A Churchill Rd,2013-08-25 00:00:00,1
T9724,13019,178,12691,16 Payneham Rd,2014-06-29 00:00:00,1
T9725,51557,W90,12403,27A Mcshane St,2013-08-11 00:00:00,2
T9726,29608,720H,14721,22 South Rd,2013-09-01 00:00:00,1
T9727,2533,208,12869,7 Walkerville Tce,2013-12-01 00:00:00,1
T9728,9993,203F,13639,A1 Anzac Hwy,2014-06-29 00:00:00,1
T9729,37151,682,15550,57 Young St,2013-09-08 00:00:00,1
T9730,27153,203F,12430,16 Hampstead Rd,2013-08-04 00:00:00,1
T9731,5650,100,13931,9B  Marion Rd,2014-04-27 00:00:00,1
T9732,57040,300,12195,20A Muller Rd,2013-10-20 00:00:00,2
T9733,20606,600B,15049,Zone A Flinders Medical Centre,2014-06-29 00:00:00,1
T9734,50449,H30,16445,25 Henley Beach Rd,2013-11-10 00:00:00,2
T9735,44880,140,13308,B1 East Tce,2013-11-03 00:00:00,1
T9736,50549,H30,16450,17 Henley Beach Rd,2013-09-22 00:00:00,1
T9737,64975,719,14776,23 South Rd,2014-03-30 00:00:00,2
T9738,7174,230,12315,21 Regency Rd,2014-05-11 00:00:00,1
T9739,12862,J8,12143,33B Tapleys Hill Rd,2014-03-16 00:00:00,2
T9740,5908,300,12924,139 Portrush Rd,2014-05-25 00:00:00,1
T9741,5574,624,12891,10 Payneham Rd,2014-05-18 00:00:00,20
T9742,22468,741,16047,Zone B Noarlunga Centre Interc,2014-06-08 00:00:00,13
T9743,9822,B11,13111,19 Magill Rd,2014-04-27 00:00:00,5
T9744,12878,W90,14573,20 Winston Av,2014-05-04 00:00:00,2
T9745,6720,178,12060,42 Lower Athelstone Rd,2014-03-16 00:00:00,2
T9746,33956,118,12858,20  Crittenden Rd,2013-07-21 00:00:00,2
T9747,56634,190B,13441,G1 Wakefield St,2013-09-01 00:00:00,5
T9748,11481,241,17557,21 Daws Rd,2014-05-11 00:00:00,5
T9749,56648,195,14737,22 Belair Rd,2013-10-06 00:00:00,4
T9750,50519,H30,13175,8 Magill Rd,2013-12-01 00:00:00,1
T9751,30582,743,17867,Zone D Noarlunga Centre Interc,2013-08-04 00:00:00,6
T9752,11891,167,13373,Y2 Currie St,2014-04-20 00:00:00,1
T9753,52714,228,11283,32 Main North Rd,2013-10-06 00:00:00,1
T9754,14226,177,12507,22 Reserve Rd,2014-04-20 00:00:00,7
T9755,13010,178,13445,U1 Wakefield St,2014-06-15 00:00:00,1
T9756,6903,501,11213,38 Montague Rd,2014-05-11 00:00:00,4
T9757,17159,265,13870,4 Anzac Hwy,2013-12-08 00:00:00,2
T9758,12886,W90,12503,25 Sycamore Tce,2014-06-08 00:00:00,1
T9759,10070,208,12195,20A Muller Rd,2014-02-23 00:00:00,2
T9760,415,722F,16025,56C Collins Pde,2014-05-04 00:00:00,6
T9761,48400,502,10735,44A Bridge Rd,2013-07-14 00:00:00,4
T9762,31293,864F,14874,45 Mount Barker Rd,2013-08-04 00:00:00,1
T9763,50568,H30,13279,R1 North Tce,2013-08-25 00:00:00,2
T9764,49556,B10,13054,24 Vine St,2013-11-24 00:00:00,3
T9765,12852,171,13929,8 Fullarton Rd,2014-06-22 00:00:00,6
T9766,28152,271,12473,16 North East Rd,2013-12-01 00:00:00,1
T9767,57038,300,13005,27A Grange Rd,2013-08-25 00:00:00,1
T9768,15939,G40,17738,Zone B Registry Rd Flinders Un,2014-01-26 00:00:00,4
T9769,46851,200,13893,5 King William St,2014-01-12 00:00:00,6
T9770,5874,300,12262,114 Regency Rd,2014-03-30 00:00:00,4
T9771,7343,502,10528,Zone H Salisbury Interchange,2014-07-06 00:00:00,6
T9772,34649,150,12816,11 Port Rd,2013-11-03 00:00:00,1
T9773,52941,253,11969,28 Hanson Rd,2013-10-06 00:00:00,7
T9774,31341,864F,14856,46 Mount Barker Rd,2013-08-11 00:00:00,3
T9775,7774,503,11855,32 Lyons Rd,2014-06-22 00:00:00,5
T9776,325,452,18157,77A Whitington Rd,2013-07-07 00:00:00,6
T9777,46464,178,13436,T1 Hutt St,2013-10-13 00:00:00,2
T9778,50927,J1,16408,3 Henley Beach Rd,2013-07-28 00:00:00,1
T9779,46306,178,12691,16 Payneham Rd,2013-06-30 00:00:00,4
T9780,36295,411,17957,35 Belfree Dr,2013-07-21 00:00:00,6
T9781,683,401,10420,53 Waterloo Corner Rd,2013-09-01 00:00:00,8
T9782,14200,174,13310,Y1 Pulteney St,2014-06-22 00:00:00,19
T9783,58842,M44,13292,U1 North Tce,2013-09-08 00:00:00,1
T9784,36803,560,10249,62 Philip Hwy,2014-06-22 00:00:00,2
T9785,30974,839,17184,69 Albert Rd,2013-09-01 00:00:00,1
T9786,31096,861,13802,6 Glen Osmond Rd,2013-08-11 00:00:00,3
T9787,57898,C1,16667,Zone A Klemzig Interchange,2013-12-22 00:00:00,1
T9788,36360,411,10485,45B Burton Rd,2014-06-29 00:00:00,1
T9789,11287,H30,13199,3 North Tce,2014-03-09 00:00:00,1
T9790,51139,J2,13557,10A Sir Donald Bradman Dr,2013-12-29 00:00:00,4
T9791,9678,541,11362,45 Smart Rd,2014-05-25 00:00:00,1
T9792,8381,288,13302,X1 North Tce,2014-05-04 00:00:00,3
T9793,13156,254X,13179,1 King William Rd,2014-05-18 00:00:00,1
T9794,65040,720,14955,29 Sturt Rd,2014-03-23 00:00:00,2
T9795,53317,442,10224,Zone B Elizabeth City Centre,2014-02-09 00:00:00,1
T9796,16607,M44,13341,T3 Grenfell St,2014-02-02 00:00:00,8
T9797,56649,195,13583,P1 Pulteney St,2013-08-18 00:00:00,1
T9798,32840,208,11800,28 Sudholz Rd,2013-08-11 00:00:00,3
T9799,1627,230,12480,14A Pym St,2014-01-19 00:00:00,3
T9800,59072,M44,11370,Zone C Tea Tree Plaza Intercha,2014-01-05 00:00:00,58
T9801,50732,H31,16406,2 Henley Beach Rd,2013-10-06 00:00:00,6
T9802,48852,722F,14995,27 Main South Rd,2013-10-27 00:00:00,1
T9803,50656,H31,12753,25 Koonga Av,2013-09-08 00:00:00,20
T9804,32852,208,16287,V2 King William St,2013-08-18 00:00:00,44
T9805,45442,167C,13373,Y2 Currie St,2013-09-29 00:00:00,1
T9806,51020,J1,13306,B2 Pulteney St,2013-09-15 00:00:00,15
T9807,11597,150,11655,38 Commercial Rd,2014-03-23 00:00:00,4
T9808,15884,G21F,14926,26 Main South Rd,2014-05-11 00:00:00,4
T9809,10221,118,13279,R1 North Tce,2014-04-13 00:00:00,1
T9810,16680,250,12784,12 Hawker St,2013-08-18 00:00:00,2
T9811,65027,720,15378,46 Aroona Rd,2014-01-12 00:00:00,1
T9812,59013,M44,14259,13 Marion Rd,2013-10-13 00:00:00,2
T9813,12639,252,11569,35 Eastern Pde,2014-07-06 00:00:00,1
T9814,63000,H33,12853,17 Glynburn Rd,2014-01-19 00:00:00,3
T9815,50962,J1,13533,6A Sir Donald Bradman Dr,2013-11-03 00:00:00,1
T9816,50128,H20,13371,B1 Currie St,2013-09-01 00:00:00,2
T9817,47518,263,16276,A3 King William Rd,2013-06-30 00:00:00,10
T9818,1915,405,10515,51 Waterloo Corner Rd,2013-09-01 00:00:00,20
T9819,27525,224F,10717,39 Salisbury Hwy,2014-02-09 00:00:00,6
T9820,48979,733,15892,49 Wheatsheaf Rd,2013-10-20 00:00:00,3
T9821,7045,232,12805,8 Torrens Rd,2014-02-23 00:00:00,3
T9822,50136,H20,12754,22 St Bernards Rd,2013-10-13 00:00:00,2
T9823,11154,147,13657,8 Greenhill Rd,2014-06-22 00:00:00,2
T9824,45081,147,13652,9 Greenhill Rd,2013-07-21 00:00:00,5
T9825,9008,503,11755,34D Valiant Rd,2014-01-19 00:00:00,1
T9826,13641,265,13928,6 Anzac Hwy,2014-02-16 00:00:00,3
T9827,52665,224,10237,64B Playford Bvd,2014-03-23 00:00:00,1
T9828,56684,196F,14934,36 Hawthorndene Dr,2013-11-03 00:00:00,1
T9829,11233,H30,16442,11 Henley Beach Rd,2014-02-02 00:00:00,1
T9830,45472,168,13874,9  Marion Rd,2013-07-07 00:00:00,4
T9831,6760,W91,13310,Y1 Pulteney St,2014-05-25 00:00:00,2
T9832,62931,288,16488,14 Hartley Rd,2014-01-12 00:00:00,1
T9833,62967,288,13224,10 Ashley St,2013-12-08 00:00:00,12
T9834,49342,753,16043,69A Witton Rd,2013-07-21 00:00:00,1
T9835,7474,M44,13281,G3 North Tce,2013-06-30 00:00:00,2
T9836,45994,172,13283,S1 North Tce,2013-07-28 00:00:00,3
T9837,36359,411,10446,44C Burton Rd,2013-10-20 00:00:00,1
T9838,27673,228,12405,15 Main North Rd,2013-08-11 00:00:00,1
T9839,9827,H30,12975,13 Coorara Av,2014-02-02 00:00:00,2
T9840,59053,M44,14360,15 Marion Rd,2014-01-12 00:00:00,2
T9841,18450,543,10949,59 Illyarrie Av,2014-02-16 00:00:00,1
T9842,50172,H21,12408,24 Newton Rd,2013-07-14 00:00:00,4
T9843,15131,G10,14542,18 Goodwood Rd,2014-06-22 00:00:00,1
T9844,64991,719,15049,Zone A Flinders Medical Centre,2014-03-09 00:00:00,1
T9845,4845,M44C,14963,Zone B Marion Interchange,2014-03-23 00:00:00,33
T9846,50621,H30S,18492,Zone C West Lakes Interchange,2013-11-10 00:00:00,6
T9847,53050,265,13781,2 Anzac Hwy,2013-12-15 00:00:00,2
T9848,15677,G10,13274,A2 King William Rd,2014-05-18 00:00:00,1
T9849,19011,265,13457,W2 Grote St,2014-04-20 00:00:00,8
T9850,15415,M44T,13339,F2 Grenfell St,2014-03-02 00:00:00,3
T9851,49424,883,14911,42 Mt Barker Rd,2013-08-18 00:00:00,8
T9852,45552,168,14176,23A Goldsworthy Cr,2013-11-03 00:00:00,2
T9853,17152,263,14550,27 Brighton Rd,2013-08-04 00:00:00,2
T9854,27551,225,10775,44C Northbri Av,2014-05-11 00:00:00,1
T9855,13603,265,13781,2 Anzac Hwy,2014-05-04 00:00:00,4
T9856,27269,222,16275,Z2 King William St,2014-07-06 00:00:00,16
T9857,10595,209F,11307,44 Roopena St,2014-05-11 00:00:00,1
T9858,7006,230,16287,V2 King William St,2014-03-16 00:00:00,3
T9859,58402,G10,13757,2 Goodwood Rd,2013-07-21 00:00:00,4
T9860,447,400,10284,65 Bolivar Rd,2014-05-04 00:00:00,2
T9861,51121,J2,17327,10 Airport Rd,2014-01-05 00:00:00,52
T9862,3609,451,17372,74H President Av,2013-07-28 00:00:00,3
T9863,16064,G20,13455,W1 Grote St,2014-05-11 00:00:00,10
T9864,13008,178,12652,17 Payneham Rd,2014-03-09 00:00:00,6
T9865,103,451,10120,71 Fordingbridge Rd,2014-02-09 00:00:00,1
T9866,45122,147,13308,B1 East Tce,2013-12-01 00:00:00,2
T9867,49543,B10,13158,12 Magill Rd,2013-06-30 00:00:00,3
T9868,31232,864,14862,46 Mount Barker Rd,2013-12-01 00:00:00,1
T9869,36391,411,17530,Zone C Mawson Lakes Interchang,2013-11-17 00:00:00,33
T9870,18493,241,14308,14 Towers Tce,2014-04-20 00:00:00,1
T9871,7775,503,11604,35A Ardtornish St,2014-05-25 00:00:00,20
T9872,49507,B10,13336,T1 Grenfell St,2013-11-10 00:00:00,2
T9873,10328,H20,12801,21C St Bernards Rd,2014-06-15 00:00:00,3
T9874,8730,506,11437,41 Rutherford St,2014-01-12 00:00:00,1
T9875,64073,281,12136,25 Pellew St,2013-12-29 00:00:00,2
T9876,27699,228F,10191,68 Yorktown Rd,2014-01-26 00:00:00,5
T9877,18644,253,12596,16 Torrens Rd,2014-06-22 00:00:00,2
T9878,50956,J1,13396,4 South Rd,2013-07-14 00:00:00,1
T9879,17691,208,13470,T1 Victoria Sq,2014-04-06 00:00:00,1
T9880,45521,168,14058,17 St Andrews Cr,2013-10-27 00:00:00,2
T9881,11760,H33,16406,2 Henley Beach Rd,2014-05-25 00:00:00,1
T9882,53510,506,11287,65 Kelly Rd,2013-12-08 00:00:00,2
T9883,50313,H22,13329,H Grenfell St,2013-12-29 00:00:00,24
T9884,7510,286,13223,8 Ashley St,2014-06-01 00:00:00,12
T9885,11844,157,11858,36A First Av,2014-04-06 00:00:00,2
T9886,27562,225,10751,44D Northbri Av,2013-10-06 00:00:00,1
T9887,3618,451,10101,73 Peachey Rd,2013-06-30 00:00:00,2
T9888,554,361,11671,23A Grand Junction Rd,2013-10-27 00:00:00,5
T9889,59110,M44G,14131,11A  Marion Rd,2013-11-03 00:00:00,2
T9890,36856,560P,10833,43B Bridge Rd,2013-11-10 00:00:00,1
T9891,48440,502,11143,38A Bridge Rd,2013-08-25 00:00:00,5
T9892,65300,721,14854,25 South Rd,2014-01-19 00:00:00,1
T9893,11247,H30,13372,Y1 Currie St,2014-04-27 00:00:00,3
T9894,27598,225F,12288,17 Main North Rd,2013-09-01 00:00:00,6
T9895,6855,501,11211,37A Montague Rd,2014-02-23 00:00:00,3
T9896,46462,178,12120,46 George St,2013-12-08 00:00:00,4
T9897,31267,864,13370,D2 Pulteney St,2013-08-18 00:00:00,7
T9898,50060,H20,16417,5 Henley Beach Rd,2013-09-29 00:00:00,1
T9899,37048,681,15415,48 Barramundi Dr,2013-10-20 00:00:00,3
T9900,9092,350,11394,45 Fletcher Rd,2014-03-09 00:00:00,2
T9901,46473,178,12202,48 Silkes Rd,2013-11-17 00:00:00,5
T9902,50069,H20,12700,22A St Bernards Rd,2013-12-01 00:00:00,2
T9903,20109,503,12097,Zone F Paradise Interchange,2014-05-04 00:00:00,2
T9904,50565,H30,13346,U2 Grenfell St,2013-10-27 00:00:00,5
T9905,50490,H30,16461,12 Henley Beach Rd,2014-01-19 00:00:00,1
T9906,1434,190B,13441,G1 Wakefield St,2013-12-01 00:00:00,8
T9907,63484,721,13910,6 South Rd,2014-04-13 00:00:00,2
T9908,11256,H30,16413,4 Henley Beach Rd,2014-02-09 00:00:00,1
T9909,50971,J1,13353,V2 Currie St,2013-07-28 00:00:00,5
T9910,449,400,10390,57A Parallel Av,2013-10-06 00:00:00,1
T9911,64401,681,15419,47B Barramundi Dr,2014-05-25 00:00:00,1
T9912,11316,H30C,12855,25A Morialta Rd,2014-02-16 00:00:00,2
T9913,62869,749,17363,72A Witton Rd,2013-12-29 00:00:00,2
T9914,46195,174,12717,15 Payneham Rd,2013-09-01 00:00:00,2
T9915,45903,172,14196,11 Harrow Tce,2013-07-28 00:00:00,1
T9916,57055,300,12472,220 Woodville Rd,2013-10-20 00:00:00,4
T9917,11265,H30,13371,B1 Currie St,2014-06-29 00:00:00,2
T9918,31294,864F,15273,58 Mount Barker Rd,2013-10-20 00:00:00,1
T9919,19494,361,11651,25 Grand Junction Rd,2014-03-30 00:00:00,2
T9920,10915,117,12919,13 Grange Rd,2014-03-02 00:00:00,1
T9921,15495,G10B,12744,8 Prospect Rd,2014-04-20 00:00:00,2
T9922,50441,H30,13346,U2 Grenfell St,2013-07-14 00:00:00,26
T9923,28714,461,18175,77E Andrews Rd,2013-11-24 00:00:00,1
T9924,36805,560,10528,Zone H Salisbury Interchange,2013-07-21 00:00:00,26
T9925,1214,404,17507,39 Morgan St,2013-08-25 00:00:00,1
T9926,259,400,10388,55 John Rice Av,2013-12-15 00:00:00,1
T9927,9567,203,11132,49 Nelson Rd,2014-05-25 00:00:00,2
T9928,5640,100,12294,223 Woodville Rd,2014-03-09 00:00:00,1
T9929,33949,118,12236,33A Tapleys Hill Rd,2013-07-14 00:00:00,1
T9930,9620,528,13361,W2 King William St,2014-03-23 00:00:00,49
T9931,27474,224,11160,33B Mawson Lakes Bvd,2013-12-22 00:00:00,1
T9932,13577,262,14305,20 Anzac Hwy,2014-06-01 00:00:00,1
T9933,9246,B10,13243,3 George St,2014-03-23 00:00:00,2
T9934,47043,200B,13932,6 King William Rd,2013-06-30 00:00:00,7
T9935,64639,281,12401,17 Fourth Av,2014-01-12 00:00:00,1
T9936,11517,241A,13457,W2 Grote St,2014-05-04 00:00:00,5
T9937,8449,333B,10859,58 Military Rd,2014-03-02 00:00:00,4
T9938,5963,300G,14972,Zone E Marion Interchange,2014-05-25 00:00:00,21
T9939,7528,286,13234,12 Ashley St,2014-04-06 00:00:00,2
T9940,16060,G20,15395,47A Sunnymeade Dr,2014-05-25 00:00:00,1
T9941,11287,H30,12990,11 Coorara Av,2014-05-11 00:00:00,1
T9942,16444,640,14973,29D Sturt Rd,2013-09-22 00:00:00,2
T9943,6924,502,11448,34A Walkleys Rd,2014-02-02 00:00:00,6
T9944,11235,H30,17336,29 Stradbroke Rd,2014-02-02 00:00:00,2
T9945,45625,170,13283,S1 North Tce,2013-06-30 00:00:00,6
T9946,12155,237,11944,20 Churchill Rd,2013-08-25 00:00:00,4
T9947,18052,208N,12773,10 Walkerville Tce,2014-03-16 00:00:00,1
T9948,16239,M44,13341,T3 Grenfell St,2014-03-30 00:00:00,7
T9949,17151,265,14160,13 Anzac Hwy,2013-10-13 00:00:00,3
T9950,9812,B10X,13330,G3 Grenfell St,2014-05-04 00:00:00,58
T9951,58703,G20,14753,22 Fiveash Dr,2013-07-21 00:00:00,2
T9952,56913,232,13055,4 Jeffcott St,2013-09-15 00:00:00,1
T9953,6388,300U,17201,28C Diagonal Rd,2014-03-30 00:00:00,5
T9954,28952,541X,11282,48 Hancock Rd,2013-09-29 00:00:00,3
T9955,34019,118,13352,V1 Currie St,2013-11-03 00:00:00,4
T9956,45615,170,13762,2 George St,2013-12-15 00:00:00,3
T9957,50475,H30,16417,5 Henley Beach Rd,2013-09-15 00:00:00,1
T9958,31055,861,13926,10 Glen Osmond Rd,2013-07-07 00:00:00,6
T9959,5901,300,13314,146 Portrush Rd,2014-05-18 00:00:00,1
T9960,12052,251,13261,Z3 King William St,2014-03-09 00:00:00,8
T9961,14054,B10,13111,19 Magill Rd,2014-04-27 00:00:00,4
T9962,50446,H30,13178,7 Magill Rd,2013-08-04 00:00:00,4
T9963,10781,H22,13329,H Grenfell St,2014-03-30 00:00:00,8
T9964,36433,440,10135,74 Hamblynn Rd,2013-06-30 00:00:00,3
T9965,65076,720H,13832,4A South Rd,2014-02-23 00:00:00,4
T9966,58624,G10C,13757,2 Goodwood Rd,2013-09-29 00:00:00,2
T9967,16288,203,11894,25 Hampstead Rd,2013-06-30 00:00:00,1
T9968,51558,W90,13824,6 Leader St,2014-01-12 00:00:00,1
T9969,27521,224F,11803,23 Main North Rd,2014-03-23 00:00:00,2
T9970,19947,507,11347,Zone A Tea Tree Plaza Intercha,2014-02-16 00:00:00,1
T9971,57038,300,12319,21 Regency Rd,2013-12-22 00:00:00,1
T9972,37039,681,15189,40 Brighton Rd,2013-09-01 00:00:00,4
T9973,6543,195F,14548,19 Belair Rd,2014-07-06 00:00:00,7
T9974,19668,557,11613,41 Lower North East Rd,2014-06-08 00:00:00,1
T9975,11326,H30S,16357,29A Seaview Rd,2014-05-18 00:00:00,2
T9976,50145,H20,13931,9B  Marion Rd,2013-07-07 00:00:00,1
T9977,59039,M44,14713,23 Marion Rd,2013-11-17 00:00:00,3
T9978,58349,G10,14878,25 Ayliffes Rd,2013-12-08 00:00:00,4
T9979,14841,G10,12304,16 Prospect Rd,2014-02-23 00:00:00,2
T9980,8689,200,14845,23B Fiveash Dr,2014-06-08 00:00:00,1
T9981,873,733,15492,37 Candy Rd,2014-07-06 00:00:00,1
T9982,45250,155,13298,W2 North Tce,2013-12-15 00:00:00,3
T9983,5638,100,14144,177 Cross Rd,2014-06-22 00:00:00,2
T9984,48986,733,15478,36 Serpentine Rd,2013-10-06 00:00:00,1
T9985,28944,541X,11395,43B Smart Rd,2013-10-20 00:00:00,7
T9986,12783,168,13330,G3 Grenfell St,2014-05-25 00:00:00,6
T9987,16217,G40M,14919,26 Shepherds Hill Rd,2014-05-04 00:00:00,3
T9988,10003,203F,11132,49 Nelson Rd,2014-03-02 00:00:00,4
T9989,264,400,10509,50 / C Ann St,2014-03-23 00:00:00,2
T9990,6348,W90M,14963,Zone B Marion Interchange,2014-07-06 00:00:00,2
T9991,14293,178,12945,9 Payneham Rd,2014-03-16 00:00:00,2
T9992,27746,228F,10213,66 Yorktown Rd,2013-11-24 00:00:00,1
T9993,34363,144,13515,4 Grant Av,2014-01-05 00:00:00,1
T9994,34673,150,12835,10 Port Rd,2013-11-10 00:00:00,1
T9995,58996,M44,12126,Zone D Paradise Interchange,2013-11-03 00:00:00,5
T9996,58320,G10,12850,7 Prospect Rd,2013-11-17 00:00:00,6
T9997,42059,N3,16046,Zone G Noarlunga Centre Interc,2013-09-29 00:00:00,6
T9998,57289,600,15051,26B University Dr,2014-01-05 00:00:00,4
T9999,30424,734,15945,67A Gulfview Rd,2013-09-22 00:00:00,2
T10000,45680,171,13436,T1 Hutt St,2013-11-03 00:00:00,2
