Date,Time,Location,Ride Request,Available Vehicles,Completed Rides,Cancelled Rides,Average Wait Time,Surge Multiplier
2026-01-01,06:00,Chennai Central,117,128,100,17,5.7,1.1
2026-01-01,06:00,T Nagar,216,114,184,32,8.4,1.6
2026-01-01,06:00,Anna Nagar,99,80,89,10,4.4,1.3
2026-01-01,06:00,Adyar,153,96,128,25,5.5,1.3
2026-01-01,06:00,Velachery,117,88,95,22,4.9,1.3
2026-01-01,06:00,Guindy,158,176,128,30,6.3,1.0
2026-01-01,06:00,OMR,140,90,129,11,6.5,1.3
2026-01-01,06:00,Tambaram,72,147,61,11,5.7,1.0
2026-01-01,06:00,Porur,98,91,90,8,6.4,1.1
2026-01-01,06:00,Egmore,150,172,133,17,6.2,1.0
2026-01-01,08:00,Chennai Central,262,140,238,24,6.2,1.3
2026-01-01,08:00,T Nagar,288,149,262,26,8.2,1.5
2026-01-01,08:00,Anna Nagar,239,145,200,39,7.7,1.6
2026-01-01,08:00,Adyar,236,116,224,12,7.4,1.5
2026-01-01,08:00,Velachery,280,82,260,20,10.2,1.8
2026-01-01,08:00,Guindy,204,160,183,21,6.8,1.3
2026-01-01,08:00,OMR,266,133,248,18,7.2,1.3
2026-01-01,08:00,Tambaram,203,144,188,15,5.1,1.2
2026-01-01,08:00,Porur,218,159,174,44,4.7,1.3
2026-01-01,08:00,Egmore,278,98,258,20,9.3,1.5
2026-01-01,10:00,Chennai Central,195,172,176,19,5.6,1.2
2026-01-01,10:00,T Nagar,172,71,154,18,7.2,2.0
2026-01-01,10:00,Anna Nagar,99,162,87,12,3.2,1.0
2026-01-01,10:00,Adyar,124,156,111,13,5.2,1.1
2026-01-01,10:00,Velachery,171,74,153,18,6.0,1.8
2026-01-01,10:00,Guindy,211,76,200,11,9.6,1.5
2026-01-01,10:00,OMR,101,74,81,20,5.9,1.1
2026-01-01,10:00,Tambaram,100,78,89,11,6.1,1.1
2026-01-01,10:00,Porur,141,124,121,20,4.6,1.2
2026-01-01,10:00,Egmore,161,94,142,19,7.7,1.5
2026-01-01,12:00,Chennai Central,81,185,66,15,4.4,1.0
2026-01-01,12:00,T Nagar,126,188,103,23,5.5,1.0
2026-01-01,12:00,Anna Nagar,82,86,69,13,3.9,1.0
2026-01-01,12:00,Adyar,83,84,77,6,6.5,1.0
2026-01-01,12:00,Velachery,90,131,70,20,3.3,1.0
2026-01-01,12:00,Guindy,158,162,142,16,3.1,1.0
2026-01-01,12:00,OMR,136,125,113,23,6.4,1.1
2026-01-01,12:00,Tambaram,65,195,61,4,3.1,1.0
2026-01-01,12:00,Porur,114,98,92,22,5.8,1.3
2026-01-01,12:00,Egmore,56,170,46,10,4.4,1.1
2026-01-01,14:00,Chennai Central,117,173,100,17,3.7,1.0
2026-01-01,14:00,T Nagar,157,187,137,20,6.2,1.0
2026-01-01,14:00,Anna Nagar,136,138,120,16,3.5,1.0
2026-01-01,14:00,Adyar,126,118,100,26,3.6,1.3
2026-01-01,14:00,Velachery,89,86,75,14,4.7,1.3
2026-01-01,14:00,Guindy,112,190,105,7,3.2,1.1
2026-01-01,14:00,OMR,113,82,99,14,5.5,1.3
2026-01-01,14:00,Tambaram,54,117,47,7,3.3,1.0
2026-01-01,14:00,Porur,63,177,55,8,3.5,1.0
2026-01-01,14:00,Egmore,134,128,120,14,5.7,1.3
2026-01-01,16:00,Chennai Central,170,177,141,29,5.4,1.1
2026-01-01,16:00,T Nagar,145,99,131,14,6.9,1.2
2026-01-01,16:00,Anna Nagar,114,74,106,8,4.8,1.3
2026-01-01,16:00,Adyar,142,81,113,29,6.7,1.3
2026-01-01,16:00,Velachery,200,131,167,33,6.4,1.5
2026-01-01,16:00,Guindy,103,185,92,11,4.8,1.0
2026-01-01,16:00,OMR,91,147,79,12,6.4,1.0
2026-01-01,16:00,Tambaram,151,93,118,33,6.5,1.3
2026-01-01,16:00,Porur,132,158,103,29,3.8,1.0
2026-01-01,16:00,Egmore,104,150,86,18,4.1,1.1
2026-01-01,18:00,Chennai Central,310,149,251,59,7.3,1.8
2026-01-01,18:00,T Nagar,270,168,240,30,6.1,1.3
2026-01-01,18:00,Anna Nagar,242,124,192,50,7.1,1.3
2026-01-01,18:00,Adyar,171,104,137,34,5.1,1.3
2026-01-01,18:00,Velachery,190,136,153,37,6.9,1.3
2026-01-01,18:00,Guindy,174,139,148,26,5.1,1.1
2026-01-01,18:00,OMR,223,77,190,33,8.0,1.5
2026-01-01,18:00,Tambaram,175,93,142,33,5.9,1.5
2026-01-01,18:00,Porur,181,120,149,32,4.6,1.5
2026-01-01,18:00,Egmore,187,136,151,36,6.6,1.1
2026-01-01,20:00,Chennai Central,278,115,222,56,9.8,1.8
2026-01-01,20:00,T Nagar,233,97,212,21,8.2,1.8
2026-01-01,20:00,Anna Nagar,149,129,137,12,3.6,1.2
2026-01-01,20:00,Adyar,205,76,187,18,7.5,2.0
2026-01-01,20:00,Velachery,198,169,174,24,5.7,1.3
2026-01-01,20:00,Guindy,296,106,257,39,9.0,1.5
2026-01-01,20:00,OMR,282,86,255,27,9.1,1.8
2026-01-01,20:00,Tambaram,197,122,161,36,6.6,1.3
2026-01-01,20:00,Porur,196,97,158,38,6.3,1.5
2026-01-01,20:00,Egmore,239,105,220,19,7.1,1.8
2026-01-02,06:00,Chennai Central,158,158,124,34,4.0,1.0
2026-01-02,06:00,T Nagar,210,113,195,15,7.9,1.6
2026-01-02,06:00,Anna Nagar,121,180,106,15,3.6,1.0
2026-01-02,06:00,Adyar,103,121,87,16,3.0,1.0
2026-01-02,06:00,Velachery,103,138,92,11,6.4,1.0
2026-01-02,06:00,Guindy,138,150,117,21,6.3,1.0
2026-01-02,06:00,OMR,191,168,169,22,6.0,1.1
2026-01-02,06:00,Tambaram,128,157,113,15,4.1,1.0
2026-01-02,06:00,Porur,86,167,74,12,5.3,1.0
2026-01-02,06:00,Egmore,161,80,134,27,7.5,1.8
2026-01-02,08:00,Chennai Central,244,75,206,38,10.6,1.5
2026-01-02,08:00,T Nagar,303,142,258,45,7.9,2.0
2026-01-02,08:00,Anna Nagar,246,147,220,26,7.0,1.3
2026-01-02,08:00,Adyar,167,124,130,37,6.9,1.3
2026-01-02,08:00,Velachery,202,95,184,18,7.4,2.0
2026-01-02,08:00,Guindy,248,86,213,35,7.8,2.0
2026-01-02,08:00,OMR,193,119,150,43,8.3,1.3
2026-01-02,08:00,Tambaram,214,151,202,12,7.3,1.3
2026-01-02,08:00,Porur,162,88,152,10,8.0,1.3
2026-01-02,08:00,Egmore,270,130,249,21,7.9,1.8
2026-01-02,10:00,Chennai Central,176,179,148,28,4.4,1.1
2026-01-02,10:00,T Nagar,117,141,102,15,5.7,1.0
2026-01-02,10:00,Anna Nagar,152,165,120,32,4.8,1.1
2026-01-02,10:00,Adyar,121,98,94,27,3.8,1.3
2026-01-02,10:00,Velachery,147,104,122,25,6.7,1.3
2026-01-02,10:00,Guindy,169,189,149,20,4.9,1.0
2026-01-02,10:00,OMR,136,122,112,24,4.8,1.2
2026-01-02,10:00,Tambaram,72,107,68,4,3.1,1.0
2026-01-02,10:00,Porur,168,177,151,17,5.4,1.1
2026-01-02,10:00,Egmore,123,126,98,25,5.5,1.0
2026-01-02,12:00,Chennai Central,104,81,82,22,4.0,1.2
2026-01-02,12:00,T Nagar,95,164,76,19,3.2,1.0
2026-01-02,12:00,Anna Nagar,122,183,112,10,6.0,1.1
2026-01-02,12:00,Adyar,89,195,69,20,6.3,1.0
2026-01-02,12:00,Velachery,143,166,133,10,5.8,1.0
2026-01-02,12:00,Guindy,97,153,80,17,5.2,1.0
2026-01-02,12:00,OMR,99,162,82,17,4.1,1.0
2026-01-02,12:00,Tambaram,63,165,52,11,4.5,1.0
2026-01-02,12:00,Porur,75,110,62,13,4.4,1.1
2026-01-02,12:00,Egmore,74,131,62,12,3.6,1.0
2026-01-02,14:00,Chennai Central,154,193,126,28,6.5,1.0
2026-01-02,14:00,T Nagar,140,118,132,8,5.8,1.2
2026-01-02,14:00,Anna Nagar,130,123,102,28,4.5,1.2
2026-01-02,14:00,Adyar,114,134,98,16,4.0,1.1
2026-01-02,14:00,Velachery,60,170,52,8,4.4,1.0
2026-01-02,14:00,Guindy,110,156,90,20,6.5,1.1
2026-01-02,14:00,OMR,71,154,57,14,5.6,1.0
2026-01-02,14:00,Tambaram,54,139,43,11,3.6,1.1
2026-01-02,14:00,Porur,102,170,90,12,4.1,1.1
2026-01-02,14:00,Egmore,68,122,58,10,4.5,1.0
2026-01-02,16:00,Chennai Central,180,163,157,23,3.6,1.3
2026-01-02,16:00,T Nagar,122,78,95,27,5.7,1.3
2026-01-02,16:00,Anna Nagar,182,110,142,40,4.9,1.6
2026-01-02,16:00,Adyar,142,165,113,29,5.7,1.0
2026-01-02,16:00,Velachery,104,184,87,17,4.5,1.0
2026-01-02,16:00,Guindy,140,70,123,17,4.8,1.3
2026-01-02,16:00,OMR,190,76,170,20,7.3,2.0
2026-01-02,16:00,Tambaram,145,153,136,9,4.9,1.0
2026-01-02,16:00,Porur,168,103,152,16,6.4,1.3
2026-01-02,16:00,Egmore,190,128,163,27,6.9,1.2
2026-01-02,18:00,Chennai Central,276,99,233,43,9.4,2.0
2026-01-02,18:00,T Nagar,176,83,145,31,7.7,1.5
2026-01-02,18:00,Anna Nagar,171,123,138,33,7.4,1.3
2026-01-02,18:00,Adyar,158,109,129,29,4.7,1.3
2026-01-02,18:00,Velachery,169,140,141,28,7.2,1.3
2026-01-02,18:00,Guindy,276,144,228,48,8.6,1.3
2026-01-02,18:00,OMR,167,158,157,10,5.3,1.2
2026-01-02,18:00,Tambaram,214,76,199,15,7.9,2.0
2026-01-02,18:00,Porur,193,146,172,21,6.9,1.3
2026-01-02,18:00,Egmore,198,98,179,19,8.1,2.0
2026-01-02,20:00,Chennai Central,193,78,176,17,9.2,2.0
2026-01-02,20:00,T Nagar,248,118,198,50,6.4,2.0
2026-01-02,20:00,Anna Nagar,244,161,230,14,6.0,1.6
2026-01-02,20:00,Adyar,195,163,173,22,5.7,1.2
2026-01-02,20:00,Velachery,167,156,135,32,5.3,1.2
2026-01-02,20:00,Guindy,253,73,210,43,9.2,1.5
2026-01-02,20:00,OMR,242,77,203,39,9.6,2.0
2026-01-02,20:00,Tambaram,150,127,119,31,5.2,1.3
2026-01-02,20:00,Porur,136,132,125,11,3.7,1.2
2026-01-02,20:00,Egmore,218,126,195,23,7.0,1.6
2026-01-03,06:00,Chennai Central,134,156,115,19,3.9,1.1
2026-01-03,06:00,T Nagar,130,186,122,8,4.9,1.0
2026-01-03,06:00,Anna Nagar,93,157,86,7,3.1,1.0
2026-01-03,06:00,Adyar,81,147,68,13,6.0,1.0
2026-01-03,06:00,Velachery,129,167,108,21,6.1,1.0
2026-01-03,06:00,Guindy,108,74,90,18,4.5,1.1
2026-01-03,06:00,OMR,167,132,138,29,6.2,1.2
2026-01-03,06:00,Tambaram,73,150,61,12,4.9,1.0
2026-01-03,06:00,Porur,94,146,75,19,5.9,1.1
2026-01-03,06:00,Egmore,174,186,164,10,3.9,1.0
2026-01-03,08:00,Chennai Central,256,110,235,21,8.8,1.8
2026-01-03,08:00,T Nagar,203,157,182,21,6.8,1.1
2026-01-03,08:00,Anna Nagar,225,74,185,40,7.9,1.5
2026-01-03,08:00,Adyar,154,107,129,25,7.0,1.3
2026-01-03,08:00,Velachery,293,103,252,41,10.0,1.5
2026-01-03,08:00,Guindy,246,80,233,13,8.0,1.8
2026-01-03,08:00,OMR,284,124,245,39,9.3,1.5
2026-01-03,08:00,Tambaram,126,92,111,15,5.7,1.1
2026-01-03,08:00,Porur,136,100,108,28,6.1,1.3
2026-01-03,08:00,Egmore,249,120,216,33,8.8,2.0
2026-01-03,10:00,Chennai Central,139,156,125,14,3.4,1.1
2026-01-03,10:00,T Nagar,162,137,128,34,3.7,1.2
2026-01-03,10:00,Anna Nagar,138,176,111,27,4.3,1.0
2026-01-03,10:00,Adyar,104,165,86,18,5.1,1.0
2026-01-03,10:00,Velachery,139,150,115,24,4.1,1.1
2026-01-03,10:00,Guindy,114,127,98,16,6.0,1.0
2026-01-03,10:00,OMR,114,130,90,24,6.0,1.0
2026-01-03,10:00,Tambaram,157,123,135,22,7.2,1.1
2026-01-03,10:00,Porur,146,76,127,19,7.9,1.6
2026-01-03,10:00,Egmore,124,136,109,15,3.0,1.0
2026-01-03,12:00,Chennai Central,136,145,120,16,4.8,1.0
2026-01-03,12:00,T Nagar,82,81,70,12,5.4,1.3
2026-01-03,12:00,Anna Nagar,90,136,83,7,4.5,1.0
2026-01-03,12:00,Adyar,74,114,65,9,3.9,1.0
2026-01-03,12:00,Velachery,92,170,73,19,5.1,1.0
2026-01-03,12:00,Guindy,76,97,66,10,3.6,1.0
2026-01-03,12:00,OMR,70,114,57,13,3.6,1.0
2026-01-03,12:00,Tambaram,114,174,102,12,5.3,1.1
2026-01-03,12:00,Porur,111,177,93,18,4.9,1.0
2026-01-03,12:00,Egmore,133,130,114,19,4.8,1.3
2026-01-03,14:00,Chennai Central,135,93,105,30,6.8,1.2
2026-01-03,14:00,T Nagar,168,111,149,19,4.5,1.3
2026-01-03,14:00,Anna Nagar,136,121,108,28,3.6,1.2
2026-01-03,14:00,Adyar,69,160,59,10,5.0,1.0
2026-01-03,14:00,Velachery,83,93,67,16,5.7,1.0
2026-01-03,14:00,Guindy,105,101,86,19,4.7,1.1
2026-01-03,14:00,OMR,141,91,128,13,5.0,1.5
2026-01-03,14:00,Tambaram,51,117,46,5,5.7,1.0
2026-01-03,14:00,Porur,74,86,63,11,6.3,1.1
2026-01-03,14:00,Egmore,121,184,111,10,5.5,1.0
2026-01-03,16:00,Chennai Central,168,76,135,33,7.2,1.5
2026-01-03,16:00,T Nagar,223,109,179,44,6.2,1.8
2026-01-03,16:00,Anna Nagar,186,126,176,10,7.2,1.3
2026-01-03,16:00,Adyar,114,167,99,15,4.8,1.0
2026-01-03,16:00,Velachery,151,154,137,14,3.3,1.1
2026-01-03,16:00,Guindy,145,98,114,31,6.0,1.1
2026-01-03,16:00,OMR,116,135,94,22,6.4,1.0
2026-01-03,16:00,Tambaram,83,125,76,7,5.3,1.0
2026-01-03,16:00,Porur,97,78,87,10,4.4,1.3
2026-01-03,16:00,Egmore,115,76,95,20,6.3,1.3
2026-01-03,18:00,Chennai Central,267,128,208,59,8.6,1.8
2026-01-03,18:00,T Nagar,178,136,148,30,4.9,1.3
2026-01-03,18:00,Anna Nagar,152,123,138,14,4.2,1.2
2026-01-03,18:00,Adyar,168,160,138,30,4.5,1.3
2026-01-03,18:00,Velachery,202,155,167,35,6.4,1.3
2026-01-03,18:00,Guindy,298,128,278,20,7.9,1.8
2026-01-03,18:00,OMR,218,108,175,43,7.7,1.5
2026-01-03,18:00,Tambaram,214,118,177,37,6.3,1.6
2026-01-03,18:00,Porur,143,86,125,18,6.5,1.6
2026-01-03,18:00,Egmore,196,164,156,40,5.2,1.3
2026-01-03,20:00,Chennai Central,234,100,183,51,7.0,2.0
2026-01-03,20:00,T Nagar,192,83,160,32,7.4,2.0
2026-01-03,20:00,Anna Nagar,266,106,211,55,9.2,1.5
2026-01-03,20:00,Adyar,164,105,148,16,6.4,1.3
2026-01-03,20:00,Velachery,201,78,185,16,6.2,1.5
2026-01-03,20:00,Guindy,270,112,255,15,8.3,2.0
2026-01-03,20:00,OMR,277,150,225,52,8.2,1.6
2026-01-03,20:00,Tambaram,183,77,144,39,9.0,2.0
2026-01-03,20:00,Porur,233,95,220,13,8.9,2.0
2026-01-03,20:00,Egmore,221,165,194,27,7.2,1.3
2026-01-04,06:00,Chennai Central,160,132,143,17,4.6,1.2
2026-01-04,06:00,T Nagar,106,167,99,7,5.2,1.0
2026-01-04,06:00,Anna Nagar,97,132,77,20,4.2,1.0
2026-01-04,06:00,Adyar,82,117,72,10,4.7,1.0
2026-01-04,06:00,Velachery,175,93,149,26,8.1,1.6
2026-01-04,06:00,Guindy,98,77,77,21,4.9,1.1
2026-01-04,06:00,OMR,118,158,111,7,3.2,1.1
2026-01-04,06:00,Tambaram,149,116,120,29,4.2,1.1
2026-01-04,06:00,Porur,153,166,132,21,3.9,1.0
2026-01-04,06:00,Egmore,190,168,150,40,5.2,1.2
2026-01-04,08:00,Chennai Central,243,76,198,45,8.3,1.8
2026-01-04,08:00,T Nagar,282,110,264,18,8.2,1.8
2026-01-04,08:00,Anna Nagar,220,126,206,14,7.1,1.5
2026-01-04,08:00,Adyar,187,116,170,17,6.0,1.5
2026-01-04,08:00,Velachery,259,149,234,25,8.2,1.6
2026-01-04,08:00,Guindy,278,157,225,53,8.3,1.5
2026-01-04,08:00,OMR,267,110,219,48,9.7,2.0
2026-01-04,08:00,Tambaram,229,163,209,20,5.2,1.1
2026-01-04,08:00,Porur,174,163,136,38,3.6,1.3
2026-01-04,08:00,Egmore,259,126,219,40,7.7,2.0
2026-01-04,10:00,Chennai Central,112,164,106,6,4.8,1.0
2026-01-04,10:00,T Nagar,126,139,113,13,6.4,1.1
2026-01-04,10:00,Anna Nagar,106,127,85,21,3.3,1.0
2026-01-04,10:00,Adyar,113,106,94,19,4.4,1.1
2026-01-04,10:00,Velachery,140,146,115,25,6.2,1.0
2026-01-04,10:00,Guindy,140,186,118,22,3.5,1.0
2026-01-04,10:00,OMR,93,122,85,8,3.1,1.0
2026-01-04,10:00,Tambaram,72,91,61,11,5.1,1.0
2026-01-04,10:00,Porur,88,110,75,13,6.3,1.0
2026-01-04,10:00,Egmore,116,179,101,15,5.6,1.0
2026-01-04,12:00,Chennai Central,68,193,54,14,3.8,1.0
2026-01-04,12:00,T Nagar,71,94,57,14,3.3,1.0
2026-01-04,12:00,Anna Nagar,110,93,88,22,5.4,1.3
2026-01-04,12:00,Adyar,63,114,51,12,4.3,1.0
2026-01-04,12:00,Velachery,67,142,60,7,5.6,1.0
2026-01-04,12:00,Guindy,111,119,103,8,5.7,1.0
2026-01-04,12:00,OMR,69,134,58,11,6.3,1.0
2026-01-04,12:00,Tambaram,79,81,63,16,3.3,1.0
2026-01-04,12:00,Porur,83,171,73,10,5.6,1.0
2026-01-04,12:00,Egmore,144,166,119,25,6.2,1.0
2026-01-04,14:00,Chennai Central,75,156,70,5,5.2,1.0
2026-01-04,14:00,T Nagar,90,133,81,9,3.0,1.0
2026-01-04,14:00,Anna Nagar,76,127,71,5,6.0,1.0
2026-01-04,14:00,Adyar,101,136,81,20,4.2,1.0
2026-01-04,14:00,Velachery,120,185,102,18,5.5,1.1
2026-01-04,14:00,Guindy,63,156,58,5,3.5,1.0
2026-01-04,14:00,OMR,93,126,77,16,3.2,1.0
2026-01-04,14:00,Tambaram,95,160,74,21,6.5,1.0
2026-01-04,14:00,Porur,83,108,65,18,4.0,1.0
2026-01-04,14:00,Egmore,150,162,138,12,3.8,1.0
2026-01-04,16:00,Chennai Central,172,187,146,26,6.3,1.0
2026-01-04,16:00,T Nagar,101,183,87,14,6.1,1.0
2026-01-04,16:00,Anna Nagar,182,188,145,37,3.0,1.0
2026-01-04,16:00,Adyar,154,185,137,17,3.4,1.0
2026-01-04,16:00,Velachery,154,180,140,14,6.5,1.1
2026-01-04,16:00,Guindy,114,170,98,16,4.4,1.1
2026-01-04,16:00,OMR,198,166,171,27,5.9,1.2
2026-01-04,16:00,Tambaram,106,170,93,13,3.0,1.0
2026-01-04,16:00,Porur,108,158,101,7,3.7,1.1
2026-01-04,16:00,Egmore,115,163,102,13,5.5,1.0
2026-01-04,18:00,Chennai Central,228,94,179,49,9.7,1.8
2026-01-04,18:00,T Nagar,255,138,201,54,6.6,1.3
2026-01-04,18:00,Anna Nagar,185,162,156,29,4.3,1.3
2026-01-04,18:00,Adyar,190,164,156,34,3.7,1.2
2026-01-04,18:00,Velachery,279,148,231,48,9.3,1.6
2026-01-04,18:00,Guindy,172,121,149,23,4.5,1.3
2026-01-04,18:00,OMR,176,100,159,17,7.2,1.5
2026-01-04,18:00,Tambaram,203,130,180,23,6.8,1.3
2026-01-04,18:00,Porur,240,85,204,36,10.3,2.0
2026-01-04,18:00,Egmore,209,116,178,31,5.4,1.5
2026-01-04,20:00,Chennai Central,183,158,152,31,6.8,1.1
2026-01-04,20:00,T Nagar,321,139,287,34,9.4,1.8
2026-01-04,20:00,Anna Nagar,222,153,206,16,4.9,1.2
2026-01-04,20:00,Adyar,165,70,153,12,6.6,2.0
2026-01-04,20:00,Velachery,170,160,133,37,4.1,1.3
2026-01-04,20:00,Guindy,189,84,154,35,8.5,2.0
2026-01-04,20:00,OMR,238,117,186,52,7.5,1.8
2026-01-04,20:00,Tambaram,231,127,196,35,8.2,1.6
2026-01-04,20:00,Porur,171,83,139,32,7.6,1.5
2026-01-04,20:00,Egmore,249,74,228,21,8.6,1.5
2026-01-05,06:00,Chennai Central,154,147,132,22,3.9,1.1
2026-01-05,06:00,T Nagar,163,118,147,16,7.2,1.1
2026-01-05,06:00,Anna Nagar,84,115,69,15,3.3,1.0
2026-01-05,06:00,Adyar,123,159,110,13,6.0,1.0
2026-01-05,06:00,Velachery,178,76,141,37,6.2,2.0
2026-01-05,06:00,Guindy,127,93,104,23,4.7,1.1
2026-01-05,06:00,OMR,126,135,103,23,3.0,1.0
2026-01-05,06:00,Tambaram,148,111,121,27,7.2,1.2
2026-01-05,06:00,Porur,152,118,126,26,6.6,1.2
2026-01-05,06:00,Egmore,195,92,182,13,6.5,2.0
2026-01-05,08:00,Chennai Central,182,106,151,31,6.2,1.6
2026-01-05,08:00,T Nagar,290,107,259,31,10.2,1.8
2026-01-05,08:00,Anna Nagar,198,106,175,23,6.7,1.6
2026-01-05,08:00,Adyar,178,123,141,37,5.9,1.1
2026-01-05,08:00,Velachery,204,71,162,42,8.7,1.5
2026-01-05,08:00,Guindy,211,129,166,45,8.0,1.5
2026-01-05,08:00,OMR,161,167,146,15,5.4,1.0
2026-01-05,08:00,Tambaram,221,115,183,38,8.4,1.5
2026-01-05,08:00,Porur,232,110,216,16,9.4,2.0
2026-01-05,08:00,Egmore,172,86,149,23,8.1,1.3
2026-01-05,10:00,Chennai Central,193,181,169,24,6.3,1.1
2026-01-05,10:00,T Nagar,151,75,121,30,5.6,2.0
2026-01-05,10:00,Anna Nagar,150,76,135,15,7.2,1.3
2026-01-05,10:00,Adyar,136,83,119,17,6.5,1.3
2026-01-05,10:00,Velachery,105,156,82,23,3.2,1.0
2026-01-05,10:00,Guindy,165,74,133,32,7.5,2.0
2026-01-05,10:00,OMR,106,137,92,14,3.2,1.1
2026-01-05,10:00,Tambaram,87,182,81,6,4.1,1.0
2026-01-05,10:00,Porur,124,133,116,8,6.3,1.0
2026-01-05,10:00,Egmore,130,74,111,19,7.5,1.6
2026-01-05,12:00,Chennai Central,168,188,150,18,5.9,1.0
2026-01-05,12:00,T Nagar,68,80,58,10,5.6,1.0
2026-01-05,12:00,Anna Nagar,110,154,95,15,5.6,1.0
2026-01-05,12:00,Adyar,74,197,58,16,5.2,1.0
2026-01-05,12:00,Velachery,155,162,135,20,5.4,1.0
2026-01-05,12:00,Guindy,92,187,73,19,5.8,1.0
2026-01-05,12:00,OMR,141,193,125,16,4.7,1.0
2026-01-05,12:00,Tambaram,69,93,59,10,5.2,1.1
2026-01-05,12:00,Porur,86,172,75,11,3.7,1.0
2026-01-05,12:00,Egmore,149,104,131,18,4.6,1.1
2026-01-05,14:00,Chennai Central,99,187,78,21,4.3,1.1
2026-01-05,14:00,T Nagar,108,125,87,21,4.9,1.0
2026-01-05,14:00,Anna Nagar,145,196,130,15,3.0,1.1
2026-01-05,14:00,Adyar,78,177,61,17,5.6,1.1
2026-01-05,14:00,Velachery,101,101,93,8,5.6,1.1
2026-01-05,14:00,Guindy,74,179,58,16,5.7,1.0
2026-01-05,14:00,OMR,101,161,80,21,5.9,1.0
2026-01-05,14:00,Tambaram,119,185,103,16,4.4,1.0
2026-01-05,14:00,Porur,64,150,54,10,4.3,1.0
2026-01-05,14:00,Egmore,97,84,88,9,6.0,1.2
2026-01-05,16:00,Chennai Central,144,128,132,12,5.8,1.1
2026-01-05,16:00,T Nagar,105,122,99,6,4.1,1.0
2026-01-05,16:00,Anna Nagar,180,129,166,14,6.4,1.2
2026-01-05,16:00,Adyar,134,144,115,19,6.5,1.1
2026-01-05,16:00,Velachery,108,84,93,15,4.4,1.3
2026-01-05,16:00,Guindy,99,124,93,6,4.6,1.1
2026-01-05,16:00,OMR,90,159,83,7,5.8,1.1
2026-01-05,16:00,Tambaram,98,89,80,18,4.1,1.3
2026-01-05,16:00,Porur,141,151,122,19,4.9,1.0
2026-01-05,16:00,Egmore,176,123,137,39,7.5,1.3
2026-01-05,18:00,Chennai Central,291,100,234,57,9.9,2.0
2026-01-05,18:00,T Nagar,206,121,164,42,7.5,1.6
2026-01-05,18:00,Anna Nagar,257,153,214,43,6.4,1.3
2026-01-05,18:00,Adyar,149,160,126,23,4.6,1.0
2026-01-05,18:00,Velachery,167,161,135,32,3.3,1.1
2026-01-05,18:00,Guindy,212,158,196,16,6.7,1.3
2026-01-05,18:00,OMR,173,133,144,29,6.4,1.3
2026-01-05,18:00,Tambaram,167,104,158,9,5.5,1.5
2026-01-05,18:00,Porur,172,90,157,15,6.3,1.3
2026-01-05,18:00,Egmore,173,99,152,21,6.5,1.5
2026-01-05,20:00,Chennai Central,186,116,151,35,6.4,1.3
2026-01-05,20:00,T Nagar,277,150,262,15,9.2,1.6
2026-01-05,20:00,Anna Nagar,263,97,207,56,7.6,1.8
2026-01-05,20:00,Adyar,193,144,161,32,5.5,1.3
2026-01-05,20:00,Velachery,251,169,221,30,5.9,1.3
2026-01-05,20:00,Guindy,295,101,263,32,9.3,2.0
2026-01-05,20:00,OMR,198,139,170,28,7.6,1.1
2026-01-05,20:00,Tambaram,176,114,154,22,5.2,1.6
2026-01-05,20:00,Porur,196,144,163,33,6.5,1.2
2026-01-05,20:00,Egmore,267,160,253,14,8.2,1.5
2026-01-06,06:00,Chennai Central,184,95,152,32,8.1,1.3
2026-01-06,06:00,T Nagar,161,101,132,29,6.0,1.5
2026-01-06,06:00,Anna Nagar,127,124,106,21,4.7,1.2
2026-01-06,06:00,Adyar,163,127,151,12,5.9,1.1
2026-01-06,06:00,Velachery,172,165,154,18,3.3,1.2
2026-01-06,06:00,Guindy,128,180,108,20,5.4,1.0
2026-01-06,06:00,OMR,132,92,114,18,7.1,1.1
2026-01-06,06:00,Tambaram,128,97,104,24,4.3,1.1
2026-01-06,06:00,Porur,148,135,130,18,6.5,1.2
2026-01-06,06:00,Egmore,101,130,81,20,3.8,1.1
2026-01-06,08:00,Chennai Central,307,120,280,27,10.6,2.0
2026-01-06,08:00,T Nagar,310,116,274,36,10.4,1.8
2026-01-06,08:00,Anna Nagar,231,108,216,15,8.3,1.8
2026-01-06,08:00,Adyar,190,125,156,34,7.7,1.5
2026-01-06,08:00,Velachery,296,118,238,58,10.4,2.0
2026-01-06,08:00,Guindy,242,95,219,23,8.2,1.8
2026-01-06,08:00,OMR,184,95,171,13,8.7,1.6
2026-01-06,08:00,Tambaram,156,126,131,25,4.2,1.3
2026-01-06,08:00,Porur,165,106,143,22,6.3,1.3
2026-01-06,08:00,Egmore,203,130,191,12,5.7,1.3
2026-01-06,10:00,Chennai Central,111,139,102,9,5.4,1.0
2026-01-06,10:00,T Nagar,216,170,198,18,5.0,1.1
2026-01-06,10:00,Anna Nagar,153,167,119,34,5.7,1.0
2026-01-06,10:00,Adyar,103,159,95,8,4.3,1.0
2026-01-06,10:00,Velachery,166,87,144,22,5.1,1.6
2026-01-06,10:00,Guindy,176,185,141,35,6.4,1.1
2026-01-06,10:00,OMR,91,186,84,7,4.7,1.0
2026-01-06,10:00,Tambaram,99,161,80,19,6.3,1.0
2026-01-06,10:00,Porur,96,98,87,9,3.6,1.0
2026-01-06,10:00,Egmore,196,171,173,23,5.9,1.3
2026-01-06,12:00,Chennai Central,116,159,101,15,6.4,1.1
2026-01-06,12:00,T Nagar,166,176,150,16,5.8,1.0
2026-01-06,12:00,Anna Nagar,142,121,117,25,5.8,1.3
2026-01-06,12:00,Adyar,65,123,54,11,6.1,1.0
2026-01-06,12:00,Velachery,149,83,140,9,8.0,1.6
2026-01-06,12:00,Guindy,94,81,81,13,4.2,1.2
2026-01-06,12:00,OMR,116,161,97,19,4.6,1.1
2026-01-06,12:00,Tambaram,108,186,88,20,3.3,1.0
2026-01-06,12:00,Porur,48,178,38,10,4.2,1.0
2026-01-06,12:00,Egmore,61,85,49,12,5.1,1.1
2026-01-06,14:00,Chennai Central,166,146,136,30,3.9,1.2
2026-01-06,14:00,T Nagar,165,104,145,20,7.1,1.5
2026-01-06,14:00,Anna Nagar,58,139,47,11,4.1,1.0
2026-01-06,14:00,Adyar,110,170,87,23,5.8,1.0
2026-01-06,14:00,Velachery,104,84,92,12,4.7,1.3
2026-01-06,14:00,Guindy,134,200,120,14,6.3,1.1
2026-01-06,14:00,OMR,110,95,102,8,5.6,1.2
2026-01-06,14:00,Tambaram,72,148,58,14,4.8,1.1
2026-01-06,14:00,Porur,49,113,42,7,6.4,1.0
2026-01-06,14:00,Egmore,72,148,63,9,4.5,1.0
2026-01-06,16:00,Chennai Central,124,168,117,7,3.2,1.1
2026-01-06,16:00,T Nagar,171,82,152,19,7.4,1.8
2026-01-06,16:00,Anna Nagar,137,104,128,9,6.4,1.1
2026-01-06,16:00,Adyar,99,94,91,8,4.1,1.1
2026-01-06,16:00,Velachery,159,98,146,13,7.9,1.6
2026-01-06,16:00,Guindy,121,80,99,22,5.7,1.3
2026-01-06,16:00,OMR,104,81,88,16,7.0,1.3
2026-01-06,16:00,Tambaram,81,159,74,7,3.7,1.1
2026-01-06,16:00,Porur,150,81,117,33,5.6,1.3
2026-01-06,16:00,Egmore,187,161,163,24,4.5,1.2
2026-01-06,18:00,Chennai Central,308,85,240,68,10.9,1.8
2026-01-06,18:00,T Nagar,290,163,270,20,8.8,1.3
2026-01-06,18:00,Anna Nagar,174,99,152,22,6.5,1.3
2026-01-06,18:00,Adyar,171,87,155,16,8.2,1.3
2026-01-06,18:00,Velachery,163,161,145,18,5.0,1.3
2026-01-06,18:00,Guindy,261,165,212,49,8.7,1.5
2026-01-06,18:00,OMR,192,96,167,25,8.5,1.5
2026-01-06,18:00,Tambaram,127,81,111,16,5.0,1.3
2026-01-06,18:00,Porur,168,118,152,16,5.4,1.1
2026-01-06,18:00,Egmore,213,142,190,23,8.1,1.3
2026-01-06,20:00,Chennai Central,302,140,259,43,7.9,2.0
2026-01-06,20:00,T Nagar,291,84,249,42,8.3,1.8
2026-01-06,20:00,Anna Nagar,243,100,225,18,6.6,2.0
2026-01-06,20:00,Adyar,146,138,135,11,4.1,1.1
2026-01-06,20:00,Velachery,190,86,154,36,6.7,2.0
2026-01-06,20:00,Guindy,223,111,179,44,7.1,1.8
2026-01-06,20:00,OMR,168,151,143,25,6.3,1.2
2026-01-06,20:00,Tambaram,138,118,108,30,3.8,1.2
2026-01-06,20:00,Porur,186,149,176,10,5.3,1.1
2026-01-06,20:00,Egmore,253,149,217,36,7.2,1.5
2026-01-07,06:00,Chennai Central,123,152,109,14,4.8,1.0
2026-01-07,06:00,T Nagar,211,187,182,29,7.0,1.2
2026-01-07,06:00,Anna Nagar,97,111,89,8,3.4,1.0
2026-01-07,06:00,Adyar,143,187,124,19,5.0,1.0
2026-01-07,06:00,Velachery,129,119,111,18,5.4,1.2
2026-01-07,06:00,Guindy,129,147,112,17,4.6,1.0
2026-01-07,06:00,OMR,148,151,120,28,4.1,1.0
2026-01-07,06:00,Tambaram,75,146,63,12,4.9,1.0
2026-01-07,06:00,Porur,96,177,75,21,6.1,1.1
2026-01-07,06:00,Egmore,160,138,137,23,4.5,1.2
2026-01-07,08:00,Chennai Central,265,101,241,24,8.3,1.8
2026-01-07,08:00,T Nagar,268,115,223,45,8.2,1.5
2026-01-07,08:00,Anna Nagar,265,161,208,57,7.3,1.3
2026-01-07,08:00,Adyar,213,76,190,23,7.7,1.5
2026-01-07,08:00,Velachery,201,137,159,42,6.7,1.2
2026-01-07,08:00,Guindy,246,148,198,48,6.1,1.6
2026-01-07,08:00,OMR,172,157,149,23,5.4,1.2
2026-01-07,08:00,Tambaram,138,121,126,12,6.6,1.2
2026-01-07,08:00,Porur,227,129,178,49,8.4,1.3
2026-01-07,08:00,Egmore,190,78,151,39,8.3,2.0
2026-01-07,10:00,Chennai Central,127,74,114,13,7.8,1.3
2026-01-07,10:00,T Nagar,168,175,152,16,4.0,1.1
2026-01-07,10:00,Anna Nagar,119,174,101,18,4.3,1.0
2026-01-07,10:00,Adyar,150,137,123,27,5.0,1.1
2026-01-07,10:00,Velachery,148,119,134,14,3.9,1.1
2026-01-07,10:00,Guindy,150,96,118,32,6.1,1.3
2026-01-07,10:00,OMR,159,104,134,25,6.5,1.6
2026-01-07,10:00,Tambaram,101,103,88,13,4.0,1.0
2026-01-07,10:00,Porur,153,76,128,25,5.2,1.8
2026-01-07,10:00,Egmore,185,166,148,37,3.8,1.3
2026-01-07,12:00,Chennai Central,84,178,66,18,3.9,1.0
2026-01-07,12:00,T Nagar,162,138,133,29,5.4,1.2
2026-01-07,12:00,Anna Nagar,139,183,111,28,5.9,1.0
2026-01-07,12:00,Adyar,105,168,97,8,4.7,1.0
2026-01-07,12:00,Velachery,90,112,84,6,4.7,1.0
2026-01-07,12:00,Guindy,76,141,63,13,6.1,1.1
2026-01-07,12:00,OMR,138,142,126,12,3.1,1.0
2026-01-07,12:00,Tambaram,118,178,106,12,4.7,1.0
2026-01-07,12:00,Porur,48,190,44,4,4.1,1.0
2026-01-07,12:00,Egmore,105,119,84,21,6.3,1.0
2026-01-07,14:00,Chennai Central,109,148,89,20,4.9,1.1
2026-01-07,14:00,T Nagar,126,190,108,18,4.2,1.0
2026-01-07,14:00,Anna Nagar,74,164,69,5,4.1,1.1
2026-01-07,14:00,Adyar,119,105,94,25,4.2,1.1
2026-01-07,14:00,Velachery,150,123,120,30,3.8,1.2
2026-01-07,14:00,Guindy,103,108,88,15,5.3,1.0
2026-01-07,14:00,OMR,116,167,101,15,5.4,1.0
2026-01-07,14:00,Tambaram,57,114,50,7,5.6,1.0
2026-01-07,14:00,Porur,73,159,68,5,3.0,1.0
2026-01-07,14:00,Egmore,116,141,100,16,6.3,1.0
2026-01-07,16:00,Chennai Central,141,87,130,11,4.5,1.3
2026-01-07,16:00,T Nagar,120,124,98,22,3.3,1.0
2026-01-07,16:00,Anna Nagar,110,185,91,19,3.3,1.0
2026-01-07,16:00,Adyar,157,159,136,21,5.4,1.0
2026-01-07,16:00,Velachery,193,80,177,16,9.1,1.5
2026-01-07,16:00,Guindy,147,171,131,16,4.5,1.0
2026-01-07,16:00,OMR,138,97,122,16,6.5,1.3
2026-01-07,16:00,Tambaram,97,134,82,15,6.3,1.1
2026-01-07,16:00,Porur,154,127,126,28,5.5,1.3
2026-01-07,16:00,Egmore,196,153,156,40,4.2,1.1
2026-01-07,18:00,Chennai Central,259,150,219,40,8.0,1.6
2026-01-07,18:00,T Nagar,320,109,302,18,8.4,1.5
2026-01-07,18:00,Anna Nagar,232,94,195,37,6.8,1.8
2026-01-07,18:00,Adyar,241,127,192,49,6.4,1.5
2026-01-07,18:00,Velachery,279,120,247,32,7.8,1.5
2026-01-07,18:00,Guindy,250,97,222,28,9.1,1.5
2026-01-07,18:00,OMR,161,79,128,33,5.3,2.0
2026-01-07,18:00,Tambaram,180,115,155,25,6.5,1.3
2026-01-07,18:00,Porur,244,115,219,25,8.1,1.8
2026-01-07,18:00,Egmore,268,70,230,38,8.5,1.5
2026-01-07,20:00,Chennai Central,247,130,221,26,7.1,1.3
2026-01-07,20:00,T Nagar,225,92,190,35,9.4,1.8
2026-01-07,20:00,Anna Nagar,221,87,194,27,6.8,1.5
2026-01-07,20:00,Adyar,221,74,208,13,7.3,1.8
2026-01-07,20:00,Velachery,264,73,238,26,7.9,1.5
2026-01-07,20:00,Guindy,181,96,165,16,7.2,1.6
2026-01-07,20:00,OMR,254,130,216,38,9.3,1.5
2026-01-07,20:00,Tambaram,144,75,125,19,7.7,1.3
2026-01-07,20:00,Porur,149,131,139,10,6.8,1.1
2026-01-07,20:00,Egmore,161,73,136,25,6.1,2.0
2026-01-08,06:00,Chennai Central,144,140,124,20,3.6,1.2
2026-01-08,06:00,T Nagar,171,131,134,37,7.1,1.3
2026-01-08,06:00,Anna Nagar,143,152,113,30,3.4,1.0
2026-01-08,06:00,Adyar,95,109,74,21,6.4,1.0
2026-01-08,06:00,Velachery,164,180,151,13,4.2,1.0
2026-01-08,06:00,Guindy,180,115,162,18,5.4,1.6
2026-01-08,06:00,OMR,123,169,96,27,6.1,1.0
2026-01-08,06:00,Tambaram,108,163,86,22,5.3,1.0
2026-01-08,06:00,Porur,169,86,138,31,7.1,1.6
2026-01-08,06:00,Egmore,91,177,84,7,3.5,1.1
2026-01-08,08:00,Chennai Central,300,164,241,59,7.4,1.5
2026-01-08,08:00,T Nagar,323,79,260,63,11.2,2.0
2026-01-08,08:00,Anna Nagar,237,88,196,41,7.4,2.0
2026-01-08,08:00,Adyar,197,152,177,20,5.4,1.1
2026-01-08,08:00,Velachery,196,109,163,33,8.6,1.6
2026-01-08,08:00,Guindy,308,76,259,49,11.5,1.8
2026-01-08,08:00,OMR,210,88,174,36,7.3,1.5
2026-01-08,08:00,Tambaram,198,101,187,11,5.8,1.3
2026-01-08,08:00,Porur,142,120,112,30,6.2,1.1
2026-01-08,08:00,Egmore,204,114,193,11,6.3,1.6
2026-01-08,10:00,Chennai Central,169,115,138,31,5.0,1.2
2026-01-08,10:00,T Nagar,183,150,144,39,3.9,1.2
2026-01-08,10:00,Anna Nagar,103,184,90,13,4.2,1.0
2026-01-08,10:00,Adyar,88,98,73,15,4.6,1.0
2026-01-08,10:00,Velachery,193,138,180,13,7.3,1.2
2026-01-08,10:00,Guindy,112,128,94,18,4.3,1.0
2026-01-08,10:00,OMR,112,122,95,17,3.9,1.0
2026-01-08,10:00,Tambaram,157,183,134,23,4.7,1.0
2026-01-08,10:00,Porur,139,139,122,17,3.7,1.0
2026-01-08,10:00,Egmore,189,146,160,29,7.3,1.3
2026-01-08,12:00,Chennai Central,80,134,75,5,5.9,1.0
2026-01-08,12:00,T Nagar,115,91,102,13,5.1,1.2
2026-01-08,12:00,Anna Nagar,79,172,66,13,3.3,1.0
2026-01-08,12:00,Adyar,63,119,50,13,3.8,1.0
2026-01-08,12:00,Velachery,156,180,139,17,5.6,1.0
2026-01-08,12:00,Guindy,90,189,78,12,4.1,1.0
2026-01-08,12:00,OMR,118,116,108,10,4.0,1.3
2026-01-08,12:00,Tambaram,113,120,89,24,5.8,1.0
2026-01-08,12:00,Porur,80,138,75,5,3.0,1.1
2026-01-08,12:00,Egmore,106,116,96,10,3.8,1.0
2026-01-08,14:00,Chennai Central,91,130,73,18,5.2,1.0
2026-01-08,14:00,T Nagar,112,96,104,8,3.9,1.2
2026-01-08,14:00,Anna Nagar,117,128,96,21,3.6,1.1
2026-01-08,14:00,Adyar,76,122,68,8,5.1,1.0
2026-01-08,14:00,Velachery,60,110,48,12,3.9,1.0
2026-01-08,14:00,Guindy,120,107,106,14,4.5,1.2
2026-01-08,14:00,OMR,91,116,75,16,3.5,1.0
2026-01-08,14:00,Tambaram,61,127,49,12,4.9,1.1
2026-01-08,14:00,Porur,63,181,53,10,5.1,1.0
2026-01-08,14:00,Egmore,110,111,102,8,3.7,1.0
2026-01-08,16:00,Chennai Central,99,95,82,17,3.2,1.3
2026-01-08,16:00,T Nagar,132,119,105,27,3.8,1.1
2026-01-08,16:00,Anna Nagar,154,146,139,15,5.7,1.2
2026-01-08,16:00,Adyar,148,94,137,11,6.0,1.6
2026-01-08,16:00,Velachery,177,95,157,20,5.3,1.5
2026-01-08,16:00,Guindy,148,140,133,15,4.2,1.3
2026-01-08,16:00,OMR,106,186,85,21,6.1,1.0
2026-01-08,16:00,Tambaram,98,94,92,6,4.9,1.2
2026-01-08,16:00,Porur,129,148,118,11,6.0,1.0
2026-01-08,16:00,Egmore,107,157,92,15,4.8,1.0
2026-01-08,18:00,Chennai Central,198,133,175,23,7.0,1.2
2026-01-08,18:00,T Nagar,318,98,253,65,10.3,2.0
2026-01-08,18:00,Anna Nagar,203,140,191,12,5.8,1.2
2026-01-08,18:00,Adyar,179,76,166,13,7.1,1.8
2026-01-08,18:00,Velachery,254,151,214,40,6.5,1.5
2026-01-08,18:00,Guindy,226,157,190,36,6.7,1.3
2026-01-08,18:00,OMR,172,166,137,35,5.3,1.1
2026-01-08,18:00,Tambaram,153,85,139,14,7.2,1.6
2026-01-08,18:00,Porur,135,115,120,15,6.6,1.2
2026-01-08,18:00,Egmore,286,117,235,51,7.3,1.5
2026-01-08,20:00,Chennai Central,176,168,144,32,4.1,1.2
2026-01-08,20:00,T Nagar,193,131,180,13,7.2,1.2
2026-01-08,20:00,Anna Nagar,227,81,197,30,8.0,1.8
2026-01-08,20:00,Adyar,217,168,194,23,6.3,1.1
2026-01-08,20:00,Velachery,261,98,209,52,8.7,1.8
2026-01-08,20:00,Guindy,308,81,267,41,9.4,1.8
2026-01-08,20:00,OMR,239,150,225,14,8.5,1.3
2026-01-08,20:00,Tambaram,162,164,135,27,5.4,1.0
2026-01-08,20:00,Porur,137,109,127,10,6.6,1.3
2026-01-08,20:00,Egmore,240,146,207,33,6.2,1.6
2026-01-09,06:00,Chennai Central,116,186,107,9,5.2,1.1
2026-01-09,06:00,T Nagar,107,75,100,7,6.2,1.3
2026-01-09,06:00,Anna Nagar,145,180,113,32,5.3,1.0
2026-01-09,06:00,Adyar,92,120,74,18,6.3,1.0
2026-01-09,06:00,Velachery,106,169,95,11,3.0,1.1
2026-01-09,06:00,Guindy,212,101,168,44,7.8,2.0
2026-01-09,06:00,OMR,179,90,158,21,5.7,1.6
2026-01-09,06:00,Tambaram,114,142,94,20,4.9,1.0
2026-01-09,06:00,Porur,135,133,109,26,4.0,1.3
2026-01-09,06:00,Egmore,187,89,167,20,7.5,1.5
2026-01-09,08:00,Chennai Central,243,87,196,47,7.8,1.8
2026-01-09,08:00,T Nagar,187,81,160,27,7.8,1.5
2026-01-09,08:00,Anna Nagar,159,165,144,15,4.1,1.0
2026-01-09,08:00,Adyar,168,111,144,24,7.1,1.5
2026-01-09,08:00,Velachery,165,152,156,9,4.9,1.3
2026-01-09,08:00,Guindy,308,116,265,43,9.3,2.0
2026-01-09,08:00,OMR,262,113,232,30,8.9,1.5
2026-01-09,08:00,Tambaram,193,97,175,18,6.8,1.5
2026-01-09,08:00,Porur,220,133,179,41,7.1,1.6
2026-01-09,08:00,Egmore,161,163,143,18,5.7,1.0
2026-01-09,10:00,Chennai Central,120,173,105,15,4.4,1.0
2026-01-09,10:00,T Nagar,197,140,183,14,7.2,1.2
2026-01-09,10:00,Anna Nagar,180,102,150,30,7.4,1.6
2026-01-09,10:00,Adyar,168,156,141,27,6.3,1.2
2026-01-09,10:00,Velachery,197,140,175,22,5.6,1.2
2026-01-09,10:00,Guindy,121,163,101,20,4.7,1.1
2026-01-09,10:00,OMR,150,161,128,22,3.4,1.0
2026-01-09,10:00,Tambaram,152,175,119,33,5.5,1.0
2026-01-09,10:00,Porur,145,98,123,22,7.4,1.2
2026-01-09,10:00,Egmore,157,172,139,18,5.1,1.0
2026-01-09,12:00,Chennai Central,92,81,73,19,5.8,1.1
2026-01-09,12:00,T Nagar,115,198,92,23,5.8,1.0
2026-01-09,12:00,Anna Nagar,96,197,77,19,3.4,1.0
2026-01-09,12:00,Adyar,114,105,106,8,4.8,1.2
2026-01-09,12:00,Velachery,142,179,129,13,5.7,1.0
2026-01-09,12:00,Guindy,163,120,134,29,5.8,1.2
2026-01-09,12:00,OMR,71,90,56,15,5.4,1.1
2026-01-09,12:00,Tambaram,120,113,107,13,6.1,1.1
2026-01-09,12:00,Porur,102,112,84,18,5.5,1.1
2026-01-09,12:00,Egmore,139,164,118,21,4.5,1.0
2026-01-09,14:00,Chennai Central,98,181,86,12,6.2,1.1
2026-01-09,14:00,T Nagar,145,163,122,23,4.2,1.0
2026-01-09,14:00,Anna Nagar,92,145,82,10,3.4,1.0
2026-01-09,14:00,Adyar,76,137,68,8,5.2,1.1
2026-01-09,14:00,Velachery,131,197,109,22,4.2,1.0
2026-01-09,14:00,Guindy,166,198,153,13,3.1,1.0
2026-01-09,14:00,OMR,80,104,69,11,4.0,1.0
2026-01-09,14:00,Tambaram,55,95,52,3,4.5,1.0
2026-01-09,14:00,Porur,52,179,46,6,5.1,1.1
2026-01-09,14:00,Egmore,133,89,107,26,5.6,1.3
2026-01-09,16:00,Chennai Central,120,108,110,10,3.4,1.3
2026-01-09,16:00,T Nagar,191,170,152,39,4.0,1.3
2026-01-09,16:00,Anna Nagar,175,183,149,26,3.2,1.0
2026-01-09,16:00,Adyar,86,184,78,8,4.2,1.1
2026-01-09,16:00,Velachery,155,115,122,33,5.8,1.3
2026-01-09,16:00,Guindy,168,100,157,11,8.2,1.3
2026-01-09,16:00,OMR,193,169,167,26,3.8,1.1
2026-01-09,16:00,Tambaram,74,105,66,8,5.7,1.0
2026-01-09,16:00,Porur,141,97,121,20,7.3,1.1
2026-01-09,16:00,Egmore,170,172,143,27,5.9,1.0
2026-01-09,18:00,Chennai Central,284,82,240,44,9.0,2.0
2026-01-09,18:00,T Nagar,246,115,228,18,9.3,1.5
2026-01-09,18:00,Anna Nagar,212,78,169,43,9.8,2.0
2026-01-09,18:00,Adyar,188,170,155,33,3.8,1.3
2026-01-09,18:00,Velachery,217,106,187,30,7.1,1.8
2026-01-09,18:00,Guindy,264,131,214,50,7.1,2.0
2026-01-09,18:00,OMR,165,81,147,18,8.3,1.5
2026-01-09,18:00,Tambaram,202,107,158,44,8.5,1.3
2026-01-09,18:00,Porur,184,159,163,21,3.9,1.2
2026-01-09,18:00,Egmore,160,131,148,12,6.9,1.1
2026-01-09,20:00,Chennai Central,176,160,140,36,6.7,1.2
2026-01-09,20:00,T Nagar,285,151,234,51,9.5,1.3
2026-01-09,20:00,Anna Nagar,189,111,159,30,5.9,1.3
2026-01-09,20:00,Adyar,176,156,154,22,6.8,1.3
2026-01-09,20:00,Velachery,255,144,226,29,7.4,1.5
2026-01-09,20:00,Guindy,204,149,191,13,5.9,1.2
2026-01-09,20:00,OMR,165,112,154,11,5.0,1.3
2026-01-09,20:00,Tambaram,147,155,123,24,4.6,1.0
2026-01-09,20:00,Porur,209,149,194,15,6.7,1.1
2026-01-09,20:00,Egmore,181,156,168,13,5.3,1.1
2026-01-10,06:00,Chennai Central,188,166,174,14,4.0,1.3
2026-01-10,06:00,T Nagar,108,164,100,8,5.6,1.0
2026-01-10,06:00,Anna Nagar,119,103,94,25,5.7,1.3
2026-01-10,06:00,Adyar,76,186,68,8,4.1,1.0
2026-01-10,06:00,Velachery,106,181,83,23,4.9,1.0
2026-01-10,06:00,Guindy,118,164,93,25,4.3,1.0
2026-01-10,06:00,OMR,118,75,102,16,6.1,1.5
2026-01-10,06:00,Tambaram,159,80,136,23,8.3,1.3
2026-01-10,06:00,Porur,118,177,103,15,4.7,1.0
2026-01-10,06:00,Egmore,132,139,119,13,6.2,1.0
2026-01-10,08:00,Chennai Central,242,102,213,29,9.5,2.0
2026-01-10,08:00,T Nagar,190,164,176,14,4.4,1.2
2026-01-10,08:00,Anna Nagar,160,95,148,12,4.7,1.5
2026-01-10,08:00,Adyar,231,128,214,17,6.1,1.3
2026-01-10,08:00,Velachery,212,98,183,29,6.2,1.8
2026-01-10,08:00,Guindy,295,111,264,31,8.5,1.8
2026-01-10,08:00,OMR,167,118,158,9,4.6,1.1
2026-01-10,08:00,Tambaram,190,164,155,35,6.2,1.3
2026-01-10,08:00,Porur,215,170,180,35,4.9,1.2
2026-01-10,08:00,Egmore,267,88,211,56,8.0,1.5
2026-01-10,10:00,Chennai Central,109,180,90,19,3.7,1.0
2026-01-10,10:00,T Nagar,211,146,188,23,7.0,1.1
2026-01-10,10:00,Anna Nagar,161,92,148,13,6.9,1.3
2026-01-10,10:00,Adyar,141,104,131,10,5.4,1.2
2026-01-10,10:00,Velachery,173,102,144,29,8.0,1.6
2026-01-10,10:00,Guindy,106,116,88,18,3.3,1.0
2026-01-10,10:00,OMR,105,95,85,20,5.0,1.2
2026-01-10,10:00,Tambaram,101,78,79,22,3.8,1.1
2026-01-10,10:00,Porur,155,143,122,33,5.7,1.1
2026-01-10,10:00,Egmore,149,91,138,11,6.9,1.6
2026-01-10,12:00,Chennai Central,118,109,97,21,4.2,1.2
2026-01-10,12:00,T Nagar,98,100,91,7,4.4,1.1
2026-01-10,12:00,Anna Nagar,89,129,69,20,3.3,1.0
2026-01-10,12:00,Adyar,86,91,70,16,3.1,1.0
2026-01-10,12:00,Velachery,105,145,96,9,4.4,1.0
2026-01-10,12:00,Guindy,93,193,86,7,4.5,1.1
2026-01-10,12:00,OMR,81,150,73,8,3.4,1.1
2026-01-10,12:00,Tambaram,118,193,103,15,4.6,1.0
2026-01-10,12:00,Porur,95,106,85,10,4.8,1.0
2026-01-10,12:00,Egmore,86,129,67,19,5.4,1.0
2026-01-10,14:00,Chennai Central,135,148,107,28,5.0,1.0
2026-01-10,14:00,T Nagar,135,161,116,19,6.1,1.0
2026-01-10,14:00,Anna Nagar,139,148,120,19,6.3,1.0
2026-01-10,14:00,Adyar,68,148,57,11,3.6,1.0
2026-01-10,14:00,Velachery,101,124,85,16,4.7,1.0
2026-01-10,14:00,Guindy,85,174,73,12,5.8,1.0
2026-01-10,14:00,OMR,143,125,112,31,5.0,1.1
2026-01-10,14:00,Tambaram,81,150,67,14,5.4,1.1
2026-01-10,14:00,Porur,84,172,65,19,6.2,1.0
2026-01-10,14:00,Egmore,138,183,129,9,4.3,1.0
2026-01-10,16:00,Chennai Central,195,123,157,38,6.7,1.6
2026-01-10,16:00,T Nagar,127,120,115,12,5.2,1.3
2026-01-10,16:00,Anna Nagar,89,70,76,13,3.5,1.1
2026-01-10,16:00,Adyar,137,94,129,8,5.2,1.3
2026-01-10,16:00,Velachery,205,129,188,17,7.8,1.3
2026-01-10,16:00,Guindy,121,71,112,9,4.9,1.3
2026-01-10,16:00,OMR,196,93,169,27,7.7,1.8
2026-01-10,16:00,Tambaram,130,183,110,20,4.0,1.1
2026-01-10,16:00,Porur,114,158,105,9,5.0,1.0
2026-01-10,16:00,Egmore,188,162,154,34,7.1,1.3
2026-01-10,18:00,Chennai Central,308,95,268,40,11.6,1.8
2026-01-10,18:00,T Nagar,253,140,206,47,7.2,1.3
2026-01-10,18:00,Anna Nagar,258,152,213,45,6.1,1.5
2026-01-10,18:00,Adyar,140,85,109,31,6.5,1.3
2026-01-10,18:00,Velachery,161,84,131,30,5.3,1.3
2026-01-10,18:00,Guindy,271,133,220,51,8.2,2.0
2026-01-10,18:00,OMR,216,123,174,42,6.4,1.5
2026-01-10,18:00,Tambaram,175,170,136,39,6.1,1.1
2026-01-10,18:00,Porur,213,131,184,29,6.1,1.3
2026-01-10,18:00,Egmore,203,97,172,31,7.0,1.8
2026-01-10,20:00,Chennai Central,207,164,186,21,5.4,1.3
2026-01-10,20:00,T Nagar,283,92,255,28,11.3,1.5
2026-01-10,20:00,Anna Nagar,169,114,152,17,6.9,1.1
2026-01-10,20:00,Adyar,181,103,158,23,5.8,1.6
2026-01-10,20:00,Velachery,235,165,192,43,7.6,1.2
2026-01-10,20:00,Guindy,226,162,192,34,6.5,1.2
2026-01-10,20:00,OMR,257,110,217,40,8.4,2.0
2026-01-10,20:00,Tambaram,227,91,178,49,7.9,2.0
2026-01-10,20:00,Porur,209,97,167,42,7.8,1.5
2026-01-10,20:00,Egmore,237,103,207,30,9.3,1.8
2026-01-11,06:00,Chennai Central,171,180,136,35,4.5,1.0
2026-01-11,06:00,T Nagar,217,185,178,39,7.0,1.2
2026-01-11,06:00,Anna Nagar,99,140,90,9,4.9,1.0
2026-01-11,06:00,Adyar,142,78,110,32,6.3,1.3
2026-01-11,06:00,Velachery,147,124,139,8,5.3,1.1
2026-01-11,06:00,Guindy,124,154,105,19,6.0,1.0
2026-01-11,06:00,OMR,122,156,102,20,5.8,1.0
2026-01-11,06:00,Tambaram,101,140,88,13,6.1,1.1
2026-01-11,06:00,Porur,101,122,84,17,5.6,1.0
2026-01-11,06:00,Egmore,177,153,166,11,4.2,1.1
2026-01-11,08:00,Chennai Central,289,99,251,38,9.6,1.5
2026-01-11,08:00,T Nagar,282,71,266,16,10.6,2.0
2026-01-11,08:00,Anna Nagar,226,111,197,29,8.0,2.0
2026-01-11,08:00,Adyar,155,89,134,21,5.8,1.5
2026-01-11,08:00,Velachery,173,141,140,33,6.2,1.3
2026-01-11,08:00,Guindy,177,170,141,36,4.9,1.3
2026-01-11,08:00,OMR,217,99,176,41,8.2,1.8
2026-01-11,08:00,Tambaram,207,142,195,12,5.3,1.2
2026-01-11,08:00,Porur,153,154,133,20,5.4,1.0
2026-01-11,08:00,Egmore,239,130,198,41,6.7,1.5
2026-01-11,10:00,Chennai Central,178,159,139,39,6.1,1.3
2026-01-11,10:00,T Nagar,127,91,116,11,5.4,1.1
2026-01-11,10:00,Anna Nagar,164,76,135,29,6.1,2.0
2026-01-11,10:00,Adyar,157,164,140,17,4.9,1.0
2026-01-11,10:00,Velachery,135,180,116,19,5.4,1.0
2026-01-11,10:00,Guindy,205,135,180,25,5.0,1.6
2026-01-11,10:00,OMR,107,121,94,13,5.7,1.0
2026-01-11,10:00,Tambaram,126,177,117,9,6.1,1.0
2026-01-11,10:00,Porur,124,115,105,19,4.5,1.1
2026-01-11,10:00,Egmore,161,190,134,27,5.4,1.1
2026-01-11,12:00,Chennai Central,162,165,129,33,5.8,1.0
2026-01-11,12:00,T Nagar,163,123,153,10,7.4,1.1
2026-01-11,12:00,Anna Nagar,115,179,102,13,5.2,1.0
2026-01-11,12:00,Adyar,91,135,78,13,3.7,1.0
2026-01-11,12:00,Velachery,109,154,96,13,5.7,1.0
2026-01-11,12:00,Guindy,86,94,76,10,6.3,1.1
2026-01-11,12:00,OMR,96,120,75,21,3.1,1.1
2026-01-11,12:00,Tambaram,74,104,61,13,6.4,1.0
2026-01-11,12:00,Porur,72,83,61,11,5.6,1.0
2026-01-11,12:00,Egmore,137,181,109,28,5.0,1.1
2026-01-11,14:00,Chennai Central,159,123,125,34,4.8,1.1
2026-01-11,14:00,T Nagar,168,180,136,32,5.2,1.0
2026-01-11,14:00,Anna Nagar,105,151,96,9,6.2,1.1
2026-01-11,14:00,Adyar,65,118,53,12,4.2,1.1
2026-01-11,14:00,Velachery,110,89,86,24,5.2,1.1
2026-01-11,14:00,Guindy,160,168,150,10,4.3,1.0
2026-01-11,14:00,OMR,94,89,88,6,5.6,1.3
2026-01-11,14:00,Tambaram,48,143,37,11,3.5,1.1
2026-01-11,14:00,Porur,105,177,84,21,4.0,1.0
2026-01-11,14:00,Egmore,140,145,123,17,3.4,1.0
2026-01-11,16:00,Chennai Central,216,127,183,33,6.1,1.3
2026-01-11,16:00,T Nagar,146,178,131,15,3.2,1.0
2026-01-11,16:00,Anna Nagar,141,97,119,22,5.6,1.2
2026-01-11,16:00,Adyar,141,97,129,12,5.2,1.2
2026-01-11,16:00,Velachery,192,165,181,11,5.6,1.2
2026-01-11,16:00,Guindy,164,126,139,25,7.3,1.3
2026-01-11,16:00,OMR,110,119,88,22,5.5,1.0
2026-01-11,16:00,Tambaram,108,87,88,20,6.7,1.3
2026-01-11,16:00,Porur,138,92,111,27,7.5,1.3
2026-01-11,16:00,Egmore,126,137,103,23,3.7,1.0
2026-01-11,18:00,Chennai Central,202,153,174,28,7.1,1.3
2026-01-11,18:00,T Nagar,243,124,223,20,6.5,1.6
2026-01-11,18:00,Anna Nagar,216,82,179,37,7.3,1.5
2026-01-11,18:00,Adyar,162,101,140,22,5.7,1.5
2026-01-11,18:00,Velachery,264,113,211,53,8.0,1.5
2026-01-11,18:00,Guindy,214,104,170,44,7.5,1.5
2026-01-11,18:00,OMR,225,164,210,15,7.5,1.1
2026-01-11,18:00,Tambaram,181,153,148,33,5.1,1.3
2026-01-11,18:00,Porur,209,166,182,27,6.8,1.2
2026-01-11,18:00,Egmore,204,147,184,20,6.3,1.3
2026-01-11,20:00,Chennai Central,301,149,236,65,10.3,2.0
2026-01-11,20:00,T Nagar,302,83,280,22,9.2,1.5
2026-01-11,20:00,Anna Nagar,171,109,150,21,7.0,1.3
2026-01-11,20:00,Adyar,144,110,118,26,5.8,1.3
2026-01-11,20:00,Velachery,226,109,210,16,8.0,2.0
2026-01-11,20:00,Guindy,210,158,197,13,5.0,1.2
2026-01-11,20:00,OMR,156,127,146,10,6.7,1.1
2026-01-11,20:00,Tambaram,180,86,155,25,7.0,1.5
2026-01-11,20:00,Porur,197,76,155,42,7.1,2.0
2026-01-11,20:00,Egmore,227,160,199,28,5.3,1.3
2026-01-12,06:00,Chennai Central,99,177,82,17,4.1,1.0
2026-01-12,06:00,T Nagar,218,178,172,46,5.6,1.3
2026-01-12,06:00,Anna Nagar,108,96,100,8,3.7,1.2
2026-01-12,06:00,Adyar,147,190,117,30,4.2,1.1
2026-01-12,06:00,Velachery,133,181,116,17,5.4,1.1
2026-01-12,06:00,Guindy,139,165,123,16,5.6,1.1
2026-01-12,06:00,OMR,130,144,113,17,4.2,1.0
2026-01-12,06:00,Tambaram,124,162,104,20,5.7,1.0
2026-01-12,06:00,Porur,106,177,91,15,4.7,1.0
2026-01-12,06:00,Egmore,104,148,92,12,3.5,1.0
2026-01-12,08:00,Chennai Central,302,145,260,42,10.4,2.0
2026-01-12,08:00,T Nagar,187,85,152,35,6.8,1.8
2026-01-12,08:00,Anna Nagar,177,150,142,35,5.3,1.1
2026-01-12,08:00,Adyar,161,166,128,33,3.2,1.0
2026-01-12,08:00,Velachery,178,153,167,11,5.0,1.2
2026-01-12,08:00,Guindy,243,76,215,28,10.3,1.8
2026-01-12,08:00,OMR,251,70,205,46,9.5,1.8
2026-01-12,08:00,Tambaram,188,101,174,14,6.9,1.5
2026-01-12,08:00,Porur,136,118,118,18,5.0,1.2
2026-01-12,08:00,Egmore,284,128,248,36,7.2,1.8
2026-01-12,10:00,Chennai Central,141,178,116,25,3.7,1.0
2026-01-12,10:00,T Nagar,147,154,128,19,3.2,1.0
2026-01-12,10:00,Anna Nagar,145,127,127,18,6.9,1.3
2026-01-12,10:00,Adyar,104,72,90,14,6.9,1.3
2026-01-12,10:00,Velachery,104,176,95,9,3.6,1.0
2026-01-12,10:00,Guindy,160,180,125,35,4.7,1.0
2026-01-12,10:00,OMR,173,163,151,22,4.2,1.3
2026-01-12,10:00,Tambaram,135,128,122,13,5.3,1.2
2026-01-12,10:00,Porur,109,111,99,10,4.3,1.0
2026-01-12,10:00,Egmore,148,190,124,24,5.5,1.0
2026-01-12,12:00,Chennai Central,133,116,118,15,3.5,1.1
2026-01-12,12:00,T Nagar,113,179,105,8,6.3,1.0
2026-01-12,12:00,Anna Nagar,77,117,66,11,6.2,1.0
2026-01-12,12:00,Adyar,68,115,61,7,3.4,1.0
2026-01-12,12:00,Velachery,149,123,140,9,3.9,1.3
2026-01-12,12:00,Guindy,145,169,116,29,5.3,1.0
2026-01-12,12:00,OMR,78,80,65,13,4.1,1.0
2026-01-12,12:00,Tambaram,109,193,97,12,4.4,1.0
2026-01-12,12:00,Porur,90,95,77,13,5.5,1.0
2026-01-12,12:00,Egmore,97,155,76,21,5.2,1.0
2026-01-12,14:00,Chennai Central,72,174,60,12,6.1,1.0
2026-01-12,14:00,T Nagar,80,172,63,17,4.8,1.1
2026-01-12,14:00,Anna Nagar,80,104,68,12,6.1,1.1
2026-01-12,14:00,Adyar,78,117,65,13,3.2,1.1
2026-01-12,14:00,Velachery,132,111,114,18,7.0,1.1
2026-01-12,14:00,Guindy,97,98,90,7,4.2,1.0
2026-01-12,14:00,OMR,77,183,62,15,3.1,1.0
2026-01-12,14:00,Tambaram,63,191,51,12,3.6,1.0
2026-01-12,14:00,Porur,128,194,112,16,5.4,1.1
2026-01-12,14:00,Egmore,105,162,86,19,4.4,1.0
2026-01-12,16:00,Chennai Central,121,101,112,9,4.6,1.1
2026-01-12,16:00,T Nagar,180,121,150,30,5.6,1.1
2026-01-12,16:00,Anna Nagar,126,166,114,12,5.0,1.0
2026-01-12,16:00,Adyar,76,128,62,14,3.7,1.0
2026-01-12,16:00,Velachery,182,86,150,32,8.8,1.5
2026-01-12,16:00,Guindy,208,99,181,27,7.7,2.0
2026-01-12,16:00,OMR,143,90,115,28,7.0,1.6
2026-01-12,16:00,Tambaram,104,114,92,12,5.5,1.0
2026-01-12,16:00,Porur,125,86,110,15,4.6,1.3
2026-01-12,16:00,Egmore,158,122,149,9,4.8,1.1
2026-01-12,18:00,Chennai Central,248,128,214,34,6.5,1.3
2026-01-12,18:00,T Nagar,220,156,197,23,7.1,1.3
2026-01-12,18:00,Anna Nagar,208,152,184,24,7.3,1.2
2026-01-12,18:00,Adyar,175,109,153,22,7.4,1.5
2026-01-12,18:00,Velachery,171,102,155,16,7.3,1.6
2026-01-12,18:00,Guindy,290,119,236,54,10.3,2.0
2026-01-12,18:00,OMR,245,161,229,16,8.1,1.5
2026-01-12,18:00,Tambaram,203,96,173,30,8.8,1.5
2026-01-12,18:00,Porur,137,158,110,27,5.7,1.0
2026-01-12,18:00,Egmore,162,88,148,14,5.9,1.6
2026-01-12,20:00,Chennai Central,297,76,236,61,9.8,1.5
2026-01-12,20:00,T Nagar,185,90,173,12,6.0,2.0
2026-01-12,20:00,Anna Nagar,153,108,133,20,6.3,1.1
2026-01-12,20:00,Adyar,144,167,116,28,4.8,1.0
2026-01-12,20:00,Velachery,202,151,163,39,6.3,1.2
2026-01-12,20:00,Guindy,178,161,146,32,3.5,1.2
2026-01-12,20:00,OMR,267,100,228,39,7.4,2.0
2026-01-12,20:00,Tambaram,216,145,197,19,8.1,1.3
2026-01-12,20:00,Porur,204,137,170,34,7.5,1.3
2026-01-12,20:00,Egmore,162,152,142,20,6.2,1.3
2026-01-13,06:00,Chennai Central,193,139,173,20,5.2,1.1
2026-01-13,06:00,T Nagar,175,91,161,14,5.2,1.3
2026-01-13,06:00,Anna Nagar,138,165,107,31,3.1,1.0
2026-01-13,06:00,Adyar,80,165,63,17,3.4,1.0
2026-01-13,06:00,Velachery,177,115,162,15,6.3,1.3
2026-01-13,06:00,Guindy,112,70,90,22,7.5,1.3
2026-01-13,06:00,OMR,151,140,134,17,4.3,1.1
2026-01-13,06:00,Tambaram,123,85,102,21,5.3,1.1
2026-01-13,06:00,Porur,166,162,144,22,4.8,1.2
2026-01-13,06:00,Egmore,183,155,167,16,4.0,1.3
2026-01-13,08:00,Chennai Central,284,158,234,50,8.0,1.3
2026-01-13,08:00,T Nagar,276,149,215,61,8.2,1.3
2026-01-13,08:00,Anna Nagar,224,127,179,45,8.3,1.5
2026-01-13,08:00,Adyar,243,105,230,13,8.3,2.0
2026-01-13,08:00,Velachery,170,121,149,21,4.9,1.1
2026-01-13,08:00,Guindy,304,114,238,66,10.8,1.8
2026-01-13,08:00,OMR,209,108,171,38,7.6,1.6
2026-01-13,08:00,Tambaram,168,157,143,25,4.7,1.2
2026-01-13,08:00,Porur,227,106,207,20,6.5,2.0
2026-01-13,08:00,Egmore,233,140,211,22,5.8,1.5
2026-01-13,10:00,Chennai Central,109,98,95,14,5.3,1.3
2026-01-13,10:00,T Nagar,115,93,91,24,7.0,1.3
2026-01-13,10:00,Anna Nagar,107,147,101,6,4.1,1.1
2026-01-13,10:00,Adyar,153,166,130,23,5.2,1.1
2026-01-13,10:00,Velachery,189,185,153,36,3.8,1.3
2026-01-13,10:00,Guindy,216,90,197,19,6.7,2.0
2026-01-13,10:00,OMR,132,128,124,8,3.5,1.1
2026-01-13,10:00,Tambaram,151,76,131,20,6.3,1.6
2026-01-13,10:00,Porur,135,148,113,22,4.8,1.1
2026-01-13,10:00,Egmore,189,169,152,37,5.1,1.1
2026-01-13,12:00,Chennai Central,150,104,134,16,7.2,1.2
2026-01-13,12:00,T Nagar,161,82,134,27,7.1,1.3
2026-01-13,12:00,Anna Nagar,119,154,104,15,5.4,1.0
2026-01-13,12:00,Adyar,78,146,68,10,5.5,1.0
2026-01-13,12:00,Velachery,83,176,75,8,4.3,1.0
2026-01-13,12:00,Guindy,122,123,102,20,5.2,1.0
2026-01-13,12:00,OMR,78,174,71,7,4.4,1.0
2026-01-13,12:00,Tambaram,63,165,56,7,5.8,1.0
2026-01-13,12:00,Porur,94,183,85,9,4.4,1.0
2026-01-13,12:00,Egmore,146,111,122,24,4.4,1.3
2026-01-13,14:00,Chennai Central,158,89,144,14,5.2,1.3
2026-01-13,14:00,T Nagar,118,160,95,23,3.9,1.0
2026-01-13,14:00,Anna Nagar,75,107,62,13,3.7,1.1
2026-01-13,14:00,Adyar,79,113,73,6,3.8,1.0
2026-01-13,14:00,Velachery,149,129,133,16,5.6,1.1
2026-01-13,14:00,Guindy,73,199,66,7,5.8,1.0
2026-01-13,14:00,OMR,119,84,104,15,5.1,1.3
2026-01-13,14:00,Tambaram,99,155,85,14,4.0,1.0
2026-01-13,14:00,Porur,91,182,83,8,3.8,1.1
2026-01-13,14:00,Egmore,106,127,85,21,6.2,1.0
2026-01-13,16:00,Chennai Central,194,173,175,19,6.3,1.1
2026-01-13,16:00,T Nagar,122,153,99,23,5.3,1.1
2026-01-13,16:00,Anna Nagar,112,155,97,15,3.3,1.1
2026-01-13,16:00,Adyar,104,173,89,15,5.2,1.0
2026-01-13,16:00,Velachery,133,178,120,13,4.7,1.0
2026-01-13,16:00,Guindy,182,121,159,23,5.8,1.6
2026-01-13,16:00,OMR,124,177,112,12,3.3,1.1
2026-01-13,16:00,Tambaram,86,145,72,14,5.7,1.0
2026-01-13,16:00,Porur,166,153,152,14,6.0,1.3
2026-01-13,16:00,Egmore,107,162,101,6,4.8,1.0
2026-01-13,18:00,Chennai Central,279,125,218,61,7.6,2.0
2026-01-13,18:00,T Nagar,283,147,251,32,6.8,1.6
2026-01-13,18:00,Anna Nagar,192,72,171,21,7.5,1.5
2026-01-13,18:00,Adyar,183,78,173,10,6.7,1.8
2026-01-13,18:00,Velachery,252,126,199,53,6.5,1.5
2026-01-13,18:00,Guindy,200,110,158,42,8.1,1.5
2026-01-13,18:00,OMR,187,133,149,38,5.9,1.3
2026-01-13,18:00,Tambaram,177,120,148,29,7.3,1.2
2026-01-13,18:00,Porur,163,152,128,35,5.1,1.2
2026-01-13,18:00,Egmore,188,105,147,41,5.3,1.5
2026-01-13,20:00,Chennai Central,249,82,199,50,10.0,1.5
2026-01-13,20:00,T Nagar,290,77,271,19,10.2,1.5
2026-01-13,20:00,Anna Nagar,171,110,153,18,7.0,1.5
2026-01-13,20:00,Adyar,183,122,155,28,4.7,1.1
2026-01-13,20:00,Velachery,198,112,159,39,6.1,1.3
2026-01-13,20:00,Guindy,206,91,193,13,7.0,1.5
2026-01-13,20:00,OMR,236,92,193,43,9.3,1.8
2026-01-13,20:00,Tambaram,207,90,175,32,7.3,1.5
2026-01-13,20:00,Porur,168,139,157,11,4.6,1.1
2026-01-13,20:00,Egmore,207,87,161,46,9.5,1.5
2026-01-14,06:00,Chennai Central,212,80,188,24,7.3,2.0
2026-01-14,06:00,T Nagar,161,126,151,10,4.9,1.2
2026-01-14,06:00,Anna Nagar,156,109,142,14,5.2,1.3
2026-01-14,06:00,Adyar,87,165,81,6,4.9,1.0
2026-01-14,06:00,Velachery,149,173,133,16,4.0,1.1
2026-01-14,06:00,Guindy,124,71,100,24,5.0,1.5
2026-01-14,06:00,OMR,180,102,151,29,6.8,1.3
2026-01-14,06:00,Tambaram,144,83,122,22,7.6,1.3
2026-01-14,06:00,Porur,133,139,109,24,6.0,1.0
2026-01-14,06:00,Egmore,99,71,77,22,6.9,1.1
2026-01-14,08:00,Chennai Central,276,85,233,43,10.0,2.0
2026-01-14,08:00,T Nagar,231,165,185,46,4.7,1.3
2026-01-14,08:00,Anna Nagar,216,150,196,20,6.6,1.1
2026-01-14,08:00,Adyar,231,78,190,41,10.1,2.0
2026-01-14,08:00,Velachery,248,109,196,52,9.9,1.8
2026-01-14,08:00,Guindy,222,102,183,39,8.9,2.0
2026-01-14,08:00,OMR,270,143,227,43,6.8,1.6
2026-01-14,08:00,Tambaram,155,152,145,10,4.6,1.1
2026-01-14,08:00,Porur,152,72,131,21,8.0,1.5
2026-01-14,08:00,Egmore,236,156,223,13,6.1,1.3
2026-01-14,10:00,Chennai Central,114,84,106,8,6.0,1.1
2026-01-14,10:00,T Nagar,100,113,94,6,3.3,1.0
2026-01-14,10:00,Anna Nagar,108,140,84,24,5.1,1.1
2026-01-14,10:00,Adyar,137,117,107,30,4.3,1.1
2026-01-14,10:00,Velachery,112,122,97,15,6.0,1.1
2026-01-14,10:00,Guindy,205,152,169,36,5.9,1.2
2026-01-14,10:00,OMR,152,73,126,26,8.1,1.5
2026-01-14,10:00,Tambaram,112,155,91,21,3.9,1.0
2026-01-14,10:00,Porur,77,177,63,14,6.2,1.0
2026-01-14,10:00,Egmore,145,95,125,20,4.4,1.6
2026-01-14,12:00,Chennai Central,132,93,106,26,5.6,1.2
2026-01-14,12:00,T Nagar,88,83,73,15,5.6,1.3
2026-01-14,12:00,Anna Nagar,85,169,66,19,4.6,1.1
2026-01-14,12:00,Adyar,55,124,49,6,5.5,1.1
2026-01-14,12:00,Velachery,142,172,112,30,5.4,1.0
2026-01-14,12:00,Guindy,88,163,78,10,3.9,1.0
2026-01-14,12:00,OMR,139,120,113,26,6.1,1.2
2026-01-14,12:00,Tambaram,104,175,87,17,5.1,1.0
2026-01-14,12:00,Porur,113,156,102,11,5.3,1.0
2026-01-14,12:00,Egmore,146,87,119,27,6.2,1.6
2026-01-14,14:00,Chennai Central,75,118,62,13,4.0,1.1
2026-01-14,14:00,T Nagar,63,146,51,12,5.4,1.0
2026-01-14,14:00,Anna Nagar,144,180,131,13,5.1,1.1
2026-01-14,14:00,Adyar,119,91,98,21,6.6,1.3
2026-01-14,14:00,Velachery,90,92,81,9,5.9,1.0
2026-01-14,14:00,Guindy,73,122,65,8,3.9,1.0
2026-01-14,14:00,OMR,93,153,81,12,5.4,1.1
2026-01-14,14:00,Tambaram,123,151,116,7,3.8,1.0
2026-01-14,14:00,Porur,112,90,94,18,4.3,1.2
2026-01-14,14:00,Egmore,86,188,74,12,5.9,1.0
2026-01-14,16:00,Chennai Central,212,128,171,41,6.8,1.3
2026-01-14,16:00,T Nagar,212,114,184,28,8.5,1.6
2026-01-14,16:00,Anna Nagar,151,154,122,29,3.4,1.0
2026-01-14,16:00,Adyar,105,92,92,13,3.7,1.2
2026-01-14,16:00,Velachery,148,120,119,29,3.9,1.1
2026-01-14,16:00,Guindy,142,70,111,31,6.6,2.0
2026-01-14,16:00,OMR,187,117,155,32,5.0,1.5
2026-01-14,16:00,Tambaram,155,157,128,27,5.8,1.0
2026-01-14,16:00,Porur,111,84,94,17,6.6,1.1
2026-01-14,16:00,Egmore,112,140,92,20,5.4,1.0
2026-01-14,18:00,Chennai Central,282,152,238,44,8.3,1.3
2026-01-14,18:00,T Nagar,285,145,238,47,8.5,1.6
2026-01-14,18:00,Anna Nagar,269,147,253,16,7.5,1.3
2026-01-14,18:00,Adyar,173,155,146,27,6.9,1.1
2026-01-14,18:00,Velachery,226,122,194,32,6.5,1.3
2026-01-14,18:00,Guindy,265,164,229,36,7.9,1.3
2026-01-14,18:00,OMR,251,139,231,20,8.7,1.5
2026-01-14,18:00,Tambaram,180,156,149,31,6.9,1.2
2026-01-14,18:00,Porur,179,81,149,30,7.6,1.5
2026-01-14,18:00,Egmore,190,72,178,12,9.4,1.8
2026-01-14,20:00,Chennai Central,201,161,186,15,5.8,1.3
2026-01-14,20:00,T Nagar,185,148,157,28,5.7,1.3
2026-01-14,20:00,Anna Nagar,201,81,190,11,6.7,1.8
2026-01-14,20:00,Adyar,163,159,144,19,5.7,1.2
2026-01-14,20:00,Velachery,217,135,197,20,5.6,1.5
2026-01-14,20:00,Guindy,200,90,181,19,6.7,2.0
2026-01-14,20:00,OMR,221,165,198,23,4.4,1.2
2026-01-14,20:00,Tambaram,223,74,178,45,9.2,2.0
2026-01-14,20:00,Porur,145,90,123,22,5.1,1.6
2026-01-14,20:00,Egmore,223,82,179,44,8.5,1.8
2026-01-15,06:00,Chennai Central,199,172,162,37,4.8,1.2
2026-01-15,06:00,T Nagar,193,174,169,24,6.5,1.2
2026-01-15,06:00,Anna Nagar,90,181,80,10,4.0,1.1
2026-01-15,06:00,Adyar,169,162,132,37,6.3,1.3
2026-01-15,06:00,Velachery,171,149,134,37,5.2,1.2
2026-01-15,06:00,Guindy,100,131,89,11,4.6,1.0
2026-01-15,06:00,OMR,101,152,90,11,4.8,1.1
2026-01-15,06:00,Tambaram,152,174,119,33,5.8,1.1
2026-01-15,06:00,Porur,114,70,89,25,4.6,1.6
2026-01-15,06:00,Egmore,183,178,158,25,5.1,1.1
2026-01-15,08:00,Chennai Central,242,80,203,39,8.6,2.0
2026-01-15,08:00,T Nagar,211,140,188,23,5.3,1.3
2026-01-15,08:00,Anna Nagar,212,135,194,18,6.2,1.3
2026-01-15,08:00,Adyar,208,157,190,18,6.7,1.3
2026-01-15,08:00,Velachery,279,163,243,36,9.3,1.6
2026-01-15,08:00,Guindy,302,75,249,53,9.9,2.0
2026-01-15,08:00,OMR,184,113,153,31,7.0,1.6
2026-01-15,08:00,Tambaram,133,90,108,25,5.6,1.1
2026-01-15,08:00,Porur,198,110,165,33,7.0,1.5
2026-01-15,08:00,Egmore,226,153,202,24,7.0,1.3
2026-01-15,10:00,Chennai Central,97,188,76,21,3.6,1.0
2026-01-15,10:00,T Nagar,112,133,91,21,3.6,1.1
2026-01-15,10:00,Anna Nagar,92,146,82,10,4.2,1.1
2026-01-15,10:00,Adyar,142,125,121,21,5.7,1.2
2026-01-15,10:00,Velachery,189,78,171,18,6.5,2.0
2026-01-15,10:00,Guindy,182,187,147,35,4.0,1.1
2026-01-15,10:00,OMR,108,190,85,23,6.4,1.0
2026-01-15,10:00,Tambaram,75,110,66,9,3.2,1.1
2026-01-15,10:00,Porur,142,183,119,23,4.9,1.0
2026-01-15,10:00,Egmore,154,163,139,15,3.1,1.0
2026-01-15,12:00,Chennai Central,75,161,71,4,3.4,1.0
2026-01-15,12:00,T Nagar,103,88,92,11,5.6,1.3
2026-01-15,12:00,Anna Nagar,85,151,72,13,4.0,1.0
2026-01-15,12:00,Adyar,67,89,57,10,5.5,1.0
2026-01-15,12:00,Velachery,127,145,102,25,4.7,1.0
2026-01-15,12:00,Guindy,111,134,97,14,4.1,1.0
2026-01-15,12:00,OMR,138,186,110,28,4.1,1.0
2026-01-15,12:00,Tambaram,65,139,57,8,5.7,1.1
2026-01-15,12:00,Porur,133,122,123,10,4.5,1.3
2026-01-15,12:00,Egmore,101,142,95,6,6.2,1.0
2026-01-15,14:00,Chennai Central,157,138,126,31,6.6,1.1
2026-01-15,14:00,T Nagar,107,171,99,8,6.1,1.0
2026-01-15,14:00,Anna Nagar,107,81,89,18,4.6,1.3
2026-01-15,14:00,Adyar,76,127,65,11,5.8,1.0
2026-01-15,14:00,Velachery,155,140,127,28,5.5,1.1
2026-01-15,14:00,Guindy,61,184,48,13,3.2,1.1
2026-01-15,14:00,OMR,148,138,121,27,5.0,1.1
2026-01-15,14:00,Tambaram,118,138,107,11,5.4,1.0
2026-01-15,14:00,Porur,114,127,108,6,6.5,1.1
2026-01-15,14:00,Egmore,68,138,58,10,4.0,1.1
2026-01-15,16:00,Chennai Central,207,158,192,15,5.5,1.2
2026-01-15,16:00,T Nagar,225,133,195,30,7.8,1.6
2026-01-15,16:00,Anna Nagar,180,147,150,30,6.0,1.2
2026-01-15,16:00,Adyar,166,172,141,25,6.2,1.0
2026-01-15,16:00,Velachery,148,188,136,12,6.4,1.0
2026-01-15,16:00,Guindy,134,145,119,15,5.3,1.0
2026-01-15,16:00,OMR,125,111,106,19,5.2,1.3
2026-01-15,16:00,Tambaram,117,73,105,12,6.7,1.3
2026-01-15,16:00,Porur,133,95,111,22,5.5,1.1
2026-01-15,16:00,Egmore,101,141,92,9,5.9,1.0
2026-01-15,18:00,Chennai Central,193,147,164,29,7.6,1.2
2026-01-15,18:00,T Nagar,212,123,200,12,7.2,1.6
2026-01-15,18:00,Anna Nagar,220,135,176,44,7.7,1.6
2026-01-15,18:00,Adyar,161,112,129,32,7.7,1.3
2026-01-15,18:00,Velachery,203,84,182,21,8.5,1.8
2026-01-15,18:00,Guindy,274,76,247,27,8.3,1.8
2026-01-15,18:00,OMR,168,70,153,15,6.3,1.8
2026-01-15,18:00,Tambaram,197,104,168,29,8.0,1.6
2026-01-15,18:00,Porur,223,167,193,30,4.6,1.3
2026-01-15,18:00,Egmore,165,129,149,16,5.7,1.1
2026-01-15,20:00,Chennai Central,272,123,219,53,9.6,1.5
2026-01-15,20:00,T Nagar,302,165,247,55,9.9,1.3
2026-01-15,20:00,Anna Nagar,199,72,181,18,7.9,2.0
2026-01-15,20:00,Adyar,233,147,202,31,7.3,1.3
2026-01-15,20:00,Velachery,217,121,193,24,5.5,1.5
2026-01-15,20:00,Guindy,172,78,150,22,7.2,2.0
2026-01-15,20:00,OMR,262,165,205,57,6.7,1.6
2026-01-15,20:00,Tambaram,234,106,196,38,6.3,1.5
2026-01-15,20:00,Porur,140,92,112,28,7.0,1.6
2026-01-15,20:00,Egmore,168,99,156,12,4.8,1.6
2026-01-16,06:00,Chennai Central,98,159,79,19,4.6,1.0
2026-01-16,06:00,T Nagar,170,172,151,19,5.6,1.0
2026-01-16,06:00,Anna Nagar,152,118,126,26,3.9,1.3
2026-01-16,06:00,Adyar,134,152,106,28,5.2,1.1
2026-01-16,06:00,Velachery,166,159,153,13,4.3,1.1
2026-01-16,06:00,Guindy,210,71,167,43,7.6,2.0
2026-01-16,06:00,OMR,155,89,128,27,6.2,1.6
2026-01-16,06:00,Tambaram,140,152,119,21,4.2,1.0
2026-01-16,06:00,Porur,120,152,100,20,4.0,1.0
2026-01-16,06:00,Egmore,176,75,138,38,7.2,1.5
2026-01-16,08:00,Chennai Central,279,128,260,19,9.4,1.5
2026-01-16,08:00,T Nagar,252,164,202,50,8.2,1.3
2026-01-16,08:00,Anna Nagar,162,110,153,9,5.1,1.2
2026-01-16,08:00,Adyar,234,135,194,40,6.9,1.5
2026-01-16,08:00,Velachery,252,76,238,14,10.2,2.0
2026-01-16,08:00,Guindy,284,80,225,59,11.6,2.0
2026-01-16,08:00,OMR,235,132,214,21,7.9,1.3
2026-01-16,08:00,Tambaram,220,154,198,22,4.9,1.1
2026-01-16,08:00,Porur,232,86,185,47,7.7,1.5
2026-01-16,08:00,Egmore,205,146,180,25,6.3,1.1
2026-01-16,10:00,Chennai Central,195,90,155,40,7.7,1.5
2026-01-16,10:00,T Nagar,176,128,138,38,5.7,1.3
2026-01-16,10:00,Anna Nagar,107,72,92,15,5.3,1.1
2026-01-16,10:00,Adyar,134,184,122,12,6.1,1.1
2026-01-16,10:00,Velachery,170,183,148,22,3.8,1.0
2026-01-16,10:00,Guindy,199,91,185,14,8.9,1.8
2026-01-16,10:00,OMR,91,157,78,13,6.2,1.0
2026-01-16,10:00,Tambaram,129,98,111,18,7.2,1.2
2026-01-16,10:00,Porur,103,124,84,19,4.2,1.1
2026-01-16,10:00,Egmore,136,79,120,16,7.3,1.6
2026-01-16,12:00,Chennai Central,72,190,58,14,4.1,1.1
2026-01-16,12:00,T Nagar,167,154,144,23,5.0,1.2
2026-01-16,12:00,Anna Nagar,129,139,109,20,5.0,1.0
2026-01-16,12:00,Adyar,123,153,112,11,5.9,1.1
2026-01-16,12:00,Velachery,100,198,85,15,6.5,1.0
2026-01-16,12:00,Guindy,124,147,117,7,6.5,1.1
2026-01-16,12:00,OMR,144,137,113,31,3.2,1.1
2026-01-16,12:00,Tambaram,82,171,71,11,6.4,1.1
2026-01-16,12:00,Porur,130,82,116,14,7.2,1.3
2026-01-16,12:00,Egmore,121,135,102,19,3.1,1.0
2026-01-16,14:00,Chennai Central,94,125,87,7,4.9,1.0
2026-01-16,14:00,T Nagar,81,125,72,9,5.6,1.1
2026-01-16,14:00,Anna Nagar,114,195,96,18,5.9,1.0
2026-01-16,14:00,Adyar,132,177,109,23,4.5,1.1
2026-01-16,14:00,Velachery,156,88,136,20,5.8,1.6
2026-01-16,14:00,Guindy,120,99,103,17,5.3,1.1
2026-01-16,14:00,OMR,132,97,116,16,5.2,1.3
2026-01-16,14:00,Tambaram,83,197,78,5,5.6,1.1
2026-01-16,14:00,Porur,57,114,46,11,5.4,1.0
2026-01-16,14:00,Egmore,80,148,75,5,3.1,1.1
2026-01-16,16:00,Chennai Central,207,96,164,43,5.9,1.8
2026-01-16,16:00,T Nagar,101,188,85,16,5.8,1.0
2026-01-16,16:00,Anna Nagar,179,189,144,35,3.9,1.0
2026-01-16,16:00,Adyar,85,102,79,6,3.9,1.0
2026-01-16,16:00,Velachery,139,129,123,16,6.2,1.2
2026-01-16,16:00,Guindy,207,113,192,15,5.8,1.3
2026-01-16,16:00,OMR,165,128,138,27,6.1,1.2
2026-01-16,16:00,Tambaram,77,121,66,11,4.5,1.1
2026-01-16,16:00,Porur,109,76,90,19,4.5,1.2
2026-01-16,16:00,Egmore,140,175,120,20,3.9,1.0
2026-01-16,18:00,Chennai Central,184,70,161,23,6.3,2.0
2026-01-16,18:00,T Nagar,281,147,259,22,7.9,1.5
2026-01-16,18:00,Anna Nagar,216,130,175,41,6.4,1.6
2026-01-16,18:00,Adyar,206,124,194,12,6.9,1.6
2026-01-16,18:00,Velachery,210,94,185,25,9.1,1.5
2026-01-16,18:00,Guindy,248,86,215,33,8.0,1.8
2026-01-16,18:00,OMR,172,84,140,32,5.2,1.5
2026-01-16,18:00,Tambaram,227,93,197,30,6.7,1.8
2026-01-16,18:00,Porur,157,147,147,10,5.7,1.1
2026-01-16,18:00,Egmore,176,127,157,19,6.5,1.3
2026-01-16,20:00,Chennai Central,175,161,144,31,6.3,1.1
2026-01-16,20:00,T Nagar,210,166,186,24,7.6,1.2
2026-01-16,20:00,Anna Nagar,195,166,154,41,5.2,1.2
2026-01-16,20:00,Adyar,149,71,123,26,6.9,1.8
2026-01-16,20:00,Velachery,166,91,130,36,6.1,1.5
2026-01-16,20:00,Guindy,276,150,240,36,8.2,1.3
2026-01-16,20:00,OMR,281,157,223,58,7.9,1.5
2026-01-16,20:00,Tambaram,221,87,207,14,7.7,1.5
2026-01-16,20:00,Porur,167,80,146,21,8.6,1.5
2026-01-16,20:00,Egmore,188,142,173,15,4.7,1.3
2026-01-17,06:00,Chennai Central,158,154,139,19,4.5,1.1
2026-01-17,06:00,T Nagar,208,111,172,36,6.2,1.3
2026-01-17,06:00,Anna Nagar,138,88,114,24,4.6,1.5
2026-01-17,06:00,Adyar,95,104,76,19,3.5,1.0
2026-01-17,06:00,Velachery,169,115,146,23,7.4,1.3
2026-01-17,06:00,Guindy,152,156,133,19,4.0,1.1
2026-01-17,06:00,OMR,144,143,136,8,3.4,1.1
2026-01-17,06:00,Tambaram,108,160,85,23,5.8,1.0
2026-01-17,06:00,Porur,121,104,105,16,4.4,1.2
2026-01-17,06:00,Egmore,112,141,98,14,4.2,1.1
2026-01-17,08:00,Chennai Central,262,76,221,41,8.0,2.0
2026-01-17,08:00,T Nagar,312,152,282,30,7.2,2.0
2026-01-17,08:00,Anna Nagar,178,168,160,18,5.7,1.1
2026-01-17,08:00,Adyar,224,87,191,33,6.9,2.0
2026-01-17,08:00,Velachery,200,170,173,27,3.9,1.3
2026-01-17,08:00,Guindy,170,100,147,23,7.6,1.3
2026-01-17,08:00,OMR,180,151,140,40,6.0,1.3
2026-01-17,08:00,Tambaram,210,96,180,30,6.2,1.8
2026-01-17,08:00,Porur,152,96,140,12,4.5,1.5
2026-01-17,08:00,Egmore,261,110,219,42,7.9,1.5
2026-01-17,10:00,Chennai Central,162,116,147,15,7.1,1.1
2026-01-17,10:00,T Nagar,141,114,110,31,6.7,1.1
2026-01-17,10:00,Anna Nagar,130,111,103,27,5.2,1.3
2026-01-17,10:00,Adyar,164,138,135,29,4.4,1.3
2026-01-17,10:00,Velachery,201,106,177,24,7.4,1.6
2026-01-17,10:00,Guindy,188,130,170,18,4.5,1.1
2026-01-17,10:00,OMR,170,83,152,18,6.1,1.8
2026-01-17,10:00,Tambaram,98,153,88,10,3.1,1.0
2026-01-17,10:00,Porur,150,147,135,15,5.6,1.3
2026-01-17,10:00,Egmore,180,142,153,27,7.0,1.3
2026-01-17,12:00,Chennai Central,98,190,92,6,5.2,1.1
2026-01-17,12:00,T Nagar,136,97,110,26,4.6,1.2
2026-01-17,12:00,Anna Nagar,126,191,109,17,6.2,1.1
2026-01-17,12:00,Adyar,81,168,71,10,4.6,1.0
2026-01-17,12:00,Velachery,93,151,86,7,4.7,1.0
2026-01-17,12:00,Guindy,140,125,110,30,4.9,1.2
2026-01-17,12:00,OMR,122,139,115,7,5.2,1.0
2026-01-17,12:00,Tambaram,63,132,55,8,4.5,1.0
2026-01-17,12:00,Porur,131,125,121,10,3.7,1.1
2026-01-17,12:00,Egmore,73,145,57,16,5.3,1.0
2026-01-17,14:00,Chennai Central,133,152,123,10,4.0,1.1
2026-01-17,14:00,T Nagar,100,134,80,20,3.5,1.0
2026-01-17,14:00,Anna Nagar,102,104,95,7,5.7,1.0
2026-01-17,14:00,Adyar,48,125,40,8,4.5,1.0
2026-01-17,14:00,Velachery,158,178,131,27,6.4,1.1
2026-01-17,14:00,Guindy,142,97,121,21,6.6,1.2
2026-01-17,14:00,OMR,88,195,81,7,3.6,1.0
2026-01-17,14:00,Tambaram,96,144,77,19,3.6,1.0
2026-01-17,14:00,Porur,95,81,87,8,6.0,1.3
2026-01-17,14:00,Egmore,136,141,107,29,5.8,1.0
2026-01-17,16:00,Chennai Central,139,118,113,26,5.5,1.3
2026-01-17,16:00,T Nagar,170,97,135,35,7.0,1.6
2026-01-17,16:00,Anna Nagar,162,176,152,10,6.2,1.0
2026-01-17,16:00,Adyar,115,181,104,11,5.9,1.1
2026-01-17,16:00,Velachery,190,122,173,17,5.0,1.5
2026-01-17,16:00,Guindy,168,179,157,11,4.8,1.1
2026-01-17,16:00,OMR,182,70,169,13,7.2,2.0
2026-01-17,16:00,Tambaram,109,92,92,17,5.1,1.2
2026-01-17,16:00,Porur,83,129,66,17,4.8,1.1
2026-01-17,16:00,Egmore,166,103,157,9,5.7,1.6
2026-01-17,18:00,Chennai Central,207,118,195,12,7.1,1.5
2026-01-17,18:00,T Nagar,202,145,171,31,6.4,1.3
2026-01-17,18:00,Anna Nagar,259,133,204,55,8.8,1.5
2026-01-17,18:00,Adyar,152,170,142,10,5.2,1.0
2026-01-17,18:00,Velachery,273,77,223,50,8.2,1.5
2026-01-17,18:00,Guindy,274,134,247,27,7.7,1.8
2026-01-17,18:00,OMR,173,131,158,15,7.4,1.3
2026-01-17,18:00,Tambaram,173,76,161,12,8.2,1.8
2026-01-17,18:00,Porur,145,107,134,11,5.0,1.2
2026-01-17,18:00,Egmore,216,157,173,43,7.9,1.2
2026-01-17,20:00,Chennai Central,176,169,163,13,5.5,1.1
2026-01-17,20:00,T Nagar,245,76,210,35,8.9,2.0
2026-01-17,20:00,Anna Nagar,265,73,207,58,11.3,1.5
2026-01-17,20:00,Adyar,186,149,175,11,6.1,1.2
2026-01-17,20:00,Velachery,265,105,247,18,7.6,1.5
2026-01-17,20:00,Guindy,205,113,186,19,7.5,1.3
2026-01-17,20:00,OMR,223,72,176,47,8.1,1.8
2026-01-17,20:00,Tambaram,228,72,178,50,9.1,1.5
2026-01-17,20:00,Porur,148,137,122,26,4.1,1.1
2026-01-17,20:00,Egmore,212,93,177,35,7.4,1.5
2026-01-18,06:00,Chennai Central,157,88,126,31,7.1,1.5
2026-01-18,06:00,T Nagar,147,169,135,12,6.2,1.0
2026-01-18,06:00,Anna Nagar,176,170,157,19,5.4,1.1
2026-01-18,06:00,Adyar,77,161,63,14,6.0,1.0
2026-01-18,06:00,Velachery,155,109,135,20,4.8,1.2
2026-01-18,06:00,Guindy,188,170,174,14,4.3,1.3
2026-01-18,06:00,OMR,89,84,70,19,6.2,1.3
2026-01-18,06:00,Tambaram,76,165,68,8,6.4,1.0
2026-01-18,06:00,Porur,146,158,130,16,6.2,1.1
2026-01-18,06:00,Egmore,136,80,108,28,5.1,1.3
2026-01-18,08:00,Chennai Central,232,114,209,23,6.8,1.5
2026-01-18,08:00,T Nagar,197,147,166,31,6.9,1.1
2026-01-18,08:00,Anna Nagar,250,96,217,33,7.2,1.5
2026-01-18,08:00,Adyar,177,161,160,17,6.7,1.1
2026-01-18,08:00,Velachery,280,165,250,30,9.1,1.3
2026-01-18,08:00,Guindy,276,108,237,39,10.5,1.8
2026-01-18,08:00,OMR,271,73,252,19,10.3,1.5
2026-01-18,08:00,Tambaram,207,122,185,22,7.2,1.6
2026-01-18,08:00,Porur,244,124,196,48,9.2,1.6
2026-01-18,08:00,Egmore,179,79,154,25,8.8,2.0
2026-01-18,10:00,Chennai Central,139,188,111,28,6.2,1.1
2026-01-18,10:00,T Nagar,145,123,130,15,6.5,1.1
2026-01-18,10:00,Anna Nagar,111,135,91,20,4.3,1.0
2026-01-18,10:00,Adyar,100,80,84,16,5.5,1.1
2026-01-18,10:00,Velachery,140,82,112,28,5.1,1.5
2026-01-18,10:00,Guindy,190,95,151,39,6.4,1.5
2026-01-18,10:00,OMR,154,95,128,26,7.5,1.6
2026-01-18,10:00,Tambaram,79,88,66,13,4.1,1.0
2026-01-18,10:00,Porur,87,120,77,10,4.4,1.0
2026-01-18,10:00,Egmore,169,137,137,32,7.2,1.3
2026-01-18,12:00,Chennai Central,121,168,103,18,5.5,1.0
2026-01-18,12:00,T Nagar,96,108,85,11,3.5,1.1
2026-01-18,12:00,Anna Nagar,74,180,70,4,5.9,1.0
2026-01-18,12:00,Adyar,112,103,104,8,5.5,1.3
2026-01-18,12:00,Velachery,158,122,131,27,4.4,1.3
2026-01-18,12:00,Guindy,135,134,111,24,3.4,1.1
2026-01-18,12:00,OMR,139,92,118,21,6.9,1.3
2026-01-18,12:00,Tambaram,81,93,75,6,4.4,1.0
2026-01-18,12:00,Porur,84,141,78,6,4.3,1.0
2026-01-18,12:00,Egmore,107,149,91,16,4.0,1.0
2026-01-18,14:00,Chennai Central,114,112,96,18,4.4,1.1
2026-01-18,14:00,T Nagar,123,194,100,23,5.6,1.1
2026-01-18,14:00,Anna Nagar,84,91,71,13,6.1,1.0
2026-01-18,14:00,Adyar,70,89,59,11,4.0,1.0
2026-01-18,14:00,Velachery,69,109,57,12,3.8,1.1
2026-01-18,14:00,Guindy,74,195,68,6,5.9,1.1
2026-01-18,14:00,OMR,71,123,56,15,5.1,1.0
2026-01-18,14:00,Tambaram,63,170,54,9,3.7,1.0
2026-01-18,14:00,Porur,123,119,105,18,6.0,1.1
2026-01-18,14:00,Egmore,132,112,104,28,4.3,1.3
2026-01-18,16:00,Chennai Central,202,187,186,16,4.8,1.1
2026-01-18,16:00,T Nagar,198,111,168,30,7.7,1.6
2026-01-18,16:00,Anna Nagar,100,92,79,21,3.8,1.3
2026-01-18,16:00,Adyar,82,165,69,13,6.0,1.1
2026-01-18,16:00,Velachery,177,129,159,18,5.3,1.3
2026-01-18,16:00,Guindy,120,84,102,18,5.8,1.1
2026-01-18,16:00,OMR,111,176,93,18,3.2,1.0
2026-01-18,16:00,Tambaram,123,146,112,11,5.2,1.0
2026-01-18,16:00,Porur,137,81,127,10,5.4,1.3
2026-01-18,16:00,Egmore,191,111,160,31,6.4,1.5
2026-01-18,18:00,Chennai Central,256,148,241,15,7.2,1.5
2026-01-18,18:00,T Nagar,188,110,158,30,6.1,1.6
2026-01-18,18:00,Anna Nagar,260,119,219,41,6.6,1.8
2026-01-18,18:00,Adyar,183,105,146,37,5.4,1.5
2026-01-18,18:00,Velachery,175,146,158,17,6.2,1.1
2026-01-18,18:00,Guindy,189,156,161,28,7.0,1.3
2026-01-18,18:00,OMR,170,129,145,25,7.5,1.2
2026-01-18,18:00,Tambaram,160,96,151,9,7.4,1.6
2026-01-18,18:00,Porur,219,104,182,37,7.0,1.8
2026-01-18,18:00,Egmore,281,79,256,25,8.9,1.8
2026-01-18,20:00,Chennai Central,224,119,204,20,7.7,1.5
2026-01-18,20:00,T Nagar,273,81,213,60,9.0,1.5
2026-01-18,20:00,Anna Nagar,234,148,213,21,6.7,1.6
2026-01-18,20:00,Adyar,206,147,162,44,7.1,1.1
2026-01-18,20:00,Velachery,243,95,213,30,10.0,2.0
2026-01-18,20:00,Guindy,196,110,181,15,7.2,1.5
2026-01-18,20:00,OMR,279,108,234,45,9.2,1.8
2026-01-18,20:00,Tambaram,227,103,197,30,6.4,1.5
2026-01-18,20:00,Porur,200,165,179,21,5.2,1.3
2026-01-18,20:00,Egmore,245,119,191,54,8.3,2.0
2026-01-19,06:00,Chennai Central,189,165,150,39,6.7,1.2
2026-01-19,06:00,T Nagar,107,169,86,21,3.4,1.0
2026-01-19,06:00,Anna Nagar,169,178,158,11,4.5,1.0
2026-01-19,06:00,Adyar,146,74,121,25,6.9,1.3
2026-01-19,06:00,Velachery,170,72,159,11,7.3,1.5
2026-01-19,06:00,Guindy,164,149,148,16,5.4,1.1
2026-01-19,06:00,OMR,195,158,175,20,5.9,1.3
2026-01-19,06:00,Tambaram,120,145,100,20,3.5,1.0
2026-01-19,06:00,Porur,162,88,148,14,8.2,1.3
2026-01-19,06:00,Egmore,154,190,124,30,3.5,1.0
2026-01-19,08:00,Chennai Central,312,164,284,28,8.6,1.3
2026-01-19,08:00,T Nagar,287,157,268,19,6.9,1.3
2026-01-19,08:00,Anna Nagar,242,159,217,25,5.9,1.6
2026-01-19,08:00,Adyar,139,75,112,27,6.1,1.3
2026-01-19,08:00,Velachery,232,162,217,15,5.7,1.3
2026-01-19,08:00,Guindy,235,97,212,23,9.9,2.0
2026-01-19,08:00,OMR,244,72,227,17,10.6,1.5
2026-01-19,08:00,Tambaram,133,128,118,15,3.2,1.3
2026-01-19,08:00,Porur,221,98,197,24,7.4,1.5
2026-01-19,08:00,Egmore,216,78,174,42,8.0,2.0
2026-01-19,10:00,Chennai Central,127,88,112,15,4.3,1.1
2026-01-19,10:00,T Nagar,152,115,126,26,6.4,1.2
2026-01-19,10:00,Anna Nagar,95,136,82,13,5.4,1.1
2026-01-19,10:00,Adyar,116,104,96,20,6.2,1.2
2026-01-19,10:00,Velachery,198,99,163,35,6.9,1.6
2026-01-19,10:00,Guindy,100,107,90,10,6.2,1.1
2026-01-19,10:00,OMR,110,141,91,19,4.1,1.1
2026-01-19,10:00,Tambaram,109,185,87,22,4.1,1.1
2026-01-19,10:00,Porur,90,131,70,20,5.4,1.1
2026-01-19,10:00,Egmore,130,103,121,9,6.2,1.3
2026-01-19,12:00,Chennai Central,90,115,85,5,3.5,1.0
2026-01-19,12:00,T Nagar,147,161,115,32,6.4,1.0
2026-01-19,12:00,Anna Nagar,69,112,57,12,5.8,1.0
2026-01-19,12:00,Adyar,110,93,91,19,5.9,1.3
2026-01-19,12:00,Velachery,147,95,134,13,6.4,1.3
2026-01-19,12:00,Guindy,166,179,151,15,3.7,1.0
2026-01-19,12:00,OMR,60,103,52,8,3.2,1.1
2026-01-19,12:00,Tambaram,54,88,45,9,5.9,1.0
2026-01-19,12:00,Porur,65,125,55,10,5.2,1.0
2026-01-19,12:00,Egmore,122,121,113,9,3.7,1.1
2026-01-19,14:00,Chennai Central,122,162,113,9,4.6,1.0
2026-01-19,14:00,T Nagar,111,129,93,18,4.1,1.0
2026-01-19,14:00,Anna Nagar,85,148,69,16,3.2,1.1
2026-01-19,14:00,Adyar,52,126,42,10,5.0,1.0
2026-01-19,14:00,Velachery,131,182,103,28,3.0,1.0
2026-01-19,14:00,Guindy,64,130,60,4,3.4,1.0
2026-01-19,14:00,OMR,134,116,123,11,5.4,1.1
2026-01-19,14:00,Tambaram,112,180,89,23,4.2,1.1
2026-01-19,14:00,Porur,118,195,106,12,4.4,1.0
2026-01-19,14:00,Egmore,55,96,51,4,6.1,1.0
2026-01-19,16:00,Chennai Central,128,101,110,18,4.4,1.3
2026-01-19,16:00,T Nagar,217,178,201,16,4.9,1.1
2026-01-19,16:00,Anna Nagar,179,163,155,24,4.9,1.2
2026-01-19,16:00,Adyar,132,142,107,25,5.6,1.0
2026-01-19,16:00,Velachery,193,99,182,11,6.0,1.5
2026-01-19,16:00,Guindy,123,182,98,25,4.0,1.1
2026-01-19,16:00,OMR,90,148,76,14,5.3,1.0
2026-01-19,16:00,Tambaram,95,102,82,13,3.2,1.0
2026-01-19,16:00,Porur,127,138,100,27,3.5,1.0
2026-01-19,16:00,Egmore,154,175,135,19,3.9,1.0
2026-01-19,18:00,Chennai Central,253,149,237,16,6.5,1.3
2026-01-19,18:00,T Nagar,187,131,168,19,6.3,1.3
2026-01-19,18:00,Anna Nagar,223,133,202,21,8.5,1.5
2026-01-19,18:00,Adyar,148,128,118,30,5.2,1.2
2026-01-19,18:00,Velachery,172,112,163,9,4.6,1.3
2026-01-19,18:00,Guindy,256,99,227,29,8.7,2.0
2026-01-19,18:00,OMR,209,114,170,39,6.0,1.6
2026-01-19,18:00,Tambaram,220,75,202,18,8.3,1.8
2026-01-19,18:00,Porur,170,80,140,30,5.5,1.5
2026-01-19,18:00,Egmore,188,104,164,24,5.4,1.5
2026-01-19,20:00,Chennai Central,225,138,211,14,7.7,1.3
2026-01-19,20:00,T Nagar,201,82,186,15,8.4,1.5
2026-01-19,20:00,Anna Nagar,243,160,215,28,7.6,1.3
2026-01-19,20:00,Adyar,238,127,221,17,8.3,1.5
2026-01-19,20:00,Velachery,204,102,180,24,8.6,1.3
2026-01-19,20:00,Guindy,190,120,177,13,6.4,1.6
2026-01-19,20:00,OMR,169,156,157,12,4.1,1.3
2026-01-19,20:00,Tambaram,165,139,136,29,4.9,1.3
2026-01-19,20:00,Porur,148,102,134,14,6.2,1.3
2026-01-19,20:00,Egmore,232,146,213,19,6.2,1.5
2026-01-20,06:00,Chennai Central,152,95,137,15,5.9,1.6
2026-01-20,06:00,T Nagar,206,135,179,27,5.6,1.3
2026-01-20,06:00,Anna Nagar,98,154,91,7,5.7,1.0
2026-01-20,06:00,Adyar,132,158,107,25,6.3,1.1
2026-01-20,06:00,Velachery,157,142,124,33,4.3,1.1
2026-01-20,06:00,Guindy,162,179,142,20,3.1,1.1
2026-01-20,06:00,OMR,112,162,105,7,4.1,1.0
2026-01-20,06:00,Tambaram,74,168,58,16,6.0,1.0
2026-01-20,06:00,Porur,145,165,129,16,4.0,1.0
2026-01-20,06:00,Egmore,148,176,137,11,5.8,1.0
2026-01-20,08:00,Chennai Central,290,92,247,43,8.4,1.5
2026-01-20,08:00,T Nagar,233,151,207,26,5.3,1.5
2026-01-20,08:00,Anna Nagar,175,91,153,22,7.8,1.6
2026-01-20,08:00,Adyar,246,121,217,29,7.9,1.5
2026-01-20,08:00,Velachery,261,101,242,19,10.3,1.5
2026-01-20,08:00,Guindy,226,162,183,43,7.0,1.2
2026-01-20,08:00,OMR,253,78,205,48,7.5,1.8
2026-01-20,08:00,Tambaram,205,153,187,18,5.8,1.2
2026-01-20,08:00,Porur,245,167,192,53,6.9,1.3
2026-01-20,08:00,Egmore,225,81,193,32,10.0,1.8
2026-01-20,10:00,Chennai Central,97,111,86,11,4.8,1.0
2026-01-20,10:00,T Nagar,121,143,110,11,5.7,1.0
2026-01-20,10:00,Anna Nagar,87,71,73,14,6.4,1.3
2026-01-20,10:00,Adyar,144,142,131,13,5.2,1.1
2026-01-20,10:00,Velachery,186,130,167,19,5.0,1.1
2026-01-20,10:00,Guindy,188,104,175,13,7.8,1.5
2026-01-20,10:00,OMR,162,130,153,9,4.8,1.3
2026-01-20,10:00,Tambaram,156,137,138,18,5.2,1.3
2026-01-20,10:00,Porur,120,140,105,15,3.6,1.0
2026-01-20,10:00,Egmore,134,80,111,23,6.6,1.3
2026-01-20,12:00,Chennai Central,102,150,92,10,6.1,1.0
2026-01-20,12:00,T Nagar,173,191,149,24,5.3,1.0
2026-01-20,12:00,Anna Nagar,55,115,44,11,3.8,1.0
2026-01-20,12:00,Adyar,57,106,51,6,6.3,1.0
2026-01-20,12:00,Velachery,97,131,78,19,4.2,1.1
2026-01-20,12:00,Guindy,104,148,94,10,4.5,1.0
2026-01-20,12:00,OMR,145,127,131,14,3.6,1.1
2026-01-20,12:00,Tambaram,74,151,63,11,5.1,1.0
2026-01-20,12:00,Porur,77,147,70,7,4.7,1.1
2026-01-20,12:00,Egmore,147,167,118,29,4.7,1.0
2026-01-20,14:00,Chennai Central,60,158,53,7,4.5,1.0
2026-01-20,14:00,T Nagar,77,153,60,17,3.2,1.0
2026-01-20,14:00,Anna Nagar,111,157,89,22,3.7,1.0
2026-01-20,14:00,Adyar,82,197,72,10,3.8,1.0
2026-01-20,14:00,Velachery,144,149,114,30,5.5,1.0
2026-01-20,14:00,Guindy,153,183,141,12,4.3,1.1
2026-01-20,14:00,OMR,75,134,61,14,4.1,1.0
2026-01-20,14:00,Tambaram,90,96,79,11,3.4,1.0
2026-01-20,14:00,Porur,130,87,107,23,6.1,1.3
2026-01-20,14:00,Egmore,92,189,74,18,3.2,1.1
2026-01-20,16:00,Chennai Central,109,175,98,11,4.1,1.1
2026-01-20,16:00,T Nagar,120,74,113,7,7.5,1.6
2026-01-20,16:00,Anna Nagar,173,84,158,15,7.0,2.0
2026-01-20,16:00,Adyar,93,124,72,21,3.4,1.0
2026-01-20,16:00,Velachery,173,165,154,19,6.5,1.3
2026-01-20,16:00,Guindy,205,98,170,35,7.5,1.5
2026-01-20,16:00,OMR,158,145,149,9,3.6,1.3
2026-01-20,16:00,Tambaram,109,143,87,22,4.8,1.0
2026-01-20,16:00,Porur,83,99,67,16,4.3,1.0
2026-01-20,16:00,Egmore,185,174,163,22,5.6,1.2
2026-01-20,18:00,Chennai Central,300,103,242,58,10.8,1.5
2026-01-20,18:00,T Nagar,212,154,168,44,4.5,1.2
2026-01-20,18:00,Anna Nagar,269,92,253,16,10.8,1.8
2026-01-20,18:00,Adyar,151,78,128,23,6.4,1.3
2026-01-20,18:00,Velachery,293,90,251,42,10.7,1.5
2026-01-20,18:00,Guindy,175,103,158,17,5.0,1.5
2026-01-20,18:00,OMR,199,89,157,42,8.8,2.0
2026-01-20,18:00,Tambaram,163,160,149,14,3.6,1.1
2026-01-20,18:00,Porur,167,147,130,37,6.9,1.1
2026-01-20,18:00,Egmore,253,135,214,39,6.8,1.3
2026-01-20,20:00,Chennai Central,246,78,215,31,9.0,1.5
2026-01-20,20:00,T Nagar,222,128,206,16,5.6,1.5
2026-01-20,20:00,Anna Nagar,240,80,225,15,8.2,2.0
2026-01-20,20:00,Adyar,173,143,160,13,5.1,1.1
2026-01-20,20:00,Velachery,208,135,184,24,8.1,1.6
2026-01-20,20:00,Guindy,182,126,145,37,5.6,1.3
2026-01-20,20:00,OMR,170,97,152,18,6.7,1.6
2026-01-20,20:00,Tambaram,171,128,140,31,5.1,1.3
2026-01-20,20:00,Porur,177,133,161,16,5.3,1.1
2026-01-20,20:00,Egmore,273,98,217,56,10.2,1.8
2026-01-21,06:00,Chennai Central,127,94,120,7,4.5,1.3
2026-01-21,06:00,T Nagar,222,124,177,45,6.0,1.6
2026-01-21,06:00,Anna Nagar,96,159,83,13,6.3,1.1
2026-01-21,06:00,Adyar,127,110,104,23,3.7,1.2
2026-01-21,06:00,Velachery,125,150,110,15,6.2,1.0
2026-01-21,06:00,Guindy,99,153,91,8,5.5,1.0
2026-01-21,06:00,OMR,167,104,150,17,4.8,1.3
2026-01-21,06:00,Tambaram,85,163,74,11,4.4,1.0
2026-01-21,06:00,Porur,131,166,117,14,6.4,1.0
2026-01-21,06:00,Egmore,166,164,130,36,5.0,1.1
2026-01-21,08:00,Chennai Central,186,122,155,31,7.6,1.6
2026-01-21,08:00,T Nagar,267,77,248,19,8.9,1.5
2026-01-21,08:00,Anna Nagar,174,113,163,11,7.4,1.3
2026-01-21,08:00,Adyar,181,78,168,13,7.7,1.5
2026-01-21,08:00,Velachery,213,71,173,40,7.8,1.8
2026-01-21,08:00,Guindy,224,147,197,27,6.0,1.6
2026-01-21,08:00,OMR,218,141,187,31,8.3,1.3
2026-01-21,08:00,Tambaram,198,117,163,35,7.7,1.3
2026-01-21,08:00,Porur,184,142,171,13,4.8,1.2
2026-01-21,08:00,Egmore,229,139,189,40,8.3,1.6
2026-01-21,10:00,Chennai Central,196,134,167,29,5.2,1.1
2026-01-21,10:00,T Nagar,157,110,142,15,4.7,1.1
2026-01-21,10:00,Anna Nagar,88,155,74,14,4.6,1.0
2026-01-21,10:00,Adyar,166,133,154,12,4.1,1.2
2026-01-21,10:00,Velachery,113,113,97,16,3.5,1.1
2026-01-21,10:00,Guindy,138,162,112,26,4.1,1.1
2026-01-21,10:00,OMR,119,144,104,15,4.7,1.0
2026-01-21,10:00,Tambaram,78,74,64,14,3.3,1.3
2026-01-21,10:00,Porur,79,156,69,10,3.5,1.1
2026-01-21,10:00,Egmore,185,163,174,11,4.7,1.1
2026-01-21,12:00,Chennai Central,153,195,131,22,5.1,1.0
2026-01-21,12:00,T Nagar,85,200,76,9,3.3,1.1
2026-01-21,12:00,Anna Nagar,122,186,96,26,3.9,1.0
2026-01-21,12:00,Adyar,67,118,52,15,5.9,1.0
2026-01-21,12:00,Velachery,57,144,50,7,3.7,1.1
2026-01-21,12:00,Guindy,87,116,80,7,4.3,1.0
2026-01-21,12:00,OMR,58,150,53,5,6.4,1.0
2026-01-21,12:00,Tambaram,79,125,69,10,4.6,1.0
2026-01-21,12:00,Porur,68,160,57,11,3.0,1.1
2026-01-21,12:00,Egmore,150,82,118,32,5.8,1.3
2026-01-21,14:00,Chennai Central,153,85,143,10,7.1,1.6
2026-01-21,14:00,T Nagar,167,200,140,27,3.7,1.0
2026-01-21,14:00,Anna Nagar,94,170,82,12,4.3,1.1
2026-01-21,14:00,Adyar,105,87,86,19,5.8,1.1
2026-01-21,14:00,Velachery,138,104,110,28,4.6,1.3
2026-01-21,14:00,Guindy,81,183,68,13,4.1,1.0
2026-01-21,14:00,OMR,72,115,67,5,3.4,1.0
2026-01-21,14:00,Tambaram,68,126,59,9,5.6,1.0
2026-01-21,14:00,Porur,89,174,72,17,4.6,1.0
2026-01-21,14:00,Egmore,151,151,131,20,3.0,1.0
2026-01-21,16:00,Chennai Central,99,169,79,20,5.4,1.0
2026-01-21,16:00,T Nagar,158,138,128,30,5.2,1.1
2026-01-21,16:00,Anna Nagar,117,148,93,24,6.4,1.1
2026-01-21,16:00,Adyar,144,178,123,21,6.1,1.0
2026-01-21,16:00,Velachery,102,151,82,20,4.5,1.1
2026-01-21,16:00,Guindy,110,189,101,9,3.6,1.0
2026-01-21,16:00,OMR,129,148,116,13,6.3,1.0
2026-01-21,16:00,Tambaram,88,89,72,16,3.2,1.0
2026-01-21,16:00,Porur,91,89,73,18,3.7,1.3
2026-01-21,16:00,Egmore,135,82,120,15,4.8,1.5
2026-01-21,18:00,Chennai Central,231,80,201,30,7.4,2.0
2026-01-21,18:00,T Nagar,191,125,176,15,5.9,1.6
2026-01-21,18:00,Anna Nagar,212,130,167,45,5.6,1.3
2026-01-21,18:00,Adyar,207,85,169,38,7.0,1.5
2026-01-21,18:00,Velachery,254,123,208,46,8.3,1.8
2026-01-21,18:00,Guindy,294,135,242,52,7.4,1.8
2026-01-21,18:00,OMR,205,97,165,40,8.8,1.5
2026-01-21,18:00,Tambaram,232,78,219,13,7.2,2.0
2026-01-21,18:00,Porur,204,110,172,32,5.8,1.5
2026-01-21,18:00,Egmore,166,100,141,25,6.3,1.5
2026-01-21,20:00,Chennai Central,254,165,206,48,7.6,1.3
2026-01-21,20:00,T Nagar,237,148,206,31,8.3,1.3
2026-01-21,20:00,Anna Nagar,258,143,242,16,9.1,1.6
2026-01-21,20:00,Adyar,184,137,146,38,7.2,1.1
2026-01-21,20:00,Velachery,250,128,209,41,6.9,1.5
2026-01-21,20:00,Guindy,222,89,202,20,9.7,2.0
2026-01-21,20:00,OMR,173,104,142,31,5.9,1.3
2026-01-21,20:00,Tambaram,177,123,164,13,5.6,1.1
2026-01-21,20:00,Porur,193,144,175,18,5.5,1.3
2026-01-21,20:00,Egmore,221,86,193,28,8.3,1.8
2026-01-22,06:00,Chennai Central,122,137,113,9,5.3,1.0
2026-01-22,06:00,T Nagar,208,163,174,34,5.1,1.3
2026-01-22,06:00,Anna Nagar,101,92,83,18,5.9,1.1
2026-01-22,06:00,Adyar,108,116,94,14,3.2,1.1
2026-01-22,06:00,Velachery,174,71,137,37,8.9,1.8
2026-01-22,06:00,Guindy,134,79,105,29,4.7,1.5
2026-01-22,06:00,OMR,162,75,135,27,7.3,2.0
2026-01-22,06:00,Tambaram,153,147,119,34,3.7,1.2
2026-01-22,06:00,Porur,114,185,102,12,5.9,1.1
2026-01-22,06:00,Egmore,118,118,95,23,6.1,1.1
2026-01-22,08:00,Chennai Central,193,98,167,26,5.5,1.3
2026-01-22,08:00,T Nagar,225,82,209,16,9.2,1.8
2026-01-22,08:00,Anna Nagar,262,102,227,35,8.5,1.5
2026-01-22,08:00,Adyar,137,151,128,9,4.5,1.0
2026-01-22,08:00,Velachery,202,155,181,21,4.3,1.2
2026-01-22,08:00,Guindy,307,86,268,39,11.6,2.0
2026-01-22,08:00,OMR,266,133,250,16,8.7,1.6
2026-01-22,08:00,Tambaram,211,132,167,44,7.5,1.6
2026-01-22,08:00,Porur,212,89,192,20,9.5,1.5
2026-01-22,08:00,Egmore,223,95,199,24,8.7,1.8
2026-01-22,10:00,Chennai Central,204,124,181,23,6.9,1.5
2026-01-22,10:00,T Nagar,141,163,117,24,5.6,1.0
2026-01-22,10:00,Anna Nagar,140,129,112,28,3.4,1.1
2026-01-22,10:00,Adyar,128,130,118,10,5.6,1.0
2026-01-22,10:00,Velachery,100,173,83,17,5.7,1.0
2026-01-22,10:00,Guindy,202,134,174,28,6.3,1.5
2026-01-22,10:00,OMR,193,82,151,42,5.9,1.5
2026-01-22,10:00,Tambaram,159,83,138,21,7.3,1.6
2026-01-22,10:00,Porur,149,79,133,16,5.5,1.5
2026-01-22,10:00,Egmore,92,135,80,12,5.4,1.0
2026-01-22,12:00,Chennai Central,118,193,111,7,5.3,1.0
2026-01-22,12:00,T Nagar,125,82,116,9,5.5,1.3
2026-01-22,12:00,Anna Nagar,131,141,111,20,5.5,1.0
2026-01-22,12:00,Adyar,52,165,43,9,5.6,1.1
2026-01-22,12:00,Velachery,112,185,98,14,4.1,1.0
2026-01-22,12:00,Guindy,134,144,122,12,3.4,1.0
2026-01-22,12:00,OMR,116,94,106,10,4.2,1.2
2026-01-22,12:00,Tambaram,101,115,82,19,6.4,1.0
2026-01-22,12:00,Porur,71,156,64,7,5.1,1.0
2026-01-22,12:00,Egmore,145,104,114,31,6.5,1.2
2026-01-22,14:00,Chennai Central,122,83,115,7,6.6,1.2
2026-01-22,14:00,T Nagar,173,148,157,16,5.9,1.1
2026-01-22,14:00,Anna Nagar,138,142,109,29,4.3,1.1
2026-01-22,14:00,Adyar,76,126,64,12,4.2,1.1
2026-01-22,14:00,Velachery,149,124,116,33,4.9,1.3
2026-01-22,14:00,Guindy,106,135,85,21,5.8,1.0
2026-01-22,14:00,OMR,81,192,64,17,3.5,1.0
2026-01-22,14:00,Tambaram,75,100,64,11,6.2,1.0
2026-01-22,14:00,Porur,79,160,64,15,4.5,1.1
2026-01-22,14:00,Egmore,126,170,113,13,4.9,1.0
2026-01-22,16:00,Chennai Central,177,104,145,32,5.5,1.5
2026-01-22,16:00,T Nagar,148,121,116,32,5.1,1.2
2026-01-22,16:00,Anna Nagar,119,127,108,11,6.0,1.0
2026-01-22,16:00,Adyar,95,98,84,11,3.5,1.0
2026-01-22,16:00,Velachery,133,152,104,29,3.9,1.0
2026-01-22,16:00,Guindy,158,172,141,17,4.5,1.0
2026-01-22,16:00,OMR,97,145,86,11,4.3,1.0
2026-01-22,16:00,Tambaram,114,163,94,20,5.0,1.0
2026-01-22,16:00,Porur,163,97,143,20,8.0,1.5
2026-01-22,16:00,Egmore,155,145,127,28,4.8,1.3
2026-01-22,18:00,Chennai Central,260,135,232,28,6.5,1.6
2026-01-22,18:00,T Nagar,176,108,144,32,6.6,1.5
2026-01-22,18:00,Anna Nagar,250,114,231,19,7.5,1.8
2026-01-22,18:00,Adyar,235,141,188,47,8.3,1.6
2026-01-22,18:00,Velachery,250,144,218,32,6.7,1.3
2026-01-22,18:00,Guindy,225,155,181,44,6.8,1.3
2026-01-22,18:00,OMR,179,111,154,25,5.9,1.5
2026-01-22,18:00,Tambaram,200,137,177,23,7.3,1.1
2026-01-22,18:00,Porur,209,169,176,33,4.1,1.2
2026-01-22,18:00,Egmore,224,82,210,14,9.2,1.8
2026-01-22,20:00,Chennai Central,277,126,249,28,10.2,1.5
2026-01-22,20:00,T Nagar,271,130,254,17,7.2,1.8
2026-01-22,20:00,Anna Nagar,147,163,119,28,4.4,1.0
2026-01-22,20:00,Adyar,212,124,200,12,8.3,1.6
2026-01-22,20:00,Velachery,251,85,225,26,8.4,1.8
2026-01-22,20:00,Guindy,174,96,147,27,7.9,1.5
2026-01-22,20:00,OMR,249,158,230,19,5.3,1.5
2026-01-22,20:00,Tambaram,145,97,136,9,7.3,1.2
2026-01-22,20:00,Porur,159,73,150,9,5.2,1.5
2026-01-22,20:00,Egmore,282,93,252,30,8.5,1.5
2026-01-23,06:00,Chennai Central,133,150,113,20,5.3,1.0
2026-01-23,06:00,T Nagar,118,128,94,24,4.3,1.1
2026-01-23,06:00,Anna Nagar,102,163,84,18,4.4,1.0
2026-01-23,06:00,Adyar,106,166,85,21,3.1,1.0
2026-01-23,06:00,Velachery,197,74,177,20,6.7,1.8
2026-01-23,06:00,Guindy,169,185,157,12,6.0,1.0
2026-01-23,06:00,OMR,170,141,155,15,5.1,1.1
2026-01-23,06:00,Tambaram,129,189,109,20,3.6,1.0
2026-01-23,06:00,Porur,96,77,89,7,5.3,1.1
2026-01-23,06:00,Egmore,146,91,114,32,5.7,1.6
2026-01-23,08:00,Chennai Central,222,78,184,38,8.5,1.5
2026-01-23,08:00,T Nagar,222,83,206,16,6.5,2.0
2026-01-23,08:00,Anna Nagar,241,89,228,13,7.2,2.0
2026-01-23,08:00,Adyar,236,154,185,51,8.1,1.6
2026-01-23,08:00,Velachery,263,74,237,26,8.1,2.0
2026-01-23,08:00,Guindy,258,169,207,51,7.4,1.6
2026-01-23,08:00,OMR,224,144,209,15,6.0,1.5
2026-01-23,08:00,Tambaram,164,149,147,17,6.3,1.2
2026-01-23,08:00,Porur,145,167,118,27,6.4,1.1
2026-01-23,08:00,Egmore,174,164,162,12,6.1,1.3
2026-01-23,10:00,Chennai Central,170,107,155,15,7.5,1.6
2026-01-23,10:00,T Nagar,222,81,185,37,7.1,2.0
2026-01-23,10:00,Anna Nagar,165,130,130,35,6.2,1.2
2026-01-23,10:00,Adyar,76,185,59,17,3.5,1.0
2026-01-23,10:00,Velachery,111,90,97,14,6.5,1.1
2026-01-23,10:00,Guindy,157,107,134,23,7.4,1.2
2026-01-23,10:00,OMR,105,155,82,23,3.8,1.0
2026-01-23,10:00,Tambaram,99,112,78,21,4.0,1.0
2026-01-23,10:00,Porur,97,158,89,8,4.1,1.0
2026-01-23,10:00,Egmore,95,111,90,5,5.7,1.0
2026-01-23,12:00,Chennai Central,146,134,128,18,6.7,1.1
2026-01-23,12:00,T Nagar,80,168,68,12,5.6,1.0
2026-01-23,12:00,Anna Nagar,119,158,97,22,6.5,1.1
2026-01-23,12:00,Adyar,74,162,67,7,4.7,1.1
2026-01-23,12:00,Velachery,87,180,69,18,3.7,1.0
2026-01-23,12:00,Guindy,108,184,95,13,5.3,1.0
2026-01-23,12:00,OMR,147,149,135,12,4.2,1.0
2026-01-23,12:00,Tambaram,77,143,70,7,5.7,1.0
2026-01-23,12:00,Porur,76,181,67,9,5.3,1.1
2026-01-23,12:00,Egmore,114,156,107,7,5.2,1.0
2026-01-23,14:00,Chennai Central,162,149,132,30,4.9,1.2
2026-01-23,14:00,T Nagar,142,83,120,22,5.0,1.3
2026-01-23,14:00,Anna Nagar,102,100,95,7,4.0,1.3
2026-01-23,14:00,Adyar,105,184,87,18,4.9,1.0
2026-01-23,14:00,Velachery,127,170,113,14,4.3,1.0
2026-01-23,14:00,Guindy,103,131,82,21,6.3,1.0
2026-01-23,14:00,OMR,144,184,124,20,5.0,1.1
2026-01-23,14:00,Tambaram,108,157,87,21,3.9,1.0
2026-01-23,14:00,Porur,104,110,90,14,3.7,1.1
2026-01-23,14:00,Egmore,133,110,114,19,6.2,1.1
2026-01-23,16:00,Chennai Central,105,179,89,16,4.6,1.0
2026-01-23,16:00,T Nagar,222,95,207,15,6.5,2.0
2026-01-23,16:00,Anna Nagar,181,74,156,25,6.1,1.5
2026-01-23,16:00,Adyar,152,177,140,12,5.3,1.1
2026-01-23,16:00,Velachery,154,96,137,17,7.0,1.5
2026-01-23,16:00,Guindy,187,79,165,22,6.8,2.0
2026-01-23,16:00,OMR,166,166,142,24,6.4,1.0
2026-01-23,16:00,Tambaram,141,150,124,17,3.6,1.1
2026-01-23,16:00,Porur,133,139,113,20,4.0,1.0
2026-01-23,16:00,Egmore,101,84,91,10,4.4,1.3
2026-01-23,18:00,Chennai Central,276,151,237,39,7.3,1.6
2026-01-23,18:00,T Nagar,218,94,193,25,9.5,1.5
2026-01-23,18:00,Anna Nagar,236,102,204,32,9.0,1.5
2026-01-23,18:00,Adyar,213,168,188,25,5.3,1.2
2026-01-23,18:00,Velachery,297,137,250,47,8.6,1.8
2026-01-23,18:00,Guindy,242,134,208,34,6.0,1.3
2026-01-23,18:00,OMR,190,85,170,20,8.7,1.8
2026-01-23,18:00,Tambaram,150,84,140,10,6.0,1.6
2026-01-23,18:00,Porur,240,100,214,26,6.9,1.8
2026-01-23,18:00,Egmore,171,86,139,32,7.7,1.5
2026-01-23,20:00,Chennai Central,288,91,246,42,8.1,1.8
2026-01-23,20:00,T Nagar,187,90,167,20,8.2,1.5
2026-01-23,20:00,Anna Nagar,262,136,225,37,6.8,1.6
2026-01-23,20:00,Adyar,141,119,114,27,4.2,1.1
2026-01-23,20:00,Velachery,180,153,151,29,7.0,1.1
2026-01-23,20:00,Guindy,205,104,185,20,8.1,1.3
2026-01-23,20:00,OMR,212,130,178,34,8.4,1.6
2026-01-23,20:00,Tambaram,175,99,163,12,6.2,1.3
2026-01-23,20:00,Porur,216,89,186,30,7.6,2.0
2026-01-23,20:00,Egmore,283,161,233,50,6.5,1.6
2026-01-24,06:00,Chennai Central,163,97,140,23,5.4,1.3
2026-01-24,06:00,T Nagar,180,169,152,28,5.4,1.2
2026-01-24,06:00,Anna Nagar,134,188,114,20,6.4,1.0
2026-01-24,06:00,Adyar,169,119,135,34,5.5,1.2
2026-01-24,06:00,Velachery,123,125,116,7,4.8,1.0
2026-01-24,06:00,Guindy,207,111,174,33,5.9,1.5
2026-01-24,06:00,OMR,97,158,77,20,5.4,1.0
2026-01-24,06:00,Tambaram,108,129,101,7,5.3,1.1
2026-01-24,06:00,Porur,131,113,119,12,4.7,1.3
2026-01-24,06:00,Egmore,107,86,100,7,4.6,1.1
2026-01-24,08:00,Chennai Central,278,170,242,36,5.8,1.6
2026-01-24,08:00,T Nagar,268,129,238,30,7.6,2.0
2026-01-24,08:00,Anna Nagar,259,116,242,17,9.3,2.0
2026-01-24,08:00,Adyar,224,158,182,42,6.0,1.3
2026-01-24,08:00,Velachery,286,117,251,35,9.8,1.8
2026-01-24,08:00,Guindy,271,83,230,41,11.1,1.5
2026-01-24,08:00,OMR,169,95,137,32,5.3,1.5
2026-01-24,08:00,Tambaram,196,75,156,40,9.3,1.5
2026-01-24,08:00,Porur,155,115,126,29,6.2,1.1
2026-01-24,08:00,Egmore,254,89,239,15,7.3,1.5
2026-01-24,10:00,Chennai Central,206,78,174,32,7.2,2.0
2026-01-24,10:00,T Nagar,177,185,159,18,5.9,1.0
2026-01-24,10:00,Anna Nagar,184,156,170,14,6.2,1.3
2026-01-24,10:00,Adyar,80,162,73,7,4.6,1.1
2026-01-24,10:00,Velachery,201,83,175,26,8.4,1.5
2026-01-24,10:00,Guindy,210,178,173,37,7.2,1.1
2026-01-24,10:00,OMR,158,167,125,33,4.0,1.0
2026-01-24,10:00,Tambaram,93,77,88,5,5.2,1.2
2026-01-24,10:00,Porur,80,171,66,14,6.2,1.1
2026-01-24,10:00,Egmore,140,95,112,28,4.1,1.3
2026-01-24,12:00,Chennai Central,136,186,120,16,3.1,1.0
2026-01-24,12:00,T Nagar,107,121,92,15,3.2,1.0
2026-01-24,12:00,Anna Nagar,123,119,100,23,4.3,1.1
2026-01-24,12:00,Adyar,110,93,93,17,4.5,1.2
2026-01-24,12:00,Velachery,158,118,141,17,7.3,1.3
2026-01-24,12:00,Guindy,108,160,98,10,4.0,1.0
2026-01-24,12:00,OMR,84,95,69,15,5.4,1.0
2026-01-24,12:00,Tambaram,76,104,65,11,6.0,1.0
2026-01-24,12:00,Porur,64,180,51,13,5.7,1.0
2026-01-24,12:00,Egmore,150,111,123,27,6.8,1.2
2026-01-24,14:00,Chennai Central,108,134,92,16,5.4,1.0
2026-01-24,14:00,T Nagar,148,122,117,31,3.8,1.2
2026-01-24,14:00,Anna Nagar,94,134,87,7,5.5,1.1
2026-01-24,14:00,Adyar,126,144,99,27,5.5,1.0
2026-01-24,14:00,Velachery,93,130,75,18,3.2,1.0
2026-01-24,14:00,Guindy,106,198,88,18,3.7,1.0
2026-01-24,14:00,OMR,68,157,54,14,5.5,1.0
2026-01-24,14:00,Tambaram,117,127,104,13,4.7,1.0
2026-01-24,14:00,Porur,47,193,39,8,4.1,1.0
2026-01-24,14:00,Egmore,60,196,49,11,6.3,1.0
2026-01-24,16:00,Chennai Central,186,90,150,36,6.5,1.8
2026-01-24,16:00,T Nagar,171,183,157,14,6.4,1.0
2026-01-24,16:00,Anna Nagar,171,156,152,19,5.3,1.3
2026-01-24,16:00,Adyar,122,171,104,18,3.9,1.0
2026-01-24,16:00,Velachery,119,181,109,10,5.6,1.0
2026-01-24,16:00,Guindy,158,114,124,34,5.1,1.3
2026-01-24,16:00,OMR,149,182,122,27,3.7,1.1
2026-01-24,16:00,Tambaram,128,175,112,16,4.3,1.0
2026-01-24,16:00,Porur,86,84,76,10,6.4,1.3
2026-01-24,16:00,Egmore,104,135,84,20,4.2,1.1
2026-01-24,18:00,Chennai Central,271,165,213,58,6.3,1.6
2026-01-24,18:00,T Nagar,296,148,255,41,8.1,1.6
2026-01-24,18:00,Anna Nagar,226,116,200,26,7.5,1.5
2026-01-24,18:00,Adyar,227,79,207,20,6.9,1.8
2026-01-24,18:00,Velachery,205,140,191,14,5.9,1.3
2026-01-24,18:00,Guindy,253,106,228,25,7.6,2.0
2026-01-24,18:00,OMR,155,84,132,23,7.3,1.6
2026-01-24,18:00,Tambaram,201,147,169,32,5.0,1.1
2026-01-24,18:00,Porur,187,158,148,39,3.8,1.2
2026-01-24,18:00,Egmore,158,148,139,19,6.4,1.3
2026-01-24,20:00,Chennai Central,211,120,169,42,5.9,1.6
2026-01-24,20:00,T Nagar,296,70,233,63,10.5,2.0
2026-01-24,20:00,Anna Nagar,176,82,155,21,8.0,1.8
2026-01-24,20:00,Adyar,147,91,133,14,5.4,1.6
2026-01-24,20:00,Velachery,273,80,238,35,9.2,1.5
2026-01-24,20:00,Guindy,274,165,220,54,6.8,1.5
2026-01-24,20:00,OMR,221,167,207,14,5.5,1.2
2026-01-24,20:00,Tambaram,164,163,147,17,3.2,1.2
2026-01-24,20:00,Porur,230,70,214,16,9.3,2.0
2026-01-24,20:00,Egmore,268,111,234,34,9.9,1.5
2026-01-25,06:00,Chennai Central,176,94,143,33,6.0,1.5
2026-01-25,06:00,T Nagar,183,78,159,24,6.5,2.0
2026-01-25,06:00,Anna Nagar,163,84,130,33,7.4,1.5
2026-01-25,06:00,Adyar,149,72,137,12,6.9,1.8
2026-01-25,06:00,Velachery,197,74,171,26,6.5,1.8
2026-01-25,06:00,Guindy,121,126,98,23,5.6,1.0
2026-01-25,06:00,OMR,107,71,100,7,5.1,1.3
2026-01-25,06:00,Tambaram,90,188,78,12,3.4,1.0
2026-01-25,06:00,Porur,98,90,85,13,3.4,1.2
2026-01-25,06:00,Egmore,169,95,152,17,6.3,1.3
2026-01-25,08:00,Chennai Central,262,85,248,14,8.3,1.8
2026-01-25,08:00,T Nagar,198,123,163,35,7.6,1.3
2026-01-25,08:00,Anna Nagar,181,133,167,14,6.1,1.1
2026-01-25,08:00,Adyar,201,142,187,14,4.5,1.1
2026-01-25,08:00,Velachery,206,138,160,46,5.3,1.2
2026-01-25,08:00,Guindy,205,125,183,22,7.8,1.5
2026-01-25,08:00,OMR,256,95,218,38,7.8,1.5
2026-01-25,08:00,Tambaram,166,117,154,12,7.1,1.3
2026-01-25,08:00,Porur,169,115,144,25,5.1,1.1
2026-01-25,08:00,Egmore,178,102,149,29,7.7,1.5
2026-01-25,10:00,Chennai Central,194,80,183,11,7.3,2.0
2026-01-25,10:00,T Nagar,107,171,95,12,4.9,1.0
2026-01-25,10:00,Anna Nagar,99,175,87,12,3.1,1.0
2026-01-25,10:00,Adyar,82,168,72,10,3.8,1.1
2026-01-25,10:00,Velachery,157,74,131,26,6.4,2.0
2026-01-25,10:00,Guindy,205,120,176,29,6.6,1.6
2026-01-25,10:00,OMR,105,168,83,22,4.3,1.0
2026-01-25,10:00,Tambaram,148,71,133,15,5.7,2.0
2026-01-25,10:00,Porur,127,130,105,22,5.5,1.1
2026-01-25,10:00,Egmore,132,113,118,14,4.6,1.2
2026-01-25,12:00,Chennai Central,115,127,93,22,3.2,1.0
2026-01-25,12:00,T Nagar,163,116,152,11,4.8,1.2
2026-01-25,12:00,Anna Nagar,141,121,119,22,6.2,1.1
2026-01-25,12:00,Adyar,60,181,49,11,5.8,1.1
2026-01-25,12:00,Velachery,139,199,129,10,3.0,1.0
2026-01-25,12:00,Guindy,60,154,55,5,4.0,1.0
2026-01-25,12:00,OMR,56,127,50,6,5.9,1.0
2026-01-25,12:00,Tambaram,60,147,49,11,5.4,1.0
2026-01-25,12:00,Porur,76,87,68,8,3.8,1.0
2026-01-25,12:00,Egmore,123,88,98,25,6.0,1.2
2026-01-25,14:00,Chennai Central,88,152,74,14,3.1,1.0
2026-01-25,14:00,T Nagar,86,195,73,13,5.2,1.0
2026-01-25,14:00,Anna Nagar,109,112,92,17,5.0,1.0
2026-01-25,14:00,Adyar,96,196,86,10,4.1,1.0
2026-01-25,14:00,Velachery,119,134,106,13,4.1,1.0
2026-01-25,14:00,Guindy,97,167,76,21,3.2,1.0
2026-01-25,14:00,OMR,92,82,72,20,6.6,1.3
2026-01-25,14:00,Tambaram,94,141,79,15,4.8,1.1
2026-01-25,14:00,Porur,101,82,94,7,6.1,1.3
2026-01-25,14:00,Egmore,149,143,123,26,3.3,1.3
2026-01-25,16:00,Chennai Central,110,109,101,9,3.6,1.2
2026-01-25,16:00,T Nagar,183,150,160,23,7.2,1.2
2026-01-25,16:00,Anna Nagar,138,104,129,9,5.2,1.3
2026-01-25,16:00,Adyar,104,95,85,19,5.8,1.1
2026-01-25,16:00,Velachery,126,162,115,11,3.7,1.1
2026-01-25,16:00,Guindy,199,111,165,34,7.5,1.5
2026-01-25,16:00,OMR,150,76,138,12,8.3,1.5
2026-01-25,16:00,Tambaram,139,112,119,20,4.4,1.2
2026-01-25,16:00,Porur,131,149,117,14,3.4,1.0
2026-01-25,16:00,Egmore,121,82,109,12,6.4,1.3
2026-01-25,18:00,Chennai Central,240,89,225,15,7.8,1.5
2026-01-25,18:00,T Nagar,248,78,233,15,7.5,2.0
2026-01-25,18:00,Anna Nagar,265,119,207,58,9.8,2.0
2026-01-25,18:00,Adyar,220,118,172,48,7.0,1.5
2026-01-25,18:00,Velachery,216,145,202,14,6.6,1.1
2026-01-25,18:00,Guindy,253,134,206,47,7.0,1.3
2026-01-25,18:00,OMR,259,142,202,57,6.6,1.3
2026-01-25,18:00,Tambaram,185,152,169,16,4.8,1.3
2026-01-25,18:00,Porur,151,150,121,30,4.3,1.3
2026-01-25,18:00,Egmore,209,73,193,16,8.7,2.0
2026-01-25,20:00,Chennai Central,181,120,144,37,5.8,1.3
2026-01-25,20:00,T Nagar,190,160,157,33,6.4,1.3
2026-01-25,20:00,Anna Nagar,193,128,172,21,7.4,1.5
2026-01-25,20:00,Adyar,190,141,171,19,4.8,1.1
2026-01-25,20:00,Velachery,276,74,245,31,8.2,2.0
2026-01-25,20:00,Guindy,246,140,201,45,6.0,1.6
2026-01-25,20:00,OMR,178,120,151,27,5.7,1.3
2026-01-25,20:00,Tambaram,162,153,139,23,3.3,1.3
2026-01-25,20:00,Porur,191,129,159,32,7.5,1.3
2026-01-25,20:00,Egmore,183,107,157,26,7.3,1.5
2026-01-26,06:00,Chennai Central,182,112,171,11,5.0,1.5
2026-01-26,06:00,T Nagar,215,110,185,30,8.6,1.5
2026-01-26,06:00,Anna Nagar,100,90,82,18,5.4,1.3
2026-01-26,06:00,Adyar,145,111,126,19,6.4,1.2
2026-01-26,06:00,Velachery,117,150,100,17,6.2,1.0
2026-01-26,06:00,Guindy,212,118,189,23,7.8,1.6
2026-01-26,06:00,OMR,188,165,171,17,4.5,1.3
2026-01-26,06:00,Tambaram,136,171,108,28,3.4,1.0
2026-01-26,06:00,Porur,125,153,112,13,3.3,1.1
2026-01-26,06:00,Egmore,114,137,105,9,3.9,1.0
2026-01-26,08:00,Chennai Central,277,95,230,47,10.1,1.8
2026-01-26,08:00,T Nagar,322,169,276,46,7.4,1.3
2026-01-26,08:00,Anna Nagar,263,100,208,55,10.5,1.8
2026-01-26,08:00,Adyar,247,71,212,35,10.7,2.0
2026-01-26,08:00,Velachery,218,88,187,31,9.4,1.5
2026-01-26,08:00,Guindy,218,125,200,18,8.7,1.3
2026-01-26,08:00,OMR,281,114,233,48,8.0,2.0
2026-01-26,08:00,Tambaram,216,127,183,33,5.3,1.5
2026-01-26,08:00,Porur,218,170,200,18,5.4,1.1
2026-01-26,08:00,Egmore,282,104,243,39,8.4,1.5
2026-01-26,10:00,Chennai Central,180,108,151,29,6.6,1.6
2026-01-26,10:00,T Nagar,207,187,195,12,4.7,1.3
2026-01-26,10:00,Anna Nagar,148,114,131,17,5.5,1.1
2026-01-26,10:00,Adyar,144,123,131,13,5.3,1.1
2026-01-26,10:00,Velachery,165,71,145,20,6.5,1.5
2026-01-26,10:00,Guindy,133,159,109,24,3.7,1.0
2026-01-26,10:00,OMR,115,158,91,24,6.5,1.0
2026-01-26,10:00,Tambaram,156,156,141,15,4.8,1.1
2026-01-26,10:00,Porur,164,107,148,16,7.6,1.3
2026-01-26,10:00,Egmore,93,176,73,20,4.1,1.0
2026-01-26,12:00,Chennai Central,67,94,55,12,5.9,1.0
2026-01-26,12:00,T Nagar,141,160,118,23,3.9,1.0
2026-01-26,12:00,Anna Nagar,132,165,106,26,6.5,1.0
2026-01-26,12:00,Adyar,120,155,112,8,5.1,1.0
2026-01-26,12:00,Velachery,146,86,127,19,7.1,1.3
2026-01-26,12:00,Guindy,124,106,100,24,4.5,1.1
2026-01-26,12:00,OMR,59,156,47,12,3.8,1.0
2026-01-26,12:00,Tambaram,109,107,98,11,6.1,1.1
2026-01-26,12:00,Porur,95,168,76,19,5.4,1.0
2026-01-26,12:00,Egmore,106,190,84,22,4.5,1.1
2026-01-26,14:00,Chennai Central,104,183,89,15,5.7,1.0
2026-01-26,14:00,T Nagar,96,141,76,20,3.6,1.0
2026-01-26,14:00,Anna Nagar,80,168,67,13,6.4,1.0
2026-01-26,14:00,Adyar,104,80,92,12,5.5,1.1
2026-01-26,14:00,Velachery,134,87,123,11,7.4,1.3
2026-01-26,14:00,Guindy,85,169,73,12,3.3,1.0
2026-01-26,14:00,OMR,97,186,89,8,5.6,1.0
2026-01-26,14:00,Tambaram,79,165,74,5,5.7,1.0
2026-01-26,14:00,Porur,51,158,41,10,4.5,1.0
2026-01-26,14:00,Egmore,96,138,81,15,6.1,1.0
2026-01-26,16:00,Chennai Central,151,184,125,26,3.2,1.0
2026-01-26,16:00,T Nagar,155,78,137,18,8.3,1.3
2026-01-26,16:00,Anna Nagar,164,101,139,25,7.1,1.6
2026-01-26,16:00,Adyar,147,71,116,31,7.5,1.5
2026-01-26,16:00,Velachery,131,120,105,26,3.9,1.2
2026-01-26,16:00,Guindy,120,89,112,8,6.7,1.3
2026-01-26,16:00,OMR,152,110,127,25,7.5,1.3
2026-01-26,16:00,Tambaram,85,78,68,17,3.7,1.1
2026-01-26,16:00,Porur,76,106,71,5,5.9,1.1
2026-01-26,16:00,Egmore,174,128,137,37,6.4,1.2
2026-01-26,18:00,Chennai Central,226,83,178,48,8.3,2.0
2026-01-26,18:00,T Nagar,312,84,254,58,11.4,2.0
2026-01-26,18:00,Anna Nagar,159,108,135,24,6.3,1.1
2026-01-26,18:00,Adyar,180,139,144,36,4.6,1.3
2026-01-26,18:00,Velachery,238,104,213,25,6.6,2.0
2026-01-26,18:00,Guindy,278,157,251,27,8.4,1.5
2026-01-26,18:00,OMR,218,155,188,30,4.7,1.1
2026-01-26,18:00,Tambaram,233,139,217,16,6.6,1.5
2026-01-26,18:00,Porur,200,141,177,23,6.0,1.1
2026-01-26,18:00,Egmore,226,75,209,17,7.8,2.0
2026-01-26,20:00,Chennai Central,312,113,257,55,9.2,1.8
2026-01-26,20:00,T Nagar,217,161,203,14,7.4,1.3
2026-01-26,20:00,Anna Nagar,216,95,179,37,9.1,1.5
2026-01-26,20:00,Adyar,189,78,157,32,6.1,1.8
2026-01-26,20:00,Velachery,202,150,165,37,6.4,1.2
2026-01-26,20:00,Guindy,284,146,256,28,9.4,1.6
2026-01-26,20:00,OMR,266,158,244,22,8.7,1.6
2026-01-26,20:00,Tambaram,153,97,135,18,5.7,1.5
2026-01-26,20:00,Porur,201,103,159,42,6.3,1.3
2026-01-26,20:00,Egmore,195,119,166,29,7.7,1.6
2026-01-27,06:00,Chennai Central,112,77,87,25,5.8,1.2
2026-01-27,06:00,T Nagar,160,163,132,28,3.4,1.0
2026-01-27,06:00,Anna Nagar,130,94,104,26,4.9,1.1
2026-01-27,06:00,Adyar,116,167,96,20,5.9,1.1
2026-01-27,06:00,Velachery,184,170,161,23,6.2,1.3
2026-01-27,06:00,Guindy,199,110,155,44,8.4,1.5
2026-01-27,06:00,OMR,140,159,117,23,6.1,1.1
2026-01-27,06:00,Tambaram,111,142,105,6,4.2,1.0
2026-01-27,06:00,Porur,133,133,117,16,3.4,1.1
2026-01-27,06:00,Egmore,93,109,80,13,4.8,1.0
2026-01-27,08:00,Chennai Central,195,126,164,31,7.3,1.5
2026-01-27,08:00,T Nagar,250,103,219,31,7.8,1.5
2026-01-27,08:00,Anna Nagar,153,127,135,18,4.4,1.1
2026-01-27,08:00,Adyar,218,125,175,43,5.6,1.5
2026-01-27,08:00,Velachery,175,146,149,26,7.1,1.3
2026-01-27,08:00,Guindy,307,118,272,35,9.6,1.8
2026-01-27,08:00,OMR,239,96,215,24,7.1,1.5
2026-01-27,08:00,Tambaram,179,135,150,29,5.5,1.1
2026-01-27,08:00,Porur,200,138,169,31,5.1,1.1
2026-01-27,08:00,Egmore,261,105,242,19,9.6,1.5
2026-01-27,10:00,Chennai Central,210,182,185,25,3.8,1.3
2026-01-27,10:00,T Nagar,138,116,108,30,5.0,1.3
2026-01-27,10:00,Anna Nagar,179,131,143,36,7.0,1.3
2026-01-27,10:00,Adyar,136,139,117,19,3.8,1.1
2026-01-27,10:00,Velachery,188,189,166,22,3.8,1.0
2026-01-27,10:00,Guindy,176,185,138,38,5.3,1.0
2026-01-27,10:00,OMR,90,138,76,14,3.3,1.1
2026-01-27,10:00,Tambaram,134,179,116,18,5.7,1.1
2026-01-27,10:00,Porur,149,173,134,15,5.9,1.0
2026-01-27,10:00,Egmore,116,182,99,17,5.3,1.1
2026-01-27,12:00,Chennai Central,128,179,118,10,3.7,1.1
2026-01-27,12:00,T Nagar,162,189,132,30,4.3,1.1
2026-01-27,12:00,Anna Nagar,72,160,59,13,4.0,1.0
2026-01-27,12:00,Adyar,79,160,70,9,4.8,1.1
2026-01-27,12:00,Velachery,81,157,75,6,5.7,1.0
2026-01-27,12:00,Guindy,153,143,143,10,5.0,1.3
2026-01-27,12:00,OMR,150,180,137,13,3.0,1.0
2026-01-27,12:00,Tambaram,115,81,105,10,7.0,1.2
2026-01-27,12:00,Porur,50,80,42,8,3.0,1.0
2026-01-27,12:00,Egmore,126,129,101,25,6.4,1.1
2026-01-27,14:00,Chennai Central,140,139,117,23,4.1,1.2
2026-01-27,14:00,T Nagar,73,150,66,7,4.7,1.0
2026-01-27,14:00,Anna Nagar,121,146,98,23,5.7,1.0
2026-01-27,14:00,Adyar,132,200,118,14,5.2,1.0
2026-01-27,14:00,Velachery,81,145,70,11,6.2,1.0
2026-01-27,14:00,Guindy,62,92,57,5,3.1,1.1
2026-01-27,14:00,OMR,61,107,57,4,4.7,1.1
2026-01-27,14:00,Tambaram,89,170,77,12,5.6,1.0
2026-01-27,14:00,Porur,126,160,102,24,3.2,1.1
2026-01-27,14:00,Egmore,110,157,92,18,5.2,1.0
2026-01-27,16:00,Chennai Central,128,172,120,8,3.0,1.0
2026-01-27,16:00,T Nagar,178,151,151,27,6.5,1.2
2026-01-27,16:00,Anna Nagar,84,189,66,18,5.5,1.1
2026-01-27,16:00,Adyar,150,94,122,28,6.5,1.3
2026-01-27,16:00,Velachery,200,170,158,42,6.5,1.3
2026-01-27,16:00,Guindy,154,132,120,34,5.2,1.2
2026-01-27,16:00,OMR,119,116,93,26,5.0,1.2
2026-01-27,16:00,Tambaram,162,93,145,17,5.1,1.3
2026-01-27,16:00,Porur,111,150,101,10,6.4,1.1
2026-01-27,16:00,Egmore,125,156,116,9,5.1,1.0
2026-01-27,18:00,Chennai Central,304,163,271,33,8.6,1.6
2026-01-27,18:00,T Nagar,227,88,182,45,9.7,1.5
2026-01-27,18:00,Anna Nagar,255,101,216,39,8.3,2.0
2026-01-27,18:00,Adyar,213,81,182,31,9.2,1.8
2026-01-27,18:00,Velachery,211,164,178,33,7.4,1.1
2026-01-27,18:00,Guindy,193,114,158,35,7.8,1.6
2026-01-27,18:00,OMR,215,86,171,44,8.2,1.8
2026-01-27,18:00,Tambaram,161,168,143,18,5.4,1.0
2026-01-27,18:00,Porur,133,123,108,25,5.6,1.2
2026-01-27,18:00,Egmore,209,167,183,26,4.4,1.3
2026-01-27,20:00,Chennai Central,200,129,168,32,6.1,1.6
2026-01-27,20:00,T Nagar,287,138,229,58,8.1,1.5
2026-01-27,20:00,Anna Nagar,160,101,133,27,5.3,1.6
2026-01-27,20:00,Adyar,145,113,119,26,6.1,1.2
2026-01-27,20:00,Velachery,198,119,183,15,5.2,1.3
2026-01-27,20:00,Guindy,232,82,218,14,9.2,1.8
2026-01-27,20:00,OMR,154,149,144,10,5.9,1.3
2026-01-27,20:00,Tambaram,183,86,144,39,7.8,1.8
2026-01-27,20:00,Porur,152,108,118,34,6.8,1.2
2026-01-27,20:00,Egmore,265,169,209,56,6.3,1.3
2026-01-28,06:00,Chennai Central,194,126,156,38,7.6,1.3
2026-01-28,06:00,T Nagar,143,146,128,15,5.3,1.0
2026-01-28,06:00,Anna Nagar,189,114,170,19,6.0,1.5
2026-01-28,06:00,Adyar,129,79,112,17,6.4,1.6
2026-01-28,06:00,Velachery,102,101,93,9,3.2,1.3
2026-01-28,06:00,Guindy,141,181,126,15,4.8,1.0
2026-01-28,06:00,OMR,158,83,134,24,7.6,1.6
2026-01-28,06:00,Tambaram,162,154,153,9,4.1,1.2
2026-01-28,06:00,Porur,83,81,68,15,5.1,1.2
2026-01-28,06:00,Egmore,178,138,159,19,6.4,1.1
2026-01-28,08:00,Chennai Central,210,150,174,36,7.8,1.2
2026-01-28,08:00,T Nagar,292,133,267,25,8.4,2.0
2026-01-28,08:00,Anna Nagar,208,70,174,34,9.6,1.8
2026-01-28,08:00,Adyar,204,97,192,12,7.9,1.8
2026-01-28,08:00,Velachery,243,133,218,25,8.9,1.6
2026-01-28,08:00,Guindy,195,99,153,42,6.8,1.5
2026-01-28,08:00,OMR,260,91,231,29,8.8,2.0
2026-01-28,08:00,Tambaram,131,118,119,12,6.7,1.3
2026-01-28,08:00,Porur,213,117,184,29,8.1,1.3
2026-01-28,08:00,Egmore,282,137,232,50,6.7,2.0
2026-01-28,10:00,Chennai Central,210,104,174,36,7.9,1.8
2026-01-28,10:00,T Nagar,150,140,134,16,3.3,1.2
2026-01-28,10:00,Anna Nagar,149,114,122,27,5.4,1.3
2026-01-28,10:00,Adyar,123,71,109,14,4.4,1.5
2026-01-28,10:00,Velachery,120,103,95,25,4.8,1.2
2026-01-28,10:00,Guindy,98,123,90,8,4.2,1.0
2026-01-28,10:00,OMR,133,187,106,27,3.4,1.0
2026-01-28,10:00,Tambaram,144,120,126,18,6.3,1.3
2026-01-28,10:00,Porur,110,190,93,17,4.0,1.0
2026-01-28,10:00,Egmore,134,90,105,29,6.8,1.3
2026-01-28,12:00,Chennai Central,108,150,97,11,5.8,1.0
2026-01-28,12:00,T Nagar,110,155,88,22,5.0,1.0
2026-01-28,12:00,Anna Nagar,56,108,52,4,6.4,1.0
2026-01-28,12:00,Adyar,101,187,87,14,5.9,1.0
2026-01-28,12:00,Velachery,138,90,121,17,6.5,1.3
2026-01-28,12:00,Guindy,127,101,110,17,4.0,1.1
2026-01-28,12:00,OMR,59,124,49,10,6.0,1.0
2026-01-28,12:00,Tambaram,86,188,75,11,3.9,1.1
2026-01-28,12:00,Porur,81,129,72,9,6.3,1.1
2026-01-28,12:00,Egmore,80,176,66,14,5.0,1.0
2026-01-28,14:00,Chennai Central,157,150,122,35,5.6,1.1
2026-01-28,14:00,T Nagar,76,197,70,6,3.7,1.0
2026-01-28,14:00,Anna Nagar,118,124,98,20,5.0,1.0
2026-01-28,14:00,Adyar,57,175,50,7,3.5,1.0
2026-01-28,14:00,Velachery,123,161,99,24,5.8,1.0
2026-01-28,14:00,Guindy,99,121,90,9,4.4,1.0
2026-01-28,14:00,OMR,114,82,106,8,5.7,1.2
2026-01-28,14:00,Tambaram,75,142,67,8,6.4,1.0
2026-01-28,14:00,Porur,101,132,94,7,3.2,1.0
2026-01-28,14:00,Egmore,90,142,72,18,3.7,1.0
2026-01-28,16:00,Chennai Central,140,81,115,25,7.8,1.3
2026-01-28,16:00,T Nagar,172,99,135,37,7.5,1.6
2026-01-28,16:00,Anna Nagar,153,123,122,31,3.8,1.3
2026-01-28,16:00,Adyar,123,107,103,20,3.7,1.3
2026-01-28,16:00,Velachery,101,180,87,14,4.4,1.0
2026-01-28,16:00,Guindy,205,104,166,39,7.1,1.6
2026-01-28,16:00,OMR,193,170,155,38,6.7,1.1
2026-01-28,16:00,Tambaram,123,149,97,26,6.1,1.1
2026-01-28,16:00,Porur,106,181,94,12,5.5,1.1
2026-01-28,16:00,Egmore,162,170,140,22,5.7,1.0
2026-01-28,18:00,Chennai Central,206,74,184,22,7.5,1.8
2026-01-28,18:00,T Nagar,207,142,166,41,4.7,1.3
2026-01-28,18:00,Anna Nagar,172,98,144,28,7.2,1.5
2026-01-28,18:00,Adyar,151,139,131,20,6.6,1.3
2026-01-28,18:00,Velachery,284,100,227,57,8.2,1.5
2026-01-28,18:00,Guindy,175,82,165,10,5.8,2.0
2026-01-28,18:00,OMR,250,170,235,15,8.4,1.3
2026-01-28,18:00,Tambaram,126,80,106,20,7.2,1.6
2026-01-28,18:00,Porur,172,141,150,22,4.3,1.3
2026-01-28,18:00,Egmore,249,92,228,21,10.3,1.5
2026-01-28,20:00,Chennai Central,176,105,139,37,6.4,1.6
2026-01-28,20:00,T Nagar,180,88,168,12,7.3,1.5
2026-01-28,20:00,Anna Nagar,263,115,219,44,8.6,2.0
2026-01-28,20:00,Adyar,190,112,179,11,7.2,1.6
2026-01-28,20:00,Velachery,238,84,195,43,9.1,1.8
2026-01-28,20:00,Guindy,268,120,225,43,6.8,1.5
2026-01-28,20:00,OMR,168,82,150,18,6.1,2.0
2026-01-28,20:00,Tambaram,194,144,158,36,4.4,1.2
2026-01-28,20:00,Porur,242,126,219,23,6.7,1.3
2026-01-28,20:00,Egmore,178,104,165,13,7.4,1.6
2026-01-29,06:00,Chennai Central,201,82,163,38,6.1,2.0
2026-01-29,06:00,T Nagar,161,89,139,22,6.2,1.6
2026-01-29,06:00,Anna Nagar,137,98,126,11,5.4,1.1
2026-01-29,06:00,Adyar,158,72,124,34,6.7,2.0
2026-01-29,06:00,Velachery,113,101,91,22,5.6,1.2
2026-01-29,06:00,Guindy,156,75,129,27,5.5,1.8
2026-01-29,06:00,OMR,150,180,140,10,5.2,1.1
2026-01-29,06:00,Tambaram,144,74,125,19,6.8,1.5
2026-01-29,06:00,Porur,95,89,78,17,5.5,1.1
2026-01-29,06:00,Egmore,146,139,133,13,5.2,1.1
2026-01-29,08:00,Chennai Central,252,124,234,18,6.8,1.5
2026-01-29,08:00,T Nagar,311,147,285,26,7.8,2.0
2026-01-29,08:00,Anna Nagar,165,81,152,13,7.9,1.8
2026-01-29,08:00,Adyar,200,101,160,40,8.2,1.6
2026-01-29,08:00,Velachery,212,94,194,18,9.1,1.8
2026-01-29,08:00,Guindy,286,138,248,38,6.9,2.0
2026-01-29,08:00,OMR,259,79,221,38,9.8,1.8
2026-01-29,08:00,Tambaram,190,79,159,31,9.2,1.8
2026-01-29,08:00,Porur,242,119,222,20,6.3,1.5
2026-01-29,08:00,Egmore,178,165,140,38,4.8,1.3
2026-01-29,10:00,Chennai Central,153,77,128,25,5.2,1.3
2026-01-29,10:00,T Nagar,137,95,121,16,5.2,1.2
2026-01-29,10:00,Anna Nagar,94,89,79,15,3.4,1.1
2026-01-29,10:00,Adyar,89,90,82,7,5.2,1.0
2026-01-29,10:00,Velachery,120,101,113,7,3.5,1.3
2026-01-29,10:00,Guindy,198,152,181,17,5.3,1.2
2026-01-29,10:00,OMR,165,147,131,34,5.3,1.3
2026-01-29,10:00,Tambaram,100,120,85,15,4.8,1.0
2026-01-29,10:00,Porur,137,189,129,8,3.1,1.0
2026-01-29,10:00,Egmore,154,180,136,18,4.8,1.0
2026-01-29,12:00,Chennai Central,60,139,48,12,4.1,1.1
2026-01-29,12:00,T Nagar,121,166,114,7,6.0,1.0
2026-01-29,12:00,Anna Nagar,112,154,93,19,6.0,1.0
2026-01-29,12:00,Adyar,83,123,67,16,6.1,1.0
2026-01-29,12:00,Velachery,73,100,64,9,5.5,1.1
2026-01-29,12:00,Guindy,133,108,111,22,3.8,1.2
2026-01-29,12:00,OMR,71,171,59,12,6.0,1.0
2026-01-29,12:00,Tambaram,71,172,55,16,6.4,1.1
2026-01-29,12:00,Porur,52,113,46,6,4.7,1.0
2026-01-29,12:00,Egmore,127,137,101,26,5.2,1.0
2026-01-29,14:00,Chennai Central,69,172,55,14,4.7,1.0
2026-01-29,14:00,T Nagar,161,106,148,13,5.0,1.3
2026-01-29,14:00,Anna Nagar,112,166,106,6,5.8,1.0
2026-01-29,14:00,Adyar,59,180,48,11,5.2,1.0
2026-01-29,14:00,Velachery,87,196,81,6,5.0,1.0
2026-01-29,14:00,Guindy,67,95,62,5,4.3,1.0
2026-01-29,14:00,OMR,55,137,45,10,4.9,1.1
2026-01-29,14:00,Tambaram,118,89,110,8,4.1,1.3
2026-01-29,14:00,Porur,86,137,71,15,5.9,1.0
2026-01-29,14:00,Egmore,126,163,102,24,5.2,1.0
2026-01-29,16:00,Chennai Central,123,139,102,21,4.3,1.0
2026-01-29,16:00,T Nagar,145,166,134,11,6.3,1.1
2026-01-29,16:00,Anna Nagar,173,141,150,23,7.3,1.2
2026-01-29,16:00,Adyar,154,107,127,27,5.1,1.2
2026-01-29,16:00,Velachery,197,128,166,31,4.8,1.5
2026-01-29,16:00,Guindy,171,103,147,24,7.9,1.5
2026-01-29,16:00,OMR,94,172,84,10,5.9,1.0
2026-01-29,16:00,Tambaram,129,136,121,8,3.3,1.1
2026-01-29,16:00,Porur,122,142,112,10,3.1,1.1
2026-01-29,16:00,Egmore,178,100,145,33,5.7,1.6
2026-01-29,18:00,Chennai Central,284,168,221,63,8.1,1.3
2026-01-29,18:00,T Nagar,263,127,219,44,6.7,1.5
2026-01-29,18:00,Anna Nagar,270,167,210,60,8.0,1.5
2026-01-29,18:00,Adyar,152,117,144,8,7.3,1.3
2026-01-29,18:00,Velachery,209,94,186,23,6.7,1.8
2026-01-29,18:00,Guindy,226,127,188,38,5.6,1.5
2026-01-29,18:00,OMR,205,74,162,43,6.6,2.0
2026-01-29,18:00,Tambaram,218,70,194,24,9.2,1.5
2026-01-29,18:00,Porur,219,127,174,45,6.1,1.6
2026-01-29,18:00,Egmore,165,72,146,19,6.3,1.5
2026-01-29,20:00,Chennai Central,178,110,159,19,5.3,1.3
2026-01-29,20:00,T Nagar,308,119,288,20,7.8,1.8
2026-01-29,20:00,Anna Nagar,197,96,165,32,8.3,1.5
2026-01-29,20:00,Adyar,245,123,201,44,6.6,1.6
2026-01-29,20:00,Velachery,287,105,265,22,10.5,1.5
2026-01-29,20:00,Guindy,192,161,157,35,4.4,1.3
2026-01-29,20:00,OMR,235,104,190,45,8.3,2.0
2026-01-29,20:00,Tambaram,151,140,122,29,5.8,1.3
2026-01-29,20:00,Porur,152,129,143,9,4.8,1.3
2026-01-29,20:00,Egmore,278,78,252,26,10.9,2.0
2026-01-30,06:00,Chennai Central,214,138,192,22,6.7,1.6
2026-01-30,06:00,T Nagar,131,137,106,25,3.6,1.0
2026-01-30,06:00,Anna Nagar,148,109,135,13,4.4,1.3
2026-01-30,06:00,Adyar,165,101,147,18,7.4,1.3
2026-01-30,06:00,Velachery,172,169,159,13,4.4,1.1
2026-01-30,06:00,Guindy,105,170,94,11,3.1,1.0
2026-01-30,06:00,OMR,194,158,166,28,6.5,1.3
2026-01-30,06:00,Tambaram,80,89,63,17,6.3,1.0
2026-01-30,06:00,Porur,108,107,99,9,5.3,1.2
2026-01-30,06:00,Egmore,168,180,156,12,5.0,1.0
2026-01-30,08:00,Chennai Central,273,104,219,54,10.4,1.5
2026-01-30,08:00,T Nagar,221,143,209,12,7.0,1.6
2026-01-30,08:00,Anna Nagar,212,127,193,19,6.2,1.3
2026-01-30,08:00,Adyar,240,155,211,29,7.2,1.5
2026-01-30,08:00,Velachery,277,162,217,60,7.0,1.5
2026-01-30,08:00,Guindy,292,159,250,42,7.0,1.6
2026-01-30,08:00,OMR,250,169,223,27,6.0,1.3
2026-01-30,08:00,Tambaram,216,103,174,42,8.1,1.5
2026-01-30,08:00,Porur,200,96,159,41,7.8,1.5
2026-01-30,08:00,Egmore,227,104,195,32,8.8,2.0
2026-01-30,10:00,Chennai Central,166,128,152,14,6.9,1.1
2026-01-30,10:00,T Nagar,143,153,121,22,5.5,1.0
2026-01-30,10:00,Anna Nagar,90,130,70,20,4.7,1.0
2026-01-30,10:00,Adyar,155,91,130,25,7.6,1.5
2026-01-30,10:00,Velachery,195,94,180,15,6.4,2.0
2026-01-30,10:00,Guindy,116,117,103,13,4.5,1.0
2026-01-30,10:00,OMR,136,143,113,23,4.9,1.0
2026-01-30,10:00,Tambaram,112,147,89,23,6.0,1.1
2026-01-30,10:00,Porur,89,183,81,8,6.3,1.0
2026-01-30,10:00,Egmore,101,162,84,17,5.3,1.0
2026-01-30,12:00,Chennai Central,87,154,77,10,4.2,1.0
2026-01-30,12:00,T Nagar,125,162,110,15,5.0,1.0
2026-01-30,12:00,Anna Nagar,67,97,53,14,3.6,1.1
2026-01-30,12:00,Adyar,76,157,70,6,5.4,1.0
2026-01-30,12:00,Velachery,67,139,55,12,6.1,1.1
2026-01-30,12:00,Guindy,153,120,119,34,4.6,1.3
2026-01-30,12:00,OMR,61,121,48,13,5.3,1.0
2026-01-30,12:00,Tambaram,76,173,70,6,4.1,1.1
2026-01-30,12:00,Porur,116,88,90,26,4.0,1.1
2026-01-30,12:00,Egmore,94,179,85,9,5.1,1.0
2026-01-30,14:00,Chennai Central,120,157,107,13,4.6,1.0
2026-01-30,14:00,T Nagar,75,125,64,11,3.3,1.0
2026-01-30,14:00,Anna Nagar,69,173,55,14,5.8,1.0
2026-01-30,14:00,Adyar,92,196,77,15,5.3,1.0
2026-01-30,14:00,Velachery,81,115,71,10,6.1,1.0
2026-01-30,14:00,Guindy,160,97,144,16,6.5,1.3
2026-01-30,14:00,OMR,100,177,81,19,5.2,1.0
2026-01-30,14:00,Tambaram,109,164,88,21,3.4,1.0
2026-01-30,14:00,Porur,109,188,100,9,5.6,1.0
2026-01-30,14:00,Egmore,81,123,64,17,6.3,1.0
2026-01-30,16:00,Chennai Central,214,190,192,22,5.7,1.2
2026-01-30,16:00,T Nagar,178,101,159,19,7.3,1.3
2026-01-30,16:00,Anna Nagar,102,178,95,7,5.2,1.0
2026-01-30,16:00,Adyar,81,182,73,8,3.3,1.0
2026-01-30,16:00,Velachery,186,184,173,13,4.5,1.1
2026-01-30,16:00,Guindy,210,134,195,15,7.4,1.6
2026-01-30,16:00,OMR,100,172,85,15,4.1,1.0
2026-01-30,16:00,Tambaram,88,180,72,16,6.3,1.0
2026-01-30,16:00,Porur,95,78,88,7,4.2,1.2
2026-01-30,16:00,Egmore,97,160,83,14,4.5,1.1
2026-01-30,18:00,Chennai Central,181,85,157,24,6.7,1.5
2026-01-30,18:00,T Nagar,291,71,243,48,11.7,1.8
2026-01-30,18:00,Anna Nagar,236,159,212,24,6.8,1.2
2026-01-30,18:00,Adyar,182,72,148,34,6.3,1.8
2026-01-30,18:00,Velachery,226,150,181,45,5.0,1.5
2026-01-30,18:00,Guindy,220,124,203,17,5.8,1.3
2026-01-30,18:00,OMR,220,117,175,45,8.0,1.6
2026-01-30,18:00,Tambaram,158,108,130,28,6.7,1.1
2026-01-30,18:00,Porur,159,142,140,19,5.6,1.3
2026-01-30,18:00,Egmore,233,80,191,42,8.2,1.8
2026-01-30,20:00,Chennai Central,262,79,213,49,8.0,1.5
2026-01-30,20:00,T Nagar,216,108,187,29,7.0,1.6
2026-01-30,20:00,Anna Nagar,196,141,166,30,4.8,1.3
2026-01-30,20:00,Adyar,180,163,146,34,4.8,1.1
2026-01-30,20:00,Velachery,195,114,163,32,7.7,1.6
2026-01-30,20:00,Guindy,295,107,246,49,9.0,1.8
2026-01-30,20:00,OMR,215,83,196,19,7.5,1.8
2026-01-30,20:00,Tambaram,153,94,125,28,6.3,1.3
2026-01-30,20:00,Porur,153,131,122,31,4.6,1.2
2026-01-30,20:00,Egmore,272,131,250,22,7.6,1.5
2026-01-31,06:00,Chennai Central,144,140,125,19,6.3,1.1
2026-01-31,06:00,T Nagar,106,130,85,21,6.2,1.0
2026-01-31,06:00,Anna Nagar,180,182,158,22,5.7,1.0
2026-01-31,06:00,Adyar,109,100,93,16,5.7,1.2
2026-01-31,06:00,Velachery,123,121,112,11,4.7,1.1
2026-01-31,06:00,Guindy,198,155,167,31,4.8,1.2
2026-01-31,06:00,OMR,106,184,97,9,3.4,1.0
2026-01-31,06:00,Tambaram,149,176,122,27,5.9,1.0
2026-01-31,06:00,Porur,144,162,116,28,3.8,1.0
2026-01-31,06:00,Egmore,183,152,144,39,4.2,1.1
2026-01-31,08:00,Chennai Central,238,89,224,14,8.7,2.0
2026-01-31,08:00,T Nagar,307,91,271,36,9.8,1.8
2026-01-31,08:00,Anna Nagar,249,136,196,53,6.1,1.6
2026-01-31,08:00,Adyar,224,81,193,31,9.5,2.0
2026-01-31,08:00,Velachery,276,105,253,23,9.9,2.0
2026-01-31,08:00,Guindy,240,122,212,28,8.3,1.3
2026-01-31,08:00,OMR,165,118,133,32,4.9,1.3
2026-01-31,08:00,Tambaram,158,117,130,28,4.2,1.2
2026-01-31,08:00,Porur,183,163,155,28,4.9,1.3
2026-01-31,08:00,Egmore,236,93,211,25,8.1,1.5
2026-01-31,10:00,Chennai Central,175,190,163,12,3.4,1.0
2026-01-31,10:00,T Nagar,132,101,108,24,6.4,1.3
2026-01-31,10:00,Anna Nagar,142,88,118,24,4.6,1.6
2026-01-31,10:00,Adyar,79,151,69,10,3.2,1.0
2026-01-31,10:00,Velachery,146,189,132,14,4.3,1.0
2026-01-31,10:00,Guindy,142,168,124,18,4.0,1.1
2026-01-31,10:00,OMR,161,155,125,36,4.4,1.2
2026-01-31,10:00,Tambaram,112,122,88,24,4.2,1.0
2026-01-31,10:00,Porur,118,74,109,9,5.2,1.5
2026-01-31,10:00,Egmore,95,168,86,9,6.1,1.0
2026-01-31,12:00,Chennai Central,102,165,96,6,4.6,1.0
2026-01-31,12:00,T Nagar,143,192,115,28,4.8,1.1
2026-01-31,12:00,Anna Nagar,54,160,43,11,3.9,1.0
2026-01-31,12:00,Adyar,47,197,42,5,3.4,1.0
2026-01-31,12:00,Velachery,129,154,122,7,4.5,1.1
2026-01-31,12:00,Guindy,162,186,126,36,6.2,1.0
2026-01-31,12:00,OMR,113,138,91,22,3.3,1.0
2026-01-31,12:00,Tambaram,58,154,51,7,6.1,1.0
2026-01-31,12:00,Porur,86,85,69,17,4.2,1.2
2026-01-31,12:00,Egmore,79,116,74,5,4.4,1.0
2026-01-31,14:00,Chennai Central,62,96,53,9,4.8,1.0
2026-01-31,14:00,T Nagar,81,83,72,9,4.1,1.0
2026-01-31,14:00,Anna Nagar,71,115,66,5,3.9,1.0
2026-01-31,14:00,Adyar,80,145,69,11,6.2,1.0
2026-01-31,14:00,Velachery,159,135,141,18,4.8,1.3
2026-01-31,14:00,Guindy,84,179,77,7,4.9,1.1
2026-01-31,14:00,OMR,128,179,100,28,4.0,1.0
2026-01-31,14:00,Tambaram,84,113,68,16,6.3,1.0
2026-01-31,14:00,Porur,122,124,99,23,4.1,1.0
2026-01-31,14:00,Egmore,124,161,104,20,6.4,1.0
2026-01-31,16:00,Chennai Central,128,121,117,11,6.2,1.1
2026-01-31,16:00,T Nagar,157,79,130,27,7.8,1.3
2026-01-31,16:00,Anna Nagar,96,139,82,14,4.2,1.1
2026-01-31,16:00,Adyar,147,115,130,17,3.8,1.3
2026-01-31,16:00,Velachery,200,76,174,26,7.0,1.8
2026-01-31,16:00,Guindy,190,189,150,40,5.6,1.1
2026-01-31,16:00,OMR,121,139,110,11,6.4,1.0
2026-01-31,16:00,Tambaram,75,158,63,12,4.8,1.0
2026-01-31,16:00,Porur,78,171,68,10,5.2,1.0
2026-01-31,16:00,Egmore,119,108,98,21,4.3,1.2
2026-01-31,18:00,Chennai Central,285,85,243,42,8.3,1.8
2026-01-31,18:00,T Nagar,272,158,256,16,9.3,1.5
2026-01-31,18:00,Anna Nagar,217,95,198,19,9.3,1.8
2026-01-31,18:00,Adyar,225,122,188,37,6.1,1.6
2026-01-31,18:00,Velachery,215,128,171,44,8.1,1.6
2026-01-31,18:00,Guindy,208,88,163,45,6.6,1.5
2026-01-31,18:00,OMR,176,96,156,20,6.9,1.6
2026-01-31,18:00,Tambaram,166,135,156,10,7.1,1.1
2026-01-31,18:00,Porur,218,107,180,38,6.7,1.8
2026-01-31,18:00,Egmore,211,154,175,36,5.9,1.3
2026-01-31,20:00,Chennai Central,265,170,236,29,6.5,1.5
2026-01-31,20:00,T Nagar,321,104,288,33,11.4,2.0
2026-01-31,20:00,Anna Nagar,207,91,191,16,7.6,1.8
2026-01-31,20:00,Adyar,156,81,129,27,5.2,1.3
2026-01-31,20:00,Velachery,270,96,211,59,8.4,2.0
2026-01-31,20:00,Guindy,258,117,240,18,8.6,1.8
2026-01-31,20:00,OMR,265,165,250,15,7.0,1.3
2026-01-31,20:00,Tambaram,129,75,119,10,4.8,1.5
2026-01-31,20:00,Porur,209,114,195,14,6.0,1.3
2026-01-31,20:00,Egmore,165,152,139,26,4.7,1.3
2026-02-01,06:00,Chennai Central,177,140,159,18,5.7,1.3
2026-02-01,06:00,T Nagar,156,85,135,21,5.6,1.6
2026-02-01,06:00,Anna Nagar,124,184,106,18,5.4,1.1
2026-02-01,06:00,Adyar,154,110,137,17,6.3,1.2
2026-02-01,06:00,Velachery,149,115,123,26,5.2,1.1
2026-02-01,06:00,Guindy,182,188,157,25,4.9,1.1
2026-02-01,06:00,OMR,151,120,120,31,5.0,1.3
2026-02-01,06:00,Tambaram,110,109,88,22,3.2,1.1
2026-02-01,06:00,Porur,118,150,93,25,4.2,1.0
2026-02-01,06:00,Egmore,152,161,128,24,4.9,1.0
2026-02-01,08:00,Chennai Central,254,166,216,38,7.5,1.5
2026-02-01,08:00,T Nagar,182,100,171,11,5.5,1.3
2026-02-01,08:00,Anna Nagar,195,118,176,19,6.4,1.3
2026-02-01,08:00,Adyar,164,142,141,23,6.8,1.1
2026-02-01,08:00,Velachery,195,134,172,23,4.9,1.2
2026-02-01,08:00,Guindy,175,148,162,13,3.9,1.1
2026-02-01,08:00,OMR,220,165,204,16,7.8,1.1
2026-02-01,08:00,Tambaram,224,122,209,15,6.0,1.3
2026-02-01,08:00,Porur,159,128,134,25,6.1,1.2
2026-02-01,08:00,Egmore,228,99,210,18,9.5,1.8
2026-02-01,10:00,Chennai Central,192,168,176,16,6.9,1.2
2026-02-01,10:00,T Nagar,170,148,159,11,5.9,1.1
2026-02-01,10:00,Anna Nagar,89,116,84,5,5.3,1.1
2026-02-01,10:00,Adyar,152,98,141,11,4.7,1.6
2026-02-01,10:00,Velachery,116,156,99,17,5.3,1.0
2026-02-01,10:00,Guindy,106,144,95,11,5.4,1.0
2026-02-01,10:00,OMR,179,76,142,37,6.5,1.5
2026-02-01,10:00,Tambaram,156,106,135,21,4.3,1.2
2026-02-01,10:00,Porur,100,164,79,21,5.6,1.0
2026-02-01,10:00,Egmore,141,156,124,17,3.5,1.0
2026-02-01,12:00,Chennai Central,72,169,58,14,3.3,1.0
2026-02-01,12:00,T Nagar,62,106,55,7,5.4,1.0
2026-02-01,12:00,Anna Nagar,129,116,113,16,4.1,1.2
2026-02-01,12:00,Adyar,56,107,49,7,4.6,1.0
2026-02-01,12:00,Velachery,88,84,72,16,3.8,1.2
2026-02-01,12:00,Guindy,163,170,141,22,4.2,1.1
2026-02-01,12:00,OMR,58,108,52,6,5.2,1.0
2026-02-01,12:00,Tambaram,108,82,100,8,3.7,1.1
2026-02-01,12:00,Porur,128,130,120,8,4.1,1.1
2026-02-01,12:00,Egmore,103,148,89,14,5.3,1.1
2026-02-01,14:00,Chennai Central,93,185,79,14,5.8,1.1
2026-02-01,14:00,T Nagar,65,182,54,11,3.9,1.0
2026-02-01,14:00,Anna Nagar,57,133,47,10,6.0,1.0
2026-02-01,14:00,Adyar,57,187,51,6,5.9,1.1
2026-02-01,14:00,Velachery,66,91,59,7,6.0,1.0
2026-02-01,14:00,Guindy,152,177,120,32,3.3,1.0
2026-02-01,14:00,OMR,96,195,90,6,4.7,1.0
2026-02-01,14:00,Tambaram,111,182,96,15,3.5,1.0
2026-02-01,14:00,Porur,99,86,90,9,3.8,1.2
2026-02-01,14:00,Egmore,127,141,105,22,6.1,1.0
2026-02-01,16:00,Chennai Central,150,108,120,30,5.5,1.2
2026-02-01,16:00,T Nagar,110,149,95,15,4.2,1.0
2026-02-01,16:00,Anna Nagar,150,86,137,13,5.7,1.3
2026-02-01,16:00,Adyar,87,157,75,12,5.0,1.0
2026-02-01,16:00,Velachery,180,137,159,21,4.5,1.3
2026-02-01,16:00,Guindy,168,82,144,24,7.7,1.5
2026-02-01,16:00,OMR,169,80,138,31,8.3,1.5
2026-02-01,16:00,Tambaram,86,124,80,6,3.3,1.1
2026-02-01,16:00,Porur,95,154,79,16,6.0,1.0
2026-02-01,16:00,Egmore,101,180,83,18,4.4,1.0
2026-02-01,18:00,Chennai Central,187,82,167,20,8.8,1.8
2026-02-01,18:00,T Nagar,255,142,203,52,6.7,1.3
2026-02-01,18:00,Anna Nagar,165,81,149,16,5.5,2.0
2026-02-01,18:00,Adyar,179,102,153,26,8.2,1.5
2026-02-01,18:00,Velachery,293,83,260,33,9.6,2.0
2026-02-01,18:00,Guindy,170,165,155,15,4.1,1.3
2026-02-01,18:00,OMR,277,142,221,56,8.6,1.3
2026-02-01,18:00,Tambaram,214,136,183,31,5.5,1.3
2026-02-01,18:00,Porur,224,149,210,14,8.3,1.6
2026-02-01,18:00,Egmore,280,153,252,28,8.0,1.3
2026-02-01,20:00,Chennai Central,217,142,205,12,5.8,1.3
2026-02-01,20:00,T Nagar,202,121,167,35,6.9,1.5
2026-02-01,20:00,Anna Nagar,197,162,185,12,5.9,1.3
2026-02-01,20:00,Adyar,185,76,159,26,6.2,1.8
2026-02-01,20:00,Velachery,218,117,195,23,8.1,1.3
2026-02-01,20:00,Guindy,189,144,174,15,7.2,1.2
2026-02-01,20:00,OMR,280,123,261,19,10.4,1.8
2026-02-01,20:00,Tambaram,144,81,118,26,8.0,1.5
2026-02-01,20:00,Porur,210,74,188,22,9.7,1.8
2026-02-01,20:00,Egmore,211,79,166,45,9.1,1.5
2026-02-02,06:00,Chennai Central,164,139,138,26,5.5,1.1
2026-02-02,06:00,T Nagar,166,111,150,16,7.4,1.2
2026-02-02,06:00,Anna Nagar,179,135,154,25,6.1,1.1
2026-02-02,06:00,Adyar,147,78,139,8,6.2,1.5
2026-02-02,06:00,Velachery,161,173,138,23,5.9,1.1
2026-02-02,06:00,Guindy,112,188,95,17,3.5,1.1
2026-02-02,06:00,OMR,163,138,142,21,5.9,1.3
2026-02-02,06:00,Tambaram,135,73,111,24,5.9,1.3
2026-02-02,06:00,Porur,128,124,107,21,6.4,1.2
2026-02-02,06:00,Egmore,151,100,126,25,4.8,1.5
2026-02-02,08:00,Chennai Central,289,147,258,31,6.8,1.6
2026-02-02,08:00,T Nagar,297,133,276,21,10.1,1.5
2026-02-02,08:00,Anna Nagar,170,72,150,20,8.9,1.8
2026-02-02,08:00,Adyar,218,102,183,35,8.8,1.5
2026-02-02,08:00,Velachery,233,91,218,15,8.7,1.5
2026-02-02,08:00,Guindy,192,161,160,32,7.2,1.3
2026-02-02,08:00,OMR,226,97,178,48,8.8,1.8
2026-02-02,08:00,Tambaram,199,155,177,22,7.3,1.3
2026-02-02,08:00,Porur,161,126,148,13,5.8,1.1
2026-02-02,08:00,Egmore,178,145,160,18,5.8,1.2
2026-02-02,10:00,Chennai Central,200,117,171,29,5.8,1.3
2026-02-02,10:00,T Nagar,151,143,118,33,6.7,1.1
2026-02-02,10:00,Anna Nagar,180,184,162,18,3.4,1.0
2026-02-02,10:00,Adyar,155,99,123,32,5.8,1.3
2026-02-02,10:00,Velachery,96,132,86,10,3.3,1.0
2026-02-02,10:00,Guindy,176,172,137,39,4.8,1.3
2026-02-02,10:00,OMR,155,72,137,18,6.3,1.5
2026-02-02,10:00,Tambaram,150,85,137,13,7.3,1.5
2026-02-02,10:00,Porur,164,171,154,10,4.8,1.0
2026-02-02,10:00,Egmore,195,86,163,32,9.0,2.0
2026-02-02,12:00,Chennai Central,140,162,119,21,3.9,1.0
2026-02-02,12:00,T Nagar,145,158,118,27,6.3,1.0
2026-02-02,12:00,Anna Nagar,64,154,52,12,3.4,1.0
2026-02-02,12:00,Adyar,112,95,99,13,6.0,1.1
2026-02-02,12:00,Velachery,158,163,139,19,4.0,1.0
2026-02-02,12:00,Guindy,103,143,97,6,6.5,1.1
2026-02-02,12:00,OMR,94,141,74,20,4.0,1.0
2026-02-02,12:00,Tambaram,79,190,70,9,6.5,1.1
2026-02-02,12:00,Porur,57,148,46,11,4.4,1.1
2026-02-02,12:00,Egmore,107,143,89,18,6.1,1.0
2026-02-02,14:00,Chennai Central,67,89,54,13,3.5,1.0
2026-02-02,14:00,T Nagar,128,148,110,18,3.2,1.0
2026-02-02,14:00,Anna Nagar,106,107,84,22,4.8,1.0
2026-02-02,14:00,Adyar,113,84,90,23,6.9,1.2
2026-02-02,14:00,Velachery,150,182,126,24,3.1,1.0
2026-02-02,14:00,Guindy,151,127,137,14,6.9,1.2
2026-02-02,14:00,OMR,77,150,67,10,5.8,1.0
2026-02-02,14:00,Tambaram,109,156,94,15,6.1,1.0
2026-02-02,14:00,Porur,123,150,96,27,3.9,1.0
2026-02-02,14:00,Egmore,121,114,105,16,4.5,1.2
2026-02-02,16:00,Chennai Central,206,136,193,13,5.0,1.3
2026-02-02,16:00,T Nagar,212,170,187,25,4.1,1.2
2026-02-02,16:00,Anna Nagar,159,111,148,11,6.6,1.2
2026-02-02,16:00,Adyar,121,125,99,22,5.6,1.0
2026-02-02,16:00,Velachery,128,183,101,27,6.3,1.0
2026-02-02,16:00,Guindy,112,89,99,13,5.2,1.2
2026-02-02,16:00,OMR,154,122,123,31,5.4,1.3
2026-02-02,16:00,Tambaram,98,103,81,17,4.8,1.1
2026-02-02,16:00,Porur,119,111,109,10,6.2,1.3
2026-02-02,16:00,Egmore,156,147,123,33,3.7,1.3
2026-02-02,18:00,Chennai Central,271,149,254,17,8.7,1.3
2026-02-02,18:00,T Nagar,305,134,281,24,9.8,1.8
2026-02-02,18:00,Anna Nagar,187,101,146,41,8.2,1.3
2026-02-02,18:00,Adyar,171,170,154,17,3.4,1.1
2026-02-02,18:00,Velachery,236,120,186,50,6.6,1.3
2026-02-02,18:00,Guindy,204,134,167,37,5.3,1.6
2026-02-02,18:00,OMR,204,79,192,12,6.4,1.5
2026-02-02,18:00,Tambaram,191,138,150,41,6.8,1.1
2026-02-02,18:00,Porur,241,143,220,21,7.0,1.6
2026-02-02,18:00,Egmore,215,152,174,41,7.2,1.2
2026-02-02,20:00,Chennai Central,199,77,162,37,6.8,2.0
2026-02-02,20:00,T Nagar,321,154,290,31,8.5,1.5
2026-02-02,20:00,Anna Nagar,184,142,167,17,6.8,1.2
2026-02-02,20:00,Adyar,142,91,112,30,7.1,1.3
2026-02-02,20:00,Velachery,284,108,234,50,9.9,1.8
2026-02-02,20:00,Guindy,241,133,199,42,6.7,1.5
2026-02-02,20:00,OMR,279,89,239,40,10.5,1.5
2026-02-02,20:00,Tambaram,193,76,176,17,8.7,1.8
2026-02-02,20:00,Porur,142,82,127,15,5.6,1.3
2026-02-02,20:00,Egmore,238,149,201,37,6.2,1.6
2026-02-03,06:00,Chennai Central,182,125,147,35,7.2,1.3
2026-02-03,06:00,T Nagar,127,92,101,26,6.1,1.3
2026-02-03,06:00,Anna Nagar,93,90,86,7,5.6,1.3
2026-02-03,06:00,Adyar,152,136,136,16,6.6,1.1
2026-02-03,06:00,Velachery,179,180,162,17,3.1,1.1
2026-02-03,06:00,Guindy,106,114,85,21,3.5,1.0
2026-02-03,06:00,OMR,94,167,83,11,4.6,1.1
2026-02-03,06:00,Tambaram,138,101,115,23,5.6,1.1
2026-02-03,06:00,Porur,80,127,68,12,3.7,1.0
2026-02-03,06:00,Egmore,198,101,175,23,8.0,1.6
2026-02-03,08:00,Chennai Central,196,107,172,24,8.2,1.5
2026-02-03,08:00,T Nagar,220,112,200,20,8.8,1.3
2026-02-03,08:00,Anna Nagar,155,104,124,31,7.2,1.1
2026-02-03,08:00,Adyar,196,121,173,23,5.3,1.6
2026-02-03,08:00,Velachery,166,162,153,13,4.6,1.2
2026-02-03,08:00,Guindy,222,145,195,27,6.2,1.5
2026-02-03,08:00,OMR,210,91,169,41,9.2,1.8
2026-02-03,08:00,Tambaram,129,157,120,9,6.0,1.0
2026-02-03,08:00,Porur,216,139,189,27,7.0,1.6
2026-02-03,08:00,Egmore,156,111,136,20,5.6,1.2
2026-02-03,10:00,Chennai Central,123,79,104,19,7.1,1.6
2026-02-03,10:00,T Nagar,125,76,110,15,7.4,1.5
2026-02-03,10:00,Anna Nagar,157,83,133,24,6.1,1.5
2026-02-03,10:00,Adyar,84,179,78,6,4.8,1.0
2026-02-03,10:00,Velachery,125,144,103,22,6.1,1.0
2026-02-03,10:00,Guindy,202,89,163,39,7.0,1.8
2026-02-03,10:00,OMR,194,139,165,29,4.6,1.3
2026-02-03,10:00,Tambaram,85,174,69,16,4.0,1.0
2026-02-03,10:00,Porur,127,143,102,25,3.8,1.1
2026-02-03,10:00,Egmore,90,133,82,8,5.5,1.0
2026-02-03,12:00,Chennai Central,64,118,57,7,3.6,1.0
2026-02-03,12:00,T Nagar,63,136,56,7,4.2,1.0
2026-02-03,12:00,Anna Nagar,85,147,73,12,4.0,1.0
2026-02-03,12:00,Adyar,133,147,124,9,3.9,1.1
2026-02-03,12:00,Velachery,141,169,125,16,5.9,1.0
2026-02-03,12:00,Guindy,148,199,137,11,5.6,1.0
2026-02-03,12:00,OMR,107,133,86,21,6.1,1.0
2026-02-03,12:00,Tambaram,47,157,38,9,5.7,1.1
2026-02-03,12:00,Porur,76,162,63,13,5.0,1.0
2026-02-03,12:00,Egmore,104,104,90,14,3.8,1.0
2026-02-03,14:00,Chennai Central,124,167,116,8,5.2,1.0
2026-02-03,14:00,T Nagar,106,139,87,19,6.3,1.0
2026-02-03,14:00,Anna Nagar,103,190,92,11,3.1,1.1
2026-02-03,14:00,Adyar,50,84,41,9,3.7,1.0
2026-02-03,14:00,Velachery,146,163,119,27,5.6,1.0
2026-02-03,14:00,Guindy,121,101,96,25,4.7,1.1
2026-02-03,14:00,OMR,133,82,125,8,6.3,1.5
2026-02-03,14:00,Tambaram,90,112,71,19,4.2,1.1
2026-02-03,14:00,Porur,99,128,83,16,4.6,1.0
2026-02-03,14:00,Egmore,115,148,100,15,3.2,1.0
2026-02-03,16:00,Chennai Central,157,151,136,21,4.4,1.3
2026-02-03,16:00,T Nagar,171,98,151,20,5.0,1.3
2026-02-03,16:00,Anna Nagar,166,172,151,15,4.8,1.0
2026-02-03,16:00,Adyar,130,128,115,15,6.2,1.1
2026-02-03,16:00,Velachery,133,108,105,28,4.0,1.1
2026-02-03,16:00,Guindy,120,132,104,16,5.9,1.0
2026-02-03,16:00,OMR,155,184,139,16,4.6,1.1
2026-02-03,16:00,Tambaram,134,165,104,30,6.1,1.0
2026-02-03,16:00,Porur,123,120,100,23,6.2,1.2
2026-02-03,16:00,Egmore,185,161,147,38,3.8,1.2
2026-02-03,18:00,Chennai Central,303,140,242,61,7.2,1.8
2026-02-03,18:00,T Nagar,193,78,181,12,6.8,2.0
2026-02-03,18:00,Anna Nagar,149,152,132,17,6.2,1.0
2026-02-03,18:00,Adyar,209,98,169,40,7.4,2.0
2026-02-03,18:00,Velachery,216,80,185,31,8.7,2.0
2026-02-03,18:00,Guindy,248,136,218,30,8.5,1.6
2026-02-03,18:00,OMR,267,92,242,25,9.2,1.5
2026-02-03,18:00,Tambaram,205,158,180,25,5.6,1.1
2026-02-03,18:00,Porur,158,147,130,28,5.9,1.2
2026-02-03,18:00,Egmore,260,159,222,38,7.3,1.6
2026-02-03,20:00,Chennai Central,273,102,228,45,8.1,2.0
2026-02-03,20:00,T Nagar,272,119,221,51,9.0,2.0
2026-02-03,20:00,Anna Nagar,198,108,187,11,5.5,1.5
2026-02-03,20:00,Adyar,140,81,123,17,5.3,1.3
2026-02-03,20:00,Velachery,220,113,172,48,7.7,1.3
2026-02-03,20:00,Guindy,241,83,209,32,8.4,1.5
2026-02-03,20:00,OMR,232,85,215,17,7.3,2.0
2026-02-03,20:00,Tambaram,181,76,156,25,5.8,2.0
2026-02-03,20:00,Porur,138,74,112,26,7.9,1.5
2026-02-03,20:00,Egmore,166,132,137,29,6.8,1.1
2026-02-04,06:00,Chennai Central,156,100,134,22,5.2,1.6
2026-02-04,06:00,T Nagar,195,157,158,37,5.3,1.2
2026-02-04,06:00,Anna Nagar,119,125,104,15,4.3,1.1
2026-02-04,06:00,Adyar,152,81,141,11,6.0,1.5
2026-02-04,06:00,Velachery,138,173,124,14,3.2,1.0
2026-02-04,06:00,Guindy,104,183,97,7,3.7,1.0
2026-02-04,06:00,OMR,141,112,111,30,4.3,1.2
2026-02-04,06:00,Tambaram,131,93,107,24,4.8,1.2
2026-02-04,06:00,Porur,161,182,147,14,4.3,1.0
2026-02-04,06:00,Egmore,132,167,125,7,4.1,1.0
2026-02-04,08:00,Chennai Central,178,84,155,23,8.5,1.8
2026-02-04,08:00,T Nagar,271,102,220,51,7.4,1.5
2026-02-04,08:00,Anna Nagar,215,83,172,43,7.6,1.8
2026-02-04,08:00,Adyar,143,79,123,20,8.0,1.5
2026-02-04,08:00,Velachery,252,108,220,32,7.9,2.0
2026-02-04,08:00,Guindy,218,160,179,39,5.2,1.3
2026-02-04,08:00,OMR,162,137,150,12,6.2,1.3
2026-02-04,08:00,Tambaram,205,119,186,19,7.4,1.6
2026-02-04,08:00,Porur,134,133,105,29,6.1,1.3
2026-02-04,08:00,Egmore,223,104,178,45,7.6,1.8
2026-02-04,10:00,Chennai Central,160,138,151,9,5.0,1.2
2026-02-04,10:00,T Nagar,182,123,169,13,6.3,1.1
2026-02-04,10:00,Anna Nagar,100,186,80,20,3.3,1.1
2026-02-04,10:00,Adyar,140,130,116,24,6.0,1.3
2026-02-04,10:00,Velachery,181,160,154,27,6.0,1.1
2026-02-04,10:00,Guindy,138,128,113,25,5.6,1.2
2026-02-04,10:00,OMR,97,180,85,12,4.3,1.0
2026-02-04,10:00,Tambaram,74,147,63,11,5.4,1.0
2026-02-04,10:00,Porur,133,111,118,15,4.9,1.1
2026-02-04,10:00,Egmore,134,130,110,24,3.5,1.1
2026-02-04,12:00,Chennai Central,81,119,73,8,5.4,1.0
2026-02-04,12:00,T Nagar,170,90,156,14,6.7,1.6
2026-02-04,12:00,Anna Nagar,124,170,110,14,3.2,1.0
2026-02-04,12:00,Adyar,120,161,100,20,5.7,1.0
2026-02-04,12:00,Velachery,155,168,123,32,5.0,1.0
2026-02-04,12:00,Guindy,78,133,70,8,5.5,1.1
2026-02-04,12:00,OMR,58,142,47,11,5.4,1.0
2026-02-04,12:00,Tambaram,45,125,38,7,3.9,1.0
2026-02-04,12:00,Porur,72,83,59,13,5.6,1.0
2026-02-04,12:00,Egmore,62,151,49,13,4.5,1.1
2026-02-04,14:00,Chennai Central,168,107,131,37,5.5,1.5
2026-02-04,14:00,T Nagar,63,178,52,11,3.4,1.0
2026-02-04,14:00,Anna Nagar,70,176,62,8,4.7,1.1
2026-02-04,14:00,Adyar,53,176,44,9,4.8,1.0
2026-02-04,14:00,Velachery,57,94,52,5,6.3,1.0
2026-02-04,14:00,Guindy,100,182,81,19,3.4,1.0
2026-02-04,14:00,OMR,135,95,119,16,4.8,1.3
2026-02-04,14:00,Tambaram,45,122,35,10,5.6,1.0
2026-02-04,14:00,Porur,86,183,71,15,4.5,1.0
2026-02-04,14:00,Egmore,97,123,85,12,3.9,1.0
2026-02-04,16:00,Chennai Central,168,110,145,23,7.9,1.6
2026-02-04,16:00,T Nagar,195,153,158,37,5.8,1.2
2026-02-04,16:00,Anna Nagar,168,107,144,24,6.0,1.5
2026-02-04,16:00,Adyar,161,150,128,33,6.5,1.1
2026-02-04,16:00,Velachery,180,95,145,35,6.5,1.5
2026-02-04,16:00,Guindy,156,78,146,10,5.5,1.3
2026-02-04,16:00,OMR,105,82,94,11,5.9,1.1
2026-02-04,16:00,Tambaram,86,128,74,12,5.1,1.1
2026-02-04,16:00,Porur,162,186,150,12,6.0,1.0
2026-02-04,16:00,Egmore,95,86,84,11,3.8,1.1
2026-02-04,18:00,Chennai Central,301,150,242,59,6.8,2.0
2026-02-04,18:00,T Nagar,237,162,186,51,7.2,1.3
2026-02-04,18:00,Anna Nagar,247,149,212,35,8.5,1.3
2026-02-04,18:00,Adyar,148,115,138,10,5.0,1.3
2026-02-04,18:00,Velachery,194,114,180,14,5.9,1.5
2026-02-04,18:00,Guindy,218,108,196,22,7.9,1.5
2026-02-04,18:00,OMR,268,136,243,25,7.9,1.3
2026-02-04,18:00,Tambaram,200,99,188,12,6.3,1.8
2026-02-04,18:00,Porur,198,141,168,30,6.2,1.1
2026-02-04,18:00,Egmore,200,123,184,16,5.0,1.5
2026-02-04,20:00,Chennai Central,231,72,217,14,8.6,1.8
2026-02-04,20:00,T Nagar,207,141,177,30,6.6,1.2
2026-02-04,20:00,Anna Nagar,205,165,178,27,5.6,1.1
2026-02-04,20:00,Adyar,198,107,179,19,6.6,1.6
2026-02-04,20:00,Velachery,285,168,237,48,9.3,1.5
2026-02-04,20:00,Guindy,219,116,206,13,6.1,1.6
2026-02-04,20:00,OMR,261,130,209,52,9.0,2.0
2026-02-04,20:00,Tambaram,198,98,166,32,7.2,2.0
2026-02-04,20:00,Porur,201,114,175,26,8.0,1.6
2026-02-04,20:00,Egmore,228,107,191,37,9.3,1.8
2026-02-05,06:00,Chennai Central,130,70,111,19,5.9,1.5
2026-02-05,06:00,T Nagar,152,73,143,9,7.3,1.8
2026-02-05,06:00,Anna Nagar,96,74,83,13,7.0,1.2
2026-02-05,06:00,Adyar,167,178,141,26,3.2,1.0
2026-02-05,06:00,Velachery,167,168,153,14,5.2,1.0
2026-02-05,06:00,Guindy,178,151,149,29,3.9,1.2
2026-02-05,06:00,OMR,192,116,181,11,6.8,1.5
2026-02-05,06:00,Tambaram,130,86,110,20,5.4,1.3
2026-02-05,06:00,Porur,171,120,154,17,7.4,1.2
2026-02-05,06:00,Egmore,134,76,115,19,7.7,1.5
2026-02-05,08:00,Chennai Central,199,112,164,35,6.1,1.3
2026-02-05,08:00,T Nagar,211,130,173,38,6.7,1.6
2026-02-05,08:00,Anna Nagar,175,137,156,19,6.9,1.2
2026-02-05,08:00,Adyar,227,71,183,44,8.1,1.5
2026-02-05,08:00,Velachery,228,125,209,19,7.4,1.6
2026-02-05,08:00,Guindy,232,119,193,39,6.8,1.6
2026-02-05,08:00,OMR,210,144,182,28,5.1,1.2
2026-02-05,08:00,Tambaram,217,84,192,25,8.0,1.5
2026-02-05,08:00,Porur,220,92,174,46,7.1,2.0
2026-02-05,08:00,Egmore,174,151,137,37,5.6,1.1
2026-02-05,10:00,Chennai Central,188,174,160,28,5.2,1.3
2026-02-05,10:00,T Nagar,118,85,98,20,5.8,1.1
2026-02-05,10:00,Anna Nagar,138,90,120,18,7.0,1.6
2026-02-05,10:00,Adyar,126,113,98,28,5.4,1.1
2026-02-05,10:00,Velachery,101,178,79,22,4.9,1.0
2026-02-05,10:00,Guindy,196,93,171,25,8.7,1.5
2026-02-05,10:00,OMR,140,87,127,13,6.8,1.5
2026-02-05,10:00,Tambaram,142,163,121,21,5.7,1.0
2026-02-05,10:00,Porur,123,92,103,20,5.9,1.3
2026-02-05,10:00,Egmore,169,96,148,21,5.6,1.3
2026-02-05,12:00,Chennai Central,141,115,124,17,4.8,1.1
2026-02-05,12:00,T Nagar,172,106,156,16,5.0,1.5
2026-02-05,12:00,Anna Nagar,88,126,72,16,4.4,1.0
2026-02-05,12:00,Adyar,76,177,69,7,4.1,1.0
2026-02-05,12:00,Velachery,156,116,148,8,6.5,1.2
2026-02-05,12:00,Guindy,82,116,73,9,3.4,1.0
2026-02-05,12:00,OMR,137,103,113,24,6.6,1.2
2026-02-05,12:00,Tambaram,65,103,53,12,4.7,1.0
2026-02-05,12:00,Porur,60,200,55,5,3.2,1.1
2026-02-05,12:00,Egmore,139,92,127,12,6.0,1.5
2026-02-05,14:00,Chennai Central,123,189,98,25,5.2,1.1
2026-02-05,14:00,T Nagar,120,133,110,10,5.8,1.0
2026-02-05,14:00,Anna Nagar,89,94,79,10,5.0,1.0
2026-02-05,14:00,Adyar,57,139,51,6,4.4,1.0
2026-02-05,14:00,Velachery,83,199,76,7,3.7,1.0
2026-02-05,14:00,Guindy,73,89,68,5,3.6,1.0
2026-02-05,14:00,OMR,110,88,101,9,4.3,1.2
2026-02-05,14:00,Tambaram,101,91,89,12,4.4,1.3
2026-02-05,14:00,Porur,115,154,91,24,6.3,1.0
2026-02-05,14:00,Egmore,103,82,87,16,3.6,1.1
2026-02-05,16:00,Chennai Central,134,139,105,29,5.5,1.0
2026-02-05,16:00,T Nagar,218,179,180,38,6.9,1.1
2026-02-05,16:00,Anna Nagar,152,149,131,21,6.1,1.1
2026-02-05,16:00,Adyar,87,100,81,6,3.1,1.0
2026-02-05,16:00,Velachery,98,148,81,17,4.9,1.0
2026-02-05,16:00,Guindy,160,87,150,10,8.1,1.6
2026-02-05,16:00,OMR,102,113,79,23,5.4,1.0
2026-02-05,16:00,Tambaram,155,166,121,34,5.6,1.1
2026-02-05,16:00,Porur,110,169,96,14,5.9,1.0
2026-02-05,16:00,Egmore,133,86,118,15,5.2,1.3
2026-02-05,18:00,Chennai Central,240,151,198,42,6.9,1.3
2026-02-05,18:00,T Nagar,236,142,189,47,8.0,1.3
2026-02-05,18:00,Anna Nagar,149,128,123,26,3.9,1.3
2026-02-05,18:00,Adyar,234,133,210,24,8.1,1.6
2026-02-05,18:00,Velachery,248,131,206,42,6.5,1.6
2026-02-05,18:00,Guindy,256,135,216,40,7.0,1.6
2026-02-05,18:00,OMR,245,88,211,34,8.7,2.0
2026-02-05,18:00,Tambaram,154,137,124,30,5.7,1.1
2026-02-05,18:00,Porur,198,133,165,33,7.6,1.2
2026-02-05,18:00,Egmore,256,133,215,41,8.8,1.3
2026-02-05,20:00,Chennai Central,176,148,157,19,6.8,1.2
2026-02-05,20:00,T Nagar,301,82,247,54,10.3,1.8
2026-02-05,20:00,Anna Nagar,252,132,218,34,6.1,1.5
2026-02-05,20:00,Adyar,230,98,211,19,9.2,1.8
2026-02-05,20:00,Velachery,294,153,255,39,7.8,1.3
2026-02-05,20:00,Guindy,210,97,169,41,7.4,1.8
2026-02-05,20:00,OMR,254,91,200,54,8.8,2.0
2026-02-05,20:00,Tambaram,222,123,208,14,5.9,1.6
2026-02-05,20:00,Porur,190,140,179,11,7.2,1.1
2026-02-05,20:00,Egmore,170,153,140,30,5.5,1.1
2026-02-06,06:00,Chennai Central,187,116,167,20,6.7,1.3
2026-02-06,06:00,T Nagar,195,182,166,29,5.9,1.1
2026-02-06,06:00,Anna Nagar,137,155,121,16,3.8,1.0
2026-02-06,06:00,Adyar,129,142,120,9,3.7,1.0
2026-02-06,06:00,Velachery,175,85,141,34,7.1,1.8
2026-02-06,06:00,Guindy,115,146,102,13,5.1,1.1
2026-02-06,06:00,OMR,196,95,177,19,7.2,2.0
2026-02-06,06:00,Tambaram,156,138,130,26,3.5,1.1
2026-02-06,06:00,Porur,157,82,134,23,7.5,1.5
2026-02-06,06:00,Egmore,104,92,88,16,4.5,1.2
2026-02-06,08:00,Chennai Central,198,116,168,30,6.4,1.5
2026-02-06,08:00,T Nagar,308,132,282,26,9.3,1.8
2026-02-06,08:00,Anna Nagar,207,98,176,31,5.8,1.8
2026-02-06,08:00,Adyar,244,98,215,29,9.2,1.8
2026-02-06,08:00,Velachery,263,138,241,22,6.7,1.5
2026-02-06,08:00,Guindy,172,122,160,12,4.8,1.1
2026-02-06,08:00,OMR,158,164,148,10,4.7,1.0
2026-02-06,08:00,Tambaram,197,78,166,31,7.7,1.8
2026-02-06,08:00,Porur,228,134,200,28,8.4,1.3
2026-02-06,08:00,Egmore,276,107,231,45,7.9,1.5
2026-02-06,10:00,Chennai Central,162,79,152,10,6.0,2.0
2026-02-06,10:00,T Nagar,123,78,103,20,6.1,1.3
2026-02-06,10:00,Anna Nagar,157,153,128,29,3.5,1.2
2026-02-06,10:00,Adyar,114,92,102,12,5.6,1.1
2026-02-06,10:00,Velachery,101,100,91,10,6.2,1.3
2026-02-06,10:00,Guindy,181,148,155,26,6.0,1.1
2026-02-06,10:00,OMR,144,125,130,14,3.8,1.3
2026-02-06,10:00,Tambaram,103,80,88,15,3.7,1.3
2026-02-06,10:00,Porur,150,165,131,19,5.6,1.0
2026-02-06,10:00,Egmore,179,98,149,30,6.3,1.6
2026-02-06,12:00,Chennai Central,160,89,144,16,8.1,1.6
2026-02-06,12:00,T Nagar,90,133,74,16,3.5,1.0
2026-02-06,12:00,Anna Nagar,95,150,76,19,3.2,1.0
2026-02-06,12:00,Adyar,117,178,96,21,5.8,1.0
2026-02-06,12:00,Velachery,93,103,80,13,6.3,1.1
2026-02-06,12:00,Guindy,159,199,129,30,4.6,1.1
2026-02-06,12:00,OMR,78,142,69,9,3.3,1.1
2026-02-06,12:00,Tambaram,102,84,93,9,5.8,1.1
2026-02-06,12:00,Porur,112,94,104,8,5.6,1.1
2026-02-06,12:00,Egmore,108,181,98,10,5.7,1.1
2026-02-06,14:00,Chennai Central,108,138,93,15,5.5,1.1
2026-02-06,14:00,T Nagar,73,130,57,16,6.2,1.0
2026-02-06,14:00,Anna Nagar,142,102,114,28,4.7,1.1
2026-02-06,14:00,Adyar,126,93,108,18,7.1,1.2
2026-02-06,14:00,Velachery,60,195,53,7,4.1,1.0
2026-02-06,14:00,Guindy,90,116,78,12,6.0,1.0
2026-02-06,14:00,OMR,78,114,63,15,3.4,1.0
2026-02-06,14:00,Tambaram,102,106,86,16,6.5,1.0
2026-02-06,14:00,Porur,121,168,109,12,6.5,1.0
2026-02-06,14:00,Egmore,132,189,106,26,6.3,1.0
2026-02-06,16:00,Chennai Central,109,107,87,22,3.9,1.2
2026-02-06,16:00,T Nagar,193,89,163,30,6.4,2.0
2026-02-06,16:00,Anna Nagar,133,90,110,23,6.6,1.2
2026-02-06,16:00,Adyar,112,154,94,18,5.0,1.1
2026-02-06,16:00,Velachery,105,175,93,12,5.5,1.1
2026-02-06,16:00,Guindy,108,171,101,7,6.3,1.0
2026-02-06,16:00,OMR,190,100,177,13,7.0,1.3
2026-02-06,16:00,Tambaram,124,144,115,9,6.1,1.1
2026-02-06,16:00,Porur,96,92,89,7,6.5,1.1
2026-02-06,16:00,Egmore,141,143,124,17,5.0,1.0
2026-02-06,18:00,Chennai Central,199,77,168,31,6.4,1.8
2026-02-06,18:00,T Nagar,197,124,160,37,7.8,1.3
2026-02-06,18:00,Anna Nagar,255,104,230,25,9.4,1.5
2026-02-06,18:00,Adyar,247,75,193,54,9.2,1.8
2026-02-06,18:00,Velachery,231,140,207,24,6.5,1.5
2026-02-06,18:00,Guindy,207,92,184,23,8.5,2.0
2026-02-06,18:00,OMR,218,142,174,44,7.6,1.6
2026-02-06,18:00,Tambaram,134,144,113,21,4.1,1.0
2026-02-06,18:00,Porur,245,133,204,41,8.2,1.3
2026-02-06,18:00,Egmore,207,115,188,19,6.1,1.5
2026-02-06,20:00,Chennai Central,186,108,164,22,8.2,1.5
2026-02-06,20:00,T Nagar,271,140,227,44,8.2,1.6
2026-02-06,20:00,Anna Nagar,166,129,132,34,6.1,1.3
2026-02-06,20:00,Adyar,219,141,183,36,5.5,1.3
2026-02-06,20:00,Velachery,212,160,166,46,5.8,1.2
2026-02-06,20:00,Guindy,298,100,245,53,10.1,2.0
2026-02-06,20:00,OMR,165,96,129,36,4.7,1.6
2026-02-06,20:00,Tambaram,133,102,117,16,5.1,1.2
2026-02-06,20:00,Porur,222,142,203,19,5.3,1.6
2026-02-06,20:00,Egmore,157,140,132,25,4.6,1.1
2026-02-07,06:00,Chennai Central,103,139,88,15,3.7,1.0
2026-02-07,06:00,T Nagar,176,135,141,35,6.0,1.3
2026-02-07,06:00,Anna Nagar,96,143,87,9,4.4,1.0
2026-02-07,06:00,Adyar,114,88,96,18,4.0,1.3
2026-02-07,06:00,Velachery,108,124,92,16,5.8,1.0
2026-02-07,06:00,Guindy,216,152,191,25,4.8,1.2
2026-02-07,06:00,OMR,146,146,122,24,5.6,1.0
2026-02-07,06:00,Tambaram,109,163,90,19,5.4,1.0
2026-02-07,06:00,Porur,93,130,85,8,3.9,1.0
2026-02-07,06:00,Egmore,136,190,112,24,3.1,1.1
2026-02-07,08:00,Chennai Central,180,127,147,33,5.4,1.3
2026-02-07,08:00,T Nagar,206,154,171,35,6.6,1.2
2026-02-07,08:00,Anna Nagar,260,104,228,32,9.0,1.5
2026-02-07,08:00,Adyar,230,103,214,16,8.7,1.8
2026-02-07,08:00,Velachery,228,129,200,28,8.2,1.5
2026-02-07,08:00,Guindy,292,105,260,32,8.6,1.5
2026-02-07,08:00,OMR,267,147,228,39,9.2,1.5
2026-02-07,08:00,Tambaram,149,102,120,29,7.0,1.2
2026-02-07,08:00,Porur,242,117,206,36,6.2,2.0
2026-02-07,08:00,Egmore,166,123,155,11,7.4,1.3
2026-02-07,10:00,Chennai Central,176,114,156,20,6.9,1.3
2026-02-07,10:00,T Nagar,187,188,175,12,4.1,1.0
2026-02-07,10:00,Anna Nagar,120,156,103,17,6.3,1.0
2026-02-07,10:00,Adyar,83,109,65,18,4.6,1.1
2026-02-07,10:00,Velachery,144,190,114,30,3.5,1.0
2026-02-07,10:00,Guindy,162,149,153,9,6.3,1.3
2026-02-07,10:00,OMR,129,110,111,18,3.5,1.3
2026-02-07,10:00,Tambaram,96,171,86,10,5.5,1.0
2026-02-07,10:00,Porur,138,107,121,17,3.9,1.3
2026-02-07,10:00,Egmore,184,185,158,26,5.7,1.0
2026-02-07,12:00,Chennai Central,98,100,90,8,5.0,1.0
2026-02-07,12:00,T Nagar,112,158,102,10,5.3,1.1
2026-02-07,12:00,Anna Nagar,123,140,105,18,5.3,1.0
2026-02-07,12:00,Adyar,78,104,62,16,5.8,1.0
2026-02-07,12:00,Velachery,152,168,127,25,5.1,1.0
2026-02-07,12:00,Guindy,111,164,104,7,5.6,1.0
2026-02-07,12:00,OMR,140,113,118,22,5.6,1.2
2026-02-07,12:00,Tambaram,74,172,62,12,4.1,1.0
2026-02-07,12:00,Porur,95,153,86,9,5.5,1.0
2026-02-07,12:00,Egmore,99,178,89,10,3.4,1.1
2026-02-07,14:00,Chennai Central,86,180,75,11,4.3,1.0
2026-02-07,14:00,T Nagar,167,116,157,10,6.6,1.2
2026-02-07,14:00,Anna Nagar,90,128,75,15,5.7,1.0
2026-02-07,14:00,Adyar,83,178,69,14,6.4,1.1
2026-02-07,14:00,Velachery,92,158,82,10,5.1,1.1
2026-02-07,14:00,Guindy,133,108,118,15,6.9,1.2
2026-02-07,14:00,OMR,58,144,53,5,4.2,1.0
2026-02-07,14:00,Tambaram,52,82,45,7,3.8,1.1
2026-02-07,14:00,Porur,67,149,57,10,4.3,1.0
2026-02-07,14:00,Egmore,84,175,74,10,5.9,1.1
2026-02-07,16:00,Chennai Central,133,155,111,22,4.9,1.1
2026-02-07,16:00,T Nagar,212,147,173,39,6.3,1.1
2026-02-07,16:00,Anna Nagar,105,130,96,9,4.9,1.1
2026-02-07,16:00,Adyar,76,145,63,13,3.2,1.0
2026-02-07,16:00,Velachery,171,96,139,32,7.3,1.5
2026-02-07,16:00,Guindy,132,102,103,29,5.8,1.1
2026-02-07,16:00,OMR,150,97,119,31,6.7,1.6
2026-02-07,16:00,Tambaram,154,103,143,11,7.4,1.3
2026-02-07,16:00,Porur,133,177,105,28,4.0,1.1
2026-02-07,16:00,Egmore,145,122,128,17,6.4,1.2
2026-02-07,18:00,Chennai Central,186,103,149,37,7.3,1.3
2026-02-07,18:00,T Nagar,275,133,221,54,8.3,1.5
2026-02-07,18:00,Anna Nagar,263,169,219,44,8.1,1.5
2026-02-07,18:00,Adyar,143,146,119,24,3.8,1.1
2026-02-07,18:00,Velachery,257,109,208,49,10.1,1.5
2026-02-07,18:00,Guindy,181,153,167,14,6.4,1.2
2026-02-07,18:00,OMR,190,154,168,22,6.7,1.1
2026-02-07,18:00,Tambaram,173,134,143,30,4.7,1.3
2026-02-07,18:00,Porur,219,94,190,29,7.9,1.8
2026-02-07,18:00,Egmore,233,81,202,31,6.8,1.8
2026-02-07,20:00,Chennai Central,268,83,209,59,7.7,2.0
2026-02-07,20:00,T Nagar,178,96,142,36,7.5,1.5
2026-02-07,20:00,Anna Nagar,217,108,173,44,7.4,1.8
2026-02-07,20:00,Adyar,224,165,196,28,6.4,1.1
2026-02-07,20:00,Velachery,226,108,177,49,6.6,1.5
2026-02-07,20:00,Guindy,261,79,228,33,10.4,1.5
2026-02-07,20:00,OMR,167,140,154,13,5.2,1.1
2026-02-07,20:00,Tambaram,128,70,107,21,7.4,1.6
2026-02-07,20:00,Porur,241,142,228,13,8.8,1.5
2026-02-07,20:00,Egmore,161,109,136,25,6.2,1.1
2026-02-08,06:00,Chennai Central,97,141,87,10,5.9,1.1
2026-02-08,06:00,T Nagar,223,129,210,13,7.7,1.3
2026-02-08,06:00,Anna Nagar,103,132,87,16,4.2,1.0
2026-02-08,06:00,Adyar,166,89,148,18,5.0,1.5
2026-02-08,06:00,Velachery,106,132,95,11,6.1,1.0
2026-02-08,06:00,Guindy,134,104,106,28,3.9,1.2
2026-02-08,06:00,OMR,119,115,97,22,4.8,1.2
2026-02-08,06:00,Tambaram,105,118,97,8,6.2,1.0
2026-02-08,06:00,Porur,130,135,110,20,4.8,1.1
2026-02-08,06:00,Egmore,138,157,122,16,4.1,1.0
2026-02-08,08:00,Chennai Central,183,121,172,11,4.6,1.5
2026-02-08,08:00,T Nagar,276,140,221,55,8.1,1.3
2026-02-08,08:00,Anna Nagar,166,127,141,25,4.4,1.3
2026-02-08,08:00,Adyar,164,158,134,30,5.3,1.1
2026-02-08,08:00,Velachery,198,72,180,18,8.9,1.8
2026-02-08,08:00,Guindy,190,104,162,28,5.9,1.3
2026-02-08,08:00,OMR,278,143,247,31,8.8,1.3
2026-02-08,08:00,Tambaram,234,166,189,45,7.1,1.1
2026-02-08,08:00,Porur,180,71,155,25,6.0,1.8
2026-02-08,08:00,Egmore,261,130,220,41,9.2,1.5
2026-02-08,10:00,Chennai Central,207,185,179,28,5.3,1.1
2026-02-08,10:00,T Nagar,146,85,114,32,5.7,1.5
2026-02-08,10:00,Anna Nagar,96,159,90,6,6.1,1.1
2026-02-08,10:00,Adyar,139,95,122,17,5.1,1.1
2026-02-08,10:00,Velachery,200,128,183,17,6.2,1.3
2026-02-08,10:00,Guindy,96,97,84,12,4.2,1.0
2026-02-08,10:00,OMR,155,121,129,26,6.6,1.3
2026-02-08,10:00,Tambaram,145,183,121,24,4.3,1.0
2026-02-08,10:00,Porur,169,120,134,35,5.4,1.2
2026-02-08,10:00,Egmore,125,85,102,23,5.3,1.2
2026-02-08,12:00,Chennai Central,60,184,46,14,5.8,1.0
2026-02-08,12:00,T Nagar,78,108,67,11,4.9,1.0
2026-02-08,12:00,Anna Nagar,133,153,106,27,3.2,1.0
2026-02-08,12:00,Adyar,117,92,94,23,6.3,1.1
2026-02-08,12:00,Velachery,119,93,109,10,6.5,1.2
2026-02-08,12:00,Guindy,90,82,84,6,3.9,1.3
2026-02-08,12:00,OMR,100,189,93,7,4.5,1.1
2026-02-08,12:00,Tambaram,67,100,52,15,5.5,1.0
2026-02-08,12:00,Porur,60,84,48,12,3.4,1.0
2026-02-08,12:00,Egmore,126,164,101,25,6.3,1.0
2026-02-08,14:00,Chennai Central,116,192,96,20,4.5,1.0
2026-02-08,14:00,T Nagar,98,148,90,8,3.1,1.0
2026-02-08,14:00,Anna Nagar,131,96,110,21,6.2,1.3
2026-02-08,14:00,Adyar,131,124,115,16,3.4,1.3
2026-02-08,14:00,Velachery,94,188,80,14,3.3,1.0
2026-02-08,14:00,Guindy,160,102,139,21,4.7,1.3
2026-02-08,14:00,OMR,108,141,88,20,5.3,1.0
2026-02-08,14:00,Tambaram,93,87,86,7,3.3,1.3
2026-02-08,14:00,Porur,127,119,112,15,6.2,1.3
2026-02-08,14:00,Egmore,127,194,104,23,5.7,1.0
2026-02-08,16:00,Chennai Central,135,163,126,9,3.9,1.1
2026-02-08,16:00,T Nagar,185,98,174,11,6.5,1.6
2026-02-08,16:00,Anna Nagar,87,71,71,16,5.9,1.2
2026-02-08,16:00,Adyar,117,89,104,13,6.9,1.2
2026-02-08,16:00,Velachery,148,70,135,13,5.8,1.5
2026-02-08,16:00,Guindy,205,180,168,37,6.7,1.2
2026-02-08,16:00,OMR,159,117,150,9,5.3,1.2
2026-02-08,16:00,Tambaram,92,95,78,14,3.0,1.1
2026-02-08,16:00,Porur,140,100,129,11,7.2,1.3
2026-02-08,16:00,Egmore,148,94,126,22,7.3,1.5
2026-02-08,18:00,Chennai Central,240,115,198,42,9.0,1.5
2026-02-08,18:00,T Nagar,310,118,251,59,10.2,1.8
2026-02-08,18:00,Anna Nagar,221,99,189,32,9.2,2.0
2026-02-08,18:00,Adyar,181,97,147,34,5.6,1.5
2026-02-08,18:00,Velachery,262,85,237,25,7.4,1.5
2026-02-08,18:00,Guindy,194,83,176,18,7.7,2.0
2026-02-08,18:00,OMR,166,94,152,14,4.9,1.3
2026-02-08,18:00,Tambaram,198,150,157,41,7.1,1.1
2026-02-08,18:00,Porur,191,138,173,18,6.8,1.3
2026-02-08,18:00,Egmore,158,86,145,13,7.9,1.3
2026-02-08,20:00,Chennai Central,270,170,247,23,8.4,1.6
2026-02-08,20:00,T Nagar,230,78,182,48,7.4,1.8
2026-02-08,20:00,Anna Nagar,159,142,130,29,4.8,1.3
2026-02-08,20:00,Adyar,233,153,208,25,6.9,1.6
2026-02-08,20:00,Velachery,196,88,172,24,7.5,2.0
2026-02-08,20:00,Guindy,212,98,196,16,7.3,1.5
2026-02-08,20:00,OMR,192,85,151,41,8.1,1.5
2026-02-08,20:00,Tambaram,213,155,180,33,5.8,1.2
2026-02-08,20:00,Porur,229,167,202,27,8.0,1.1
2026-02-08,20:00,Egmore,216,77,196,20,7.2,1.5
2026-02-09,06:00,Chennai Central,206,139,174,32,5.7,1.1
2026-02-09,06:00,T Nagar,210,166,173,37,5.1,1.2
2026-02-09,06:00,Anna Nagar,132,175,115,17,5.2,1.0
2026-02-09,06:00,Adyar,169,103,152,17,6.2,1.6
2026-02-09,06:00,Velachery,172,108,155,17,7.2,1.3
2026-02-09,06:00,Guindy,174,146,157,17,4.7,1.3
2026-02-09,06:00,OMR,95,141,76,19,3.8,1.0
2026-02-09,06:00,Tambaram,87,109,78,9,5.8,1.0
2026-02-09,06:00,Porur,93,101,87,6,6.5,1.1
2026-02-09,06:00,Egmore,144,183,121,23,3.5,1.1
2026-02-09,08:00,Chennai Central,259,154,244,15,6.3,1.5
2026-02-09,08:00,T Nagar,258,153,201,57,5.9,1.6
2026-02-09,08:00,Anna Nagar,193,154,155,38,4.5,1.1
2026-02-09,08:00,Adyar,212,70,195,17,8.8,1.8
2026-02-09,08:00,Velachery,175,128,164,11,5.2,1.3
2026-02-09,08:00,Guindy,195,150,166,29,5.8,1.1
2026-02-09,08:00,OMR,271,119,222,49,8.0,2.0
2026-02-09,08:00,Tambaram,159,107,143,16,6.9,1.2
2026-02-09,08:00,Porur,169,146,143,26,5.9,1.3
2026-02-09,08:00,Egmore,189,133,149,40,7.5,1.1
2026-02-09,10:00,Chennai Central,196,170,185,11,4.2,1.1
2026-02-09,10:00,T Nagar,100,144,83,17,5.0,1.0
2026-02-09,10:00,Anna Nagar,124,91,111,13,6.8,1.3
2026-02-09,10:00,Adyar,162,86,148,14,6.9,1.6
2026-02-09,10:00,Velachery,200,79,165,35,9.2,1.5
2026-02-09,10:00,Guindy,121,180,98,23,6.3,1.1
2026-02-09,10:00,OMR,155,109,135,20,6.2,1.1
2026-02-09,10:00,Tambaram,112,105,103,9,4.5,1.2
2026-02-09,10:00,Porur,113,80,94,19,5.5,1.2
2026-02-09,10:00,Egmore,157,144,133,24,6.7,1.1
2026-02-09,12:00,Chennai Central,126,152,102,24,5.0,1.0
2026-02-09,12:00,T Nagar,130,176,107,23,6.2,1.0
2026-02-09,12:00,Anna Nagar,110,164,93,17,6.0,1.0
2026-02-09,12:00,Adyar,127,121,116,11,4.4,1.2
2026-02-09,12:00,Velachery,155,127,138,17,4.9,1.2
2026-02-09,12:00,Guindy,156,186,123,33,5.7,1.0
2026-02-09,12:00,OMR,113,148,88,25,6.2,1.0
2026-02-09,12:00,Tambaram,70,123,60,10,4.3,1.0
2026-02-09,12:00,Porur,70,191,66,4,3.8,1.0
2026-02-09,12:00,Egmore,101,185,83,18,6.1,1.0
2026-02-09,14:00,Chennai Central,84,194,73,11,3.3,1.0
2026-02-09,14:00,T Nagar,81,140,72,9,4.6,1.0
2026-02-09,14:00,Anna Nagar,129,129,117,12,5.5,1.0
2026-02-09,14:00,Adyar,95,115,79,16,3.0,1.0
2026-02-09,14:00,Velachery,95,194,76,19,5.1,1.0
2026-02-09,14:00,Guindy,118,115,110,8,6.0,1.3
2026-02-09,14:00,OMR,119,111,95,24,4.1,1.1
2026-02-09,14:00,Tambaram,113,126,91,22,6.0,1.0
2026-02-09,14:00,Porur,104,116,82,22,4.5,1.0
2026-02-09,14:00,Egmore,149,161,136,13,5.9,1.0
2026-02-09,16:00,Chennai Central,166,121,145,21,5.6,1.1
2026-02-09,16:00,T Nagar,141,180,123,18,6.0,1.0
2026-02-09,16:00,Anna Nagar,134,188,123,11,5.8,1.0
2026-02-09,16:00,Adyar,92,80,79,13,4.9,1.1
2026-02-09,16:00,Velachery,97,152,85,12,3.3,1.1
2026-02-09,16:00,Guindy,186,152,170,16,6.1,1.3
2026-02-09,16:00,OMR,194,70,159,35,9.1,1.5
2026-02-09,16:00,Tambaram,162,104,132,30,6.1,1.5
2026-02-09,16:00,Porur,106,143,92,14,3.8,1.0
2026-02-09,16:00,Egmore,194,72,182,12,6.1,2.0
2026-02-09,18:00,Chennai Central,211,70,187,24,9.2,1.5
2026-02-09,18:00,T Nagar,322,100,295,27,10.2,1.5
2026-02-09,18:00,Anna Nagar,152,115,124,28,5.3,1.3
2026-02-09,18:00,Adyar,240,111,200,40,6.9,1.8
2026-02-09,18:00,Velachery,178,115,162,16,5.9,1.5
2026-02-09,18:00,Guindy,192,130,181,11,7.6,1.3
2026-02-09,18:00,OMR,174,150,158,16,6.4,1.1
2026-02-09,18:00,Tambaram,193,106,164,29,6.1,1.3
2026-02-09,18:00,Porur,145,100,135,10,5.2,1.2
2026-02-09,18:00,Egmore,254,72,213,41,10.8,1.8
2026-02-09,20:00,Chennai Central,202,91,175,27,6.6,1.5
2026-02-09,20:00,T Nagar,310,112,259,51,10.0,2.0
2026-02-09,20:00,Anna Nagar,262,81,208,54,8.6,1.5
2026-02-09,20:00,Adyar,138,105,114,24,6.5,1.3
2026-02-09,20:00,Velachery,271,131,254,17,6.8,2.0
2026-02-09,20:00,Guindy,189,131,178,11,5.9,1.1
2026-02-09,20:00,OMR,286,88,229,57,11.1,2.0
2026-02-09,20:00,Tambaram,233,103,211,22,6.8,1.5
2026-02-09,20:00,Porur,206,95,173,33,7.4,1.8
2026-02-09,20:00,Egmore,170,106,136,34,6.3,1.5
2026-02-10,06:00,Chennai Central,216,140,196,20,6.4,1.6
2026-02-10,06:00,T Nagar,192,112,166,26,5.8,1.3
2026-02-10,06:00,Anna Nagar,134,120,118,16,6.7,1.1
2026-02-10,06:00,Adyar,151,122,140,11,6.4,1.2
2026-02-10,06:00,Velachery,195,183,170,25,3.5,1.3
2026-02-10,06:00,Guindy,117,127,104,13,3.3,1.0
2026-02-10,06:00,OMR,167,113,132,35,5.2,1.2
2026-02-10,06:00,Tambaram,134,127,113,21,4.0,1.2
2026-02-10,06:00,Porur,152,178,137,15,3.1,1.0
2026-02-10,06:00,Egmore,96,151,88,8,4.7,1.0
2026-02-10,08:00,Chennai Central,268,82,253,15,8.0,1.8
2026-02-10,08:00,T Nagar,317,92,297,20,9.2,1.8
2026-02-10,08:00,Anna Nagar,245,158,194,51,6.5,1.6
2026-02-10,08:00,Adyar,152,131,143,9,3.8,1.2
2026-02-10,08:00,Velachery,181,111,166,15,5.4,1.6
2026-02-10,08:00,Guindy,292,79,271,21,9.8,1.5
2026-02-10,08:00,OMR,203,170,178,25,7.1,1.1
2026-02-10,08:00,Tambaram,127,143,100,27,4.6,1.0
2026-02-10,08:00,Porur,141,86,118,23,6.4,1.5
2026-02-10,08:00,Egmore,198,152,185,13,5.8,1.2
2026-02-10,10:00,Chennai Central,144,75,136,8,6.5,1.3
2026-02-10,10:00,T Nagar,222,190,188,34,6.6,1.3
2026-02-10,10:00,Anna Nagar,115,88,93,22,4.5,1.2
2026-02-10,10:00,Adyar,92,130,85,7,5.9,1.0
2026-02-10,10:00,Velachery,179,177,141,38,6.4,1.1
2026-02-10,10:00,Guindy,139,135,120,19,3.5,1.1
2026-02-10,10:00,OMR,125,180,99,26,3.8,1.0
2026-02-10,10:00,Tambaram,155,148,129,26,3.4,1.2
2026-02-10,10:00,Porur,95,170,76,19,5.0,1.0
2026-02-10,10:00,Egmore,119,181,99,20,3.6,1.0
2026-02-10,12:00,Chennai Central,115,124,108,7,4.4,1.0
2026-02-10,12:00,T Nagar,141,148,133,8,6.1,1.1
2026-02-10,12:00,Anna Nagar,106,159,97,9,5.3,1.0
2026-02-10,12:00,Adyar,131,122,110,21,4.8,1.1
2026-02-10,12:00,Velachery,97,189,89,8,3.6,1.1
2026-02-10,12:00,Guindy,104,151,98,6,5.9,1.0
2026-02-10,12:00,OMR,148,84,130,18,5.0,1.6
2026-02-10,12:00,Tambaram,125,194,110,15,6.0,1.0
2026-02-10,12:00,Porur,76,184,67,9,4.1,1.0
2026-02-10,12:00,Egmore,125,87,104,21,4.8,1.3
2026-02-10,14:00,Chennai Central,152,152,141,11,4.4,1.0
2026-02-10,14:00,T Nagar,75,184,59,16,4.3,1.0
2026-02-10,14:00,Anna Nagar,96,177,76,20,3.4,1.0
2026-02-10,14:00,Adyar,93,175,81,12,4.0,1.1
2026-02-10,14:00,Velachery,64,181,57,7,4.5,1.0
2026-02-10,14:00,Guindy,154,194,131,23,3.9,1.0
2026-02-10,14:00,OMR,73,93,67,6,5.6,1.0
2026-02-10,14:00,Tambaram,88,114,77,11,6.0,1.1
2026-02-10,14:00,Porur,121,156,106,15,3.3,1.1
2026-02-10,14:00,Egmore,128,146,103,25,6.5,1.0
2026-02-10,16:00,Chennai Central,160,157,132,28,6.3,1.3
2026-02-10,16:00,T Nagar,143,166,117,26,6.1,1.0
2026-02-10,16:00,Anna Nagar,143,162,124,19,5.4,1.0
2026-02-10,16:00,Adyar,79,106,71,8,6.1,1.0
2026-02-10,16:00,Velachery,204,128,187,17,5.2,1.6
2026-02-10,16:00,Guindy,156,106,135,21,6.7,1.3
2026-02-10,16:00,OMR,162,130,126,36,4.7,1.2
2026-02-10,16:00,Tambaram,91,86,79,12,3.7,1.2
2026-02-10,16:00,Porur,102,94,82,20,4.8,1.1
2026-02-10,16:00,Egmore,169,74,133,36,8.0,1.8
2026-02-10,18:00,Chennai Central,186,126,150,36,6.6,1.1
2026-02-10,18:00,T Nagar,203,170,169,34,4.5,1.2
2026-02-10,18:00,Anna Nagar,225,153,185,40,7.5,1.3
2026-02-10,18:00,Adyar,153,145,127,26,4.1,1.1
2026-02-10,18:00,Velachery,297,104,273,24,9.4,1.5
2026-02-10,18:00,Guindy,186,135,172,14,4.7,1.1
2026-02-10,18:00,OMR,159,104,149,10,6.5,1.5
2026-02-10,18:00,Tambaram,222,87,183,39,7.2,1.5
2026-02-10,18:00,Porur,176,75,162,14,6.4,1.5
2026-02-10,18:00,Egmore,232,86,209,23,9.4,1.8
2026-02-10,20:00,Chennai Central,201,159,170,31,4.8,1.3
2026-02-10,20:00,T Nagar,285,147,260,25,8.2,1.3
2026-02-10,20:00,Anna Nagar,202,75,161,41,8.1,1.8
2026-02-10,20:00,Adyar,175,146,165,10,6.6,1.3
2026-02-10,20:00,Velachery,187,125,170,17,7.6,1.3
2026-02-10,20:00,Guindy,231,92,213,18,9.5,1.8
2026-02-10,20:00,OMR,178,102,158,20,8.1,1.6
2026-02-10,20:00,Tambaram,126,111,118,8,5.4,1.1
2026-02-10,20:00,Porur,186,79,150,36,8.0,2.0
2026-02-10,20:00,Egmore,244,96,191,53,7.3,1.8
2026-02-11,06:00,Chennai Central,163,128,153,10,4.0,1.2
2026-02-11,06:00,T Nagar,183,89,149,34,7.4,1.5
2026-02-11,06:00,Anna Nagar,90,124,84,6,6.0,1.0
2026-02-11,06:00,Adyar,91,159,71,20,4.8,1.0
2026-02-11,06:00,Velachery,147,134,125,22,5.6,1.1
2026-02-11,06:00,Guindy,96,112,87,9,4.0,1.0
2026-02-11,06:00,OMR,155,95,137,18,7.2,1.3
2026-02-11,06:00,Tambaram,132,186,111,21,3.8,1.0
2026-02-11,06:00,Porur,91,73,81,10,4.2,1.2
2026-02-11,06:00,Egmore,160,142,138,22,3.6,1.2
2026-02-11,08:00,Chennai Central,258,76,235,23,8.3,1.8
2026-02-11,08:00,T Nagar,177,157,160,17,6.4,1.3
2026-02-11,08:00,Anna Nagar,235,75,202,33,8.0,1.5
2026-02-11,08:00,Adyar,165,82,148,17,8.1,2.0
2026-02-11,08:00,Velachery,256,111,216,40,9.0,1.5
2026-02-11,08:00,Guindy,168,118,135,33,5.7,1.3
2026-02-11,08:00,OMR,261,145,218,43,6.7,1.3
2026-02-11,08:00,Tambaram,142,134,133,9,6.6,1.1
2026-02-11,08:00,Porur,145,70,124,21,5.9,1.5
2026-02-11,08:00,Egmore,174,157,149,25,5.5,1.1
2026-02-11,10:00,Chennai Central,163,93,146,17,4.8,1.3
2026-02-11,10:00,T Nagar,150,144,130,20,4.5,1.1
2026-02-11,10:00,Anna Nagar,162,162,145,17,6.3,1.0
2026-02-11,10:00,Adyar,109,114,97,12,5.6,1.1
2026-02-11,10:00,Velachery,127,186,110,17,4.1,1.0
2026-02-11,10:00,Guindy,96,136,89,7,3.3,1.0
2026-02-11,10:00,OMR,88,153,74,14,4.3,1.1
2026-02-11,10:00,Tambaram,82,93,64,18,3.7,1.1
2026-02-11,10:00,Porur,114,145,96,18,5.4,1.0
2026-02-11,10:00,Egmore,137,159,122,15,4.7,1.1
2026-02-11,12:00,Chennai Central,74,184,64,10,3.5,1.0
2026-02-11,12:00,T Nagar,108,84,96,12,5.4,1.3
2026-02-11,12:00,Anna Nagar,94,151,85,9,4.4,1.1
2026-02-11,12:00,Adyar,56,171,51,5,3.2,1.0
2026-02-11,12:00,Velachery,94,86,77,17,6.5,1.3
2026-02-11,12:00,Guindy,123,185,98,25,6.2,1.0
2026-02-11,12:00,OMR,104,113,85,19,4.9,1.0
2026-02-11,12:00,Tambaram,124,99,101,23,5.3,1.1
2026-02-11,12:00,Porur,104,164,92,12,3.4,1.1
2026-02-11,12:00,Egmore,116,153,108,8,5.9,1.0
2026-02-11,14:00,Chennai Central,100,116,80,20,4.1,1.0
2026-02-11,14:00,T Nagar,171,140,141,30,4.5,1.2
2026-02-11,14:00,Anna Nagar,110,118,87,23,3.3,1.0
2026-02-11,14:00,Adyar,81,138,68,13,6.4,1.0
2026-02-11,14:00,Velachery,78,89,67,11,3.8,1.0
2026-02-11,14:00,Guindy,147,155,119,28,3.3,1.1
2026-02-11,14:00,OMR,74,154,66,8,4.9,1.1
2026-02-11,14:00,Tambaram,89,130,76,13,5.9,1.0
2026-02-11,14:00,Porur,58,109,45,13,3.8,1.0
2026-02-11,14:00,Egmore,95,126,75,20,4.5,1.0
2026-02-11,16:00,Chennai Central,153,111,142,11,4.8,1.1
2026-02-11,16:00,T Nagar,200,103,182,18,7.2,1.6
2026-02-11,16:00,Anna Nagar,189,156,156,33,4.8,1.3
2026-02-11,16:00,Adyar,91,94,71,20,4.8,1.0
2026-02-11,16:00,Velachery,172,133,154,18,5.4,1.3
2026-02-11,16:00,Guindy,108,135,88,20,4.1,1.0
2026-02-11,16:00,OMR,177,128,145,32,5.4,1.2
2026-02-11,16:00,Tambaram,124,140,115,9,5.0,1.1
2026-02-11,16:00,Porur,152,84,131,21,6.8,1.5
2026-02-11,16:00,Egmore,116,142,98,18,3.9,1.0
2026-02-11,18:00,Chennai Central,265,155,233,32,7.6,1.3
2026-02-11,18:00,T Nagar,311,86,278,33,10.2,1.8
2026-02-11,18:00,Anna Nagar,194,164,182,12,4.4,1.3
2026-02-11,18:00,Adyar,178,97,159,19,5.7,1.5
2026-02-11,18:00,Velachery,196,89,181,15,8.2,2.0
2026-02-11,18:00,Guindy,273,107,249,24,10.6,1.8
2026-02-11,18:00,OMR,223,84,194,29,9.5,1.8
2026-02-11,18:00,Tambaram,209,106,196,13,8.0,1.6
2026-02-11,18:00,Porur,140,125,129,11,6.0,1.2
2026-02-11,18:00,Egmore,234,95,208,26,9.2,2.0
2026-02-11,20:00,Chennai Central,300,96,277,23,10.2,2.0
2026-02-11,20:00,T Nagar,202,161,185,17,6.9,1.3
2026-02-11,20:00,Anna Nagar,232,118,217,15,7.4,1.5
2026-02-11,20:00,Adyar,199,80,167,32,6.4,1.5
2026-02-11,20:00,Velachery,254,101,240,14,7.3,1.8
2026-02-11,20:00,Guindy,218,80,177,41,8.2,1.5
2026-02-11,20:00,OMR,284,146,261,23,7.5,1.3
2026-02-11,20:00,Tambaram,144,117,126,18,6.1,1.1
2026-02-11,20:00,Porur,148,141,136,12,5.2,1.3
2026-02-11,20:00,Egmore,234,136,190,44,7.9,1.5
2026-02-12,06:00,Chennai Central,151,170,140,11,6.4,1.0
2026-02-12,06:00,T Nagar,155,97,146,9,6.9,1.3
2026-02-12,06:00,Anna Nagar,129,72,118,11,7.5,1.3
2026-02-12,06:00,Adyar,166,189,135,31,3.6,1.0
2026-02-12,06:00,Velachery,101,95,83,18,5.2,1.3
2026-02-12,06:00,Guindy,181,159,142,39,5.3,1.1
2026-02-12,06:00,OMR,112,106,97,15,4.8,1.2
2026-02-12,06:00,Tambaram,104,128,87,17,3.5,1.0
2026-02-12,06:00,Porur,140,71,118,22,5.5,1.3
2026-02-12,06:00,Egmore,143,87,129,14,6.6,1.5
2026-02-12,08:00,Chennai Central,210,154,195,15,5.2,1.2
2026-02-12,08:00,T Nagar,296,150,233,63,7.9,1.6
2026-02-12,08:00,Anna Nagar,176,83,142,34,5.8,1.8
2026-02-12,08:00,Adyar,237,166,221,16,8.2,1.2
2026-02-12,08:00,Velachery,261,153,214,47,6.5,1.6
2026-02-12,08:00,Guindy,206,119,188,18,5.8,1.6
2026-02-12,08:00,OMR,183,75,161,22,8.0,1.5
2026-02-12,08:00,Tambaram,227,118,187,40,8.4,1.5
2026-02-12,08:00,Porur,212,117,165,47,7.2,1.5
2026-02-12,08:00,Egmore,253,125,215,38,9.4,2.0
2026-02-12,10:00,Chennai Central,132,150,104,28,3.7,1.0
2026-02-12,10:00,T Nagar,112,120,102,10,5.4,1.0
2026-02-12,10:00,Anna Nagar,176,149,145,31,4.3,1.2
2026-02-12,10:00,Adyar,106,133,90,16,5.3,1.1
2026-02-12,10:00,Velachery,192,84,164,28,7.3,1.8
2026-02-12,10:00,Guindy,109,182,101,8,3.7,1.0
2026-02-12,10:00,OMR,108,84,96,12,5.4,1.1
2026-02-12,10:00,Tambaram,150,128,118,32,5.1,1.2
2026-02-12,10:00,Porur,125,95,105,20,5.1,1.1
2026-02-12,10:00,Egmore,174,82,162,12,7.0,1.8
2026-02-12,12:00,Chennai Central,88,149,80,8,5.5,1.0
2026-02-12,12:00,T Nagar,151,134,137,14,5.4,1.1
2026-02-12,12:00,Anna Nagar,91,82,74,17,5.8,1.3
2026-02-12,12:00,Adyar,115,194,92,23,3.5,1.1
2026-02-12,12:00,Velachery,119,95,106,13,6.3,1.3
2026-02-12,12:00,Guindy,78,127,63,15,5.6,1.0
2026-02-12,12:00,OMR,104,197,92,12,4.9,1.0
2026-02-12,12:00,Tambaram,68,87,60,8,5.9,1.0
2026-02-12,12:00,Porur,110,106,91,19,3.4,1.3
2026-02-12,12:00,Egmore,96,96,90,6,4.9,1.0
2026-02-12,14:00,Chennai Central,106,168,84,22,5.0,1.1
2026-02-12,14:00,T Nagar,127,81,105,22,5.4,1.6
2026-02-12,14:00,Anna Nagar,57,122,49,8,5.6,1.0
2026-02-12,14:00,Adyar,55,122,49,6,3.2,1.0
2026-02-12,14:00,Velachery,151,81,140,11,7.9,1.6
2026-02-12,14:00,Guindy,129,136,116,13,4.2,1.0
2026-02-12,14:00,OMR,139,159,130,9,3.1,1.0
2026-02-12,14:00,Tambaram,64,128,53,11,5.8,1.0
2026-02-12,14:00,Porur,76,156,70,6,5.9,1.0
2026-02-12,14:00,Egmore,132,165,114,18,5.5,1.0
2026-02-12,16:00,Chennai Central,140,72,127,13,6.4,1.6
2026-02-12,16:00,T Nagar,148,123,132,16,4.6,1.1
2026-02-12,16:00,Anna Nagar,118,144,93,25,5.1,1.1
2026-02-12,16:00,Adyar,115,187,91,24,3.1,1.0
2026-02-12,16:00,Velachery,133,189,103,30,5.8,1.1
2026-02-12,16:00,Guindy,169,139,156,13,7.1,1.3
2026-02-12,16:00,OMR,188,137,157,31,4.4,1.2
2026-02-12,16:00,Tambaram,118,160,111,7,4.2,1.0
2026-02-12,16:00,Porur,126,152,104,22,5.2,1.0
2026-02-12,16:00,Egmore,104,86,89,15,6.7,1.1
2026-02-12,18:00,Chennai Central,220,83,179,41,8.0,2.0
2026-02-12,18:00,T Nagar,255,160,226,29,7.3,1.6
2026-02-12,18:00,Anna Nagar,174,125,150,24,6.1,1.2
2026-02-12,18:00,Adyar,140,110,126,14,5.8,1.3
2026-02-12,18:00,Velachery,165,107,140,25,7.1,1.6
2026-02-12,18:00,Guindy,312,116,256,56,8.9,1.5
2026-02-12,18:00,OMR,213,135,177,36,5.3,1.5
2026-02-12,18:00,Tambaram,229,134,211,18,5.7,1.3
2026-02-12,18:00,Porur,212,123,177,35,8.4,1.3
2026-02-12,18:00,Egmore,284,156,223,61,8.1,1.6
2026-02-12,20:00,Chennai Central,244,102,224,20,7.8,1.8
2026-02-12,20:00,T Nagar,255,77,218,37,8.3,2.0
2026-02-12,20:00,Anna Nagar,237,79,185,52,8.8,1.8
2026-02-12,20:00,Adyar,220,85,176,44,8.5,1.8
2026-02-12,20:00,Velachery,205,124,160,45,6.9,1.3
2026-02-12,20:00,Guindy,259,157,229,30,5.7,1.6
2026-02-12,20:00,OMR,242,84,226,16,8.8,1.5
2026-02-12,20:00,Tambaram,132,146,119,13,3.4,1.0
2026-02-12,20:00,Porur,226,71,210,16,8.1,1.5
2026-02-12,20:00,Egmore,273,147,237,36,8.3,1.6
2026-02-13,06:00,Chennai Central,170,186,161,9,4.3,1.0
2026-02-13,06:00,T Nagar,147,91,127,20,4.6,1.5
2026-02-13,06:00,Anna Nagar,103,139,97,6,3.3,1.0
2026-02-13,06:00,Adyar,159,185,126,33,5.1,1.0
2026-02-13,06:00,Velachery,162,152,127,35,6.3,1.1
2026-02-13,06:00,Guindy,190,122,149,41,7.8,1.3
2026-02-13,06:00,OMR,178,78,164,14,6.6,1.5
2026-02-13,06:00,Tambaram,111,120,94,17,3.5,1.1
2026-02-13,06:00,Porur,148,142,134,14,6.4,1.1
2026-02-13,06:00,Egmore,136,88,128,8,4.4,1.3
2026-02-13,08:00,Chennai Central,285,114,253,32,8.5,1.8
2026-02-13,08:00,T Nagar,248,110,233,15,7.8,1.5
2026-02-13,08:00,Anna Nagar,229,164,213,16,5.9,1.3
2026-02-13,08:00,Adyar,140,153,118,22,5.6,1.1
2026-02-13,08:00,Velachery,240,138,188,52,8.7,1.6
2026-02-13,08:00,Guindy,309,95,289,20,10.5,1.5
2026-02-13,08:00,OMR,222,88,178,44,9.3,2.0
2026-02-13,08:00,Tambaram,216,90,172,44,6.3,2.0
2026-02-13,08:00,Porur,194,79,166,28,6.6,1.8
2026-02-13,08:00,Egmore,196,149,184,12,7.0,1.2
2026-02-13,10:00,Chennai Central,133,150,125,8,5.4,1.0
2026-02-13,10:00,T Nagar,115,147,98,17,3.6,1.0
2026-02-13,10:00,Anna Nagar,183,181,160,23,6.5,1.1
2026-02-13,10:00,Adyar,135,156,115,20,5.5,1.0
2026-02-13,10:00,Velachery,178,173,161,17,6.5,1.3
2026-02-13,10:00,Guindy,105,74,88,17,5.4,1.3
2026-02-13,10:00,OMR,91,86,78,13,5.6,1.1
2026-02-13,10:00,Tambaram,136,89,113,23,4.9,1.6
2026-02-13,10:00,Porur,132,184,104,28,6.0,1.0
2026-02-13,10:00,Egmore,188,145,177,11,6.5,1.2
2026-02-13,12:00,Chennai Central,123,102,101,22,5.1,1.2
2026-02-13,12:00,T Nagar,143,166,126,17,4.0,1.0
2026-02-13,12:00,Anna Nagar,147,174,131,16,4.5,1.1
2026-02-13,12:00,Adyar,124,87,105,19,4.7,1.1
2026-02-13,12:00,Velachery,64,153,54,10,3.9,1.0
2026-02-13,12:00,Guindy,151,193,120,31,3.0,1.0
2026-02-13,12:00,OMR,112,102,99,13,5.7,1.3
2026-02-13,12:00,Tambaram,80,96,74,6,4.1,1.0
2026-02-13,12:00,Porur,112,191,89,23,6.0,1.1
2026-02-13,12:00,Egmore,106,147,89,17,6.2,1.0
2026-02-13,14:00,Chennai Central,110,85,93,17,5.6,1.3
2026-02-13,14:00,T Nagar,113,172,106,7,3.1,1.0
2026-02-13,14:00,Anna Nagar,112,115,104,8,4.5,1.0
2026-02-13,14:00,Adyar,53,146,50,3,4.6,1.0
2026-02-13,14:00,Velachery,66,125,60,6,3.8,1.0
2026-02-13,14:00,Guindy,139,116,122,17,6.6,1.2
2026-02-13,14:00,OMR,91,151,77,14,5.0,1.1
2026-02-13,14:00,Tambaram,87,167,80,7,3.0,1.0
2026-02-13,14:00,Porur,107,128,89,18,3.1,1.0
2026-02-13,14:00,Egmore,101,150,87,14,5.4,1.0
2026-02-13,16:00,Chennai Central,123,185,108,15,3.5,1.1
2026-02-13,16:00,T Nagar,146,160,132,14,4.7,1.0
2026-02-13,16:00,Anna Nagar,129,72,102,27,5.9,1.5
2026-02-13,16:00,Adyar,90,125,73,17,4.9,1.1
2026-02-13,16:00,Velachery,96,92,81,15,3.3,1.2
2026-02-13,16:00,Guindy,115,165,92,23,3.0,1.1
2026-02-13,16:00,OMR,183,123,164,19,6.7,1.3
2026-02-13,16:00,Tambaram,88,101,75,13,5.9,1.0
2026-02-13,16:00,Porur,122,145,98,24,4.6,1.0
2026-02-13,16:00,Egmore,192,189,168,24,5.8,1.1
2026-02-13,18:00,Chennai Central,232,133,196,36,8.4,1.3
2026-02-13,18:00,T Nagar,233,110,195,38,9.3,2.0
2026-02-13,18:00,Anna Nagar,250,122,212,38,7.3,1.8
2026-02-13,18:00,Adyar,144,71,120,24,6.7,2.0
2026-02-13,18:00,Velachery,203,84,183,20,9.3,1.5
2026-02-13,18:00,Guindy,303,72,241,62,11.4,1.8
2026-02-13,18:00,OMR,272,111,230,42,7.3,1.5
2026-02-13,18:00,Tambaram,164,91,144,20,8.1,1.5
2026-02-13,18:00,Porur,211,115,198,13,6.7,1.5
2026-02-13,18:00,Egmore,182,130,143,39,7.7,1.1
2026-02-13,20:00,Chennai Central,249,100,215,34,9.0,1.5
2026-02-13,20:00,T Nagar,228,161,208,20,7.6,1.3
2026-02-13,20:00,Anna Nagar,181,94,150,31,5.9,1.6
2026-02-13,20:00,Adyar,227,73,188,39,8.5,2.0
2026-02-13,20:00,Velachery,184,96,156,28,5.3,1.6
2026-02-13,20:00,Guindy,289,125,262,27,8.1,1.8
2026-02-13,20:00,OMR,258,152,229,29,7.4,1.6
2026-02-13,20:00,Tambaram,200,111,157,43,6.8,1.6
2026-02-13,20:00,Porur,175,136,158,17,5.6,1.3
2026-02-13,20:00,Egmore,272,83,212,60,8.9,1.5
2026-02-14,06:00,Chennai Central,212,88,180,32,7.6,1.8
2026-02-14,06:00,T Nagar,195,187,152,43,4.7,1.3
2026-02-14,06:00,Anna Nagar,132,85,111,21,4.9,1.3
2026-02-14,06:00,Adyar,163,160,128,35,5.3,1.2
2026-02-14,06:00,Velachery,197,101,169,28,6.7,1.3
2026-02-14,06:00,Guindy,207,122,176,31,7.5,1.6
2026-02-14,06:00,OMR,151,160,133,18,6.3,1.0
2026-02-14,06:00,Tambaram,94,173,89,5,6.2,1.0
2026-02-14,06:00,Porur,91,90,79,12,5.4,1.3
2026-02-14,06:00,Egmore,156,91,132,24,7.0,1.3
2026-02-14,08:00,Chennai Central,253,110,234,19,9.1,1.5
2026-02-14,08:00,T Nagar,198,140,163,35,4.8,1.3
2026-02-14,08:00,Anna Nagar,180,119,149,31,4.6,1.6
2026-02-14,08:00,Adyar,171,88,162,9,5.6,1.6
2026-02-14,08:00,Velachery,292,117,256,36,10.3,1.5
2026-02-14,08:00,Guindy,213,161,184,29,5.4,1.1
2026-02-14,08:00,OMR,234,145,219,15,7.6,1.3
2026-02-14,08:00,Tambaram,189,156,160,29,6.5,1.2
2026-02-14,08:00,Porur,162,78,129,33,6.8,1.8
2026-02-14,08:00,Egmore,240,113,191,49,8.3,1.8
2026-02-14,10:00,Chennai Central,153,146,144,9,4.2,1.1
2026-02-14,10:00,T Nagar,117,179,108,9,5.3,1.0
2026-02-14,10:00,Anna Nagar,120,162,101,19,3.1,1.0
2026-02-14,10:00,Adyar,88,107,74,14,4.3,1.0
2026-02-14,10:00,Velachery,156,93,140,16,6.1,1.6
2026-02-14,10:00,Guindy,158,82,135,23,6.8,1.3
2026-02-14,10:00,OMR,127,162,104,23,3.7,1.0
2026-02-14,10:00,Tambaram,156,169,143,13,4.2,1.0
2026-02-14,10:00,Porur,124,116,106,18,5.7,1.3
2026-02-14,10:00,Egmore,189,147,177,12,5.4,1.1
2026-02-14,12:00,Chennai Central,66,90,60,6,5.4,1.0
2026-02-14,12:00,T Nagar,91,177,78,13,5.0,1.0
2026-02-14,12:00,Anna Nagar,103,112,84,19,4.8,1.0
2026-02-14,12:00,Adyar,99,99,83,16,5.2,1.0
2026-02-14,12:00,Velachery,138,86,129,9,4.8,1.6
2026-02-14,12:00,Guindy,82,181,71,11,3.8,1.0
2026-02-14,12:00,OMR,102,177,95,7,5.8,1.1
2026-02-14,12:00,Tambaram,108,197,97,11,6.0,1.0
2026-02-14,12:00,Porur,112,132,101,11,6.2,1.1
2026-02-14,12:00,Egmore,67,131,61,6,6.3,1.0
2026-02-14,14:00,Chennai Central,87,134,70,17,5.6,1.0
2026-02-14,14:00,T Nagar,146,86,137,9,7.7,1.6
2026-02-14,14:00,Anna Nagar,124,104,108,16,3.6,1.3
2026-02-14,14:00,Adyar,52,117,40,12,4.8,1.0
2026-02-14,14:00,Velachery,128,94,112,16,5.4,1.2
2026-02-14,14:00,Guindy,157,147,123,34,5.7,1.3
2026-02-14,14:00,OMR,55,117,46,9,3.4,1.0
2026-02-14,14:00,Tambaram,85,200,76,9,4.8,1.1
2026-02-14,14:00,Porur,121,104,103,18,4.9,1.2
2026-02-14,14:00,Egmore,150,195,140,10,4.9,1.1
2026-02-14,16:00,Chennai Central,162,77,139,23,5.5,1.5
2026-02-14,16:00,T Nagar,136,140,109,27,3.3,1.1
2026-02-14,16:00,Anna Nagar,138,129,123,15,6.0,1.1
2026-02-14,16:00,Adyar,88,71,74,14,6.0,1.1
2026-02-14,16:00,Velachery,148,101,127,21,4.4,1.1
2026-02-14,16:00,Guindy,151,76,136,15,6.0,1.6
2026-02-14,16:00,OMR,198,74,184,14,9.2,2.0
2026-02-14,16:00,Tambaram,85,127,69,16,4.0,1.0
2026-02-14,16:00,Porur,83,166,73,10,4.0,1.0
2026-02-14,16:00,Egmore,136,173,110,26,6.3,1.1
2026-02-14,18:00,Chennai Central,184,143,151,33,6.5,1.3
2026-02-14,18:00,T Nagar,281,70,250,31,8.7,1.5
2026-02-14,18:00,Anna Nagar,184,107,149,35,6.7,1.6
2026-02-14,18:00,Adyar,148,112,121,27,6.1,1.2
2026-02-14,18:00,Velachery,174,142,152,22,7.2,1.2
2026-02-14,18:00,Guindy,288,137,267,21,7.7,1.5
2026-02-14,18:00,OMR,217,84,197,20,8.6,2.0
2026-02-14,18:00,Tambaram,141,136,113,28,3.8,1.3
2026-02-14,18:00,Porur,223,156,185,38,6.7,1.2
2026-02-14,18:00,Egmore,211,140,192,19,5.6,1.5
2026-02-14,20:00,Chennai Central,242,141,211,31,5.8,1.3
2026-02-14,20:00,T Nagar,235,154,207,28,6.6,1.3
2026-02-14,20:00,Anna Nagar,243,170,193,50,7.4,1.3
2026-02-14,20:00,Adyar,213,130,169,44,7.2,1.3
2026-02-14,20:00,Velachery,166,93,137,29,6.9,1.5
2026-02-14,20:00,Guindy,256,106,203,53,10.1,2.0
2026-02-14,20:00,OMR,205,148,165,40,4.7,1.3
2026-02-14,20:00,Tambaram,175,135,137,38,5.5,1.3
2026-02-14,20:00,Porur,228,93,182,46,7.8,1.5
2026-02-14,20:00,Egmore,283,79,266,17,9.2,2.0
2026-02-15,06:00,Chennai Central,118,109,103,15,4.1,1.2
2026-02-15,06:00,T Nagar,210,92,183,27,6.0,2.0
2026-02-15,06:00,Anna Nagar,136,171,127,9,4.8,1.0
2026-02-15,06:00,Adyar,154,184,132,22,5.9,1.0
2026-02-15,06:00,Velachery,109,79,89,20,5.6,1.3
2026-02-15,06:00,Guindy,134,126,108,26,5.8,1.1
2026-02-15,06:00,OMR,129,170,121,8,3.0,1.0
2026-02-15,06:00,Tambaram,74,153,68,6,6.3,1.0
2026-02-15,06:00,Porur,170,134,160,10,7.4,1.2
2026-02-15,06:00,Egmore,173,183,156,17,5.4,1.0
2026-02-15,08:00,Chennai Central,246,101,231,15,9.4,1.8
2026-02-15,08:00,T Nagar,267,150,222,45,9.3,1.3
2026-02-15,08:00,Anna Nagar,151,164,142,9,5.6,1.0
2026-02-15,08:00,Adyar,176,149,141,35,6.8,1.1
2026-02-15,08:00,Velachery,215,76,181,34,8.3,2.0
2026-02-15,08:00,Guindy,277,123,223,54,9.1,1.5
2026-02-15,08:00,OMR,167,126,141,26,6.3,1.3
2026-02-15,08:00,Tambaram,127,116,109,18,3.3,1.2
2026-02-15,08:00,Porur,136,74,122,14,7.5,1.5
2026-02-15,08:00,Egmore,191,143,164,27,5.6,1.1
2026-02-15,10:00,Chennai Central,99,146,81,18,4.9,1.0
2026-02-15,10:00,T Nagar,210,176,173,37,5.8,1.3
2026-02-15,10:00,Anna Nagar,123,176,103,20,3.2,1.1
2026-02-15,10:00,Adyar,76,128,60,16,4.0,1.0
2026-02-15,10:00,Velachery,131,128,114,17,4.7,1.2
2026-02-15,10:00,Guindy,102,174,92,10,5.2,1.0
2026-02-15,10:00,OMR,134,78,107,27,7.1,1.5
2026-02-15,10:00,Tambaram,150,130,135,15,4.2,1.3
2026-02-15,10:00,Porur,149,140,124,25,5.2,1.1
2026-02-15,10:00,Egmore,168,147,145,23,4.5,1.3
2026-02-15,12:00,Chennai Central,123,137,112,11,4.8,1.1
2026-02-15,12:00,T Nagar,142,133,131,11,5.6,1.1
2026-02-15,12:00,Anna Nagar,66,80,53,13,3.3,1.0
2026-02-15,12:00,Adyar,54,130,49,5,3.5,1.0
2026-02-15,12:00,Velachery,111,132,89,22,5.7,1.0
2026-02-15,12:00,Guindy,69,193,54,15,3.4,1.0
2026-02-15,12:00,OMR,103,162,92,11,4.0,1.1
2026-02-15,12:00,Tambaram,100,179,84,16,6.1,1.0
2026-02-15,12:00,Porur,115,120,98,17,4.4,1.0
2026-02-15,12:00,Egmore,108,165,99,9,4.2,1.0
2026-02-15,14:00,Chennai Central,152,136,128,24,3.7,1.2
2026-02-15,14:00,T Nagar,97,162,83,14,3.6,1.0
2026-02-15,14:00,Anna Nagar,131,124,103,28,5.5,1.1
2026-02-15,14:00,Adyar,116,152,97,19,5.9,1.1
2026-02-15,14:00,Velachery,150,131,137,13,5.9,1.2
2026-02-15,14:00,Guindy,76,171,67,9,6.3,1.0
2026-02-15,14:00,OMR,133,146,123,10,4.9,1.0
2026-02-15,14:00,Tambaram,69,107,62,7,4.3,1.1
2026-02-15,14:00,Porur,63,115,59,4,5.3,1.0
2026-02-15,14:00,Egmore,105,100,94,11,4.4,1.3
2026-02-15,16:00,Chennai Central,97,121,82,15,4.9,1.0
2026-02-15,16:00,T Nagar,203,116,173,30,6.4,1.5
2026-02-15,16:00,Anna Nagar,102,88,96,6,5.3,1.2
2026-02-15,16:00,Adyar,152,140,125,27,5.9,1.1
2026-02-15,16:00,Velachery,197,140,183,14,7.3,1.3
2026-02-15,16:00,Guindy,144,180,124,20,5.1,1.1
2026-02-15,16:00,OMR,187,98,172,15,7.5,1.6
2026-02-15,16:00,Tambaram,93,169,77,16,6.3,1.0
2026-02-15,16:00,Porur,127,71,115,12,4.9,1.6
2026-02-15,16:00,Egmore,97,185,87,10,4.3,1.0
2026-02-15,18:00,Chennai Central,236,141,195,41,8.2,1.6
2026-02-15,18:00,T Nagar,315,122,266,49,8.6,1.5
2026-02-15,18:00,Anna Nagar,227,101,213,14,7.7,1.5
2026-02-15,18:00,Adyar,236,153,215,21,8.2,1.6
2026-02-15,18:00,Velachery,226,75,196,30,10.0,1.5
2026-02-15,18:00,Guindy,213,131,194,19,6.2,1.6
2026-02-15,18:00,OMR,178,82,148,30,6.7,2.0
2026-02-15,18:00,Tambaram,167,108,146,21,6.0,1.5
2026-02-15,18:00,Porur,168,80,146,22,5.8,1.8
2026-02-15,18:00,Egmore,174,121,149,25,7.0,1.2
2026-02-15,20:00,Chennai Central,225,169,180,45,6.6,1.1
2026-02-15,20:00,T Nagar,248,150,233,15,7.8,1.5
2026-02-15,20:00,Anna Nagar,238,107,216,22,6.5,1.5
2026-02-15,20:00,Adyar,193,94,178,15,8.4,2.0
2026-02-15,20:00,Velachery,257,157,201,56,8.5,1.5
2026-02-15,20:00,Guindy,228,148,184,44,7.2,1.5
2026-02-15,20:00,OMR,231,137,199,32,8.7,1.6
2026-02-15,20:00,Tambaram,191,124,170,21,8.1,1.5
2026-02-15,20:00,Porur,211,160,170,41,6.3,1.1
2026-02-15,20:00,Egmore,207,94,194,13,6.3,2.0
2026-02-16,06:00,Chennai Central,200,139,187,13,7.1,1.2
2026-02-16,06:00,T Nagar,113,136,106,7,6.4,1.0
2026-02-16,06:00,Anna Nagar,126,113,114,12,6.3,1.2
2026-02-16,06:00,Adyar,151,78,135,16,7.1,1.6
2026-02-16,06:00,Velachery,148,150,136,12,3.6,1.0
2026-02-16,06:00,Guindy,138,107,117,21,4.2,1.3
2026-02-16,06:00,OMR,143,78,112,31,4.8,1.5
2026-02-16,06:00,Tambaram,86,82,73,13,4.5,1.3
2026-02-16,06:00,Porur,86,135,71,15,5.5,1.0
2026-02-16,06:00,Egmore,143,109,128,15,5.8,1.1
2026-02-16,08:00,Chennai Central,247,162,221,26,6.2,1.3
2026-02-16,08:00,T Nagar,282,80,239,43,10.3,1.8
2026-02-16,08:00,Anna Nagar,185,74,153,32,7.9,1.5
2026-02-16,08:00,Adyar,207,123,187,20,7.4,1.3
2026-02-16,08:00,Velachery,225,76,213,12,9.4,1.8
2026-02-16,08:00,Guindy,180,86,146,34,6.4,2.0
2026-02-16,08:00,OMR,277,158,237,40,6.9,1.3
2026-02-16,08:00,Tambaram,230,111,214,16,9.2,2.0
2026-02-16,08:00,Porur,221,115,198,23,5.8,1.5
2026-02-16,08:00,Egmore,234,104,188,46,7.1,2.0
2026-02-16,10:00,Chennai Central,129,105,105,24,6.2,1.2
2026-02-16,10:00,T Nagar,217,140,199,18,6.0,1.3
2026-02-16,10:00,Anna Nagar,165,152,130,35,5.1,1.1
2026-02-16,10:00,Adyar,113,153,90,23,4.6,1.0
2026-02-16,10:00,Velachery,148,114,137,11,4.7,1.1
2026-02-16,10:00,Guindy,110,82,96,14,4.9,1.1
2026-02-16,10:00,OMR,105,182,89,16,4.6,1.0
2026-02-16,10:00,Tambaram,134,124,125,9,5.6,1.3
2026-02-16,10:00,Porur,101,103,95,6,3.2,1.0
2026-02-16,10:00,Egmore,149,77,129,20,7.9,1.6
2026-02-16,12:00,Chennai Central,99,159,88,11,3.4,1.1
2026-02-16,12:00,T Nagar,100,183,79,21,5.6,1.0
2026-02-16,12:00,Anna Nagar,102,184,92,10,5.6,1.0
2026-02-16,12:00,Adyar,98,192,79,19,5.7,1.0
2026-02-16,12:00,Velachery,62,108,50,12,5.4,1.1
2026-02-16,12:00,Guindy,162,110,140,22,7.5,1.1
2026-02-16,12:00,OMR,115,131,99,16,4.6,1.0
2026-02-16,12:00,Tambaram,55,120,43,12,6.4,1.0
2026-02-16,12:00,Porur,112,122,103,9,4.7,1.1
2026-02-16,12:00,Egmore,67,142,62,5,3.5,1.1
2026-02-16,14:00,Chennai Central,123,87,100,23,5.1,1.2
2026-02-16,14:00,T Nagar,137,82,126,11,7.4,1.3
2026-02-16,14:00,Anna Nagar,118,168,106,12,3.0,1.0
2026-02-16,14:00,Adyar,57,98,48,9,3.6,1.0
2026-02-16,14:00,Velachery,112,96,99,13,4.8,1.2
2026-02-16,14:00,Guindy,66,126,58,8,3.1,1.1
2026-02-16,14:00,OMR,112,161,91,21,5.5,1.1
2026-02-16,14:00,Tambaram,110,125,102,8,3.9,1.0
2026-02-16,14:00,Porur,116,171,90,26,3.1,1.0
2026-02-16,14:00,Egmore,154,141,126,28,4.6,1.2
2026-02-16,16:00,Chennai Central,123,84,108,15,4.0,1.1
2026-02-16,16:00,T Nagar,172,83,134,38,6.4,2.0
2026-02-16,16:00,Anna Nagar,163,106,130,33,7.3,1.6
2026-02-16,16:00,Adyar,132,168,103,29,4.4,1.0
2026-02-16,16:00,Velachery,136,184,128,8,6.2,1.1
2026-02-16,16:00,Guindy,138,144,120,18,4.1,1.0
2026-02-16,16:00,OMR,112,158,87,25,4.8,1.0
2026-02-16,16:00,Tambaram,112,185,97,15,4.2,1.0
2026-02-16,16:00,Porur,157,150,124,33,5.5,1.3
2026-02-16,16:00,Egmore,144,165,132,12,4.3,1.1
2026-02-16,18:00,Chennai Central,206,114,190,16,7.0,1.6
2026-02-16,18:00,T Nagar,196,130,178,18,6.0,1.5
2026-02-16,18:00,Anna Nagar,179,101,147,32,7.1,1.5
2026-02-16,18:00,Adyar,147,81,139,8,6.1,1.6
2026-02-16,18:00,Velachery,276,155,232,44,9.2,1.6
2026-02-16,18:00,Guindy,224,109,179,45,7.8,1.5
2026-02-16,18:00,OMR,187,162,162,25,4.2,1.2
2026-02-16,18:00,Tambaram,136,153,114,22,3.6,1.0
2026-02-16,18:00,Porur,148,140,136,12,5.1,1.3
2026-02-16,18:00,Egmore,198,142,163,35,5.5,1.2
2026-02-16,20:00,Chennai Central,189,78,179,10,6.4,1.5
2026-02-16,20:00,T Nagar,208,75,172,36,6.8,2.0
2026-02-16,20:00,Anna Nagar,164,70,133,31,8.8,2.0
2026-02-16,20:00,Adyar,212,156,170,42,7.5,1.1
2026-02-16,20:00,Velachery,216,99,176,40,8.5,1.5
2026-02-16,20:00,Guindy,268,100,221,47,10.3,1.8
2026-02-16,20:00,OMR,161,148,130,31,3.7,1.1
2026-02-16,20:00,Tambaram,182,79,148,34,7.9,1.5
2026-02-16,20:00,Porur,141,144,125,16,4.2,1.0
2026-02-16,20:00,Egmore,172,123,153,19,5.9,1.1
2026-02-17,06:00,Chennai Central,187,155,147,40,4.4,1.1
2026-02-17,06:00,T Nagar,198,177,178,20,3.6,1.1
2026-02-17,06:00,Anna Nagar,182,178,153,29,3.3,1.3
2026-02-17,06:00,Adyar,140,175,116,24,3.6,1.1
2026-02-17,06:00,Velachery,182,134,169,13,5.7,1.2
2026-02-17,06:00,Guindy,115,173,93,22,5.0,1.0
2026-02-17,06:00,OMR,145,133,132,13,4.2,1.1
2026-02-17,06:00,Tambaram,112,166,88,24,5.8,1.0
2026-02-17,06:00,Porur,113,85,88,25,6.9,1.3
2026-02-17,06:00,Egmore,156,105,130,26,4.5,1.3
2026-02-17,08:00,Chennai Central,309,100,256,53,9.7,1.5
2026-02-17,08:00,T Nagar,188,122,161,27,5.6,1.3
2026-02-17,08:00,Anna Nagar,231,132,184,47,7.8,1.6
2026-02-17,08:00,Adyar,138,121,118,20,3.5,1.1
2026-02-17,08:00,Velachery,273,105,245,28,10.4,1.8
2026-02-17,08:00,Guindy,277,129,246,31,9.6,2.0
2026-02-17,08:00,OMR,215,131,189,26,6.7,1.6
2026-02-17,08:00,Tambaram,189,134,167,22,7.9,1.1
2026-02-17,08:00,Porur,157,102,138,19,6.7,1.6
2026-02-17,08:00,Egmore,182,137,151,31,5.2,1.1
2026-02-17,10:00,Chennai Central,115,122,95,20,5.8,1.1
2026-02-17,10:00,T Nagar,130,81,102,28,5.2,1.6
2026-02-17,10:00,Anna Nagar,84,152,73,11,6.4,1.0
2026-02-17,10:00,Adyar,134,183,124,10,4.7,1.0
2026-02-17,10:00,Velachery,156,119,136,20,4.8,1.2
2026-02-17,10:00,Guindy,134,101,111,23,6.2,1.1
2026-02-17,10:00,OMR,198,76,166,32,6.5,2.0
2026-02-17,10:00,Tambaram,136,170,111,25,4.9,1.0
2026-02-17,10:00,Porur,76,162,63,13,3.2,1.0
2026-02-17,10:00,Egmore,159,155,138,21,5.6,1.3
2026-02-17,12:00,Chennai Central,88,192,75,13,4.1,1.0
2026-02-17,12:00,T Nagar,170,194,154,16,5.1,1.0
2026-02-17,12:00,Anna Nagar,111,90,93,18,6.7,1.1
2026-02-17,12:00,Adyar,129,127,108,21,3.1,1.2
2026-02-17,12:00,Velachery,69,170,62,7,4.6,1.1
2026-02-17,12:00,Guindy,63,137,53,10,6.4,1.0
2026-02-17,12:00,OMR,116,172,108,8,3.0,1.1
2026-02-17,12:00,Tambaram,109,111,89,20,5.2,1.0
2026-02-17,12:00,Porur,66,174,55,11,5.9,1.0
2026-02-17,12:00,Egmore,61,153,52,9,5.4,1.0
2026-02-17,14:00,Chennai Central,157,125,130,27,7.2,1.1
2026-02-17,14:00,T Nagar,117,87,96,21,5.6,1.1
2026-02-17,14:00,Anna Nagar,72,87,60,12,4.3,1.0
2026-02-17,14:00,Adyar,130,144,112,18,3.6,1.0
2026-02-17,14:00,Velachery,159,140,149,10,3.9,1.2
2026-02-17,14:00,Guindy,86,145,77,9,4.3,1.0
2026-02-17,14:00,OMR,99,132,78,21,3.3,1.0
2026-02-17,14:00,Tambaram,63,158,52,11,3.3,1.0
2026-02-17,14:00,Porur,115,144,105,10,6.4,1.1
2026-02-17,14:00,Egmore,70,82,59,11,3.5,1.0
2026-02-17,16:00,Chennai Central,211,113,200,11,5.9,1.3
2026-02-17,16:00,T Nagar,157,173,131,26,6.5,1.1
2026-02-17,16:00,Anna Nagar,176,141,141,35,4.8,1.3
2026-02-17,16:00,Adyar,149,129,128,21,3.6,1.2
2026-02-17,16:00,Velachery,175,116,150,25,5.0,1.6
2026-02-17,16:00,Guindy,117,122,93,24,4.9,1.1
2026-02-17,16:00,OMR,114,114,93,21,4.0,1.0
2026-02-17,16:00,Tambaram,124,126,108,16,5.8,1.0
2026-02-17,16:00,Porur,133,177,115,18,5.8,1.0
2026-02-17,16:00,Egmore,171,176,161,10,6.1,1.0
2026-02-17,18:00,Chennai Central,255,158,213,42,7.8,1.5
2026-02-17,18:00,T Nagar,323,117,278,45,11.3,1.5
2026-02-17,18:00,Anna Nagar,238,162,218,20,7.9,1.3
2026-02-17,18:00,Adyar,149,101,121,28,5.6,1.3
2026-02-17,18:00,Velachery,276,166,256,20,6.7,1.6
2026-02-17,18:00,Guindy,308,99,248,60,10.0,2.0
2026-02-17,18:00,OMR,265,164,239,26,6.7,1.3
2026-02-17,18:00,Tambaram,171,141,160,11,5.4,1.3
2026-02-17,18:00,Porur,197,137,174,23,5.3,1.1
2026-02-17,18:00,Egmore,261,109,219,42,7.6,1.5
2026-02-17,20:00,Chennai Central,218,84,192,26,9.5,1.8
2026-02-17,20:00,T Nagar,238,104,208,30,8.2,1.5
2026-02-17,20:00,Anna Nagar,166,106,135,31,6.1,1.5
2026-02-17,20:00,Adyar,223,127,182,41,8.3,1.6
2026-02-17,20:00,Velachery,239,92,200,39,9.8,1.5
2026-02-17,20:00,Guindy,196,72,177,19,9.0,2.0
2026-02-17,20:00,OMR,181,88,144,37,7.1,1.8
2026-02-17,20:00,Tambaram,216,135,183,33,5.1,1.6
2026-02-17,20:00,Porur,215,138,174,41,6.0,1.6
2026-02-17,20:00,Egmore,243,121,224,19,7.5,1.5
2026-02-18,06:00,Chennai Central,183,125,143,40,4.7,1.1
2026-02-18,06:00,T Nagar,120,83,107,13,6.2,1.1
2026-02-18,06:00,Anna Nagar,184,101,150,34,8.5,1.3
2026-02-18,06:00,Adyar,83,87,67,16,3.7,1.1
2026-02-18,06:00,Velachery,133,110,115,18,4.9,1.1
2026-02-18,06:00,Guindy,129,104,102,27,5.5,1.2
2026-02-18,06:00,OMR,96,187,79,17,4.0,1.0
2026-02-18,06:00,Tambaram,108,165,96,12,4.0,1.0
2026-02-18,06:00,Porur,115,121,98,17,4.2,1.0
2026-02-18,06:00,Egmore,152,112,127,25,6.1,1.2
2026-02-18,08:00,Chennai Central,303,71,256,47,9.6,1.5
2026-02-18,08:00,T Nagar,280,97,265,15,10.2,1.8
2026-02-18,08:00,Anna Nagar,169,130,142,27,5.8,1.3
2026-02-18,08:00,Adyar,165,92,141,24,8.0,1.6
2026-02-18,08:00,Velachery,297,78,263,34,11.4,1.5
2026-02-18,08:00,Guindy,220,90,193,27,8.6,1.8
2026-02-18,08:00,OMR,210,72,179,31,9.8,1.8
2026-02-18,08:00,Tambaram,175,88,139,36,5.5,1.5
2026-02-18,08:00,Porur,164,113,143,21,5.9,1.1
2026-02-18,08:00,Egmore,206,102,171,35,7.3,2.0
2026-02-18,10:00,Chennai Central,159,154,143,16,4.7,1.3
2026-02-18,10:00,T Nagar,188,148,150,38,5.3,1.3
2026-02-18,10:00,Anna Nagar,160,158,140,20,5.9,1.1
2026-02-18,10:00,Adyar,98,74,76,22,5.9,1.3
2026-02-18,10:00,Velachery,109,114,86,23,5.4,1.0
2026-02-18,10:00,Guindy,205,111,160,45,8.8,1.6
2026-02-18,10:00,OMR,196,176,169,27,6.7,1.1
2026-02-18,10:00,Tambaram,88,79,74,14,4.2,1.1
2026-02-18,10:00,Porur,113,89,93,20,5.1,1.2
2026-02-18,10:00,Egmore,189,120,169,20,7.7,1.5
2026-02-18,12:00,Chennai Central,112,127,103,9,5.3,1.0
2026-02-18,12:00,T Nagar,67,155,54,13,5.9,1.0
2026-02-18,12:00,Anna Nagar,124,147,107,17,4.8,1.0
2026-02-18,12:00,Adyar,84,197,68,16,3.8,1.0
2026-02-18,12:00,Velachery,143,91,135,8,6.9,1.3
2026-02-18,12:00,Guindy,116,191,102,14,5.6,1.0
2026-02-18,12:00,OMR,84,115,74,10,5.3,1.0
2026-02-18,12:00,Tambaram,92,84,86,6,3.5,1.1
2026-02-18,12:00,Porur,61,150,50,11,4.0,1.0
2026-02-18,12:00,Egmore,60,140,52,8,5.5,1.1
2026-02-18,14:00,Chennai Central,135,168,123,12,5.7,1.0
2026-02-18,14:00,T Nagar,96,192,87,9,5.2,1.1
2026-02-18,14:00,Anna Nagar,63,100,59,4,3.4,1.0
2026-02-18,14:00,Adyar,85,163,68,17,3.5,1.0
2026-02-18,14:00,Velachery,140,186,118,22,3.1,1.0
2026-02-18,14:00,Guindy,110,109,92,18,5.2,1.3
2026-02-18,14:00,OMR,118,170,94,24,4.6,1.0
2026-02-18,14:00,Tambaram,62,101,51,11,3.8,1.0
2026-02-18,14:00,Porur,76,93,66,10,5.3,1.0
2026-02-18,14:00,Egmore,84,152,78,6,4.3,1.0
2026-02-18,16:00,Chennai Central,109,164,94,15,5.2,1.0
2026-02-18,16:00,T Nagar,137,148,116,21,3.9,1.0
2026-02-18,16:00,Anna Nagar,135,186,106,29,5.7,1.0
2026-02-18,16:00,Adyar,143,125,129,14,5.5,1.2
2026-02-18,16:00,Velachery,95,107,86,9,5.2,1.1
2026-02-18,16:00,Guindy,100,184,86,14,5.9,1.0
2026-02-18,16:00,OMR,132,75,106,26,5.7,1.3
2026-02-18,16:00,Tambaram,106,180,86,20,4.8,1.0
2026-02-18,16:00,Porur,124,102,106,18,4.7,1.2
2026-02-18,16:00,Egmore,176,158,141,35,5.4,1.2
2026-02-18,18:00,Chennai Central,255,137,216,39,6.9,1.3
2026-02-18,18:00,T Nagar,215,148,191,24,5.2,1.1
2026-02-18,18:00,Anna Nagar,214,155,194,20,7.8,1.1
2026-02-18,18:00,Adyar,173,99,160,13,8.2,1.6
2026-02-18,18:00,Velachery,290,170,227,63,9.1,1.3
2026-02-18,18:00,Guindy,180,83,150,30,5.8,1.5
2026-02-18,18:00,OMR,248,106,215,33,8.3,2.0
2026-02-18,18:00,Tambaram,171,97,152,19,8.2,1.6
2026-02-18,18:00,Porur,209,96,191,18,6.2,1.5
2026-02-18,18:00,Egmore,176,115,166,10,5.2,1.5
2026-02-18,20:00,Chennai Central,224,112,182,42,7.8,1.3
2026-02-18,20:00,T Nagar,298,91,265,33,11.0,2.0
2026-02-18,20:00,Anna Nagar,246,122,233,13,8.5,1.5
2026-02-18,20:00,Adyar,136,146,119,17,5.1,1.0
2026-02-18,20:00,Velachery,289,170,257,32,6.0,1.5
2026-02-18,20:00,Guindy,252,97,236,16,7.9,1.8
2026-02-18,20:00,OMR,184,112,162,22,7.1,1.5
2026-02-18,20:00,Tambaram,228,101,191,37,8.1,1.5
2026-02-18,20:00,Porur,197,80,168,29,6.6,1.8
2026-02-18,20:00,Egmore,170,140,146,24,3.9,1.3
2026-02-19,06:00,Chennai Central,146,92,126,20,7.1,1.6
2026-02-19,06:00,T Nagar,156,166,136,20,4.6,1.1
2026-02-19,06:00,Anna Nagar,107,114,95,12,5.5,1.0
2026-02-19,06:00,Adyar,95,171,80,15,5.4,1.0
2026-02-19,06:00,Velachery,195,172,164,31,4.9,1.3
2026-02-19,06:00,Guindy,103,147,95,8,3.1,1.0
2026-02-19,06:00,OMR,152,171,143,9,4.8,1.0
2026-02-19,06:00,Tambaram,103,115,94,9,4.3,1.1
2026-02-19,06:00,Porur,146,178,130,16,6.4,1.0
2026-02-19,06:00,Egmore,97,119,90,7,5.9,1.0
2026-02-19,08:00,Chennai Central,294,95,233,61,9.3,1.5
2026-02-19,08:00,T Nagar,218,86,170,48,7.0,2.0
2026-02-19,08:00,Anna Nagar,221,101,208,13,8.1,1.5
2026-02-19,08:00,Adyar,136,81,117,19,7.7,1.5
2026-02-19,08:00,Velachery,201,107,189,12,8.3,1.3
2026-02-19,08:00,Guindy,218,71,195,23,9.8,2.0
2026-02-19,08:00,OMR,262,128,204,58,9.8,1.5
2026-02-19,08:00,Tambaram,199,157,159,40,4.5,1.3
2026-02-19,08:00,Porur,216,166,186,30,7.5,1.3
2026-02-19,08:00,Egmore,155,162,143,12,3.8,1.0
2026-02-19,10:00,Chennai Central,171,187,144,27,3.8,1.0
2026-02-19,10:00,T Nagar,130,161,102,28,4.8,1.0
2026-02-19,10:00,Anna Nagar,123,88,100,23,4.0,1.3
2026-02-19,10:00,Adyar,80,125,69,11,4.5,1.1
2026-02-19,10:00,Velachery,127,90,109,18,5.4,1.2
2026-02-19,10:00,Guindy,201,153,178,23,5.7,1.1
2026-02-19,10:00,OMR,196,154,164,32,5.7,1.2
2026-02-19,10:00,Tambaram,162,91,129,33,6.2,1.3
2026-02-19,10:00,Porur,159,143,138,21,4.7,1.3
2026-02-19,10:00,Egmore,189,141,178,11,6.5,1.1
2026-02-19,12:00,Chennai Central,168,100,136,32,4.9,1.3
2026-02-19,12:00,T Nagar,167,100,141,26,7.3,1.6
2026-02-19,12:00,Anna Nagar,92,154,87,5,4.1,1.0
2026-02-19,12:00,Adyar,92,172,85,7,4.0,1.0
2026-02-19,12:00,Velachery,159,136,149,10,5.7,1.3
2026-02-19,12:00,Guindy,138,156,120,18,4.3,1.0
2026-02-19,12:00,OMR,78,130,73,5,4.2,1.0
2026-02-19,12:00,Tambaram,72,120,59,13,6.2,1.0
2026-02-19,12:00,Porur,95,198,80,15,5.5,1.0
2026-02-19,12:00,Egmore,138,148,118,20,4.3,1.0
2026-02-19,14:00,Chennai Central,97,103,76,21,3.3,1.0
2026-02-19,14:00,T Nagar,113,193,88,25,5.7,1.0
2026-02-19,14:00,Anna Nagar,132,161,109,23,5.8,1.1
2026-02-19,14:00,Adyar,58,128,50,8,3.1,1.1
2026-02-19,14:00,Velachery,77,197,66,11,3.9,1.0
2026-02-19,14:00,Guindy,99,98,82,17,4.8,1.3
2026-02-19,14:00,OMR,60,91,53,7,4.4,1.0
2026-02-19,14:00,Tambaram,70,162,55,15,4.5,1.0
2026-02-19,14:00,Porur,92,159,84,8,6.1,1.0
2026-02-19,14:00,Egmore,105,139,90,15,4.3,1.1
2026-02-19,16:00,Chennai Central,192,109,171,21,6.0,1.3
2026-02-19,16:00,T Nagar,101,74,85,16,4.3,1.3
2026-02-19,16:00,Anna Nagar,120,139,97,23,4.3,1.0
2026-02-19,16:00,Adyar,106,115,90,16,5.4,1.0
2026-02-19,16:00,Velachery,96,149,79,17,6.4,1.0
2026-02-19,16:00,Guindy,208,85,181,27,9.1,1.8
2026-02-19,16:00,OMR,137,140,119,18,3.3,1.0
2026-02-19,16:00,Tambaram,117,166,94,23,4.8,1.1
2026-02-19,16:00,Porur,95,73,85,10,6.6,1.2
2026-02-19,16:00,Egmore,144,163,129,15,4.7,1.1
2026-02-19,18:00,Chennai Central,195,120,169,26,7.1,1.3
2026-02-19,18:00,T Nagar,195,116,156,39,7.6,1.6
2026-02-19,18:00,Anna Nagar,182,124,151,31,7.4,1.1
2026-02-19,18:00,Adyar,181,156,141,40,6.9,1.2
2026-02-19,18:00,Velachery,212,99,181,31,6.6,2.0
2026-02-19,18:00,Guindy,224,101,188,36,7.5,1.8
2026-02-19,18:00,OMR,272,116,238,34,7.0,1.5
2026-02-19,18:00,Tambaram,147,79,133,14,8.1,1.6
2026-02-19,18:00,Porur,169,166,143,26,3.8,1.2
2026-02-19,18:00,Egmore,158,103,133,25,6.8,1.3
2026-02-19,20:00,Chennai Central,218,83,203,15,8.2,1.8
2026-02-19,20:00,T Nagar,305,100,253,52,9.1,2.0
2026-02-19,20:00,Anna Nagar,164,89,152,12,6.0,1.6
2026-02-19,20:00,Adyar,185,100,174,11,5.7,1.3
2026-02-19,20:00,Velachery,278,122,261,17,10.0,2.0
2026-02-19,20:00,Guindy,309,100,288,21,10.0,2.0
2026-02-19,20:00,OMR,209,141,168,41,7.1,1.1
2026-02-19,20:00,Tambaram,144,115,128,16,5.7,1.3
2026-02-19,20:00,Porur,244,153,201,43,7.4,1.5
2026-02-19,20:00,Egmore,185,107,169,16,8.2,1.6
2026-02-20,06:00,Chennai Central,109,120,95,14,5.7,1.0
2026-02-20,06:00,T Nagar,173,177,163,10,3.8,1.0
2026-02-20,06:00,Anna Nagar,87,115,72,15,3.9,1.0
2026-02-20,06:00,Adyar,158,102,130,28,5.0,1.3
2026-02-20,06:00,Velachery,105,122,93,12,4.7,1.0
2026-02-20,06:00,Guindy,171,157,148,23,4.7,1.1
2026-02-20,06:00,OMR,112,160,99,13,5.5,1.0
2026-02-20,06:00,Tambaram,77,118,64,13,4.6,1.0
2026-02-20,06:00,Porur,139,119,123,16,5.9,1.3
2026-02-20,06:00,Egmore,106,141,88,18,4.4,1.0
2026-02-20,08:00,Chennai Central,267,156,232,35,8.7,1.5
2026-02-20,08:00,T Nagar,208,82,163,45,7.9,1.8
2026-02-20,08:00,Anna Nagar,172,82,145,27,7.7,2.0
2026-02-20,08:00,Adyar,170,88,151,19,6.3,1.6
2026-02-20,08:00,Velachery,228,123,191,37,6.1,1.5
2026-02-20,08:00,Guindy,270,100,254,16,8.5,1.8
2026-02-20,08:00,OMR,158,165,141,17,4.6,1.0
2026-02-20,08:00,Tambaram,134,70,107,27,5.1,1.3
2026-02-20,08:00,Porur,211,112,166,45,7.1,1.3
2026-02-20,08:00,Egmore,155,79,127,28,5.7,1.6
2026-02-20,10:00,Chennai Central,177,178,163,14,5.6,1.0
2026-02-20,10:00,T Nagar,105,161,85,20,5.6,1.0
2026-02-20,10:00,Anna Nagar,161,188,133,28,3.5,1.0
2026-02-20,10:00,Adyar,160,188,128,32,4.5,1.0
2026-02-20,10:00,Velachery,182,100,171,11,5.5,1.3
2026-02-20,10:00,Guindy,159,154,145,14,4.3,1.1
2026-02-20,10:00,OMR,110,131,90,20,5.1,1.0
2026-02-20,10:00,Tambaram,126,97,116,10,5.8,1.1
2026-02-20,10:00,Porur,79,124,65,14,4.9,1.0
2026-02-20,10:00,Egmore,196,135,169,27,8.0,1.1
2026-02-20,12:00,Chennai Central,127,139,105,22,5.8,1.0
2026-02-20,12:00,T Nagar,78,124,61,17,4.6,1.0
2026-02-20,12:00,Anna Nagar,56,200,44,12,5.2,1.0
2026-02-20,12:00,Adyar,52,89,40,12,5.6,1.1
2026-02-20,12:00,Velachery,116,195,109,7,6.2,1.0
2026-02-20,12:00,Guindy,69,95,60,9,5.8,1.1
2026-02-20,12:00,OMR,59,111,49,10,3.6,1.1
2026-02-20,12:00,Tambaram,114,134,103,11,5.9,1.0
2026-02-20,12:00,Porur,118,136,94,24,5.4,1.0
2026-02-20,12:00,Egmore,58,142,54,4,4.0,1.0
2026-02-20,14:00,Chennai Central,157,133,127,30,3.6,1.2
2026-02-20,14:00,T Nagar,148,138,128,20,6.3,1.3
2026-02-20,14:00,Anna Nagar,87,131,76,11,4.5,1.0
2026-02-20,14:00,Adyar,107,106,88,19,4.0,1.2
2026-02-20,14:00,Velachery,65,92,58,7,6.4,1.0
2026-02-20,14:00,Guindy,92,174,84,8,5.7,1.0
2026-02-20,14:00,OMR,121,182,112,9,6.0,1.1
2026-02-20,14:00,Tambaram,57,83,46,11,3.1,1.0
2026-02-20,14:00,Porur,110,185,100,10,3.8,1.0
2026-02-20,14:00,Egmore,105,113,95,10,3.6,1.0
2026-02-20,16:00,Chennai Central,152,148,137,15,3.4,1.1
2026-02-20,16:00,T Nagar,117,88,97,20,7.2,1.2
2026-02-20,16:00,Anna Nagar,175,96,146,29,6.7,1.6
2026-02-20,16:00,Adyar,140,145,120,20,5.8,1.0
2026-02-20,16:00,Velachery,206,119,177,29,7.1,1.6
2026-02-20,16:00,Guindy,154,129,130,24,3.7,1.1
2026-02-20,16:00,OMR,191,73,167,24,6.9,1.8
2026-02-20,16:00,Tambaram,158,84,138,20,6.8,1.6
2026-02-20,16:00,Porur,171,187,160,11,4.2,1.0
2026-02-20,16:00,Egmore,198,184,173,25,4.3,1.2
2026-02-20,18:00,Chennai Central,214,104,176,38,6.5,2.0
2026-02-20,18:00,T Nagar,318,163,260,58,8.6,1.5
2026-02-20,18:00,Anna Nagar,203,139,167,36,6.6,1.2
2026-02-20,18:00,Adyar,227,154,183,44,5.9,1.3
2026-02-20,18:00,Velachery,185,110,160,25,6.8,1.6
2026-02-20,18:00,Guindy,304,132,258,46,9.4,1.5
2026-02-20,18:00,OMR,217,98,189,28,7.6,1.8
2026-02-20,18:00,Tambaram,209,162,177,32,7.4,1.3
2026-02-20,18:00,Porur,215,125,169,46,7.6,1.3
2026-02-20,18:00,Egmore,265,146,234,31,7.0,1.5
2026-02-20,20:00,Chennai Central,295,161,271,24,8.8,1.3
2026-02-20,20:00,T Nagar,241,140,200,41,8.9,1.6
2026-02-20,20:00,Anna Nagar,267,97,221,46,9.9,2.0
2026-02-20,20:00,Adyar,228,168,181,47,6.0,1.2
2026-02-20,20:00,Velachery,220,161,202,18,5.6,1.2
2026-02-20,20:00,Guindy,172,144,152,20,5.2,1.1
2026-02-20,20:00,OMR,169,131,136,33,4.1,1.3
2026-02-20,20:00,Tambaram,190,159,175,15,3.8,1.3
2026-02-20,20:00,Porur,238,88,223,15,9.8,2.0
2026-02-20,20:00,Egmore,194,75,154,40,8.2,1.8
2026-02-21,06:00,Chennai Central,104,156,87,17,6.4,1.0
2026-02-21,06:00,T Nagar,223,113,200,23,7.9,1.6
2026-02-21,06:00,Anna Nagar,186,155,169,17,4.2,1.2
2026-02-21,06:00,Adyar,161,119,134,27,5.6,1.3
2026-02-21,06:00,Velachery,94,123,78,16,4.2,1.0
2026-02-21,06:00,Guindy,200,81,188,12,7.7,1.8
2026-02-21,06:00,OMR,160,99,151,9,5.8,1.3
2026-02-21,06:00,Tambaram,121,183,112,9,4.1,1.0
2026-02-21,06:00,Porur,103,165,93,10,3.2,1.0
2026-02-21,06:00,Egmore,191,176,159,32,4.9,1.2
2026-02-21,08:00,Chennai Central,193,111,173,20,6.7,1.6
2026-02-21,08:00,T Nagar,223,129,185,38,6.2,1.5
2026-02-21,08:00,Anna Nagar,149,148,128,21,3.7,1.3
2026-02-21,08:00,Adyar,154,151,139,15,4.1,1.1
2026-02-21,08:00,Velachery,192,123,172,20,5.0,1.6
2026-02-21,08:00,Guindy,285,146,262,23,8.4,1.3
2026-02-21,08:00,OMR,233,133,211,22,6.4,1.5
2026-02-21,08:00,Tambaram,219,131,194,25,7.0,1.5
2026-02-21,08:00,Porur,148,128,132,16,3.7,1.2
2026-02-21,08:00,Egmore,282,128,239,43,10.2,2.0
2026-02-21,10:00,Chennai Central,214,182,197,17,3.9,1.2
2026-02-21,10:00,T Nagar,108,145,93,15,6.0,1.0
2026-02-21,10:00,Anna Nagar,145,155,128,17,3.4,1.0
2026-02-21,10:00,Adyar,152,116,126,26,6.9,1.2
2026-02-21,10:00,Velachery,144,135,129,15,5.6,1.2
2026-02-21,10:00,Guindy,108,175,88,20,3.5,1.1
2026-02-21,10:00,OMR,97,115,82,15,3.1,1.0
2026-02-21,10:00,Tambaram,74,164,64,10,3.7,1.0
2026-02-21,10:00,Porur,90,142,75,15,4.0,1.0
2026-02-21,10:00,Egmore,189,129,170,19,5.5,1.2
2026-02-21,12:00,Chennai Central,168,102,151,17,7.0,1.3
2026-02-21,12:00,T Nagar,108,161,90,18,5.7,1.0
2026-02-21,12:00,Anna Nagar,131,126,120,11,4.1,1.1
2026-02-21,12:00,Adyar,129,122,112,17,4.3,1.3
2026-02-21,12:00,Velachery,136,176,116,20,3.6,1.1
2026-02-21,12:00,Guindy,63,153,50,13,6.2,1.1
2026-02-21,12:00,OMR,57,197,53,4,4.4,1.1
2026-02-21,12:00,Tambaram,54,153,46,8,3.1,1.0
2026-02-21,12:00,Porur,78,158,69,9,5.2,1.1
2026-02-21,12:00,Egmore,88,112,69,19,5.3,1.0
2026-02-21,14:00,Chennai Central,164,179,149,15,3.6,1.0
2026-02-21,14:00,T Nagar,75,190,58,17,4.6,1.1
2026-02-21,14:00,Anna Nagar,90,178,82,8,3.4,1.0
2026-02-21,14:00,Adyar,57,110,52,5,4.1,1.1
2026-02-21,14:00,Velachery,79,116,66,13,6.2,1.0
2026-02-21,14:00,Guindy,166,187,154,12,4.5,1.0
2026-02-21,14:00,OMR,84,116,70,14,4.5,1.0
2026-02-21,14:00,Tambaram,68,135,64,4,3.6,1.1
2026-02-21,14:00,Porur,108,120,86,22,4.3,1.0
2026-02-21,14:00,Egmore,80,101,66,14,5.3,1.0
2026-02-21,16:00,Chennai Central,134,117,108,26,3.5,1.1
2026-02-21,16:00,T Nagar,121,174,101,20,3.9,1.1
2026-02-21,16:00,Anna Nagar,153,117,126,27,5.2,1.2
2026-02-21,16:00,Adyar,80,156,70,10,5.8,1.1
2026-02-21,16:00,Velachery,174,92,157,17,8.2,1.6
2026-02-21,16:00,Guindy,186,114,159,27,5.7,1.5
2026-02-21,16:00,OMR,136,107,123,13,4.0,1.1
2026-02-21,16:00,Tambaram,90,156,77,13,4.9,1.1
2026-02-21,16:00,Porur,110,185,90,20,4.8,1.0
2026-02-21,16:00,Egmore,172,166,145,27,6.3,1.1
2026-02-21,18:00,Chennai Central,220,91,183,37,8.3,1.8
2026-02-21,18:00,T Nagar,186,114,160,26,5.9,1.5
2026-02-21,18:00,Anna Nagar,262,147,239,23,8.9,1.6
2026-02-21,18:00,Adyar,207,91,191,16,8.0,2.0
2026-02-21,18:00,Velachery,246,101,202,44,9.1,1.8
2026-02-21,18:00,Guindy,294,96,257,37,8.2,2.0
2026-02-21,18:00,OMR,202,166,162,40,7.3,1.3
2026-02-21,18:00,Tambaram,197,141,177,20,5.9,1.2
2026-02-21,18:00,Porur,191,112,156,35,6.4,1.3
2026-02-21,18:00,Egmore,203,160,177,26,5.3,1.2
2026-02-21,20:00,Chennai Central,295,110,242,53,9.1,1.5
2026-02-21,20:00,T Nagar,233,125,205,28,6.1,1.6
2026-02-21,20:00,Anna Nagar,241,131,194,47,6.7,1.5
2026-02-21,20:00,Adyar,164,120,139,25,7.5,1.3
2026-02-21,20:00,Velachery,296,100,267,29,10.0,2.0
2026-02-21,20:00,Guindy,181,85,161,20,6.0,1.5
2026-02-21,20:00,OMR,165,74,150,15,6.2,2.0
2026-02-21,20:00,Tambaram,168,149,140,28,5.9,1.2
2026-02-21,20:00,Porur,180,170,156,24,5.2,1.2
2026-02-21,20:00,Egmore,178,117,161,17,6.1,1.6
2026-02-22,06:00,Chennai Central,214,134,171,43,6.4,1.3
2026-02-22,06:00,T Nagar,196,145,161,35,4.4,1.3
2026-02-22,06:00,Anna Nagar,133,99,111,22,5.1,1.3
2026-02-22,06:00,Adyar,122,113,107,15,5.9,1.3
2026-02-22,06:00,Velachery,167,167,137,30,6.5,1.0
2026-02-22,06:00,Guindy,102,159,90,12,5.8,1.0
2026-02-22,06:00,OMR,178,184,144,34,5.6,1.0
2026-02-22,06:00,Tambaram,79,171,64,15,3.5,1.0
2026-02-22,06:00,Porur,149,167,131,18,5.1,1.1
2026-02-22,06:00,Egmore,119,114,106,13,3.9,1.1
2026-02-22,08:00,Chennai Central,265,107,235,30,9.1,1.8
2026-02-22,08:00,T Nagar,263,161,231,32,6.4,1.3
2026-02-22,08:00,Anna Nagar,185,133,149,36,6.8,1.1
2026-02-22,08:00,Adyar,205,123,184,21,6.1,1.3
2026-02-22,08:00,Velachery,163,128,133,30,4.3,1.1
2026-02-22,08:00,Guindy,248,146,198,50,7.3,1.6
2026-02-22,08:00,OMR,216,95,170,46,7.4,1.8
2026-02-22,08:00,Tambaram,170,110,146,24,4.7,1.6
2026-02-22,08:00,Porur,245,80,218,27,8.0,2.0
2026-02-22,08:00,Egmore,276,87,243,33,8.8,2.0
2026-02-22,10:00,Chennai Central,207,73,172,35,7.3,2.0
2026-02-22,10:00,T Nagar,163,107,148,15,7.8,1.5
2026-02-22,10:00,Anna Nagar,174,72,151,23,6.7,1.8
2026-02-22,10:00,Adyar,139,105,125,14,6.9,1.3
2026-02-22,10:00,Velachery,182,126,172,10,5.7,1.2
2026-02-22,10:00,Guindy,96,129,79,17,5.1,1.1
2026-02-22,10:00,OMR,173,72,156,17,5.9,1.5
2026-02-22,10:00,Tambaram,110,117,96,14,4.1,1.0
2026-02-22,10:00,Porur,111,101,86,25,5.7,1.1
2026-02-22,10:00,Egmore,169,158,139,30,6.2,1.1
2026-02-22,12:00,Chennai Central,67,87,54,13,5.6,1.0
2026-02-22,12:00,T Nagar,113,110,94,19,3.7,1.3
2026-02-22,12:00,Anna Nagar,106,132,99,7,3.2,1.0
2026-02-22,12:00,Adyar,87,95,81,6,5.6,1.1
2026-02-22,12:00,Velachery,113,168,95,18,5.0,1.1
2026-02-22,12:00,Guindy,96,149,86,10,6.0,1.1
2026-02-22,12:00,OMR,62,95,56,6,4.7,1.1
2026-02-22,12:00,Tambaram,99,193,81,18,5.9,1.0
2026-02-22,12:00,Porur,66,90,57,9,4.0,1.0
2026-02-22,12:00,Egmore,97,199,87,10,5.1,1.1
2026-02-22,14:00,Chennai Central,166,80,155,11,5.8,1.8
2026-02-22,14:00,T Nagar,167,153,144,23,5.0,1.1
2026-02-22,14:00,Anna Nagar,85,104,69,16,6.4,1.0
2026-02-22,14:00,Adyar,131,86,116,15,4.3,1.5
2026-02-22,14:00,Velachery,88,143,72,16,4.7,1.0
2026-02-22,14:00,Guindy,72,101,64,8,6.5,1.0
2026-02-22,14:00,OMR,126,105,109,17,6.4,1.1
2026-02-22,14:00,Tambaram,105,127,91,14,6.1,1.1
2026-02-22,14:00,Porur,128,148,100,28,5.5,1.0
2026-02-22,14:00,Egmore,136,129,122,14,4.9,1.3
2026-02-22,16:00,Chennai Central,144,171,136,8,3.6,1.0
2026-02-22,16:00,T Nagar,117,136,101,16,5.3,1.0
2026-02-22,16:00,Anna Nagar,161,83,145,16,8.3,1.3
2026-02-22,16:00,Adyar,76,140,69,7,4.8,1.0
2026-02-22,16:00,Velachery,202,131,182,20,5.1,1.3
2026-02-22,16:00,Guindy,168,117,147,21,6.7,1.3
2026-02-22,16:00,OMR,108,159,99,9,6.0,1.0
2026-02-22,16:00,Tambaram,161,71,131,30,7.2,2.0
2026-02-22,16:00,Porur,78,162,72,6,5.5,1.0
2026-02-22,16:00,Egmore,138,93,122,16,6.5,1.1
2026-02-22,18:00,Chennai Central,186,117,167,19,6.2,1.3
2026-02-22,18:00,T Nagar,316,159,261,55,7.9,1.3
2026-02-22,18:00,Anna Nagar,187,111,161,26,6.6,1.6
2026-02-22,18:00,Adyar,226,119,178,48,6.9,1.5
2026-02-22,18:00,Velachery,247,87,208,39,7.4,1.5
2026-02-22,18:00,Guindy,290,149,244,46,6.8,1.6
2026-02-22,18:00,OMR,176,82,155,21,8.3,2.0
2026-02-22,18:00,Tambaram,167,98,143,24,7.4,1.5
2026-02-22,18:00,Porur,221,143,191,30,5.9,1.3
2026-02-22,18:00,Egmore,188,104,150,38,5.2,1.5
2026-02-22,20:00,Chennai Central,174,77,137,37,8.5,1.5
2026-02-22,20:00,T Nagar,266,104,249,17,7.8,1.8
2026-02-22,20:00,Anna Nagar,262,105,230,32,8.6,1.5
2026-02-22,20:00,Adyar,215,130,170,45,8.1,1.6
2026-02-22,20:00,Velachery,252,104,228,24,8.1,2.0
2026-02-22,20:00,Guindy,298,157,239,59,8.1,1.5
2026-02-22,20:00,OMR,155,111,133,22,5.0,1.2
2026-02-22,20:00,Tambaram,173,73,150,23,8.0,1.8
2026-02-22,20:00,Porur,172,116,151,21,7.4,1.1
2026-02-22,20:00,Egmore,233,148,198,35,8.0,1.6
2026-02-23,06:00,Chennai Central,140,176,116,24,3.0,1.0
2026-02-23,06:00,T Nagar,105,176,90,15,3.7,1.0
2026-02-23,06:00,Anna Nagar,189,89,161,28,8.1,1.5
2026-02-23,06:00,Adyar,95,104,87,8,4.1,1.0
2026-02-23,06:00,Velachery,106,85,89,17,5.7,1.1
2026-02-23,06:00,Guindy,117,81,98,19,5.8,1.2
2026-02-23,06:00,OMR,180,142,160,20,5.6,1.3
2026-02-23,06:00,Tambaram,139,175,119,20,3.8,1.0
2026-02-23,06:00,Porur,161,184,125,36,3.8,1.0
2026-02-23,06:00,Egmore,132,85,123,9,7.4,1.3
2026-02-23,08:00,Chennai Central,189,89,177,12,6.7,1.8
2026-02-23,08:00,T Nagar,191,115,164,27,6.0,1.5
2026-02-23,08:00,Anna Nagar,200,100,169,31,8.7,1.5
2026-02-23,08:00,Adyar,165,128,134,31,7.2,1.3
2026-02-23,08:00,Velachery,162,84,149,13,6.0,1.5
2026-02-23,08:00,Guindy,176,111,141,35,5.8,1.6
2026-02-23,08:00,OMR,215,71,190,25,8.7,1.5
2026-02-23,08:00,Tambaram,157,156,133,24,5.5,1.2
2026-02-23,08:00,Porur,209,76,193,16,7.6,1.8
2026-02-23,08:00,Egmore,173,146,136,37,5.5,1.1
2026-02-23,10:00,Chennai Central,207,91,184,23,7.6,1.5
2026-02-23,10:00,T Nagar,197,117,161,36,6.7,1.6
2026-02-23,10:00,Anna Nagar,115,187,94,21,4.0,1.0
2026-02-23,10:00,Adyar,124,140,103,21,6.5,1.0
2026-02-23,10:00,Velachery,204,93,180,24,9.0,1.5
2026-02-23,10:00,Guindy,147,92,132,15,4.4,1.3
2026-02-23,10:00,OMR,115,154,100,15,3.9,1.0
2026-02-23,10:00,Tambaram,155,79,123,32,7.0,1.6
2026-02-23,10:00,Porur,152,176,142,10,4.1,1.0
2026-02-23,10:00,Egmore,90,87,76,14,6.3,1.2
2026-02-23,12:00,Chennai Central,109,112,100,9,5.8,1.1
2026-02-23,12:00,T Nagar,122,83,99,23,5.5,1.2
2026-02-23,12:00,Anna Nagar,64,197,55,9,3.5,1.0
2026-02-23,12:00,Adyar,68,104,55,13,3.6,1.0
2026-02-23,12:00,Velachery,71,146,67,4,3.1,1.0
2026-02-23,12:00,Guindy,106,94,86,20,4.6,1.1
2026-02-23,12:00,OMR,63,91,58,5,4.6,1.1
2026-02-23,12:00,Tambaram,52,185,43,9,4.2,1.0
2026-02-23,12:00,Porur,77,148,66,11,3.6,1.0
2026-02-23,12:00,Egmore,139,90,128,11,6.9,1.6
2026-02-23,14:00,Chennai Central,120,121,103,17,3.5,1.0
2026-02-23,14:00,T Nagar,146,168,130,16,6.0,1.0
2026-02-23,14:00,Anna Nagar,138,164,118,20,4.0,1.0
2026-02-23,14:00,Adyar,62,151,52,10,5.4,1.0
2026-02-23,14:00,Velachery,134,169,118,16,4.3,1.0
2026-02-23,14:00,Guindy,135,94,124,11,7.0,1.3
2026-02-23,14:00,OMR,84,192,69,15,6.1,1.0
2026-02-23,14:00,Tambaram,107,187,84,23,4.9,1.0
2026-02-23,14:00,Porur,73,119,57,16,6.0,1.1
2026-02-23,14:00,Egmore,59,182,46,13,5.5,1.0
2026-02-23,16:00,Chennai Central,184,159,155,29,4.5,1.1
2026-02-23,16:00,T Nagar,181,127,149,32,7.5,1.1
2026-02-23,16:00,Anna Nagar,132,143,108,24,4.1,1.0
2026-02-23,16:00,Adyar,94,163,85,9,4.7,1.1
2026-02-23,16:00,Velachery,149,183,124,25,3.1,1.0
2026-02-23,16:00,Guindy,147,182,122,25,3.2,1.0
2026-02-23,16:00,OMR,127,85,100,27,4.1,1.3
2026-02-23,16:00,Tambaram,107,179,93,14,3.2,1.0
2026-02-23,16:00,Porur,80,128,73,7,6.5,1.0
2026-02-23,16:00,Egmore,134,110,120,14,6.9,1.1
2026-02-23,18:00,Chennai Central,204,86,162,42,8.3,1.8
2026-02-23,18:00,T Nagar,245,96,198,47,9.3,1.5
2026-02-23,18:00,Anna Nagar,254,133,241,13,7.3,1.3
2026-02-23,18:00,Adyar,210,129,172,38,8.5,1.6
2026-02-23,18:00,Velachery,164,145,135,29,3.9,1.3
2026-02-23,18:00,Guindy,272,115,240,32,9.6,1.5
2026-02-23,18:00,OMR,161,100,136,25,7.3,1.6
2026-02-23,18:00,Tambaram,180,86,152,28,8.4,2.0
2026-02-23,18:00,Porur,237,93,196,41,7.6,1.5
2026-02-23,18:00,Egmore,183,159,167,16,5.6,1.2
2026-02-23,20:00,Chennai Central,292,77,240,52,9.3,2.0
2026-02-23,20:00,T Nagar,255,119,203,52,9.5,1.5
2026-02-23,20:00,Anna Nagar,164,79,130,34,8.1,1.8
2026-02-23,20:00,Adyar,159,76,134,25,6.5,1.8
2026-02-23,20:00,Velachery,181,124,161,20,7.7,1.2
2026-02-23,20:00,Guindy,295,143,264,31,9.3,1.8
2026-02-23,20:00,OMR,212,137,187,25,7.3,1.6
2026-02-23,20:00,Tambaram,223,87,177,46,9.6,1.5
2026-02-23,20:00,Porur,221,120,191,30,7.0,1.5
2026-02-23,20:00,Egmore,171,168,142,29,4.0,1.2
2026-02-24,06:00,Chennai Central,138,71,110,28,5.5,1.3
2026-02-24,06:00,T Nagar,137,76,124,13,6.9,1.3
2026-02-24,06:00,Anna Nagar,147,158,121,26,3.3,1.0
2026-02-24,06:00,Adyar,170,167,154,16,3.6,1.1
2026-02-24,06:00,Velachery,184,72,150,34,7.2,2.0
2026-02-24,06:00,Guindy,111,112,98,13,3.9,1.0
2026-02-24,06:00,OMR,96,81,81,15,6.3,1.1
2026-02-24,06:00,Tambaram,81,130,63,18,4.8,1.0
2026-02-24,06:00,Porur,79,161,74,5,3.6,1.1
2026-02-24,06:00,Egmore,173,83,146,27,5.3,2.0
2026-02-24,08:00,Chennai Central,312,81,270,42,8.8,1.5
2026-02-24,08:00,T Nagar,231,90,210,21,9.7,2.0
2026-02-24,08:00,Anna Nagar,190,103,168,22,7.0,1.6
2026-02-24,08:00,Adyar,142,97,132,10,7.6,1.1
2026-02-24,08:00,Velachery,243,163,227,16,8.4,1.1
2026-02-24,08:00,Guindy,289,108,268,21,9.1,1.5
2026-02-24,08:00,OMR,154,103,135,19,4.7,1.1
2026-02-24,08:00,Tambaram,164,118,145,19,5.8,1.2
2026-02-24,08:00,Porur,194,139,154,40,5.5,1.2
2026-02-24,08:00,Egmore,172,123,155,17,5.0,1.1
2026-02-24,10:00,Chennai Central,150,71,128,22,7.0,1.8
2026-02-24,10:00,T Nagar,177,146,162,15,7.0,1.3
2026-02-24,10:00,Anna Nagar,113,106,99,14,5.2,1.3
2026-02-24,10:00,Adyar,80,162,74,6,3.7,1.1
2026-02-24,10:00,Velachery,124,118,102,22,4.8,1.1
2026-02-24,10:00,Guindy,202,134,159,43,7.2,1.3
2026-02-24,10:00,OMR,188,101,151,37,6.2,1.6
2026-02-24,10:00,Tambaram,130,143,105,25,5.1,1.0
2026-02-24,10:00,Porur,128,109,121,7,5.9,1.3
2026-02-24,10:00,Egmore,134,141,118,16,5.1,1.1
2026-02-24,12:00,Chennai Central,163,84,135,28,8.0,1.3
2026-02-24,12:00,T Nagar,116,121,98,18,3.1,1.0
2026-02-24,12:00,Anna Nagar,61,168,53,8,3.3,1.0
2026-02-24,12:00,Adyar,74,197,64,10,4.6,1.1
2026-02-24,12:00,Velachery,93,96,78,15,6.5,1.1
2026-02-24,12:00,Guindy,122,149,111,11,5.9,1.0
2026-02-24,12:00,OMR,127,196,113,14,5.3,1.0
2026-02-24,12:00,Tambaram,101,85,93,8,5.5,1.3
2026-02-24,12:00,Porur,111,104,99,12,5.8,1.3
2026-02-24,12:00,Egmore,154,118,128,26,6.6,1.2
2026-02-24,14:00,Chennai Central,116,92,100,16,4.4,1.1
2026-02-24,14:00,T Nagar,157,200,141,16,4.7,1.0
2026-02-24,14:00,Anna Nagar,130,194,110,20,4.7,1.1
2026-02-24,14:00,Adyar,84,167,77,7,6.4,1.0
2026-02-24,14:00,Velachery,63,119,57,6,6.3,1.0
2026-02-24,14:00,Guindy,96,96,89,7,4.6,1.0
2026-02-24,14:00,OMR,133,147,107,26,5.5,1.0
2026-02-24,14:00,Tambaram,62,183,51,11,6.0,1.1
2026-02-24,14:00,Porur,66,130,57,9,4.2,1.0
2026-02-24,14:00,Egmore,97,200,81,16,6.3,1.0
2026-02-24,16:00,Chennai Central,201,128,171,30,6.6,1.5
2026-02-24,16:00,T Nagar,180,103,148,32,6.5,1.3
2026-02-24,16:00,Anna Nagar,177,158,142,35,6.9,1.1
2026-02-24,16:00,Adyar,76,97,63,13,4.0,1.0
2026-02-24,16:00,Velachery,121,92,110,11,4.3,1.2
2026-02-24,16:00,Guindy,142,83,115,27,6.8,1.5
2026-02-24,16:00,OMR,127,85,114,13,4.5,1.3
2026-02-24,16:00,Tambaram,78,74,72,6,4.7,1.1
2026-02-24,16:00,Porur,83,71,78,5,5.9,1.2
2026-02-24,16:00,Egmore,181,70,153,28,8.2,1.5
2026-02-24,18:00,Chennai Central,201,156,181,20,6.5,1.3
2026-02-24,18:00,T Nagar,322,118,297,25,10.5,1.5
2026-02-24,18:00,Anna Nagar,225,154,205,20,6.0,1.2
2026-02-24,18:00,Adyar,194,123,159,35,6.7,1.5
2026-02-24,18:00,Velachery,280,87,256,24,11.0,1.5
2026-02-24,18:00,Guindy,277,116,216,61,10.5,2.0
2026-02-24,18:00,OMR,249,169,196,53,8.0,1.1
2026-02-24,18:00,Tambaram,223,128,206,17,6.5,1.5
2026-02-24,18:00,Porur,191,78,178,13,7.5,2.0
2026-02-24,18:00,Egmore,179,162,154,25,5.5,1.2
2026-02-24,20:00,Chennai Central,250,151,236,14,5.8,1.5
2026-02-24,20:00,T Nagar,233,85,192,41,9.0,1.5
2026-02-24,20:00,Anna Nagar,205,137,183,22,5.7,1.3
2026-02-24,20:00,Adyar,190,138,148,42,5.5,1.3
2026-02-24,20:00,Velachery,240,74,190,50,7.4,2.0
2026-02-24,20:00,Guindy,212,78,185,27,9.7,2.0
2026-02-24,20:00,OMR,276,151,237,39,7.9,1.6
2026-02-24,20:00,Tambaram,154,93,132,22,5.6,1.5
2026-02-24,20:00,Porur,227,136,187,40,8.7,1.3
2026-02-24,20:00,Egmore,229,107,188,41,9.3,1.5
2026-02-25,06:00,Chennai Central,187,167,165,22,4.9,1.1
2026-02-25,06:00,T Nagar,161,91,143,18,7.3,1.6
2026-02-25,06:00,Anna Nagar,119,167,95,24,5.1,1.1
2026-02-25,06:00,Adyar,121,116,110,11,3.8,1.1
2026-02-25,06:00,Velachery,98,133,88,10,4.8,1.0
2026-02-25,06:00,Guindy,199,98,172,27,8.9,2.0
2026-02-25,06:00,OMR,125,169,98,27,6.3,1.0
2026-02-25,06:00,Tambaram,137,169,106,31,4.7,1.0
2026-02-25,06:00,Porur,162,154,126,36,4.0,1.3
2026-02-25,06:00,Egmore,172,104,135,37,7.8,1.5
2026-02-25,08:00,Chennai Central,290,99,231,59,9.4,1.5
2026-02-25,08:00,T Nagar,267,153,212,55,8.5,1.3
2026-02-25,08:00,Anna Nagar,206,168,184,22,7.1,1.3
2026-02-25,08:00,Adyar,221,129,186,35,8.7,1.5
2026-02-25,08:00,Velachery,238,85,218,20,9.2,2.0
2026-02-25,08:00,Guindy,170,96,156,14,5.1,1.3
2026-02-25,08:00,OMR,244,86,199,45,7.1,2.0
2026-02-25,08:00,Tambaram,211,130,188,23,5.4,1.6
2026-02-25,08:00,Porur,161,111,143,18,6.3,1.3
2026-02-25,08:00,Egmore,251,83,232,19,7.9,1.5
2026-02-25,10:00,Chennai Central,148,177,116,32,5.6,1.1
2026-02-25,10:00,T Nagar,185,76,149,36,8.1,1.8
2026-02-25,10:00,Anna Nagar,103,145,80,23,5.7,1.0
2026-02-25,10:00,Adyar,86,187,67,19,4.0,1.0
2026-02-25,10:00,Velachery,127,82,103,24,6.2,1.6
2026-02-25,10:00,Guindy,103,85,82,21,6.8,1.2
2026-02-25,10:00,OMR,121,163,113,8,6.1,1.1
2026-02-25,10:00,Tambaram,75,147,58,17,4.6,1.0
2026-02-25,10:00,Porur,146,132,129,17,4.1,1.3
2026-02-25,10:00,Egmore,112,78,90,22,4.2,1.2
2026-02-25,12:00,Chennai Central,121,170,112,9,4.1,1.0
2026-02-25,12:00,T Nagar,170,148,149,21,6.0,1.1
2026-02-25,12:00,Anna Nagar,108,139,92,16,3.8,1.0
2026-02-25,12:00,Adyar,48,189,44,4,4.5,1.1
2026-02-25,12:00,Velachery,95,111,89,6,3.6,1.0
2026-02-25,12:00,Guindy,121,108,114,7,6.5,1.1
2026-02-25,12:00,OMR,71,191,56,15,5.3,1.0
2026-02-25,12:00,Tambaram,119,89,100,19,5.8,1.1
2026-02-25,12:00,Porur,61,123,48,13,4.3,1.1
2026-02-25,12:00,Egmore,55,152,45,10,4.5,1.1
2026-02-25,14:00,Chennai Central,85,158,68,17,5.5,1.0
2026-02-25,14:00,T Nagar,72,162,59,13,3.9,1.0
2026-02-25,14:00,Anna Nagar,105,117,92,13,4.4,1.1
2026-02-25,14:00,Adyar,116,146,102,14,3.6,1.0
2026-02-25,14:00,Velachery,117,130,95,22,5.7,1.0
2026-02-25,14:00,Guindy,139,126,127,12,5.7,1.2
2026-02-25,14:00,OMR,81,135,72,9,4.1,1.0
2026-02-25,14:00,Tambaram,84,141,69,15,5.9,1.0
2026-02-25,14:00,Porur,68,157,63,5,4.7,1.1
2026-02-25,14:00,Egmore,125,165,99,26,5.1,1.1
2026-02-25,16:00,Chennai Central,134,184,109,25,6.3,1.1
2026-02-25,16:00,T Nagar,101,107,90,11,5.0,1.0
2026-02-25,16:00,Anna Nagar,156,136,140,16,4.4,1.2
2026-02-25,16:00,Adyar,101,150,90,11,4.1,1.0
2026-02-25,16:00,Velachery,106,101,86,20,3.4,1.2
2026-02-25,16:00,Guindy,124,101,107,17,6.8,1.1
2026-02-25,16:00,OMR,198,141,179,19,6.3,1.1
2026-02-25,16:00,Tambaram,155,163,131,24,4.1,1.0
2026-02-25,16:00,Porur,117,78,98,19,7.4,1.2
2026-02-25,16:00,Egmore,134,87,108,26,6.0,1.5
2026-02-25,18:00,Chennai Central,241,132,219,22,9.2,1.6
2026-02-25,18:00,T Nagar,300,121,264,36,10.7,1.8
2026-02-25,18:00,Anna Nagar,201,136,161,40,5.5,1.3
2026-02-25,18:00,Adyar,166,135,156,10,6.3,1.2
2026-02-25,18:00,Velachery,178,113,155,23,7.2,1.6
2026-02-25,18:00,Guindy,218,87,181,37,9.4,2.0
2026-02-25,18:00,OMR,262,90,247,15,10.0,2.0
2026-02-25,18:00,Tambaram,153,114,136,17,7.3,1.3
2026-02-25,18:00,Porur,224,76,181,43,8.2,1.8
2026-02-25,18:00,Egmore,242,125,192,50,7.0,1.6
2026-02-25,20:00,Chennai Central,172,83,135,37,7.8,2.0
2026-02-25,20:00,T Nagar,285,166,262,23,6.4,1.5
2026-02-25,20:00,Anna Nagar,232,148,209,23,6.3,1.5
2026-02-25,20:00,Adyar,239,86,187,52,9.1,2.0
2026-02-25,20:00,Velachery,299,150,261,38,8.7,1.5
2026-02-25,20:00,Guindy,183,168,149,34,4.5,1.3
2026-02-25,20:00,OMR,221,152,187,34,7.5,1.1
2026-02-25,20:00,Tambaram,171,138,158,13,5.5,1.1
2026-02-25,20:00,Porur,219,170,192,27,5.7,1.1
2026-02-25,20:00,Egmore,247,126,225,22,6.3,1.5
2026-02-26,06:00,Chennai Central,118,132,102,16,4.4,1.0
2026-02-26,06:00,T Nagar,158,133,144,14,3.8,1.1
2026-02-26,06:00,Anna Nagar,99,90,91,8,5.4,1.2
2026-02-26,06:00,Adyar,124,94,97,27,5.5,1.2
2026-02-26,06:00,Velachery,159,108,129,30,5.6,1.1
2026-02-26,06:00,Guindy,122,174,101,21,4.8,1.1
2026-02-26,06:00,OMR,180,153,156,24,4.4,1.3
2026-02-26,06:00,Tambaram,93,79,77,16,4.8,1.3
2026-02-26,06:00,Porur,123,116,116,7,5.8,1.1
2026-02-26,06:00,Egmore,135,187,124,11,6.3,1.0
2026-02-26,08:00,Chennai Central,244,94,219,25,8.8,2.0
2026-02-26,08:00,T Nagar,203,151,174,29,5.9,1.2
2026-02-26,08:00,Anna Nagar,147,156,134,13,3.2,1.0
2026-02-26,08:00,Adyar,217,103,206,11,6.2,1.8
2026-02-26,08:00,Velachery,256,139,232,24,9.0,1.3
2026-02-26,08:00,Guindy,270,137,241,29,9.4,1.6
2026-02-26,08:00,OMR,255,100,205,50,9.1,1.8
2026-02-26,08:00,Tambaram,221,126,177,44,6.3,1.3
2026-02-26,08:00,Porur,162,104,129,33,5.7,1.5
2026-02-26,08:00,Egmore,233,168,205,28,4.8,1.3
2026-02-26,10:00,Chennai Central,112,184,90,22,5.0,1.0
2026-02-26,10:00,T Nagar,206,114,172,34,7.4,1.5
2026-02-26,10:00,Anna Nagar,154,81,121,33,7.1,1.5
2026-02-26,10:00,Adyar,164,84,141,23,6.6,1.6
2026-02-26,10:00,Velachery,171,149,135,36,5.3,1.1
2026-02-26,10:00,Guindy,103,169,95,8,5.1,1.1
2026-02-26,10:00,OMR,165,131,145,20,6.0,1.3
2026-02-26,10:00,Tambaram,79,146,70,9,4.7,1.1
2026-02-26,10:00,Porur,80,73,65,15,3.9,1.3
2026-02-26,10:00,Egmore,102,161,91,11,6.4,1.0
2026-02-26,12:00,Chennai Central,120,148,95,25,3.2,1.0
2026-02-26,12:00,T Nagar,145,151,127,18,5.6,1.0
2026-02-26,12:00,Anna Nagar,54,178,46,8,3.3,1.0
2026-02-26,12:00,Adyar,86,174,80,6,5.5,1.0
2026-02-26,12:00,Velachery,96,104,90,6,3.7,1.0
2026-02-26,12:00,Guindy,78,178,65,13,3.8,1.0
2026-02-26,12:00,OMR,145,146,132,13,3.5,1.0
2026-02-26,12:00,Tambaram,63,198,57,6,4.9,1.0
2026-02-26,12:00,Porur,71,82,59,12,4.6,1.0
2026-02-26,12:00,Egmore,64,198,50,14,3.4,1.1
2026-02-26,14:00,Chennai Central,97,170,91,6,4.7,1.0
2026-02-26,14:00,T Nagar,155,85,121,34,5.0,1.6
2026-02-26,14:00,Anna Nagar,54,93,45,9,6.4,1.0
2026-02-26,14:00,Adyar,84,84,70,14,6.3,1.0
2026-02-26,14:00,Velachery,93,131,86,7,4.4,1.0
2026-02-26,14:00,Guindy,120,82,99,21,5.6,1.1
2026-02-26,14:00,OMR,59,142,54,5,5.7,1.0
2026-02-26,14:00,Tambaram,90,151,81,9,5.0,1.1
2026-02-26,14:00,Porur,116,109,98,18,5.0,1.2
2026-02-26,14:00,Egmore,56,169,49,7,3.3,1.0
2026-02-26,16:00,Chennai Central,208,111,166,42,8.4,1.3
2026-02-26,16:00,T Nagar,148,127,118,30,4.3,1.1
2026-02-26,16:00,Anna Nagar,178,144,143,35,5.4,1.2
2026-02-26,16:00,Adyar,133,167,104,29,4.2,1.1
2026-02-26,16:00,Velachery,101,86,85,16,4.6,1.2
2026-02-26,16:00,Guindy,152,95,142,10,7.3,1.6
2026-02-26,16:00,OMR,111,186,87,24,4.2,1.0
2026-02-26,16:00,Tambaram,89,165,77,12,5.5,1.0
2026-02-26,16:00,Porur,123,165,113,10,3.8,1.0
2026-02-26,16:00,Egmore,161,73,146,15,7.3,1.5
2026-02-26,18:00,Chennai Central,176,96,159,17,7.0,1.3
2026-02-26,18:00,T Nagar,186,99,145,41,7.0,1.5
2026-02-26,18:00,Anna Nagar,179,82,148,31,8.6,2.0
2026-02-26,18:00,Adyar,221,165,177,44,6.3,1.1
2026-02-26,18:00,Velachery,261,129,231,30,8.5,1.8
2026-02-26,18:00,Guindy,297,82,236,61,10.0,2.0
2026-02-26,18:00,OMR,169,166,137,32,4.5,1.2
2026-02-26,18:00,Tambaram,209,91,188,21,6.1,1.5
2026-02-26,18:00,Porur,197,119,161,36,6.2,1.5
2026-02-26,18:00,Egmore,199,162,156,43,5.5,1.1
2026-02-26,20:00,Chennai Central,262,163,210,52,5.6,1.3
2026-02-26,20:00,T Nagar,275,94,259,16,9.5,1.5
2026-02-26,20:00,Anna Nagar,220,96,203,17,9.6,1.8
2026-02-26,20:00,Adyar,212,141,199,13,7.5,1.6
2026-02-26,20:00,Velachery,249,165,213,36,8.4,1.3
2026-02-26,20:00,Guindy,225,168,203,22,7.9,1.2
2026-02-26,20:00,OMR,176,132,138,38,5.2,1.1
2026-02-26,20:00,Tambaram,169,139,159,10,5.4,1.3
2026-02-26,20:00,Porur,208,133,196,12,7.5,1.3
2026-02-26,20:00,Egmore,250,104,226,24,9.8,1.8
2026-02-27,06:00,Chennai Central,116,102,96,20,5.5,1.1
2026-02-27,06:00,T Nagar,120,138,112,8,5.4,1.0
2026-02-27,06:00,Anna Nagar,93,148,73,20,5.0,1.0
2026-02-27,06:00,Adyar,140,183,113,27,4.8,1.0
2026-02-27,06:00,Velachery,131,170,111,20,5.3,1.1
2026-02-27,06:00,Guindy,134,83,116,18,4.9,1.6
2026-02-27,06:00,OMR,134,102,120,14,4.0,1.3
2026-02-27,06:00,Tambaram,130,103,113,17,5.6,1.2
2026-02-27,06:00,Porur,84,85,65,19,5.9,1.1
2026-02-27,06:00,Egmore,105,117,92,13,4.9,1.1
2026-02-27,08:00,Chennai Central,240,81,199,41,10.2,1.5
2026-02-27,08:00,T Nagar,267,167,221,46,5.9,1.6
2026-02-27,08:00,Anna Nagar,191,113,172,19,7.7,1.6
2026-02-27,08:00,Adyar,175,105,147,28,7.5,1.3
2026-02-27,08:00,Velachery,226,100,195,31,7.1,1.5
2026-02-27,08:00,Guindy,180,113,160,20,5.8,1.5
2026-02-27,08:00,OMR,276,97,222,54,8.6,1.8
2026-02-27,08:00,Tambaram,148,134,129,19,4.3,1.1
2026-02-27,08:00,Porur,193,147,163,30,7.2,1.2
2026-02-27,08:00,Egmore,214,161,195,19,6.1,1.1
2026-02-27,10:00,Chennai Central,213,101,177,36,7.2,1.5
2026-02-27,10:00,T Nagar,103,166,84,19,4.1,1.0
2026-02-27,10:00,Anna Nagar,99,70,80,19,6.2,1.3
2026-02-27,10:00,Adyar,160,103,137,23,7.0,1.6
2026-02-27,10:00,Velachery,187,181,156,31,5.1,1.2
2026-02-27,10:00,Guindy,165,99,155,10,4.8,1.5
2026-02-27,10:00,OMR,113,141,106,7,3.4,1.0
2026-02-27,10:00,Tambaram,96,180,83,13,5.7,1.0
2026-02-27,10:00,Porur,138,141,110,28,4.9,1.0
2026-02-27,10:00,Egmore,185,85,155,30,6.5,1.8
2026-02-27,12:00,Chennai Central,103,110,92,11,4.3,1.0
2026-02-27,12:00,T Nagar,127,199,111,16,6.4,1.0
2026-02-27,12:00,Anna Nagar,74,96,67,7,4.4,1.0
2026-02-27,12:00,Adyar,123,147,113,10,5.4,1.0
2026-02-27,12:00,Velachery,121,150,94,27,4.1,1.0
2026-02-27,12:00,Guindy,130,108,116,14,4.5,1.2
2026-02-27,12:00,OMR,77,179,70,7,6.0,1.0
2026-02-27,12:00,Tambaram,70,151,54,16,6.1,1.0
2026-02-27,12:00,Porur,59,98,54,5,5.3,1.1
2026-02-27,12:00,Egmore,126,109,114,12,4.1,1.2
2026-02-27,14:00,Chennai Central,136,197,110,26,4.2,1.0
2026-02-27,14:00,T Nagar,130,150,106,24,3.7,1.0
2026-02-27,14:00,Anna Nagar,124,165,107,17,5.6,1.0
2026-02-27,14:00,Adyar,58,164,52,6,4.2,1.0
2026-02-27,14:00,Velachery,70,189,55,15,5.8,1.0
2026-02-27,14:00,Guindy,70,114,63,7,3.4,1.0
2026-02-27,14:00,OMR,140,147,117,23,5.0,1.1
2026-02-27,14:00,Tambaram,84,90,78,6,5.6,1.0
2026-02-27,14:00,Porur,108,117,91,17,5.0,1.0
2026-02-27,14:00,Egmore,102,122,94,8,5.4,1.0
2026-02-27,16:00,Chennai Central,127,143,119,8,5.6,1.0
2026-02-27,16:00,T Nagar,111,136,103,8,5.4,1.1
2026-02-27,16:00,Anna Nagar,100,82,93,7,5.5,1.2
2026-02-27,16:00,Adyar,152,95,122,30,4.8,1.3
2026-02-27,16:00,Velachery,155,176,136,19,5.8,1.1
2026-02-27,16:00,Guindy,132,148,109,23,4.8,1.1
2026-02-27,16:00,OMR,99,115,80,19,3.6,1.0
2026-02-27,16:00,Tambaram,142,111,113,29,7.0,1.3
2026-02-27,16:00,Porur,155,100,141,14,6.5,1.3
2026-02-27,16:00,Egmore,167,88,146,21,5.2,1.5
2026-02-27,18:00,Chennai Central,296,169,265,31,9.3,1.6
2026-02-27,18:00,T Nagar,248,136,199,49,7.4,1.6
2026-02-27,18:00,Anna Nagar,253,147,215,38,8.6,1.5
2026-02-27,18:00,Adyar,246,154,194,52,6.0,1.5
2026-02-27,18:00,Velachery,254,118,235,19,9.8,2.0
2026-02-27,18:00,Guindy,280,100,247,33,9.6,2.0
2026-02-27,18:00,OMR,270,120,249,21,9.3,2.0
2026-02-27,18:00,Tambaram,167,119,151,16,6.1,1.2
2026-02-27,18:00,Porur,230,166,196,34,6.8,1.2
2026-02-27,18:00,Egmore,256,169,232,24,6.3,1.5
2026-02-27,20:00,Chennai Central,210,142,178,32,7.5,1.3
2026-02-27,20:00,T Nagar,243,85,222,21,10.2,2.0
2026-02-27,20:00,Anna Nagar,224,137,176,48,5.5,1.3
2026-02-27,20:00,Adyar,191,114,173,18,6.6,1.3
2026-02-27,20:00,Velachery,286,86,241,45,11.3,1.8
2026-02-27,20:00,Guindy,249,163,224,25,7.9,1.3
2026-02-27,20:00,OMR,185,146,162,23,6.4,1.1
2026-02-27,20:00,Tambaram,199,144,158,41,7.6,1.3
2026-02-27,20:00,Porur,165,153,150,15,4.5,1.3
2026-02-27,20:00,Egmore,248,168,199,49,6.3,1.1
2026-02-28,06:00,Chennai Central,172,175,141,31,6.0,1.1
2026-02-28,06:00,T Nagar,191,109,151,40,5.9,1.3
2026-02-28,06:00,Anna Nagar,135,123,121,14,6.2,1.2
2026-02-28,06:00,Adyar,125,140,109,16,4.7,1.0
2026-02-28,06:00,Velachery,93,144,76,17,6.1,1.0
2026-02-28,06:00,Guindy,133,152,114,19,4.9,1.0
2026-02-28,06:00,OMR,193,127,169,24,4.8,1.3
2026-02-28,06:00,Tambaram,97,95,77,20,4.1,1.3
2026-02-28,06:00,Porur,148,186,115,33,6.0,1.1
2026-02-28,06:00,Egmore,107,73,91,16,4.0,1.2
2026-02-28,08:00,Chennai Central,260,126,235,25,8.7,1.8
2026-02-28,08:00,T Nagar,265,100,244,21,10.1,2.0
2026-02-28,08:00,Anna Nagar,239,168,207,32,6.1,1.1
2026-02-28,08:00,Adyar,201,157,157,44,6.2,1.2
2026-02-28,08:00,Velachery,203,112,190,13,5.7,1.5
2026-02-28,08:00,Guindy,234,133,218,16,6.0,1.3
2026-02-28,08:00,OMR,247,124,201,46,7.7,1.6
2026-02-28,08:00,Tambaram,171,138,154,17,6.1,1.3
2026-02-28,08:00,Porur,179,143,168,11,4.1,1.2
2026-02-28,08:00,Egmore,249,117,206,43,9.0,1.5
2026-02-28,10:00,Chennai Central,151,165,121,30,5.7,1.0
2026-02-28,10:00,T Nagar,195,126,182,13,5.2,1.5
2026-02-28,10:00,Anna Nagar,134,144,112,22,4.1,1.1
2026-02-28,10:00,Adyar,104,186,82,22,5.5,1.0
2026-02-28,10:00,Velachery,193,93,164,29,8.0,1.8
2026-02-28,10:00,Guindy,200,110,162,38,5.7,1.5
2026-02-28,10:00,OMR,117,78,106,11,4.7,1.3
2026-02-28,10:00,Tambaram,92,74,76,16,6.7,1.2
2026-02-28,10:00,Porur,97,95,86,11,5.9,1.2
2026-02-28,10:00,Egmore,163,100,128,35,4.7,1.5
2026-02-28,12:00,Chennai Central,127,101,104,23,5.0,1.3
2026-02-28,12:00,T Nagar,73,126,67,6,3.9,1.0
2026-02-28,12:00,Anna Nagar,96,159,79,17,5.4,1.0
2026-02-28,12:00,Adyar,91,187,80,11,3.4,1.0
2026-02-28,12:00,Velachery,110,140,102,8,4.0,1.1
2026-02-28,12:00,Guindy,146,173,126,20,3.2,1.1
2026-02-28,12:00,OMR,130,96,117,13,7.0,1.2
2026-02-28,12:00,Tambaram,102,160,82,20,3.5,1.1
2026-02-28,12:00,Porur,66,160,56,10,4.0,1.0
2026-02-28,12:00,Egmore,141,106,132,9,5.8,1.3
2026-02-28,14:00,Chennai Central,121,165,111,10,6.3,1.0
2026-02-28,14:00,T Nagar,92,129,74,18,6.1,1.0
2026-02-28,14:00,Anna Nagar,93,153,84,9,6.5,1.1
2026-02-28,14:00,Adyar,55,99,48,7,5.0,1.1
2026-02-28,14:00,Velachery,104,87,95,9,6.9,1.3
2026-02-28,14:00,Guindy,64,135,53,11,3.8,1.1
2026-02-28,14:00,OMR,147,151,119,28,6.5,1.0
2026-02-28,14:00,Tambaram,95,154,88,7,4.9,1.1
2026-02-28,14:00,Porur,109,80,96,13,6.6,1.3
2026-02-28,14:00,Egmore,90,113,78,12,4.7,1.0
2026-02-28,16:00,Chennai Central,158,168,140,18,4.2,1.0
2026-02-28,16:00,T Nagar,165,171,139,26,5.0,1.0
2026-02-28,16:00,Anna Nagar,115,117,105,10,4.0,1.0
2026-02-28,16:00,Adyar,145,159,123,22,4.2,1.0
2026-02-28,16:00,Velachery,100,129,85,15,3.8,1.1
2026-02-28,16:00,Guindy,158,129,133,25,4.3,1.1
2026-02-28,16:00,OMR,169,179,140,29,5.5,1.0
2026-02-28,16:00,Tambaram,114,185,103,11,3.1,1.1
2026-02-28,16:00,Porur,135,81,111,24,7.8,1.6
2026-02-28,16:00,Egmore,93,137,72,21,5.7,1.1
2026-02-28,18:00,Chennai Central,190,138,177,13,4.7,1.2
2026-02-28,18:00,T Nagar,221,169,177,44,5.7,1.1
2026-02-28,18:00,Anna Nagar,234,76,184,50,7.5,1.8
2026-02-28,18:00,Adyar,146,105,124,22,5.6,1.1
2026-02-28,18:00,Velachery,264,72,236,28,7.9,2.0
2026-02-28,18:00,Guindy,175,123,143,32,6.0,1.2
2026-02-28,18:00,OMR,166,167,137,29,3.9,1.0
2026-02-28,18:00,Tambaram,182,84,165,17,8.0,1.5
2026-02-28,18:00,Porur,241,75,206,35,10.3,1.5
2026-02-28,18:00,Egmore,281,103,248,33,10.9,1.8
2026-02-28,20:00,Chennai Central,265,104,214,51,7.5,1.8
2026-02-28,20:00,T Nagar,176,71,140,36,6.7,1.5
2026-02-28,20:00,Anna Nagar,259,97,241,18,7.8,1.8
2026-02-28,20:00,Adyar,174,155,138,36,3.9,1.3
2026-02-28,20:00,Velachery,257,111,232,25,9.5,1.8
2026-02-28,20:00,Guindy,240,133,204,36,5.9,1.6
2026-02-28,20:00,OMR,160,110,128,32,5.5,1.3
2026-02-28,20:00,Tambaram,130,95,103,27,6.9,1.3
2026-02-28,20:00,Porur,178,160,157,21,5.4,1.1
2026-02-28,20:00,Egmore,223,70,198,25,7.9,1.8
2026-03-01,06:00,Chennai Central,134,188,107,27,3.5,1.1
2026-03-01,06:00,T Nagar,196,183,160,36,4.9,1.1
2026-03-01,06:00,Anna Nagar,115,72,93,22,5.5,1.3
2026-03-01,06:00,Adyar,143,124,125,18,3.6,1.2
2026-03-01,06:00,Velachery,139,78,110,29,5.1,1.5
2026-03-01,06:00,Guindy,96,85,88,8,3.6,1.3
2026-03-01,06:00,OMR,178,189,150,28,4.8,1.1
2026-03-01,06:00,Tambaram,153,182,139,14,5.9,1.0
2026-03-01,06:00,Porur,167,118,130,37,5.5,1.1
2026-03-01,06:00,Egmore,176,131,144,32,6.6,1.2
2026-03-01,08:00,Chennai Central,202,114,173,29,8.2,1.5
2026-03-01,08:00,T Nagar,187,138,152,35,6.4,1.3
2026-03-01,08:00,Anna Nagar,160,115,127,33,5.2,1.1
2026-03-01,08:00,Adyar,240,125,194,46,7.4,1.3
2026-03-01,08:00,Velachery,216,156,175,41,5.5,1.3
2026-03-01,08:00,Guindy,278,159,219,59,8.5,1.3
2026-03-01,08:00,OMR,206,154,161,45,4.7,1.3
2026-03-01,08:00,Tambaram,183,126,153,30,6.4,1.3
2026-03-01,08:00,Porur,140,133,132,8,5.8,1.1
2026-03-01,08:00,Egmore,181,137,144,37,6.5,1.1
2026-03-01,10:00,Chennai Central,157,98,140,17,6.4,1.6
2026-03-01,10:00,T Nagar,216,117,169,47,6.8,1.6
2026-03-01,10:00,Anna Nagar,96,74,84,12,5.0,1.2
2026-03-01,10:00,Adyar,163,188,135,28,3.8,1.0
2026-03-01,10:00,Velachery,93,71,83,10,6.0,1.2
2026-03-01,10:00,Guindy,156,164,130,26,6.2,1.1
2026-03-01,10:00,OMR,129,91,105,24,5.9,1.1
2026-03-01,10:00,Tambaram,161,187,146,15,3.3,1.0
2026-03-01,10:00,Porur,87,152,73,14,6.0,1.0
2026-03-01,10:00,Egmore,137,162,112,25,6.4,1.0
2026-03-01,12:00,Chennai Central,140,149,121,19,4.1,1.1
2026-03-01,12:00,T Nagar,81,87,63,18,4.8,1.0
2026-03-01,12:00,Anna Nagar,140,94,112,28,6.6,1.1
2026-03-01,12:00,Adyar,107,150,93,14,6.3,1.0
2026-03-01,12:00,Velachery,139,121,126,13,6.0,1.1
2026-03-01,12:00,Guindy,79,193,67,12,5.0,1.0
2026-03-01,12:00,OMR,118,149,92,26,6.1,1.1
2026-03-01,12:00,Tambaram,115,186,96,19,5.9,1.0
2026-03-01,12:00,Porur,76,149,64,12,3.1,1.1
2026-03-01,12:00,Egmore,135,115,120,15,5.3,1.2
2026-03-01,14:00,Chennai Central,66,116,61,5,4.8,1.1
2026-03-01,14:00,T Nagar,168,92,141,27,5.2,1.3
2026-03-01,14:00,Anna Nagar,57,107,52,5,4.7,1.1
2026-03-01,14:00,Adyar,98,80,82,16,5.2,1.2
2026-03-01,14:00,Velachery,70,109,59,11,3.2,1.0
2026-03-01,14:00,Guindy,156,94,146,10,7.6,1.5
2026-03-01,14:00,OMR,82,112,65,17,4.0,1.0
2026-03-01,14:00,Tambaram,46,143,42,4,5.5,1.0
2026-03-01,14:00,Porur,99,115,80,19,3.9,1.0
2026-03-01,14:00,Egmore,128,159,120,8,3.3,1.1
2026-03-01,16:00,Chennai Central,189,130,174,15,6.0,1.2
2026-03-01,16:00,T Nagar,108,89,89,19,3.8,1.3
2026-03-01,16:00,Anna Nagar,100,167,82,18,4.2,1.0
2026-03-01,16:00,Adyar,144,187,113,31,5.5,1.1
2026-03-01,16:00,Velachery,184,159,157,27,4.2,1.1
2026-03-01,16:00,Guindy,204,129,183,21,7.4,1.3
2026-03-01,16:00,OMR,125,94,117,8,6.7,1.1
2026-03-01,16:00,Tambaram,126,97,111,15,6.9,1.1
2026-03-01,16:00,Porur,161,127,150,11,4.0,1.2
2026-03-01,16:00,Egmore,105,190,87,18,5.4,1.0
2026-03-01,18:00,Chennai Central,202,144,185,17,7.4,1.2
2026-03-01,18:00,T Nagar,250,106,222,28,8.8,1.5
2026-03-01,18:00,Anna Nagar,262,118,205,57,7.2,2.0
2026-03-01,18:00,Adyar,246,141,223,23,6.2,1.5
2026-03-01,18:00,Velachery,224,126,194,30,7.6,1.6
2026-03-01,18:00,Guindy,189,157,173,16,5.7,1.3
2026-03-01,18:00,OMR,277,147,235,42,8.4,1.5
2026-03-01,18:00,Tambaram,178,98,147,31,6.5,1.6
2026-03-01,18:00,Porur,153,145,127,26,3.4,1.3
2026-03-01,18:00,Egmore,217,167,174,43,5.8,1.1
2026-03-01,20:00,Chennai Central,274,116,244,30,8.3,2.0
2026-03-01,20:00,T Nagar,208,72,174,34,7.3,1.8
2026-03-01,20:00,Anna Nagar,226,78,176,50,6.8,1.8
2026-03-01,20:00,Adyar,246,145,194,52,6.6,1.5
2026-03-01,20:00,Velachery,185,105,171,14,6.9,1.6
2026-03-01,20:00,Guindy,308,90,279,29,9.7,1.8
2026-03-01,20:00,OMR,259,104,244,15,8.2,2.0
2026-03-01,20:00,Tambaram,164,105,138,26,6.2,1.3
2026-03-01,20:00,Porur,217,99,200,17,6.1,1.5
2026-03-01,20:00,Egmore,256,158,210,46,7.7,1.6
